ISO-10303-21;
HEADER;
/* Generated by software containing ST-Developer
 * from STEP Tools, Inc. (www.steptools.com) 
 */

FILE_DESCRIPTION(
/* description */ (''),
/* implementation_level */ '2;1');

FILE_NAME(
/* name */ 'Case-v27.step',
/* time_stamp */ '2026-05-04T15:52:10+02:00',
/* author */ (''),
/* organization */ (''),
/* preprocessor_version */ 'ST-DEVELOPER v20.1',
/* originating_system */ 'Autodesk Translation Framework v15.8.0.0',
/* authorisation */ '');

FILE_SCHEMA (('AUTOMOTIVE_DESIGN { 1 0 10303 214 3 1 1 }'));
ENDSEC;

DATA;
#10=MECHANICAL_DESIGN_GEOMETRIC_PRESENTATION_REPRESENTATION('',(#17,#18,
#19,#20,#21,#22),#16163);
#11=SHAPE_REPRESENTATION_RELATIONSHIP('SRR','None',#16170,#12);
#12=ADVANCED_BREP_SHAPE_REPRESENTATION('',(#23,#24,#25,#26,#27,#28),#16162);
#13=B_SPLINE_CURVE_WITH_KNOTS('',3,(#16044,#16045,#16046,#16047),
 .UNSPECIFIED.,.F.,.F.,(4,4),(0.,0.0614577173711659),.UNSPECIFIED.);
#14=B_SPLINE_CURVE_WITH_KNOTS('',3,(#16056,#16057,#16058,#16059),
 .UNSPECIFIED.,.F.,.F.,(4,4),(0.,0.0614520265060535),.UNSPECIFIED.);
#15=B_SPLINE_CURVE_WITH_KNOTS('',3,(#16062,#16063,#16064,#16065),
 .UNSPECIFIED.,.F.,.F.,(4,4),(0.,0.0614577173711734),.UNSPECIFIED.);
#16=B_SPLINE_CURVE_WITH_KNOTS('',3,(#16070,#16071,#16072,#16073),
 .UNSPECIFIED.,.F.,.F.,(4,4),(0.,0.0614577173711679),.UNSPECIFIED.);
#17=STYLED_ITEM('',(#16179),#23);
#18=STYLED_ITEM('',(#16179),#24);
#19=STYLED_ITEM('',(#16179),#25);
#20=STYLED_ITEM('',(#16179),#26);
#21=STYLED_ITEM('',(#16179),#27);
#22=STYLED_ITEM('',(#16179),#28);
#23=MANIFOLD_SOLID_BREP('BOTTOM',#9902);
#24=MANIFOLD_SOLID_BREP('BATTERYCOVER',#9903);
#25=MANIFOLD_SOLID_BREP('SWITCHPLATE',#9904);
#26=MANIFOLD_SOLID_BREP('TOP',#9905);
#27=MANIFOLD_SOLID_BREP('POWER-SWITCH',#9906);
#28=MANIFOLD_SOLID_BREP('WHEEL',#9907);
#29=FACE_BOUND('',#1049,.T.);
#30=FACE_BOUND('',#1052,.T.);
#31=FACE_BOUND('',#1055,.T.);
#32=FACE_BOUND('',#1058,.T.);
#33=FACE_BOUND('',#1069,.T.);
#34=FACE_BOUND('',#1084,.T.);
#35=FACE_BOUND('',#1085,.T.);
#36=FACE_BOUND('',#1086,.T.);
#37=FACE_BOUND('',#1087,.T.);
#38=FACE_BOUND('',#1088,.T.);
#39=FACE_BOUND('',#1090,.T.);
#40=FACE_BOUND('',#1091,.T.);
#41=FACE_BOUND('',#1092,.T.);
#42=FACE_BOUND('',#1093,.T.);
#43=FACE_BOUND('',#1097,.T.);
#44=FACE_BOUND('',#1112,.T.);
#45=FACE_BOUND('',#1121,.T.);
#46=FACE_BOUND('',#1122,.T.);
#47=FACE_BOUND('',#1123,.T.);
#48=FACE_BOUND('',#1124,.T.);
#49=FACE_BOUND('',#1125,.T.);
#50=FACE_BOUND('',#1126,.T.);
#51=FACE_BOUND('',#1127,.T.);
#52=FACE_BOUND('',#1128,.T.);
#53=FACE_BOUND('',#1129,.T.);
#54=FACE_BOUND('',#1130,.T.);
#55=FACE_BOUND('',#1131,.T.);
#56=FACE_BOUND('',#1132,.T.);
#57=FACE_BOUND('',#1133,.T.);
#58=FACE_BOUND('',#1134,.T.);
#59=FACE_BOUND('',#1135,.T.);
#60=FACE_BOUND('',#1136,.T.);
#61=FACE_BOUND('',#1137,.T.);
#62=FACE_BOUND('',#1138,.T.);
#63=FACE_BOUND('',#1139,.T.);
#64=FACE_BOUND('',#1140,.T.);
#65=FACE_BOUND('',#1219,.T.);
#66=FACE_BOUND('',#1260,.T.);
#67=FACE_BOUND('',#1285,.T.);
#68=FACE_BOUND('',#1291,.T.);
#69=FACE_BOUND('',#1297,.T.);
#70=FACE_BOUND('',#1303,.T.);
#71=FACE_BOUND('',#1309,.T.);
#72=FACE_BOUND('',#1315,.T.);
#73=FACE_BOUND('',#1321,.T.);
#74=FACE_BOUND('',#1327,.T.);
#75=FACE_BOUND('',#1333,.T.);
#76=FACE_BOUND('',#1339,.T.);
#77=FACE_BOUND('',#1345,.T.);
#78=FACE_BOUND('',#1357,.T.);
#79=FACE_BOUND('',#1450,.T.);
#80=FACE_BOUND('',#1451,.T.);
#81=FACE_BOUND('',#1452,.T.);
#82=FACE_BOUND('',#1453,.T.);
#83=FACE_BOUND('',#1454,.T.);
#84=FACE_BOUND('',#1455,.T.);
#85=FACE_BOUND('',#1456,.T.);
#86=FACE_BOUND('',#1457,.T.);
#87=FACE_BOUND('',#1458,.T.);
#88=FACE_BOUND('',#1459,.T.);
#89=FACE_BOUND('',#1460,.T.);
#90=FACE_BOUND('',#1461,.T.);
#91=FACE_BOUND('',#1462,.T.);
#92=FACE_BOUND('',#1463,.T.);
#93=FACE_BOUND('',#1464,.T.);
#94=FACE_BOUND('',#1465,.T.);
#95=FACE_BOUND('',#1466,.T.);
#96=FACE_BOUND('',#1467,.T.);
#97=FACE_BOUND('',#1468,.T.);
#98=FACE_BOUND('',#1469,.T.);
#99=FACE_BOUND('',#1470,.T.);
#100=FACE_BOUND('',#1471,.T.);
#101=FACE_BOUND('',#1472,.T.);
#102=FACE_BOUND('',#1473,.T.);
#103=FACE_BOUND('',#1474,.T.);
#104=FACE_BOUND('',#1475,.T.);
#105=FACE_BOUND('',#1476,.T.);
#106=FACE_BOUND('',#1477,.T.);
#107=FACE_BOUND('',#1478,.T.);
#108=FACE_BOUND('',#1479,.T.);
#109=FACE_BOUND('',#1480,.T.);
#110=FACE_BOUND('',#1484,.T.);
#111=FACE_BOUND('',#1500,.T.);
#112=FACE_BOUND('',#1501,.T.);
#113=FACE_BOUND('',#1502,.T.);
#114=FACE_BOUND('',#1538,.T.);
#115=FACE_BOUND('',#1539,.T.);
#116=FACE_BOUND('',#1540,.T.);
#117=FACE_BOUND('',#1541,.T.);
#118=FACE_BOUND('',#1542,.T.);
#119=FACE_BOUND('',#1543,.T.);
#120=FACE_BOUND('',#1544,.T.);
#121=FACE_BOUND('',#1545,.T.);
#122=FACE_BOUND('',#1561,.T.);
#123=FACE_BOUND('',#1562,.T.);
#124=FACE_BOUND('',#1575,.T.);
#125=FACE_BOUND('',#1576,.T.);
#126=FACE_BOUND('',#1580,.T.);
#127=FACE_BOUND('',#1594,.T.);
#128=FACE_BOUND('',#1595,.T.);
#129=FACE_BOUND('',#1619,.T.);
#130=FACE_BOUND('',#1636,.T.);
#131=FACE_BOUND('',#1655,.T.);
#132=FACE_BOUND('',#1658,.T.);
#133=FACE_BOUND('',#1667,.T.);
#134=FACE_BOUND('',#1670,.T.);
#135=CONICAL_SURFACE('',#9960,3.35000093838913,0.085171836372481);
#136=CONICAL_SURFACE('',#9963,3.35000093831584,0.0851718363723076);
#137=CONICAL_SURFACE('',#9967,3.34992241563885,0.0851718363723776);
#138=CONICAL_SURFACE('',#9971,3.3500009383906,0.0851718363724118);
#139=CONICAL_SURFACE('',#10413,3.6,0.785398163397448);
#140=CONICAL_SURFACE('',#10417,3.6,0.785398163397448);
#141=CONICAL_SURFACE('',#10421,3.6,0.785398163397451);
#142=CONICAL_SURFACE('',#10425,3.6,0.785398163397451);
#143=CONICAL_SURFACE('',#10448,5.25,0.785398163397451);
#144=CONICAL_SURFACE('',#10451,5.25,0.785398163397446);
#145=CONICAL_SURFACE('',#10454,5.25,0.785398163397447);
#146=CONICAL_SURFACE('',#10457,5.25,0.785398163397447);
#147=CONICAL_SURFACE('',#10460,3.55,0.785398163397447);
#148=CONICAL_SURFACE('',#10463,3.05,0.785398163397447);
#149=CONICAL_SURFACE('',#10466,3.55,0.785398163397447);
#150=CONICAL_SURFACE('',#10469,3.55,0.785398163397447);
#151=CONICAL_SURFACE('',#10517,3.40000093838892,0.785398163397448);
#152=CONICAL_SURFACE('',#10520,3.40000093838913,0.785398163397446);
#153=CONICAL_SURFACE('',#10523,3.40000093839023,0.785398163397447);
#154=CONICAL_SURFACE('',#10526,3.399922415637,0.785398163397447);
#155=CONICAL_SURFACE('',#10613,1.83,0.785398163397445);
#156=CONICAL_SURFACE('',#10617,1.83,0.785398163397445);
#157=CONICAL_SURFACE('',#10638,25.,0.785398163397448);
#158=CONICAL_SURFACE('',#10646,2.3,0.785398163397448);
#159=CONICAL_SURFACE('',#10649,2.3,0.785398163397448);
#160=CONICAL_SURFACE('',#10664,18.525,0.785398163397451);
#161=ELLIPSE('',#9941,3.0010283774726,3.);
#162=ELLIPSE('',#9944,3.0010283774726,3.);
#163=ELLIPSE('',#9948,3.0010283774726,3.);
#164=ELLIPSE('',#9961,2.80723693034469,2.80626794689978);
#165=ELLIPSE('',#9964,2.80723693027249,2.8062679468276);
#166=ELLIPSE('',#9968,3.04742739697927,3.04637550618045);
#167=ELLIPSE('',#9972,3.04750577142244,3.04645385357085);
#168=ELLIPSE('',#9977,2.00068558498174,2.);
#169=ELLIPSE('',#9982,2.00068558498174,2.);
#170=ELLIPSE('',#9987,2.00068558498174,2.);
#171=ELLIPSE('',#9992,2.00068558498174,2.);
#172=ELLIPSE('',#10025,2.532117693492,2.53124999999949);
#173=CIRCLE('',#9925,2.);
#174=CIRCLE('',#9926,2.);
#175=CIRCLE('',#9929,2.);
#176=CIRCLE('',#9930,2.);
#177=CIRCLE('',#9933,2.);
#178=CIRCLE('',#9934,2.);
#179=CIRCLE('',#9937,2.);
#180=CIRCLE('',#9938,2.);
#181=CIRCLE('',#9942,3.);
#182=CIRCLE('',#9945,3.);
#183=CIRCLE('',#9949,3.);
#184=CIRCLE('',#9952,0.5);
#185=CIRCLE('',#9953,0.5);
#186=CIRCLE('',#9956,4.4);
#187=CIRCLE('',#9957,4.4);
#188=CIRCLE('',#9962,3.90000093838913);
#189=CIRCLE('',#9965,3.90000093838893);
#190=CIRCLE('',#9969,3.899922415637);
#191=CIRCLE('',#9973,3.90000093845188);
#192=CIRCLE('',#9976,2.);
#193=CIRCLE('',#9979,1.2);
#194=CIRCLE('',#9981,2.);
#195=CIRCLE('',#9984,1.2);
#196=CIRCLE('',#9986,2.);
#197=CIRCLE('',#9989,1.2);
#198=CIRCLE('',#9991,2.);
#199=CIRCLE('',#9994,1.2);
#200=CIRCLE('',#9996,1.2);
#201=CIRCLE('',#9998,1.2);
#202=CIRCLE('',#10000,1.2);
#203=CIRCLE('',#10002,1.2);
#204=CIRCLE('',#10005,0.499922826412996);
#205=CIRCLE('',#10006,0.499922826412996);
#206=CIRCLE('',#10009,2.53124999999949);
#207=CIRCLE('',#10010,2.53124999999949);
#208=CIRCLE('',#10013,2.53124999999949);
#209=CIRCLE('',#10031,0.4);
#210=CIRCLE('',#10032,0.4);
#211=CIRCLE('',#10035,0.399922826412996);
#212=CIRCLE('',#10036,2.43124999999949);
#213=CIRCLE('',#10037,2.43124999999949);
#214=CIRCLE('',#10038,4.3);
#215=CIRCLE('',#10039,4.5);
#216=CIRCLE('',#10040,1.2);
#217=CIRCLE('',#10042,4.5);
#218=CIRCLE('',#10045,4.3);
#219=CIRCLE('',#10048,1.2);
#220=CIRCLE('',#10051,0.399922826412996);
#221=CIRCLE('',#10054,2.43124999999949);
#222=CIRCLE('',#10057,2.43124999999949);
#223=CIRCLE('',#10062,4.36);
#224=CIRCLE('',#10063,4.36);
#225=CIRCLE('',#10071,2.4000009383902);
#226=CIRCLE('',#10072,2.3999224156371);
#227=CIRCLE('',#10073,2.);
#228=CIRCLE('',#10074,2.);
#229=CIRCLE('',#10075,2.40000093838902);
#230=CIRCLE('',#10076,2.);
#231=CIRCLE('',#10077,2.);
#232=CIRCLE('',#10078,0.999999999999996);
#233=CIRCLE('',#10079,1.);
#234=CIRCLE('',#10080,1.);
#235=CIRCLE('',#10081,1.2);
#236=CIRCLE('',#10082,1.2);
#237=CIRCLE('',#10083,2.);
#238=CIRCLE('',#10084,1.);
#239=CIRCLE('',#10085,1.);
#240=CIRCLE('',#10086,1.);
#241=CIRCLE('',#10087,1.);
#242=CIRCLE('',#10088,1.2);
#243=CIRCLE('',#10089,1.2);
#244=CIRCLE('',#10171,2.);
#245=CIRCLE('',#10174,2.);
#246=CIRCLE('',#10177,1.);
#247=CIRCLE('',#10180,1.);
#248=CIRCLE('',#10183,2.);
#249=CIRCLE('',#10186,2.);
#250=CIRCLE('',#10198,1.);
#251=CIRCLE('',#10201,1.);
#252=CIRCLE('',#10204,1.);
#253=CIRCLE('',#10207,1.);
#254=CIRCLE('',#10210,0.999999999999996);
#255=CIRCLE('',#10326,1.2);
#256=CIRCLE('',#10365,1.2);
#257=CIRCLE('',#10367,1.2);
#258=CIRCLE('',#10381,1.2);
#259=CIRCLE('',#10387,2.);
#260=CIRCLE('',#10390,2.40000093838902);
#261=CIRCLE('',#10394,2.3999224156371);
#262=CIRCLE('',#10397,2.4000009383902);
#263=CIRCLE('',#10407,3.3);
#264=CIRCLE('',#10408,3.3);
#265=CIRCLE('',#10409,3.3);
#266=CIRCLE('',#10410,3.3);
#267=CIRCLE('',#10414,3.3);
#268=CIRCLE('',#10415,3.9);
#269=CIRCLE('',#10418,3.3);
#270=CIRCLE('',#10419,3.9);
#271=CIRCLE('',#10422,3.3);
#272=CIRCLE('',#10423,3.9);
#273=CIRCLE('',#10426,3.3);
#274=CIRCLE('',#10427,3.9);
#275=CIRCLE('',#10434,2.90000093838892);
#276=CIRCLE('',#10435,2.90000093838913);
#277=CIRCLE('',#10436,2.90000093839023);
#278=CIRCLE('',#10437,2.899922415637);
#279=CIRCLE('',#10438,5.5);
#280=CIRCLE('',#10439,5.5);
#281=CIRCLE('',#10440,5.5);
#282=CIRCLE('',#10441,5.5);
#283=CIRCLE('',#10442,3.8);
#284=CIRCLE('',#10443,2.8);
#285=CIRCLE('',#10444,3.8);
#286=CIRCLE('',#10445,3.8);
#287=CIRCLE('',#10446,25.7);
#288=CIRCLE('',#10449,5.);
#289=CIRCLE('',#10452,5.);
#290=CIRCLE('',#10455,5.);
#291=CIRCLE('',#10458,5.);
#292=CIRCLE('',#10461,3.3);
#293=CIRCLE('',#10464,3.3);
#294=CIRCLE('',#10467,3.3);
#295=CIRCLE('',#10470,3.3);
#296=CIRCLE('',#10472,5.);
#297=CIRCLE('',#10475,5.);
#298=CIRCLE('',#10478,5.);
#299=CIRCLE('',#10481,5.);
#300=CIRCLE('',#10493,3.3);
#301=CIRCLE('',#10495,2.59992241554062);
#302=CIRCLE('',#10496,2.60000093839018);
#303=CIRCLE('',#10497,2.60000093838912);
#304=CIRCLE('',#10498,2.600000938389);
#305=CIRCLE('',#10499,1.);
#306=CIRCLE('',#10500,0.999999999999996);
#307=CIRCLE('',#10501,1.);
#308=CIRCLE('',#10502,0.999999999999996);
#309=CIRCLE('',#10503,11.025);
#310=CIRCLE('',#10504,3.3);
#311=CIRCLE('',#10505,3.3);
#312=CIRCLE('',#10506,3.3);
#313=CIRCLE('',#10507,1.6);
#314=CIRCLE('',#10508,1.6);
#315=CIRCLE('',#10509,1.6);
#316=CIRCLE('',#10510,1.6);
#317=CIRCLE('',#10518,3.90000093838892);
#318=CIRCLE('',#10521,3.90000093838913);
#319=CIRCLE('',#10524,3.90000093839023);
#320=CIRCLE('',#10527,3.899922415637);
#321=CIRCLE('',#10529,3.90000093838913);
#322=CIRCLE('',#10531,2.18000000000077);
#323=CIRCLE('',#10532,2.18000000000308);
#324=CIRCLE('',#10533,1.58);
#325=CIRCLE('',#10534,1.58);
#326=CIRCLE('',#10535,1.58);
#327=CIRCLE('',#10536,1.58);
#328=CIRCLE('',#10538,3.90000093838893);
#329=CIRCLE('',#10542,0.999999999999996);
#330=CIRCLE('',#10545,1.);
#331=CIRCLE('',#10548,0.999999999999996);
#332=CIRCLE('',#10551,1.);
#333=CIRCLE('',#10553,25.7);
#334=CIRCLE('',#10555,17.725);
#335=CIRCLE('',#10557,17.725);
#336=CIRCLE('',#10559,11.025);
#337=CIRCLE('',#10562,1.58);
#338=CIRCLE('',#10565,1.58);
#339=CIRCLE('',#10569,1.58);
#340=CIRCLE('',#10572,1.58);
#341=CIRCLE('',#10575,2.18000000000308);
#342=CIRCLE('',#10578,2.18000000000077);
#343=CIRCLE('',#10581,1.6);
#344=CIRCLE('',#10584,1.6);
#345=CIRCLE('',#10587,1.6);
#346=CIRCLE('',#10590,1.6);
#347=CIRCLE('',#10596,2.600000938389);
#348=CIRCLE('',#10599,2.59992241554062);
#349=CIRCLE('',#10602,3.90000093845188);
#350=CIRCLE('',#10605,3.899922415637);
#351=CIRCLE('',#10608,2.60000093839018);
#352=CIRCLE('',#10611,2.60000093838912);
#353=CIRCLE('',#10614,1.68);
#354=CIRCLE('',#10615,1.98);
#355=CIRCLE('',#10618,1.68);
#356=CIRCLE('',#10619,1.98);
#357=CIRCLE('',#10623,1.98);
#358=CIRCLE('',#10627,1.98);
#359=CIRCLE('',#10639,25.5);
#360=CIRCLE('',#10640,25.5);
#361=CIRCLE('',#10641,24.5);
#362=CIRCLE('',#10644,25.5);
#363=CIRCLE('',#10647,2.5);
#364=CIRCLE('',#10648,2.1);
#365=CIRCLE('',#10650,2.1);
#366=CIRCLE('',#10651,2.5);
#367=CIRCLE('',#10658,2.1);
#368=CIRCLE('',#10660,2.575);
#369=CIRCLE('',#10663,4.06);
#370=CIRCLE('',#10665,18.025);
#371=CIRCLE('',#10666,18.025);
#372=CIRCLE('',#10667,19.025);
#373=CIRCLE('',#10670,18.025);
#374=CIRCLE('',#10672,2.575);
#375=CIRCLE('',#10676,2.1);
#376=CIRCLE('',#10680,5.56);
#377=CIRCLE('',#10681,4.06);
#378=CIRCLE('',#10684,5.56);
#379=CYLINDRICAL_SURFACE('',#9924,2.);
#380=CYLINDRICAL_SURFACE('',#9928,2.);
#381=CYLINDRICAL_SURFACE('',#9932,2.);
#382=CYLINDRICAL_SURFACE('',#9936,2.);
#383=CYLINDRICAL_SURFACE('',#9940,3.);
#384=CYLINDRICAL_SURFACE('',#9943,3.);
#385=CYLINDRICAL_SURFACE('',#9947,3.);
#386=CYLINDRICAL_SURFACE('',#9951,0.5);
#387=CYLINDRICAL_SURFACE('',#9955,4.4);
#388=CYLINDRICAL_SURFACE('',#9975,2.);
#389=CYLINDRICAL_SURFACE('',#9980,2.);
#390=CYLINDRICAL_SURFACE('',#9985,2.);
#391=CYLINDRICAL_SURFACE('',#9990,2.);
#392=CYLINDRICAL_SURFACE('',#9995,1.2);
#393=CYLINDRICAL_SURFACE('',#9997,1.2);
#394=CYLINDRICAL_SURFACE('',#9999,1.2);
#395=CYLINDRICAL_SURFACE('',#10001,1.2);
#396=CYLINDRICAL_SURFACE('',#10004,0.499922826412996);
#397=CYLINDRICAL_SURFACE('',#10008,2.53124999999949);
#398=CYLINDRICAL_SURFACE('',#10024,2.53124999999949);
#399=CYLINDRICAL_SURFACE('',#10030,0.4);
#400=CYLINDRICAL_SURFACE('',#10041,4.5);
#401=CYLINDRICAL_SURFACE('',#10044,4.3);
#402=CYLINDRICAL_SURFACE('',#10047,1.2);
#403=CYLINDRICAL_SURFACE('',#10050,0.399922826412996);
#404=CYLINDRICAL_SURFACE('',#10053,2.43124999999949);
#405=CYLINDRICAL_SURFACE('',#10056,2.43124999999949);
#406=CYLINDRICAL_SURFACE('',#10061,4.36);
#407=CYLINDRICAL_SURFACE('',#10170,2.);
#408=CYLINDRICAL_SURFACE('',#10173,2.);
#409=CYLINDRICAL_SURFACE('',#10176,1.);
#410=CYLINDRICAL_SURFACE('',#10179,1.);
#411=CYLINDRICAL_SURFACE('',#10182,2.);
#412=CYLINDRICAL_SURFACE('',#10185,2.);
#413=CYLINDRICAL_SURFACE('',#10197,1.);
#414=CYLINDRICAL_SURFACE('',#10200,1.);
#415=CYLINDRICAL_SURFACE('',#10203,1.);
#416=CYLINDRICAL_SURFACE('',#10206,1.);
#417=CYLINDRICAL_SURFACE('',#10209,0.999999999999996);
#418=CYLINDRICAL_SURFACE('',#10325,1.2);
#419=CYLINDRICAL_SURFACE('',#10364,1.2);
#420=CYLINDRICAL_SURFACE('',#10366,1.2);
#421=CYLINDRICAL_SURFACE('',#10380,1.2);
#422=CYLINDRICAL_SURFACE('',#10386,2.);
#423=CYLINDRICAL_SURFACE('',#10389,2.40000093838902);
#424=CYLINDRICAL_SURFACE('',#10393,2.3999224156371);
#425=CYLINDRICAL_SURFACE('',#10396,2.4000009383902);
#426=CYLINDRICAL_SURFACE('',#10430,3.3);
#427=CYLINDRICAL_SURFACE('',#10432,3.3);
#428=CYLINDRICAL_SURFACE('',#10471,5.);
#429=CYLINDRICAL_SURFACE('',#10474,5.);
#430=CYLINDRICAL_SURFACE('',#10477,5.);
#431=CYLINDRICAL_SURFACE('',#10480,5.);
#432=CYLINDRICAL_SURFACE('',#10488,3.3);
#433=CYLINDRICAL_SURFACE('',#10490,3.3);
#434=CYLINDRICAL_SURFACE('',#10492,3.3);
#435=CYLINDRICAL_SURFACE('',#10512,3.3);
#436=CYLINDRICAL_SURFACE('',#10513,3.3);
#437=CYLINDRICAL_SURFACE('',#10514,3.3);
#438=CYLINDRICAL_SURFACE('',#10528,3.90000093838913);
#439=CYLINDRICAL_SURFACE('',#10537,3.90000093838892);
#440=CYLINDRICAL_SURFACE('',#10541,0.999999999999996);
#441=CYLINDRICAL_SURFACE('',#10544,1.);
#442=CYLINDRICAL_SURFACE('',#10547,0.999999999999996);
#443=CYLINDRICAL_SURFACE('',#10550,1.);
#444=CYLINDRICAL_SURFACE('',#10552,25.7);
#445=CYLINDRICAL_SURFACE('',#10556,17.725);
#446=CYLINDRICAL_SURFACE('',#10558,11.025);
#447=CYLINDRICAL_SURFACE('',#10561,1.58);
#448=CYLINDRICAL_SURFACE('',#10564,1.58);
#449=CYLINDRICAL_SURFACE('',#10568,1.58);
#450=CYLINDRICAL_SURFACE('',#10571,1.58);
#451=CYLINDRICAL_SURFACE('',#10574,2.18000000000308);
#452=CYLINDRICAL_SURFACE('',#10577,2.18000000000077);
#453=CYLINDRICAL_SURFACE('',#10580,1.6);
#454=CYLINDRICAL_SURFACE('',#10583,1.6);
#455=CYLINDRICAL_SURFACE('',#10586,1.6);
#456=CYLINDRICAL_SURFACE('',#10589,1.6);
#457=CYLINDRICAL_SURFACE('',#10595,2.600000938389);
#458=CYLINDRICAL_SURFACE('',#10598,2.59992241554062);
#459=CYLINDRICAL_SURFACE('',#10601,3.90000093839023);
#460=CYLINDRICAL_SURFACE('',#10604,3.899922415637);
#461=CYLINDRICAL_SURFACE('',#10607,2.60000093839018);
#462=CYLINDRICAL_SURFACE('',#10610,2.60000093838912);
#463=CYLINDRICAL_SURFACE('',#10622,1.98);
#464=CYLINDRICAL_SURFACE('',#10626,1.98);
#465=CYLINDRICAL_SURFACE('',#10643,25.5);
#466=CYLINDRICAL_SURFACE('',#10657,2.1);
#467=CYLINDRICAL_SURFACE('',#10669,18.025);
#468=CYLINDRICAL_SURFACE('',#10673,2.575);
#469=CYLINDRICAL_SURFACE('',#10678,2.1);
#470=CYLINDRICAL_SURFACE('',#10682,4.06);
#471=CYLINDRICAL_SURFACE('',#10685,5.56);
#472=FACE_OUTER_BOUND('',#1019,.T.);
#473=FACE_OUTER_BOUND('',#1020,.T.);
#474=FACE_OUTER_BOUND('',#1021,.T.);
#475=FACE_OUTER_BOUND('',#1022,.T.);
#476=FACE_OUTER_BOUND('',#1023,.T.);
#477=FACE_OUTER_BOUND('',#1024,.T.);
#478=FACE_OUTER_BOUND('',#1025,.T.);
#479=FACE_OUTER_BOUND('',#1026,.T.);
#480=FACE_OUTER_BOUND('',#1027,.T.);
#481=FACE_OUTER_BOUND('',#1028,.T.);
#482=FACE_OUTER_BOUND('',#1029,.T.);
#483=FACE_OUTER_BOUND('',#1030,.T.);
#484=FACE_OUTER_BOUND('',#1031,.T.);
#485=FACE_OUTER_BOUND('',#1032,.T.);
#486=FACE_OUTER_BOUND('',#1033,.T.);
#487=FACE_OUTER_BOUND('',#1034,.T.);
#488=FACE_OUTER_BOUND('',#1035,.T.);
#489=FACE_OUTER_BOUND('',#1036,.T.);
#490=FACE_OUTER_BOUND('',#1037,.T.);
#491=FACE_OUTER_BOUND('',#1038,.T.);
#492=FACE_OUTER_BOUND('',#1039,.T.);
#493=FACE_OUTER_BOUND('',#1040,.T.);
#494=FACE_OUTER_BOUND('',#1041,.T.);
#495=FACE_OUTER_BOUND('',#1042,.T.);
#496=FACE_OUTER_BOUND('',#1043,.T.);
#497=FACE_OUTER_BOUND('',#1044,.T.);
#498=FACE_OUTER_BOUND('',#1045,.T.);
#499=FACE_OUTER_BOUND('',#1046,.T.);
#500=FACE_OUTER_BOUND('',#1047,.T.);
#501=FACE_OUTER_BOUND('',#1048,.T.);
#502=FACE_OUTER_BOUND('',#1050,.T.);
#503=FACE_OUTER_BOUND('',#1051,.T.);
#504=FACE_OUTER_BOUND('',#1053,.T.);
#505=FACE_OUTER_BOUND('',#1054,.T.);
#506=FACE_OUTER_BOUND('',#1056,.T.);
#507=FACE_OUTER_BOUND('',#1057,.T.);
#508=FACE_OUTER_BOUND('',#1059,.T.);
#509=FACE_OUTER_BOUND('',#1060,.T.);
#510=FACE_OUTER_BOUND('',#1061,.T.);
#511=FACE_OUTER_BOUND('',#1062,.T.);
#512=FACE_OUTER_BOUND('',#1063,.T.);
#513=FACE_OUTER_BOUND('',#1064,.T.);
#514=FACE_OUTER_BOUND('',#1065,.T.);
#515=FACE_OUTER_BOUND('',#1066,.T.);
#516=FACE_OUTER_BOUND('',#1067,.T.);
#517=FACE_OUTER_BOUND('',#1068,.T.);
#518=FACE_OUTER_BOUND('',#1070,.T.);
#519=FACE_OUTER_BOUND('',#1071,.T.);
#520=FACE_OUTER_BOUND('',#1072,.T.);
#521=FACE_OUTER_BOUND('',#1073,.T.);
#522=FACE_OUTER_BOUND('',#1074,.T.);
#523=FACE_OUTER_BOUND('',#1075,.T.);
#524=FACE_OUTER_BOUND('',#1076,.T.);
#525=FACE_OUTER_BOUND('',#1077,.T.);
#526=FACE_OUTER_BOUND('',#1078,.T.);
#527=FACE_OUTER_BOUND('',#1079,.T.);
#528=FACE_OUTER_BOUND('',#1080,.T.);
#529=FACE_OUTER_BOUND('',#1081,.T.);
#530=FACE_OUTER_BOUND('',#1082,.T.);
#531=FACE_OUTER_BOUND('',#1083,.T.);
#532=FACE_OUTER_BOUND('',#1089,.T.);
#533=FACE_OUTER_BOUND('',#1094,.T.);
#534=FACE_OUTER_BOUND('',#1095,.T.);
#535=FACE_OUTER_BOUND('',#1096,.T.);
#536=FACE_OUTER_BOUND('',#1098,.T.);
#537=FACE_OUTER_BOUND('',#1099,.T.);
#538=FACE_OUTER_BOUND('',#1100,.T.);
#539=FACE_OUTER_BOUND('',#1101,.T.);
#540=FACE_OUTER_BOUND('',#1102,.T.);
#541=FACE_OUTER_BOUND('',#1103,.T.);
#542=FACE_OUTER_BOUND('',#1104,.T.);
#543=FACE_OUTER_BOUND('',#1105,.T.);
#544=FACE_OUTER_BOUND('',#1106,.T.);
#545=FACE_OUTER_BOUND('',#1107,.T.);
#546=FACE_OUTER_BOUND('',#1108,.T.);
#547=FACE_OUTER_BOUND('',#1109,.T.);
#548=FACE_OUTER_BOUND('',#1110,.T.);
#549=FACE_OUTER_BOUND('',#1111,.T.);
#550=FACE_OUTER_BOUND('',#1113,.T.);
#551=FACE_OUTER_BOUND('',#1114,.T.);
#552=FACE_OUTER_BOUND('',#1115,.T.);
#553=FACE_OUTER_BOUND('',#1116,.T.);
#554=FACE_OUTER_BOUND('',#1117,.T.);
#555=FACE_OUTER_BOUND('',#1118,.T.);
#556=FACE_OUTER_BOUND('',#1119,.T.);
#557=FACE_OUTER_BOUND('',#1120,.T.);
#558=FACE_OUTER_BOUND('',#1141,.T.);
#559=FACE_OUTER_BOUND('',#1142,.T.);
#560=FACE_OUTER_BOUND('',#1143,.T.);
#561=FACE_OUTER_BOUND('',#1144,.T.);
#562=FACE_OUTER_BOUND('',#1145,.T.);
#563=FACE_OUTER_BOUND('',#1146,.T.);
#564=FACE_OUTER_BOUND('',#1147,.T.);
#565=FACE_OUTER_BOUND('',#1148,.T.);
#566=FACE_OUTER_BOUND('',#1149,.T.);
#567=FACE_OUTER_BOUND('',#1150,.T.);
#568=FACE_OUTER_BOUND('',#1151,.T.);
#569=FACE_OUTER_BOUND('',#1152,.T.);
#570=FACE_OUTER_BOUND('',#1153,.T.);
#571=FACE_OUTER_BOUND('',#1154,.T.);
#572=FACE_OUTER_BOUND('',#1155,.T.);
#573=FACE_OUTER_BOUND('',#1156,.T.);
#574=FACE_OUTER_BOUND('',#1157,.T.);
#575=FACE_OUTER_BOUND('',#1158,.T.);
#576=FACE_OUTER_BOUND('',#1159,.T.);
#577=FACE_OUTER_BOUND('',#1160,.T.);
#578=FACE_OUTER_BOUND('',#1161,.T.);
#579=FACE_OUTER_BOUND('',#1162,.T.);
#580=FACE_OUTER_BOUND('',#1163,.T.);
#581=FACE_OUTER_BOUND('',#1164,.T.);
#582=FACE_OUTER_BOUND('',#1165,.T.);
#583=FACE_OUTER_BOUND('',#1166,.T.);
#584=FACE_OUTER_BOUND('',#1167,.T.);
#585=FACE_OUTER_BOUND('',#1168,.T.);
#586=FACE_OUTER_BOUND('',#1169,.T.);
#587=FACE_OUTER_BOUND('',#1170,.T.);
#588=FACE_OUTER_BOUND('',#1171,.T.);
#589=FACE_OUTER_BOUND('',#1172,.T.);
#590=FACE_OUTER_BOUND('',#1173,.T.);
#591=FACE_OUTER_BOUND('',#1174,.T.);
#592=FACE_OUTER_BOUND('',#1175,.T.);
#593=FACE_OUTER_BOUND('',#1176,.T.);
#594=FACE_OUTER_BOUND('',#1177,.T.);
#595=FACE_OUTER_BOUND('',#1178,.T.);
#596=FACE_OUTER_BOUND('',#1179,.T.);
#597=FACE_OUTER_BOUND('',#1180,.T.);
#598=FACE_OUTER_BOUND('',#1181,.T.);
#599=FACE_OUTER_BOUND('',#1182,.T.);
#600=FACE_OUTER_BOUND('',#1183,.T.);
#601=FACE_OUTER_BOUND('',#1184,.T.);
#602=FACE_OUTER_BOUND('',#1185,.T.);
#603=FACE_OUTER_BOUND('',#1186,.T.);
#604=FACE_OUTER_BOUND('',#1187,.T.);
#605=FACE_OUTER_BOUND('',#1188,.T.);
#606=FACE_OUTER_BOUND('',#1189,.T.);
#607=FACE_OUTER_BOUND('',#1190,.T.);
#608=FACE_OUTER_BOUND('',#1191,.T.);
#609=FACE_OUTER_BOUND('',#1192,.T.);
#610=FACE_OUTER_BOUND('',#1193,.T.);
#611=FACE_OUTER_BOUND('',#1194,.T.);
#612=FACE_OUTER_BOUND('',#1195,.T.);
#613=FACE_OUTER_BOUND('',#1196,.T.);
#614=FACE_OUTER_BOUND('',#1197,.T.);
#615=FACE_OUTER_BOUND('',#1198,.T.);
#616=FACE_OUTER_BOUND('',#1199,.T.);
#617=FACE_OUTER_BOUND('',#1200,.T.);
#618=FACE_OUTER_BOUND('',#1201,.T.);
#619=FACE_OUTER_BOUND('',#1202,.T.);
#620=FACE_OUTER_BOUND('',#1203,.T.);
#621=FACE_OUTER_BOUND('',#1204,.T.);
#622=FACE_OUTER_BOUND('',#1205,.T.);
#623=FACE_OUTER_BOUND('',#1206,.T.);
#624=FACE_OUTER_BOUND('',#1207,.T.);
#625=FACE_OUTER_BOUND('',#1208,.T.);
#626=FACE_OUTER_BOUND('',#1209,.T.);
#627=FACE_OUTER_BOUND('',#1210,.T.);
#628=FACE_OUTER_BOUND('',#1211,.T.);
#629=FACE_OUTER_BOUND('',#1212,.T.);
#630=FACE_OUTER_BOUND('',#1213,.T.);
#631=FACE_OUTER_BOUND('',#1214,.T.);
#632=FACE_OUTER_BOUND('',#1215,.T.);
#633=FACE_OUTER_BOUND('',#1216,.T.);
#634=FACE_OUTER_BOUND('',#1217,.T.);
#635=FACE_OUTER_BOUND('',#1218,.T.);
#636=FACE_OUTER_BOUND('',#1220,.T.);
#637=FACE_OUTER_BOUND('',#1221,.T.);
#638=FACE_OUTER_BOUND('',#1222,.T.);
#639=FACE_OUTER_BOUND('',#1223,.T.);
#640=FACE_OUTER_BOUND('',#1224,.T.);
#641=FACE_OUTER_BOUND('',#1225,.T.);
#642=FACE_OUTER_BOUND('',#1226,.T.);
#643=FACE_OUTER_BOUND('',#1227,.T.);
#644=FACE_OUTER_BOUND('',#1228,.T.);
#645=FACE_OUTER_BOUND('',#1229,.T.);
#646=FACE_OUTER_BOUND('',#1230,.T.);
#647=FACE_OUTER_BOUND('',#1231,.T.);
#648=FACE_OUTER_BOUND('',#1232,.T.);
#649=FACE_OUTER_BOUND('',#1233,.T.);
#650=FACE_OUTER_BOUND('',#1234,.T.);
#651=FACE_OUTER_BOUND('',#1235,.T.);
#652=FACE_OUTER_BOUND('',#1236,.T.);
#653=FACE_OUTER_BOUND('',#1237,.T.);
#654=FACE_OUTER_BOUND('',#1238,.T.);
#655=FACE_OUTER_BOUND('',#1239,.T.);
#656=FACE_OUTER_BOUND('',#1240,.T.);
#657=FACE_OUTER_BOUND('',#1241,.T.);
#658=FACE_OUTER_BOUND('',#1242,.T.);
#659=FACE_OUTER_BOUND('',#1243,.T.);
#660=FACE_OUTER_BOUND('',#1244,.T.);
#661=FACE_OUTER_BOUND('',#1245,.T.);
#662=FACE_OUTER_BOUND('',#1246,.T.);
#663=FACE_OUTER_BOUND('',#1247,.T.);
#664=FACE_OUTER_BOUND('',#1248,.T.);
#665=FACE_OUTER_BOUND('',#1249,.T.);
#666=FACE_OUTER_BOUND('',#1250,.T.);
#667=FACE_OUTER_BOUND('',#1251,.T.);
#668=FACE_OUTER_BOUND('',#1252,.T.);
#669=FACE_OUTER_BOUND('',#1253,.T.);
#670=FACE_OUTER_BOUND('',#1254,.T.);
#671=FACE_OUTER_BOUND('',#1255,.T.);
#672=FACE_OUTER_BOUND('',#1256,.T.);
#673=FACE_OUTER_BOUND('',#1257,.T.);
#674=FACE_OUTER_BOUND('',#1258,.T.);
#675=FACE_OUTER_BOUND('',#1259,.T.);
#676=FACE_OUTER_BOUND('',#1261,.T.);
#677=FACE_OUTER_BOUND('',#1262,.T.);
#678=FACE_OUTER_BOUND('',#1263,.T.);
#679=FACE_OUTER_BOUND('',#1264,.T.);
#680=FACE_OUTER_BOUND('',#1265,.T.);
#681=FACE_OUTER_BOUND('',#1266,.T.);
#682=FACE_OUTER_BOUND('',#1267,.T.);
#683=FACE_OUTER_BOUND('',#1268,.T.);
#684=FACE_OUTER_BOUND('',#1269,.T.);
#685=FACE_OUTER_BOUND('',#1270,.T.);
#686=FACE_OUTER_BOUND('',#1271,.T.);
#687=FACE_OUTER_BOUND('',#1272,.T.);
#688=FACE_OUTER_BOUND('',#1273,.T.);
#689=FACE_OUTER_BOUND('',#1274,.T.);
#690=FACE_OUTER_BOUND('',#1275,.T.);
#691=FACE_OUTER_BOUND('',#1276,.T.);
#692=FACE_OUTER_BOUND('',#1277,.T.);
#693=FACE_OUTER_BOUND('',#1278,.T.);
#694=FACE_OUTER_BOUND('',#1279,.T.);
#695=FACE_OUTER_BOUND('',#1280,.T.);
#696=FACE_OUTER_BOUND('',#1281,.T.);
#697=FACE_OUTER_BOUND('',#1282,.T.);
#698=FACE_OUTER_BOUND('',#1283,.T.);
#699=FACE_OUTER_BOUND('',#1284,.T.);
#700=FACE_OUTER_BOUND('',#1286,.T.);
#701=FACE_OUTER_BOUND('',#1287,.T.);
#702=FACE_OUTER_BOUND('',#1288,.T.);
#703=FACE_OUTER_BOUND('',#1289,.T.);
#704=FACE_OUTER_BOUND('',#1290,.T.);
#705=FACE_OUTER_BOUND('',#1292,.T.);
#706=FACE_OUTER_BOUND('',#1293,.T.);
#707=FACE_OUTER_BOUND('',#1294,.T.);
#708=FACE_OUTER_BOUND('',#1295,.T.);
#709=FACE_OUTER_BOUND('',#1296,.T.);
#710=FACE_OUTER_BOUND('',#1298,.T.);
#711=FACE_OUTER_BOUND('',#1299,.T.);
#712=FACE_OUTER_BOUND('',#1300,.T.);
#713=FACE_OUTER_BOUND('',#1301,.T.);
#714=FACE_OUTER_BOUND('',#1302,.T.);
#715=FACE_OUTER_BOUND('',#1304,.T.);
#716=FACE_OUTER_BOUND('',#1305,.T.);
#717=FACE_OUTER_BOUND('',#1306,.T.);
#718=FACE_OUTER_BOUND('',#1307,.T.);
#719=FACE_OUTER_BOUND('',#1308,.T.);
#720=FACE_OUTER_BOUND('',#1310,.T.);
#721=FACE_OUTER_BOUND('',#1311,.T.);
#722=FACE_OUTER_BOUND('',#1312,.T.);
#723=FACE_OUTER_BOUND('',#1313,.T.);
#724=FACE_OUTER_BOUND('',#1314,.T.);
#725=FACE_OUTER_BOUND('',#1316,.T.);
#726=FACE_OUTER_BOUND('',#1317,.T.);
#727=FACE_OUTER_BOUND('',#1318,.T.);
#728=FACE_OUTER_BOUND('',#1319,.T.);
#729=FACE_OUTER_BOUND('',#1320,.T.);
#730=FACE_OUTER_BOUND('',#1322,.T.);
#731=FACE_OUTER_BOUND('',#1323,.T.);
#732=FACE_OUTER_BOUND('',#1324,.T.);
#733=FACE_OUTER_BOUND('',#1325,.T.);
#734=FACE_OUTER_BOUND('',#1326,.T.);
#735=FACE_OUTER_BOUND('',#1328,.T.);
#736=FACE_OUTER_BOUND('',#1329,.T.);
#737=FACE_OUTER_BOUND('',#1330,.T.);
#738=FACE_OUTER_BOUND('',#1331,.T.);
#739=FACE_OUTER_BOUND('',#1332,.T.);
#740=FACE_OUTER_BOUND('',#1334,.T.);
#741=FACE_OUTER_BOUND('',#1335,.T.);
#742=FACE_OUTER_BOUND('',#1336,.T.);
#743=FACE_OUTER_BOUND('',#1337,.T.);
#744=FACE_OUTER_BOUND('',#1338,.T.);
#745=FACE_OUTER_BOUND('',#1340,.T.);
#746=FACE_OUTER_BOUND('',#1341,.T.);
#747=FACE_OUTER_BOUND('',#1342,.T.);
#748=FACE_OUTER_BOUND('',#1343,.T.);
#749=FACE_OUTER_BOUND('',#1344,.T.);
#750=FACE_OUTER_BOUND('',#1346,.T.);
#751=FACE_OUTER_BOUND('',#1347,.T.);
#752=FACE_OUTER_BOUND('',#1348,.T.);
#753=FACE_OUTER_BOUND('',#1349,.T.);
#754=FACE_OUTER_BOUND('',#1350,.T.);
#755=FACE_OUTER_BOUND('',#1351,.T.);
#756=FACE_OUTER_BOUND('',#1352,.T.);
#757=FACE_OUTER_BOUND('',#1353,.T.);
#758=FACE_OUTER_BOUND('',#1354,.T.);
#759=FACE_OUTER_BOUND('',#1355,.T.);
#760=FACE_OUTER_BOUND('',#1356,.T.);
#761=FACE_OUTER_BOUND('',#1358,.T.);
#762=FACE_OUTER_BOUND('',#1359,.T.);
#763=FACE_OUTER_BOUND('',#1360,.T.);
#764=FACE_OUTER_BOUND('',#1361,.T.);
#765=FACE_OUTER_BOUND('',#1362,.T.);
#766=FACE_OUTER_BOUND('',#1363,.T.);
#767=FACE_OUTER_BOUND('',#1364,.T.);
#768=FACE_OUTER_BOUND('',#1365,.T.);
#769=FACE_OUTER_BOUND('',#1366,.T.);
#770=FACE_OUTER_BOUND('',#1367,.T.);
#771=FACE_OUTER_BOUND('',#1368,.T.);
#772=FACE_OUTER_BOUND('',#1369,.T.);
#773=FACE_OUTER_BOUND('',#1370,.T.);
#774=FACE_OUTER_BOUND('',#1371,.T.);
#775=FACE_OUTER_BOUND('',#1372,.T.);
#776=FACE_OUTER_BOUND('',#1373,.T.);
#777=FACE_OUTER_BOUND('',#1374,.T.);
#778=FACE_OUTER_BOUND('',#1375,.T.);
#779=FACE_OUTER_BOUND('',#1376,.T.);
#780=FACE_OUTER_BOUND('',#1377,.T.);
#781=FACE_OUTER_BOUND('',#1378,.T.);
#782=FACE_OUTER_BOUND('',#1379,.T.);
#783=FACE_OUTER_BOUND('',#1380,.T.);
#784=FACE_OUTER_BOUND('',#1381,.T.);
#785=FACE_OUTER_BOUND('',#1382,.T.);
#786=FACE_OUTER_BOUND('',#1383,.T.);
#787=FACE_OUTER_BOUND('',#1384,.T.);
#788=FACE_OUTER_BOUND('',#1385,.T.);
#789=FACE_OUTER_BOUND('',#1386,.T.);
#790=FACE_OUTER_BOUND('',#1387,.T.);
#791=FACE_OUTER_BOUND('',#1388,.T.);
#792=FACE_OUTER_BOUND('',#1389,.T.);
#793=FACE_OUTER_BOUND('',#1390,.T.);
#794=FACE_OUTER_BOUND('',#1391,.T.);
#795=FACE_OUTER_BOUND('',#1392,.T.);
#796=FACE_OUTER_BOUND('',#1393,.T.);
#797=FACE_OUTER_BOUND('',#1394,.T.);
#798=FACE_OUTER_BOUND('',#1395,.T.);
#799=FACE_OUTER_BOUND('',#1396,.T.);
#800=FACE_OUTER_BOUND('',#1397,.T.);
#801=FACE_OUTER_BOUND('',#1398,.T.);
#802=FACE_OUTER_BOUND('',#1399,.T.);
#803=FACE_OUTER_BOUND('',#1400,.T.);
#804=FACE_OUTER_BOUND('',#1401,.T.);
#805=FACE_OUTER_BOUND('',#1402,.T.);
#806=FACE_OUTER_BOUND('',#1403,.T.);
#807=FACE_OUTER_BOUND('',#1404,.T.);
#808=FACE_OUTER_BOUND('',#1405,.T.);
#809=FACE_OUTER_BOUND('',#1406,.T.);
#810=FACE_OUTER_BOUND('',#1407,.T.);
#811=FACE_OUTER_BOUND('',#1408,.T.);
#812=FACE_OUTER_BOUND('',#1409,.T.);
#813=FACE_OUTER_BOUND('',#1410,.T.);
#814=FACE_OUTER_BOUND('',#1411,.T.);
#815=FACE_OUTER_BOUND('',#1412,.T.);
#816=FACE_OUTER_BOUND('',#1413,.T.);
#817=FACE_OUTER_BOUND('',#1414,.T.);
#818=FACE_OUTER_BOUND('',#1415,.T.);
#819=FACE_OUTER_BOUND('',#1416,.T.);
#820=FACE_OUTER_BOUND('',#1417,.T.);
#821=FACE_OUTER_BOUND('',#1418,.T.);
#822=FACE_OUTER_BOUND('',#1419,.T.);
#823=FACE_OUTER_BOUND('',#1420,.T.);
#824=FACE_OUTER_BOUND('',#1421,.T.);
#825=FACE_OUTER_BOUND('',#1422,.T.);
#826=FACE_OUTER_BOUND('',#1423,.T.);
#827=FACE_OUTER_BOUND('',#1424,.T.);
#828=FACE_OUTER_BOUND('',#1425,.T.);
#829=FACE_OUTER_BOUND('',#1426,.T.);
#830=FACE_OUTER_BOUND('',#1427,.T.);
#831=FACE_OUTER_BOUND('',#1428,.T.);
#832=FACE_OUTER_BOUND('',#1429,.T.);
#833=FACE_OUTER_BOUND('',#1430,.T.);
#834=FACE_OUTER_BOUND('',#1431,.T.);
#835=FACE_OUTER_BOUND('',#1432,.T.);
#836=FACE_OUTER_BOUND('',#1433,.T.);
#837=FACE_OUTER_BOUND('',#1434,.T.);
#838=FACE_OUTER_BOUND('',#1435,.T.);
#839=FACE_OUTER_BOUND('',#1436,.T.);
#840=FACE_OUTER_BOUND('',#1437,.T.);
#841=FACE_OUTER_BOUND('',#1438,.T.);
#842=FACE_OUTER_BOUND('',#1439,.T.);
#843=FACE_OUTER_BOUND('',#1440,.T.);
#844=FACE_OUTER_BOUND('',#1441,.T.);
#845=FACE_OUTER_BOUND('',#1442,.T.);
#846=FACE_OUTER_BOUND('',#1443,.T.);
#847=FACE_OUTER_BOUND('',#1444,.T.);
#848=FACE_OUTER_BOUND('',#1445,.T.);
#849=FACE_OUTER_BOUND('',#1446,.T.);
#850=FACE_OUTER_BOUND('',#1447,.T.);
#851=FACE_OUTER_BOUND('',#1448,.T.);
#852=FACE_OUTER_BOUND('',#1449,.T.);
#853=FACE_OUTER_BOUND('',#1481,.T.);
#854=FACE_OUTER_BOUND('',#1482,.T.);
#855=FACE_OUTER_BOUND('',#1483,.T.);
#856=FACE_OUTER_BOUND('',#1485,.T.);
#857=FACE_OUTER_BOUND('',#1486,.T.);
#858=FACE_OUTER_BOUND('',#1487,.T.);
#859=FACE_OUTER_BOUND('',#1488,.T.);
#860=FACE_OUTER_BOUND('',#1489,.T.);
#861=FACE_OUTER_BOUND('',#1490,.T.);
#862=FACE_OUTER_BOUND('',#1491,.T.);
#863=FACE_OUTER_BOUND('',#1492,.T.);
#864=FACE_OUTER_BOUND('',#1493,.T.);
#865=FACE_OUTER_BOUND('',#1494,.T.);
#866=FACE_OUTER_BOUND('',#1495,.T.);
#867=FACE_OUTER_BOUND('',#1496,.T.);
#868=FACE_OUTER_BOUND('',#1497,.T.);
#869=FACE_OUTER_BOUND('',#1498,.T.);
#870=FACE_OUTER_BOUND('',#1499,.T.);
#871=FACE_OUTER_BOUND('',#1503,.T.);
#872=FACE_OUTER_BOUND('',#1504,.T.);
#873=FACE_OUTER_BOUND('',#1505,.T.);
#874=FACE_OUTER_BOUND('',#1506,.T.);
#875=FACE_OUTER_BOUND('',#1507,.T.);
#876=FACE_OUTER_BOUND('',#1508,.T.);
#877=FACE_OUTER_BOUND('',#1509,.T.);
#878=FACE_OUTER_BOUND('',#1510,.T.);
#879=FACE_OUTER_BOUND('',#1511,.T.);
#880=FACE_OUTER_BOUND('',#1512,.T.);
#881=FACE_OUTER_BOUND('',#1513,.T.);
#882=FACE_OUTER_BOUND('',#1514,.T.);
#883=FACE_OUTER_BOUND('',#1515,.T.);
#884=FACE_OUTER_BOUND('',#1516,.T.);
#885=FACE_OUTER_BOUND('',#1517,.T.);
#886=FACE_OUTER_BOUND('',#1518,.T.);
#887=FACE_OUTER_BOUND('',#1519,.T.);
#888=FACE_OUTER_BOUND('',#1520,.T.);
#889=FACE_OUTER_BOUND('',#1521,.T.);
#890=FACE_OUTER_BOUND('',#1522,.T.);
#891=FACE_OUTER_BOUND('',#1523,.T.);
#892=FACE_OUTER_BOUND('',#1524,.T.);
#893=FACE_OUTER_BOUND('',#1525,.T.);
#894=FACE_OUTER_BOUND('',#1526,.T.);
#895=FACE_OUTER_BOUND('',#1527,.T.);
#896=FACE_OUTER_BOUND('',#1528,.T.);
#897=FACE_OUTER_BOUND('',#1529,.T.);
#898=FACE_OUTER_BOUND('',#1530,.T.);
#899=FACE_OUTER_BOUND('',#1531,.T.);
#900=FACE_OUTER_BOUND('',#1532,.T.);
#901=FACE_OUTER_BOUND('',#1533,.T.);
#902=FACE_OUTER_BOUND('',#1534,.T.);
#903=FACE_OUTER_BOUND('',#1535,.T.);
#904=FACE_OUTER_BOUND('',#1536,.T.);
#905=FACE_OUTER_BOUND('',#1537,.T.);
#906=FACE_OUTER_BOUND('',#1546,.T.);
#907=FACE_OUTER_BOUND('',#1547,.T.);
#908=FACE_OUTER_BOUND('',#1548,.T.);
#909=FACE_OUTER_BOUND('',#1549,.T.);
#910=FACE_OUTER_BOUND('',#1550,.T.);
#911=FACE_OUTER_BOUND('',#1551,.T.);
#912=FACE_OUTER_BOUND('',#1552,.T.);
#913=FACE_OUTER_BOUND('',#1553,.T.);
#914=FACE_OUTER_BOUND('',#1554,.T.);
#915=FACE_OUTER_BOUND('',#1555,.T.);
#916=FACE_OUTER_BOUND('',#1556,.T.);
#917=FACE_OUTER_BOUND('',#1557,.T.);
#918=FACE_OUTER_BOUND('',#1558,.T.);
#919=FACE_OUTER_BOUND('',#1559,.T.);
#920=FACE_OUTER_BOUND('',#1560,.T.);
#921=FACE_OUTER_BOUND('',#1563,.T.);
#922=FACE_OUTER_BOUND('',#1564,.T.);
#923=FACE_OUTER_BOUND('',#1565,.T.);
#924=FACE_OUTER_BOUND('',#1566,.T.);
#925=FACE_OUTER_BOUND('',#1567,.T.);
#926=FACE_OUTER_BOUND('',#1568,.T.);
#927=FACE_OUTER_BOUND('',#1569,.T.);
#928=FACE_OUTER_BOUND('',#1570,.T.);
#929=FACE_OUTER_BOUND('',#1571,.T.);
#930=FACE_OUTER_BOUND('',#1572,.T.);
#931=FACE_OUTER_BOUND('',#1573,.T.);
#932=FACE_OUTER_BOUND('',#1574,.T.);
#933=FACE_OUTER_BOUND('',#1577,.T.);
#934=FACE_OUTER_BOUND('',#1578,.T.);
#935=FACE_OUTER_BOUND('',#1579,.T.);
#936=FACE_OUTER_BOUND('',#1581,.T.);
#937=FACE_OUTER_BOUND('',#1582,.T.);
#938=FACE_OUTER_BOUND('',#1583,.T.);
#939=FACE_OUTER_BOUND('',#1584,.T.);
#940=FACE_OUTER_BOUND('',#1585,.T.);
#941=FACE_OUTER_BOUND('',#1586,.T.);
#942=FACE_OUTER_BOUND('',#1587,.T.);
#943=FACE_OUTER_BOUND('',#1588,.T.);
#944=FACE_OUTER_BOUND('',#1589,.T.);
#945=FACE_OUTER_BOUND('',#1590,.T.);
#946=FACE_OUTER_BOUND('',#1591,.T.);
#947=FACE_OUTER_BOUND('',#1592,.T.);
#948=FACE_OUTER_BOUND('',#1593,.T.);
#949=FACE_OUTER_BOUND('',#1596,.T.);
#950=FACE_OUTER_BOUND('',#1597,.T.);
#951=FACE_OUTER_BOUND('',#1598,.T.);
#952=FACE_OUTER_BOUND('',#1599,.T.);
#953=FACE_OUTER_BOUND('',#1600,.T.);
#954=FACE_OUTER_BOUND('',#1601,.T.);
#955=FACE_OUTER_BOUND('',#1602,.T.);
#956=FACE_OUTER_BOUND('',#1603,.T.);
#957=FACE_OUTER_BOUND('',#1604,.T.);
#958=FACE_OUTER_BOUND('',#1605,.T.);
#959=FACE_OUTER_BOUND('',#1606,.T.);
#960=FACE_OUTER_BOUND('',#1607,.T.);
#961=FACE_OUTER_BOUND('',#1608,.T.);
#962=FACE_OUTER_BOUND('',#1609,.T.);
#963=FACE_OUTER_BOUND('',#1610,.T.);
#964=FACE_OUTER_BOUND('',#1611,.T.);
#965=FACE_OUTER_BOUND('',#1612,.T.);
#966=FACE_OUTER_BOUND('',#1613,.T.);
#967=FACE_OUTER_BOUND('',#1614,.T.);
#968=FACE_OUTER_BOUND('',#1615,.T.);
#969=FACE_OUTER_BOUND('',#1616,.T.);
#970=FACE_OUTER_BOUND('',#1617,.T.);
#971=FACE_OUTER_BOUND('',#1618,.T.);
#972=FACE_OUTER_BOUND('',#1620,.T.);
#973=FACE_OUTER_BOUND('',#1621,.T.);
#974=FACE_OUTER_BOUND('',#1622,.T.);
#975=FACE_OUTER_BOUND('',#1623,.T.);
#976=FACE_OUTER_BOUND('',#1624,.T.);
#977=FACE_OUTER_BOUND('',#1625,.T.);
#978=FACE_OUTER_BOUND('',#1626,.T.);
#979=FACE_OUTER_BOUND('',#1627,.T.);
#980=FACE_OUTER_BOUND('',#1628,.T.);
#981=FACE_OUTER_BOUND('',#1629,.T.);
#982=FACE_OUTER_BOUND('',#1630,.T.);
#983=FACE_OUTER_BOUND('',#1631,.T.);
#984=FACE_OUTER_BOUND('',#1632,.T.);
#985=FACE_OUTER_BOUND('',#1633,.T.);
#986=FACE_OUTER_BOUND('',#1634,.T.);
#987=FACE_OUTER_BOUND('',#1635,.T.);
#988=FACE_OUTER_BOUND('',#1637,.T.);
#989=FACE_OUTER_BOUND('',#1638,.T.);
#990=FACE_OUTER_BOUND('',#1639,.T.);
#991=FACE_OUTER_BOUND('',#1640,.T.);
#992=FACE_OUTER_BOUND('',#1641,.T.);
#993=FACE_OUTER_BOUND('',#1642,.T.);
#994=FACE_OUTER_BOUND('',#1643,.T.);
#995=FACE_OUTER_BOUND('',#1644,.T.);
#996=FACE_OUTER_BOUND('',#1645,.T.);
#997=FACE_OUTER_BOUND('',#1646,.T.);
#998=FACE_OUTER_BOUND('',#1647,.T.);
#999=FACE_OUTER_BOUND('',#1648,.T.);
#1000=FACE_OUTER_BOUND('',#1649,.T.);
#1001=FACE_OUTER_BOUND('',#1650,.T.);
#1002=FACE_OUTER_BOUND('',#1651,.T.);
#1003=FACE_OUTER_BOUND('',#1652,.T.);
#1004=FACE_OUTER_BOUND('',#1653,.T.);
#1005=FACE_OUTER_BOUND('',#1654,.T.);
#1006=FACE_OUTER_BOUND('',#1656,.T.);
#1007=FACE_OUTER_BOUND('',#1657,.T.);
#1008=FACE_OUTER_BOUND('',#1659,.T.);
#1009=FACE_OUTER_BOUND('',#1660,.T.);
#1010=FACE_OUTER_BOUND('',#1661,.T.);
#1011=FACE_OUTER_BOUND('',#1662,.T.);
#1012=FACE_OUTER_BOUND('',#1663,.T.);
#1013=FACE_OUTER_BOUND('',#1664,.T.);
#1014=FACE_OUTER_BOUND('',#1665,.T.);
#1015=FACE_OUTER_BOUND('',#1666,.T.);
#1016=FACE_OUTER_BOUND('',#1668,.T.);
#1017=FACE_OUTER_BOUND('',#1669,.T.);
#1018=FACE_OUTER_BOUND('',#1671,.T.);
#1019=EDGE_LOOP('',(#6197,#6198,#6199,#6200));
#1020=EDGE_LOOP('',(#6201,#6202,#6203,#6204,#6205,#6206,#6207));
#1021=EDGE_LOOP('',(#6208,#6209,#6210,#6211));
#1022=EDGE_LOOP('',(#6212,#6213,#6214,#6215));
#1023=EDGE_LOOP('',(#6216,#6217,#6218,#6219));
#1024=EDGE_LOOP('',(#6220,#6221,#6222,#6223));
#1025=EDGE_LOOP('',(#6224,#6225,#6226,#6227));
#1026=EDGE_LOOP('',(#6228,#6229,#6230,#6231));
#1027=EDGE_LOOP('',(#6232,#6233,#6234,#6235));
#1028=EDGE_LOOP('',(#6236,#6237,#6238,#6239));
#1029=EDGE_LOOP('',(#6240,#6241,#6242,#6243,#6244,#6245,#6246,#6247));
#1030=EDGE_LOOP('',(#6248,#6249,#6250,#6251));
#1031=EDGE_LOOP('',(#6252,#6253,#6254,#6255));
#1032=EDGE_LOOP('',(#6256,#6257,#6258,#6259));
#1033=EDGE_LOOP('',(#6260,#6261,#6262,#6263));
#1034=EDGE_LOOP('',(#6264,#6265,#6266,#6267));
#1035=EDGE_LOOP('',(#6268,#6269,#6270,#6271));
#1036=EDGE_LOOP('',(#6272,#6273,#6274,#6275));
#1037=EDGE_LOOP('',(#6276,#6277,#6278,#6279));
#1038=EDGE_LOOP('',(#6280,#6281,#6282,#6283,#6284,#6285,#6286,#6287));
#1039=EDGE_LOOP('',(#6288,#6289,#6290,#6291));
#1040=EDGE_LOOP('',(#6292,#6293,#6294,#6295));
#1041=EDGE_LOOP('',(#6296,#6297,#6298,#6299));
#1042=EDGE_LOOP('',(#6300,#6301,#6302,#6303));
#1043=EDGE_LOOP('',(#6304,#6305,#6306,#6307));
#1044=EDGE_LOOP('',(#6308,#6309,#6310,#6311));
#1045=EDGE_LOOP('',(#6312,#6313,#6314,#6315));
#1046=EDGE_LOOP('',(#6316,#6317,#6318,#6319));
#1047=EDGE_LOOP('',(#6320,#6321,#6322,#6323));
#1048=EDGE_LOOP('',(#6324));
#1049=EDGE_LOOP('',(#6325));
#1050=EDGE_LOOP('',(#6326,#6327,#6328,#6329));
#1051=EDGE_LOOP('',(#6330));
#1052=EDGE_LOOP('',(#6331));
#1053=EDGE_LOOP('',(#6332,#6333,#6334,#6335));
#1054=EDGE_LOOP('',(#6336));
#1055=EDGE_LOOP('',(#6337));
#1056=EDGE_LOOP('',(#6338,#6339,#6340,#6341));
#1057=EDGE_LOOP('',(#6342));
#1058=EDGE_LOOP('',(#6343));
#1059=EDGE_LOOP('',(#6344,#6345,#6346,#6347));
#1060=EDGE_LOOP('',(#6348,#6349,#6350,#6351));
#1061=EDGE_LOOP('',(#6352,#6353,#6354,#6355));
#1062=EDGE_LOOP('',(#6356,#6357,#6358,#6359));
#1063=EDGE_LOOP('',(#6360,#6361,#6362,#6363));
#1064=EDGE_LOOP('',(#6364,#6365,#6366,#6367));
#1065=EDGE_LOOP('',(#6368,#6369,#6370,#6371));
#1066=EDGE_LOOP('',(#6372,#6373,#6374,#6375));
#1067=EDGE_LOOP('',(#6376,#6377,#6378,#6379));
#1068=EDGE_LOOP('',(#6380,#6381,#6382,#6383,#6384,#6385,#6386,#6387,#6388,
#6389,#6390,#6391,#6392,#6393,#6394));
#1069=EDGE_LOOP('',(#6395));
#1070=EDGE_LOOP('',(#6396,#6397,#6398,#6399));
#1071=EDGE_LOOP('',(#6400,#6401,#6402,#6403));
#1072=EDGE_LOOP('',(#6404,#6405,#6406,#6407));
#1073=EDGE_LOOP('',(#6408,#6409,#6410,#6411));
#1074=EDGE_LOOP('',(#6412,#6413,#6414,#6415));
#1075=EDGE_LOOP('',(#6416,#6417,#6418,#6419));
#1076=EDGE_LOOP('',(#6420,#6421,#6422,#6423));
#1077=EDGE_LOOP('',(#6424,#6425,#6426,#6427,#6428));
#1078=EDGE_LOOP('',(#6429,#6430,#6431,#6432));
#1079=EDGE_LOOP('',(#6433,#6434,#6435,#6436));
#1080=EDGE_LOOP('',(#6437,#6438,#6439,#6440));
#1081=EDGE_LOOP('',(#6441,#6442,#6443,#6444,#6445));
#1082=EDGE_LOOP('',(#6446,#6447,#6448,#6449,#6450,#6451,#6452,#6453,#6454,
#6455,#6456,#6457,#6458,#6459,#6460,#6461,#6462,#6463));
#1083=EDGE_LOOP('',(#6464,#6465,#6466,#6467,#6468,#6469,#6470,#6471));
#1084=EDGE_LOOP('',(#6472,#6473,#6474,#6475,#6476,#6477,#6478,#6479,#6480,
#6481,#6482,#6483,#6484,#6485,#6486,#6487,#6488,#6489));
#1085=EDGE_LOOP('',(#6490));
#1086=EDGE_LOOP('',(#6491));
#1087=EDGE_LOOP('',(#6492));
#1088=EDGE_LOOP('',(#6493,#6494,#6495,#6496,#6497,#6498,#6499,#6500));
#1089=EDGE_LOOP('',(#6501,#6502,#6503,#6504,#6505,#6506,#6507,#6508));
#1090=EDGE_LOOP('',(#6509));
#1091=EDGE_LOOP('',(#6510));
#1092=EDGE_LOOP('',(#6511));
#1093=EDGE_LOOP('',(#6512));
#1094=EDGE_LOOP('',(#6513,#6514,#6515,#6516));
#1095=EDGE_LOOP('',(#6517,#6518,#6519,#6520));
#1096=EDGE_LOOP('',(#6521,#6522,#6523,#6524,#6525,#6526,#6527,#6528,#6529,
#6530,#6531,#6532,#6533,#6534));
#1097=EDGE_LOOP('',(#6535));
#1098=EDGE_LOOP('',(#6536,#6537,#6538,#6539));
#1099=EDGE_LOOP('',(#6540,#6541,#6542,#6543));
#1100=EDGE_LOOP('',(#6544,#6545,#6546,#6547));
#1101=EDGE_LOOP('',(#6548,#6549,#6550,#6551));
#1102=EDGE_LOOP('',(#6552,#6553,#6554,#6555));
#1103=EDGE_LOOP('',(#6556,#6557,#6558,#6559));
#1104=EDGE_LOOP('',(#6560,#6561,#6562,#6563));
#1105=EDGE_LOOP('',(#6564,#6565,#6566,#6567));
#1106=EDGE_LOOP('',(#6568,#6569,#6570,#6571));
#1107=EDGE_LOOP('',(#6572,#6573,#6574,#6575));
#1108=EDGE_LOOP('',(#6576,#6577,#6578,#6579));
#1109=EDGE_LOOP('',(#6580,#6581,#6582,#6583));
#1110=EDGE_LOOP('',(#6584,#6585,#6586,#6587));
#1111=EDGE_LOOP('',(#6588,#6589,#6590,#6591,#6592,#6593,#6594,#6595,#6596,
#6597,#6598,#6599,#6600,#6601));
#1112=EDGE_LOOP('',(#6602));
#1113=EDGE_LOOP('',(#6603,#6604,#6605,#6606));
#1114=EDGE_LOOP('',(#6607,#6608,#6609,#6610));
#1115=EDGE_LOOP('',(#6611,#6612,#6613,#6614));
#1116=EDGE_LOOP('',(#6615,#6616,#6617,#6618));
#1117=EDGE_LOOP('',(#6619,#6620,#6621,#6622));
#1118=EDGE_LOOP('',(#6623,#6624,#6625,#6626));
#1119=EDGE_LOOP('',(#6627,#6628,#6629,#6630));
#1120=EDGE_LOOP('',(#6631,#6632,#6633,#6634,#6635,#6636,#6637,#6638,#6639,
#6640,#6641,#6642,#6643,#6644,#6645,#6646,#6647,#6648,#6649,#6650,#6651,
#6652,#6653,#6654,#6655,#6656));
#1121=EDGE_LOOP('',(#6657));
#1122=EDGE_LOOP('',(#6658,#6659,#6660,#6661));
#1123=EDGE_LOOP('',(#6662,#6663,#6664,#6665));
#1124=EDGE_LOOP('',(#6666,#6667,#6668,#6669));
#1125=EDGE_LOOP('',(#6670,#6671,#6672,#6673));
#1126=EDGE_LOOP('',(#6674,#6675,#6676,#6677));
#1127=EDGE_LOOP('',(#6678,#6679,#6680,#6681));
#1128=EDGE_LOOP('',(#6682,#6683,#6684,#6685));
#1129=EDGE_LOOP('',(#6686));
#1130=EDGE_LOOP('',(#6687));
#1131=EDGE_LOOP('',(#6688,#6689,#6690,#6691));
#1132=EDGE_LOOP('',(#6692,#6693,#6694,#6695,#6696,#6697,#6698,#6699));
#1133=EDGE_LOOP('',(#6700));
#1134=EDGE_LOOP('',(#6701));
#1135=EDGE_LOOP('',(#6702,#6703,#6704,#6705));
#1136=EDGE_LOOP('',(#6706,#6707,#6708,#6709));
#1137=EDGE_LOOP('',(#6710,#6711,#6712,#6713));
#1138=EDGE_LOOP('',(#6714,#6715,#6716,#6717));
#1139=EDGE_LOOP('',(#6718,#6719,#6720,#6721));
#1140=EDGE_LOOP('',(#6722,#6723,#6724,#6725));
#1141=EDGE_LOOP('',(#6726,#6727,#6728,#6729));
#1142=EDGE_LOOP('',(#6730,#6731,#6732,#6733));
#1143=EDGE_LOOP('',(#6734,#6735,#6736,#6737));
#1144=EDGE_LOOP('',(#6738,#6739,#6740,#6741));
#1145=EDGE_LOOP('',(#6742,#6743,#6744,#6745));
#1146=EDGE_LOOP('',(#6746,#6747,#6748,#6749));
#1147=EDGE_LOOP('',(#6750,#6751,#6752,#6753));
#1148=EDGE_LOOP('',(#6754,#6755,#6756,#6757));
#1149=EDGE_LOOP('',(#6758,#6759,#6760,#6761));
#1150=EDGE_LOOP('',(#6762,#6763,#6764,#6765));
#1151=EDGE_LOOP('',(#6766,#6767,#6768,#6769));
#1152=EDGE_LOOP('',(#6770,#6771,#6772,#6773));
#1153=EDGE_LOOP('',(#6774,#6775,#6776,#6777));
#1154=EDGE_LOOP('',(#6778,#6779,#6780,#6781));
#1155=EDGE_LOOP('',(#6782,#6783,#6784,#6785));
#1156=EDGE_LOOP('',(#6786,#6787,#6788,#6789));
#1157=EDGE_LOOP('',(#6790,#6791,#6792,#6793));
#1158=EDGE_LOOP('',(#6794,#6795,#6796,#6797));
#1159=EDGE_LOOP('',(#6798,#6799,#6800,#6801));
#1160=EDGE_LOOP('',(#6802,#6803,#6804,#6805));
#1161=EDGE_LOOP('',(#6806,#6807,#6808,#6809));
#1162=EDGE_LOOP('',(#6810,#6811,#6812,#6813));
#1163=EDGE_LOOP('',(#6814,#6815,#6816,#6817));
#1164=EDGE_LOOP('',(#6818,#6819,#6820,#6821));
#1165=EDGE_LOOP('',(#6822,#6823,#6824,#6825));
#1166=EDGE_LOOP('',(#6826,#6827,#6828,#6829));
#1167=EDGE_LOOP('',(#6830,#6831,#6832,#6833));
#1168=EDGE_LOOP('',(#6834,#6835,#6836,#6837));
#1169=EDGE_LOOP('',(#6838,#6839,#6840,#6841));
#1170=EDGE_LOOP('',(#6842,#6843,#6844,#6845));
#1171=EDGE_LOOP('',(#6846,#6847,#6848,#6849));
#1172=EDGE_LOOP('',(#6850,#6851,#6852,#6853));
#1173=EDGE_LOOP('',(#6854,#6855,#6856,#6857));
#1174=EDGE_LOOP('',(#6858,#6859,#6860,#6861));
#1175=EDGE_LOOP('',(#6862,#6863,#6864,#6865));
#1176=EDGE_LOOP('',(#6866,#6867,#6868,#6869));
#1177=EDGE_LOOP('',(#6870,#6871,#6872,#6873));
#1178=EDGE_LOOP('',(#6874,#6875,#6876,#6877));
#1179=EDGE_LOOP('',(#6878,#6879,#6880,#6881));
#1180=EDGE_LOOP('',(#6882,#6883,#6884,#6885));
#1181=EDGE_LOOP('',(#6886,#6887,#6888,#6889));
#1182=EDGE_LOOP('',(#6890,#6891,#6892,#6893));
#1183=EDGE_LOOP('',(#6894,#6895,#6896,#6897));
#1184=EDGE_LOOP('',(#6898,#6899,#6900,#6901));
#1185=EDGE_LOOP('',(#6902,#6903,#6904,#6905));
#1186=EDGE_LOOP('',(#6906,#6907,#6908,#6909));
#1187=EDGE_LOOP('',(#6910,#6911,#6912,#6913));
#1188=EDGE_LOOP('',(#6914,#6915,#6916,#6917));
#1189=EDGE_LOOP('',(#6918,#6919,#6920,#6921));
#1190=EDGE_LOOP('',(#6922,#6923,#6924,#6925));
#1191=EDGE_LOOP('',(#6926,#6927,#6928,#6929));
#1192=EDGE_LOOP('',(#6930,#6931,#6932,#6933));
#1193=EDGE_LOOP('',(#6934,#6935,#6936,#6937));
#1194=EDGE_LOOP('',(#6938,#6939,#6940,#6941));
#1195=EDGE_LOOP('',(#6942,#6943,#6944,#6945));
#1196=EDGE_LOOP('',(#6946,#6947,#6948,#6949));
#1197=EDGE_LOOP('',(#6950,#6951,#6952,#6953));
#1198=EDGE_LOOP('',(#6954,#6955,#6956,#6957));
#1199=EDGE_LOOP('',(#6958,#6959,#6960,#6961));
#1200=EDGE_LOOP('',(#6962,#6963,#6964,#6965));
#1201=EDGE_LOOP('',(#6966,#6967,#6968,#6969));
#1202=EDGE_LOOP('',(#6970,#6971,#6972,#6973));
#1203=EDGE_LOOP('',(#6974,#6975,#6976,#6977));
#1204=EDGE_LOOP('',(#6978,#6979,#6980,#6981));
#1205=EDGE_LOOP('',(#6982,#6983,#6984,#6985));
#1206=EDGE_LOOP('',(#6986,#6987,#6988,#6989));
#1207=EDGE_LOOP('',(#6990,#6991,#6992,#6993));
#1208=EDGE_LOOP('',(#6994,#6995,#6996,#6997));
#1209=EDGE_LOOP('',(#6998,#6999,#7000,#7001));
#1210=EDGE_LOOP('',(#7002,#7003,#7004,#7005));
#1211=EDGE_LOOP('',(#7006,#7007,#7008,#7009));
#1212=EDGE_LOOP('',(#7010,#7011,#7012,#7013));
#1213=EDGE_LOOP('',(#7014,#7015,#7016,#7017));
#1214=EDGE_LOOP('',(#7018,#7019,#7020,#7021));
#1215=EDGE_LOOP('',(#7022,#7023,#7024,#7025));
#1216=EDGE_LOOP('',(#7026,#7027,#7028,#7029));
#1217=EDGE_LOOP('',(#7030,#7031,#7032,#7033,#7034,#7035));
#1218=EDGE_LOOP('',(#7036,#7037,#7038,#7039));
#1219=EDGE_LOOP('',(#7040));
#1220=EDGE_LOOP('',(#7041,#7042,#7043,#7044));
#1221=EDGE_LOOP('',(#7045,#7046,#7047,#7048,#7049,#7050,#7051,#7052));
#1222=EDGE_LOOP('',(#7053,#7054,#7055,#7056));
#1223=EDGE_LOOP('',(#7057,#7058,#7059,#7060,#7061,#7062,#7063,#7064));
#1224=EDGE_LOOP('',(#7065,#7066,#7067,#7068));
#1225=EDGE_LOOP('',(#7069,#7070,#7071,#7072,#7073,#7074));
#1226=EDGE_LOOP('',(#7075,#7076,#7077,#7078));
#1227=EDGE_LOOP('',(#7079,#7080,#7081,#7082));
#1228=EDGE_LOOP('',(#7083,#7084,#7085,#7086));
#1229=EDGE_LOOP('',(#7087,#7088,#7089,#7090,#7091));
#1230=EDGE_LOOP('',(#7092,#7093,#7094,#7095));
#1231=EDGE_LOOP('',(#7096,#7097,#7098,#7099));
#1232=EDGE_LOOP('',(#7100,#7101,#7102,#7103));
#1233=EDGE_LOOP('',(#7104,#7105,#7106,#7107,#7108,#7109));
#1234=EDGE_LOOP('',(#7110,#7111,#7112,#7113));
#1235=EDGE_LOOP('',(#7114,#7115,#7116,#7117));
#1236=EDGE_LOOP('',(#7118,#7119,#7120,#7121));
#1237=EDGE_LOOP('',(#7122,#7123,#7124,#7125,#7126,#7127,#7128,#7129,#7130,
#7131));
#1238=EDGE_LOOP('',(#7132,#7133,#7134,#7135));
#1239=EDGE_LOOP('',(#7136,#7137,#7138,#7139));
#1240=EDGE_LOOP('',(#7140,#7141,#7142,#7143,#7144,#7145));
#1241=EDGE_LOOP('',(#7146,#7147,#7148,#7149,#7150));
#1242=EDGE_LOOP('',(#7151,#7152,#7153,#7154));
#1243=EDGE_LOOP('',(#7155,#7156,#7157,#7158));
#1244=EDGE_LOOP('',(#7159,#7160,#7161,#7162));
#1245=EDGE_LOOP('',(#7163,#7164,#7165,#7166));
#1246=EDGE_LOOP('',(#7167,#7168,#7169,#7170));
#1247=EDGE_LOOP('',(#7171,#7172,#7173,#7174));
#1248=EDGE_LOOP('',(#7175,#7176,#7177,#7178,#7179,#7180,#7181,#7182));
#1249=EDGE_LOOP('',(#7183,#7184,#7185,#7186));
#1250=EDGE_LOOP('',(#7187,#7188,#7189,#7190));
#1251=EDGE_LOOP('',(#7191,#7192,#7193,#7194));
#1252=EDGE_LOOP('',(#7195,#7196,#7197,#7198));
#1253=EDGE_LOOP('',(#7199,#7200,#7201,#7202,#7203,#7204,#7205,#7206,#7207,
#7208,#7209,#7210,#7211,#7212));
#1254=EDGE_LOOP('',(#7213,#7214,#7215,#7216,#7217));
#1255=EDGE_LOOP('',(#7218,#7219,#7220,#7221));
#1256=EDGE_LOOP('',(#7222,#7223,#7224,#7225));
#1257=EDGE_LOOP('',(#7226,#7227,#7228,#7229));
#1258=EDGE_LOOP('',(#7230,#7231,#7232,#7233));
#1259=EDGE_LOOP('',(#7234,#7235,#7236,#7237));
#1260=EDGE_LOOP('',(#7238,#7239,#7240,#7241));
#1261=EDGE_LOOP('',(#7242,#7243,#7244,#7245));
#1262=EDGE_LOOP('',(#7246,#7247,#7248,#7249));
#1263=EDGE_LOOP('',(#7250,#7251,#7252,#7253));
#1264=EDGE_LOOP('',(#7254,#7255,#7256,#7257));
#1265=EDGE_LOOP('',(#7258,#7259,#7260,#7261));
#1266=EDGE_LOOP('',(#7262,#7263,#7264,#7265));
#1267=EDGE_LOOP('',(#7266,#7267,#7268,#7269));
#1268=EDGE_LOOP('',(#7270,#7271,#7272,#7273));
#1269=EDGE_LOOP('',(#7274,#7275,#7276,#7277));
#1270=EDGE_LOOP('',(#7278,#7279,#7280,#7281));
#1271=EDGE_LOOP('',(#7282,#7283,#7284,#7285));
#1272=EDGE_LOOP('',(#7286,#7287,#7288,#7289));
#1273=EDGE_LOOP('',(#7290,#7291,#7292,#7293));
#1274=EDGE_LOOP('',(#7294,#7295,#7296,#7297));
#1275=EDGE_LOOP('',(#7298,#7299,#7300,#7301));
#1276=EDGE_LOOP('',(#7302,#7303,#7304,#7305));
#1277=EDGE_LOOP('',(#7306,#7307,#7308,#7309));
#1278=EDGE_LOOP('',(#7310,#7311,#7312,#7313));
#1279=EDGE_LOOP('',(#7314,#7315,#7316,#7317));
#1280=EDGE_LOOP('',(#7318,#7319,#7320,#7321));
#1281=EDGE_LOOP('',(#7322,#7323,#7324,#7325));
#1282=EDGE_LOOP('',(#7326,#7327,#7328,#7329));
#1283=EDGE_LOOP('',(#7330,#7331,#7332,#7333));
#1284=EDGE_LOOP('',(#7334,#7335,#7336,#7337));
#1285=EDGE_LOOP('',(#7338,#7339,#7340,#7341));
#1286=EDGE_LOOP('',(#7342,#7343,#7344,#7345));
#1287=EDGE_LOOP('',(#7346,#7347,#7348,#7349));
#1288=EDGE_LOOP('',(#7350,#7351,#7352,#7353));
#1289=EDGE_LOOP('',(#7354,#7355,#7356,#7357));
#1290=EDGE_LOOP('',(#7358,#7359,#7360,#7361));
#1291=EDGE_LOOP('',(#7362,#7363,#7364,#7365));
#1292=EDGE_LOOP('',(#7366,#7367,#7368,#7369));
#1293=EDGE_LOOP('',(#7370,#7371,#7372,#7373));
#1294=EDGE_LOOP('',(#7374,#7375,#7376,#7377));
#1295=EDGE_LOOP('',(#7378,#7379,#7380,#7381));
#1296=EDGE_LOOP('',(#7382,#7383,#7384,#7385));
#1297=EDGE_LOOP('',(#7386,#7387,#7388,#7389));
#1298=EDGE_LOOP('',(#7390,#7391,#7392,#7393));
#1299=EDGE_LOOP('',(#7394,#7395,#7396,#7397));
#1300=EDGE_LOOP('',(#7398,#7399,#7400,#7401));
#1301=EDGE_LOOP('',(#7402,#7403,#7404,#7405));
#1302=EDGE_LOOP('',(#7406,#7407,#7408,#7409));
#1303=EDGE_LOOP('',(#7410,#7411,#7412,#7413));
#1304=EDGE_LOOP('',(#7414,#7415,#7416,#7417));
#1305=EDGE_LOOP('',(#7418,#7419,#7420,#7421));
#1306=EDGE_LOOP('',(#7422,#7423,#7424,#7425));
#1307=EDGE_LOOP('',(#7426,#7427,#7428,#7429));
#1308=EDGE_LOOP('',(#7430,#7431,#7432,#7433));
#1309=EDGE_LOOP('',(#7434,#7435,#7436,#7437));
#1310=EDGE_LOOP('',(#7438,#7439,#7440,#7441));
#1311=EDGE_LOOP('',(#7442,#7443,#7444,#7445));
#1312=EDGE_LOOP('',(#7446,#7447,#7448,#7449));
#1313=EDGE_LOOP('',(#7450,#7451,#7452,#7453));
#1314=EDGE_LOOP('',(#7454,#7455,#7456,#7457));
#1315=EDGE_LOOP('',(#7458,#7459,#7460,#7461));
#1316=EDGE_LOOP('',(#7462,#7463,#7464,#7465));
#1317=EDGE_LOOP('',(#7466,#7467,#7468,#7469));
#1318=EDGE_LOOP('',(#7470,#7471,#7472,#7473));
#1319=EDGE_LOOP('',(#7474,#7475,#7476,#7477));
#1320=EDGE_LOOP('',(#7478,#7479,#7480,#7481));
#1321=EDGE_LOOP('',(#7482,#7483,#7484,#7485));
#1322=EDGE_LOOP('',(#7486,#7487,#7488,#7489));
#1323=EDGE_LOOP('',(#7490,#7491,#7492,#7493));
#1324=EDGE_LOOP('',(#7494,#7495,#7496,#7497));
#1325=EDGE_LOOP('',(#7498,#7499,#7500,#7501));
#1326=EDGE_LOOP('',(#7502,#7503,#7504,#7505));
#1327=EDGE_LOOP('',(#7506,#7507,#7508,#7509));
#1328=EDGE_LOOP('',(#7510,#7511,#7512,#7513));
#1329=EDGE_LOOP('',(#7514,#7515,#7516,#7517));
#1330=EDGE_LOOP('',(#7518,#7519,#7520,#7521));
#1331=EDGE_LOOP('',(#7522,#7523,#7524,#7525));
#1332=EDGE_LOOP('',(#7526,#7527,#7528,#7529));
#1333=EDGE_LOOP('',(#7530,#7531,#7532,#7533));
#1334=EDGE_LOOP('',(#7534,#7535,#7536,#7537));
#1335=EDGE_LOOP('',(#7538,#7539,#7540,#7541));
#1336=EDGE_LOOP('',(#7542,#7543,#7544,#7545));
#1337=EDGE_LOOP('',(#7546,#7547,#7548,#7549));
#1338=EDGE_LOOP('',(#7550,#7551,#7552,#7553));
#1339=EDGE_LOOP('',(#7554,#7555,#7556,#7557));
#1340=EDGE_LOOP('',(#7558,#7559,#7560,#7561));
#1341=EDGE_LOOP('',(#7562,#7563,#7564,#7565));
#1342=EDGE_LOOP('',(#7566,#7567,#7568,#7569));
#1343=EDGE_LOOP('',(#7570,#7571,#7572,#7573));
#1344=EDGE_LOOP('',(#7574,#7575,#7576,#7577));
#1345=EDGE_LOOP('',(#7578,#7579,#7580,#7581));
#1346=EDGE_LOOP('',(#7582,#7583,#7584,#7585));
#1347=EDGE_LOOP('',(#7586,#7587,#7588,#7589));
#1348=EDGE_LOOP('',(#7590,#7591,#7592,#7593));
#1349=EDGE_LOOP('',(#7594,#7595,#7596,#7597));
#1350=EDGE_LOOP('',(#7598,#7599,#7600,#7601));
#1351=EDGE_LOOP('',(#7602,#7603,#7604,#7605));
#1352=EDGE_LOOP('',(#7606,#7607,#7608,#7609));
#1353=EDGE_LOOP('',(#7610,#7611,#7612,#7613));
#1354=EDGE_LOOP('',(#7614,#7615,#7616,#7617));
#1355=EDGE_LOOP('',(#7618,#7619,#7620,#7621));
#1356=EDGE_LOOP('',(#7622,#7623,#7624,#7625));
#1357=EDGE_LOOP('',(#7626,#7627,#7628,#7629));
#1358=EDGE_LOOP('',(#7630,#7631,#7632,#7633));
#1359=EDGE_LOOP('',(#7634,#7635,#7636,#7637));
#1360=EDGE_LOOP('',(#7638,#7639,#7640,#7641));
#1361=EDGE_LOOP('',(#7642,#7643,#7644,#7645));
#1362=EDGE_LOOP('',(#7646,#7647,#7648,#7649));
#1363=EDGE_LOOP('',(#7650,#7651,#7652,#7653));
#1364=EDGE_LOOP('',(#7654,#7655,#7656,#7657));
#1365=EDGE_LOOP('',(#7658,#7659,#7660,#7661));
#1366=EDGE_LOOP('',(#7662,#7663,#7664,#7665));
#1367=EDGE_LOOP('',(#7666,#7667,#7668,#7669));
#1368=EDGE_LOOP('',(#7670,#7671,#7672,#7673));
#1369=EDGE_LOOP('',(#7674,#7675,#7676,#7677));
#1370=EDGE_LOOP('',(#7678,#7679,#7680,#7681));
#1371=EDGE_LOOP('',(#7682,#7683,#7684,#7685));
#1372=EDGE_LOOP('',(#7686,#7687,#7688,#7689));
#1373=EDGE_LOOP('',(#7690,#7691,#7692,#7693));
#1374=EDGE_LOOP('',(#7694,#7695,#7696,#7697));
#1375=EDGE_LOOP('',(#7698,#7699,#7700,#7701));
#1376=EDGE_LOOP('',(#7702,#7703,#7704,#7705));
#1377=EDGE_LOOP('',(#7706,#7707,#7708,#7709));
#1378=EDGE_LOOP('',(#7710,#7711,#7712,#7713));
#1379=EDGE_LOOP('',(#7714,#7715,#7716,#7717));
#1380=EDGE_LOOP('',(#7718,#7719,#7720,#7721));
#1381=EDGE_LOOP('',(#7722,#7723,#7724,#7725));
#1382=EDGE_LOOP('',(#7726,#7727,#7728,#7729));
#1383=EDGE_LOOP('',(#7730,#7731,#7732,#7733));
#1384=EDGE_LOOP('',(#7734,#7735,#7736,#7737));
#1385=EDGE_LOOP('',(#7738,#7739,#7740,#7741));
#1386=EDGE_LOOP('',(#7742,#7743,#7744,#7745));
#1387=EDGE_LOOP('',(#7746,#7747,#7748,#7749));
#1388=EDGE_LOOP('',(#7750,#7751,#7752,#7753));
#1389=EDGE_LOOP('',(#7754,#7755,#7756,#7757));
#1390=EDGE_LOOP('',(#7758,#7759,#7760,#7761));
#1391=EDGE_LOOP('',(#7762,#7763,#7764,#7765));
#1392=EDGE_LOOP('',(#7766,#7767,#7768,#7769));
#1393=EDGE_LOOP('',(#7770,#7771,#7772,#7773));
#1394=EDGE_LOOP('',(#7774,#7775,#7776,#7777));
#1395=EDGE_LOOP('',(#7778,#7779,#7780,#7781));
#1396=EDGE_LOOP('',(#7782,#7783,#7784,#7785));
#1397=EDGE_LOOP('',(#7786,#7787,#7788,#7789));
#1398=EDGE_LOOP('',(#7790,#7791,#7792,#7793));
#1399=EDGE_LOOP('',(#7794,#7795,#7796,#7797));
#1400=EDGE_LOOP('',(#7798,#7799,#7800,#7801));
#1401=EDGE_LOOP('',(#7802,#7803,#7804,#7805));
#1402=EDGE_LOOP('',(#7806,#7807,#7808,#7809));
#1403=EDGE_LOOP('',(#7810,#7811,#7812,#7813));
#1404=EDGE_LOOP('',(#7814,#7815,#7816,#7817));
#1405=EDGE_LOOP('',(#7818,#7819,#7820,#7821));
#1406=EDGE_LOOP('',(#7822,#7823,#7824,#7825));
#1407=EDGE_LOOP('',(#7826,#7827,#7828,#7829));
#1408=EDGE_LOOP('',(#7830,#7831,#7832,#7833));
#1409=EDGE_LOOP('',(#7834,#7835,#7836,#7837));
#1410=EDGE_LOOP('',(#7838,#7839,#7840,#7841));
#1411=EDGE_LOOP('',(#7842,#7843,#7844,#7845));
#1412=EDGE_LOOP('',(#7846,#7847,#7848,#7849));
#1413=EDGE_LOOP('',(#7850,#7851,#7852,#7853));
#1414=EDGE_LOOP('',(#7854,#7855,#7856,#7857));
#1415=EDGE_LOOP('',(#7858,#7859,#7860,#7861));
#1416=EDGE_LOOP('',(#7862,#7863,#7864,#7865));
#1417=EDGE_LOOP('',(#7866,#7867,#7868,#7869));
#1418=EDGE_LOOP('',(#7870,#7871,#7872,#7873));
#1419=EDGE_LOOP('',(#7874,#7875,#7876,#7877));
#1420=EDGE_LOOP('',(#7878,#7879,#7880,#7881));
#1421=EDGE_LOOP('',(#7882,#7883,#7884,#7885));
#1422=EDGE_LOOP('',(#7886,#7887,#7888,#7889));
#1423=EDGE_LOOP('',(#7890,#7891,#7892,#7893));
#1424=EDGE_LOOP('',(#7894,#7895,#7896,#7897));
#1425=EDGE_LOOP('',(#7898,#7899,#7900,#7901));
#1426=EDGE_LOOP('',(#7902,#7903,#7904,#7905));
#1427=EDGE_LOOP('',(#7906,#7907,#7908,#7909));
#1428=EDGE_LOOP('',(#7910,#7911,#7912,#7913));
#1429=EDGE_LOOP('',(#7914,#7915,#7916,#7917));
#1430=EDGE_LOOP('',(#7918,#7919,#7920,#7921));
#1431=EDGE_LOOP('',(#7922,#7923,#7924,#7925));
#1432=EDGE_LOOP('',(#7926,#7927,#7928,#7929,#7930,#7931));
#1433=EDGE_LOOP('',(#7932,#7933,#7934,#7935));
#1434=EDGE_LOOP('',(#7936,#7937,#7938,#7939));
#1435=EDGE_LOOP('',(#7940,#7941,#7942,#7943,#7944));
#1436=EDGE_LOOP('',(#7945,#7946,#7947,#7948));
#1437=EDGE_LOOP('',(#7949,#7950,#7951,#7952,#7953));
#1438=EDGE_LOOP('',(#7954,#7955,#7956,#7957));
#1439=EDGE_LOOP('',(#7958,#7959,#7960,#7961));
#1440=EDGE_LOOP('',(#7962,#7963,#7964,#7965));
#1441=EDGE_LOOP('',(#7966,#7967,#7968,#7969));
#1442=EDGE_LOOP('',(#7970,#7971,#7972,#7973));
#1443=EDGE_LOOP('',(#7974,#7975,#7976,#7977));
#1444=EDGE_LOOP('',(#7978,#7979,#7980,#7981,#7982,#7983));
#1445=EDGE_LOOP('',(#7984,#7985,#7986,#7987));
#1446=EDGE_LOOP('',(#7988,#7989,#7990,#7991,#7992,#7993));
#1447=EDGE_LOOP('',(#7994,#7995,#7996,#7997));
#1448=EDGE_LOOP('',(#7998,#7999,#8000,#8001));
#1449=EDGE_LOOP('',(#8002,#8003,#8004,#8005,#8006,#8007,#8008,#8009,#8010,
#8011,#8012,#8013,#8014,#8015,#8016,#8017,#8018,#8019,#8020,#8021,#8022,
#8023,#8024,#8025,#8026,#8027,#8028,#8029,#8030,#8031,#8032));
#1450=EDGE_LOOP('',(#8033,#8034,#8035,#8036));
#1451=EDGE_LOOP('',(#8037,#8038,#8039,#8040));
#1452=EDGE_LOOP('',(#8041,#8042,#8043,#8044));
#1453=EDGE_LOOP('',(#8045,#8046,#8047,#8048));
#1454=EDGE_LOOP('',(#8049,#8050,#8051,#8052));
#1455=EDGE_LOOP('',(#8053,#8054,#8055,#8056));
#1456=EDGE_LOOP('',(#8057,#8058,#8059,#8060));
#1457=EDGE_LOOP('',(#8061,#8062,#8063,#8064));
#1458=EDGE_LOOP('',(#8065,#8066,#8067,#8068));
#1459=EDGE_LOOP('',(#8069,#8070,#8071,#8072));
#1460=EDGE_LOOP('',(#8073,#8074,#8075,#8076));
#1461=EDGE_LOOP('',(#8077,#8078,#8079,#8080));
#1462=EDGE_LOOP('',(#8081,#8082,#8083,#8084));
#1463=EDGE_LOOP('',(#8085,#8086,#8087,#8088));
#1464=EDGE_LOOP('',(#8089,#8090,#8091,#8092));
#1465=EDGE_LOOP('',(#8093));
#1466=EDGE_LOOP('',(#8094,#8095,#8096,#8097));
#1467=EDGE_LOOP('',(#8098,#8099,#8100,#8101));
#1468=EDGE_LOOP('',(#8102,#8103,#8104,#8105));
#1469=EDGE_LOOP('',(#8106,#8107,#8108,#8109));
#1470=EDGE_LOOP('',(#8110,#8111,#8112,#8113));
#1471=EDGE_LOOP('',(#8114,#8115,#8116,#8117));
#1472=EDGE_LOOP('',(#8118,#8119,#8120,#8121));
#1473=EDGE_LOOP('',(#8122,#8123,#8124,#8125));
#1474=EDGE_LOOP('',(#8126,#8127,#8128,#8129,#8130,#8131,#8132,#8133));
#1475=EDGE_LOOP('',(#8134));
#1476=EDGE_LOOP('',(#8135));
#1477=EDGE_LOOP('',(#8136,#8137,#8138,#8139));
#1478=EDGE_LOOP('',(#8140,#8141,#8142,#8143));
#1479=EDGE_LOOP('',(#8144,#8145,#8146,#8147));
#1480=EDGE_LOOP('',(#8148));
#1481=EDGE_LOOP('',(#8149,#8150,#8151,#8152));
#1482=EDGE_LOOP('',(#8153,#8154,#8155,#8156));
#1483=EDGE_LOOP('',(#8157,#8158,#8159,#8160));
#1484=EDGE_LOOP('',(#8161,#8162,#8163,#8164,#8165,#8166,#8167,#8168));
#1485=EDGE_LOOP('',(#8169,#8170,#8171,#8172));
#1486=EDGE_LOOP('',(#8173,#8174,#8175,#8176));
#1487=EDGE_LOOP('',(#8177,#8178,#8179,#8180));
#1488=EDGE_LOOP('',(#8181,#8182,#8183,#8184));
#1489=EDGE_LOOP('',(#8185,#8186,#8187,#8188));
#1490=EDGE_LOOP('',(#8189,#8190,#8191,#8192));
#1491=EDGE_LOOP('',(#8193,#8194,#8195,#8196));
#1492=EDGE_LOOP('',(#8197,#8198,#8199,#8200));
#1493=EDGE_LOOP('',(#8201,#8202,#8203,#8204));
#1494=EDGE_LOOP('',(#8205,#8206,#8207,#8208));
#1495=EDGE_LOOP('',(#8209,#8210,#8211,#8212));
#1496=EDGE_LOOP('',(#8213,#8214,#8215,#8216));
#1497=EDGE_LOOP('',(#8217,#8218,#8219,#8220));
#1498=EDGE_LOOP('',(#8221,#8222,#8223,#8224));
#1499=EDGE_LOOP('',(#8225,#8226,#8227,#8228,#8229,#8230,#8231,#8232));
#1500=EDGE_LOOP('',(#8233,#8234,#8235,#8236,#8237,#8238,#8239,#8240,#8241,
#8242,#8243,#8244,#8245,#8246,#8247,#8248));
#1501=EDGE_LOOP('',(#8249));
#1502=EDGE_LOOP('',(#8250,#8251,#8252,#8253,#8254,#8255,#8256,#8257));
#1503=EDGE_LOOP('',(#8258,#8259,#8260,#8261));
#1504=EDGE_LOOP('',(#8262,#8263,#8264,#8265));
#1505=EDGE_LOOP('',(#8266,#8267,#8268,#8269));
#1506=EDGE_LOOP('',(#8270,#8271,#8272,#8273));
#1507=EDGE_LOOP('',(#8274,#8275,#8276,#8277));
#1508=EDGE_LOOP('',(#8278,#8279,#8280,#8281));
#1509=EDGE_LOOP('',(#8282,#8283,#8284,#8285));
#1510=EDGE_LOOP('',(#8286,#8287,#8288,#8289));
#1511=EDGE_LOOP('',(#8290,#8291,#8292,#8293));
#1512=EDGE_LOOP('',(#8294,#8295,#8296,#8297));
#1513=EDGE_LOOP('',(#8298,#8299,#8300,#8301));
#1514=EDGE_LOOP('',(#8302,#8303,#8304,#8305));
#1515=EDGE_LOOP('',(#8306,#8307,#8308,#8309));
#1516=EDGE_LOOP('',(#8310,#8311,#8312,#8313));
#1517=EDGE_LOOP('',(#8314,#8315,#8316,#8317));
#1518=EDGE_LOOP('',(#8318,#8319,#8320,#8321));
#1519=EDGE_LOOP('',(#8322,#8323,#8324,#8325));
#1520=EDGE_LOOP('',(#8326,#8327,#8328,#8329));
#1521=EDGE_LOOP('',(#8330,#8331,#8332,#8333));
#1522=EDGE_LOOP('',(#8334,#8335,#8336,#8337));
#1523=EDGE_LOOP('',(#8338,#8339,#8340,#8341));
#1524=EDGE_LOOP('',(#8342,#8343,#8344,#8345));
#1525=EDGE_LOOP('',(#8346,#8347,#8348,#8349));
#1526=EDGE_LOOP('',(#8350,#8351,#8352,#8353));
#1527=EDGE_LOOP('',(#8354,#8355,#8356,#8357));
#1528=EDGE_LOOP('',(#8358,#8359,#8360,#8361));
#1529=EDGE_LOOP('',(#8362,#8363,#8364,#8365));
#1530=EDGE_LOOP('',(#8366,#8367,#8368,#8369));
#1531=EDGE_LOOP('',(#8370,#8371,#8372,#8373));
#1532=EDGE_LOOP('',(#8374,#8375,#8376,#8377));
#1533=EDGE_LOOP('',(#8378,#8379,#8380,#8381));
#1534=EDGE_LOOP('',(#8382,#8383,#8384,#8385));
#1535=EDGE_LOOP('',(#8386,#8387,#8388,#8389));
#1536=EDGE_LOOP('',(#8390,#8391,#8392,#8393));
#1537=EDGE_LOOP('',(#8394,#8395,#8396,#8397,#8398,#8399,#8400,#8401));
#1538=EDGE_LOOP('',(#8402,#8403,#8404,#8405,#8406,#8407,#8408,#8409));
#1539=EDGE_LOOP('',(#8410,#8411,#8412,#8413,#8414,#8415,#8416,#8417));
#1540=EDGE_LOOP('',(#8418));
#1541=EDGE_LOOP('',(#8419,#8420,#8421,#8422,#8423,#8424,#8425,#8426,#8427,
#8428,#8429,#8430,#8431,#8432,#8433,#8434));
#1542=EDGE_LOOP('',(#8435));
#1543=EDGE_LOOP('',(#8436));
#1544=EDGE_LOOP('',(#8437));
#1545=EDGE_LOOP('',(#8438));
#1546=EDGE_LOOP('',(#8439,#8440,#8441,#8442));
#1547=EDGE_LOOP('',(#8443,#8444,#8445,#8446));
#1548=EDGE_LOOP('',(#8447,#8448,#8449,#8450));
#1549=EDGE_LOOP('',(#8451,#8452,#8453,#8454));
#1550=EDGE_LOOP('',(#8455,#8456,#8457,#8458));
#1551=EDGE_LOOP('',(#8459,#8460,#8461,#8462));
#1552=EDGE_LOOP('',(#8463,#8464,#8465,#8466));
#1553=EDGE_LOOP('',(#8467,#8468,#8469,#8470));
#1554=EDGE_LOOP('',(#8471,#8472,#8473,#8474));
#1555=EDGE_LOOP('',(#8475,#8476,#8477,#8478));
#1556=EDGE_LOOP('',(#8479,#8480,#8481,#8482));
#1557=EDGE_LOOP('',(#8483,#8484,#8485,#8486));
#1558=EDGE_LOOP('',(#8487,#8488,#8489,#8490));
#1559=EDGE_LOOP('',(#8491,#8492,#8493,#8494));
#1560=EDGE_LOOP('',(#8495,#8496,#8497,#8498));
#1561=EDGE_LOOP('',(#8499,#8500,#8501,#8502));
#1562=EDGE_LOOP('',(#8503,#8504,#8505,#8506,#8507,#8508,#8509,#8510));
#1563=EDGE_LOOP('',(#8511,#8512,#8513,#8514));
#1564=EDGE_LOOP('',(#8515,#8516,#8517,#8518));
#1565=EDGE_LOOP('',(#8519,#8520,#8521,#8522));
#1566=EDGE_LOOP('',(#8523,#8524,#8525,#8526));
#1567=EDGE_LOOP('',(#8527,#8528,#8529,#8530));
#1568=EDGE_LOOP('',(#8531,#8532,#8533,#8534));
#1569=EDGE_LOOP('',(#8535,#8536,#8537,#8538));
#1570=EDGE_LOOP('',(#8539,#8540,#8541,#8542));
#1571=EDGE_LOOP('',(#8543,#8544,#8545,#8546));
#1572=EDGE_LOOP('',(#8547,#8548,#8549,#8550));
#1573=EDGE_LOOP('',(#8551,#8552,#8553,#8554));
#1574=EDGE_LOOP('',(#8555));
#1575=EDGE_LOOP('',(#8556,#8557,#8558,#8559,#8560,#8561,#8562,#8563));
#1576=EDGE_LOOP('',(#8564));
#1577=EDGE_LOOP('',(#8565,#8566,#8567,#8568));
#1578=EDGE_LOOP('',(#8569,#8570,#8571,#8572));
#1579=EDGE_LOOP('',(#8573));
#1580=EDGE_LOOP('',(#8574));
#1581=EDGE_LOOP('',(#8575,#8576,#8577,#8578));
#1582=EDGE_LOOP('',(#8579,#8580,#8581,#8582));
#1583=EDGE_LOOP('',(#8583,#8584,#8585,#8586));
#1584=EDGE_LOOP('',(#8587,#8588,#8589,#8590));
#1585=EDGE_LOOP('',(#8591,#8592,#8593,#8594));
#1586=EDGE_LOOP('',(#8595,#8596,#8597,#8598));
#1587=EDGE_LOOP('',(#8599,#8600,#8601,#8602));
#1588=EDGE_LOOP('',(#8603,#8604,#8605,#8606));
#1589=EDGE_LOOP('',(#8607,#8608,#8609,#8610));
#1590=EDGE_LOOP('',(#8611,#8612,#8613,#8614));
#1591=EDGE_LOOP('',(#8615,#8616,#8617,#8618));
#1592=EDGE_LOOP('',(#8619,#8620,#8621,#8622));
#1593=EDGE_LOOP('',(#8623,#8624,#8625,#8626));
#1594=EDGE_LOOP('',(#8627,#8628,#8629,#8630,#8631,#8632,#8633,#8634));
#1595=EDGE_LOOP('',(#8635,#8636,#8637,#8638));
#1596=EDGE_LOOP('',(#8639,#8640,#8641,#8642));
#1597=EDGE_LOOP('',(#8643));
#1598=EDGE_LOOP('',(#8644,#8645,#8646,#8647));
#1599=EDGE_LOOP('',(#8648));
#1600=EDGE_LOOP('',(#8649,#8650,#8651,#8652));
#1601=EDGE_LOOP('',(#8653));
#1602=EDGE_LOOP('',(#8654,#8655,#8656,#8657));
#1603=EDGE_LOOP('',(#8658));
#1604=EDGE_LOOP('',(#8659,#8660,#8661,#8662));
#1605=EDGE_LOOP('',(#8663,#8664,#8665,#8666));
#1606=EDGE_LOOP('',(#8667,#8668,#8669,#8670));
#1607=EDGE_LOOP('',(#8671,#8672,#8673,#8674));
#1608=EDGE_LOOP('',(#8675,#8676,#8677,#8678));
#1609=EDGE_LOOP('',(#8679,#8680,#8681,#8682));
#1610=EDGE_LOOP('',(#8683,#8684,#8685,#8686));
#1611=EDGE_LOOP('',(#8687,#8688,#8689,#8690));
#1612=EDGE_LOOP('',(#8691,#8692,#8693,#8694));
#1613=EDGE_LOOP('',(#8695,#8696,#8697,#8698));
#1614=EDGE_LOOP('',(#8699,#8700,#8701,#8702));
#1615=EDGE_LOOP('',(#8703,#8704,#8705,#8706));
#1616=EDGE_LOOP('',(#8707,#8708,#8709,#8710));
#1617=EDGE_LOOP('',(#8711,#8712,#8713,#8714));
#1618=EDGE_LOOP('',(#8715,#8716,#8717,#8718,#8719,#8720,#8721,#8722));
#1619=EDGE_LOOP('',(#8723,#8724,#8725,#8726,#8727,#8728,#8729,#8730));
#1620=EDGE_LOOP('',(#8731,#8732,#8733,#8734));
#1621=EDGE_LOOP('',(#8735,#8736,#8737,#8738));
#1622=EDGE_LOOP('',(#8739,#8740,#8741,#8742));
#1623=EDGE_LOOP('',(#8743,#8744,#8745,#8746));
#1624=EDGE_LOOP('',(#8747,#8748,#8749,#8750));
#1625=EDGE_LOOP('',(#8751,#8752,#8753,#8754));
#1626=EDGE_LOOP('',(#8755,#8756,#8757,#8758));
#1627=EDGE_LOOP('',(#8759,#8760,#8761,#8762));
#1628=EDGE_LOOP('',(#8763,#8764,#8765,#8766));
#1629=EDGE_LOOP('',(#8767,#8768,#8769,#8770));
#1630=EDGE_LOOP('',(#8771,#8772,#8773,#8774));
#1631=EDGE_LOOP('',(#8775,#8776,#8777,#8778));
#1632=EDGE_LOOP('',(#8779,#8780,#8781,#8782));
#1633=EDGE_LOOP('',(#8783,#8784,#8785,#8786));
#1634=EDGE_LOOP('',(#8787,#8788,#8789,#8790));
#1635=EDGE_LOOP('',(#8791,#8792,#8793,#8794));
#1636=EDGE_LOOP('',(#8795,#8796,#8797,#8798));
#1637=EDGE_LOOP('',(#8799,#8800,#8801,#8802));
#1638=EDGE_LOOP('',(#8803,#8804,#8805,#8806));
#1639=EDGE_LOOP('',(#8807,#8808,#8809,#8810));
#1640=EDGE_LOOP('',(#8811,#8812,#8813,#8814,#8815));
#1641=EDGE_LOOP('',(#8816));
#1642=EDGE_LOOP('',(#8817,#8818,#8819,#8820,#8821));
#1643=EDGE_LOOP('',(#8822,#8823,#8824,#8825));
#1644=EDGE_LOOP('',(#8826,#8827,#8828,#8829));
#1645=EDGE_LOOP('',(#8830,#8831,#8832,#8833));
#1646=EDGE_LOOP('',(#8834,#8835,#8836,#8837));
#1647=EDGE_LOOP('',(#8838,#8839,#8840,#8841));
#1648=EDGE_LOOP('',(#8842,#8843,#8844,#8845));
#1649=EDGE_LOOP('',(#8846,#8847,#8848,#8849));
#1650=EDGE_LOOP('',(#8850,#8851,#8852,#8853));
#1651=EDGE_LOOP('',(#8854,#8855,#8856,#8857));
#1652=EDGE_LOOP('',(#8858,#8859,#8860,#8861,#8862,#8863,#8864,#8865));
#1653=EDGE_LOOP('',(#8866,#8867,#8868,#8869));
#1654=EDGE_LOOP('',(#8870));
#1655=EDGE_LOOP('',(#8871,#8872,#8873,#8874,#8875,#8876,#8877,#8878));
#1656=EDGE_LOOP('',(#8879,#8880,#8881,#8882,#8883));
#1657=EDGE_LOOP('',(#8884));
#1658=EDGE_LOOP('',(#8885));
#1659=EDGE_LOOP('',(#8886,#8887,#8888,#8889,#8890));
#1660=EDGE_LOOP('',(#8891,#8892,#8893,#8894,#8895,#8896,#8897,#8898));
#1661=EDGE_LOOP('',(#8899,#8900,#8901,#8902));
#1662=EDGE_LOOP('',(#8903,#8904,#8905,#8906));
#1663=EDGE_LOOP('',(#8907,#8908));
#1664=EDGE_LOOP('',(#8909,#8910));
#1665=EDGE_LOOP('',(#8911,#8912,#8913,#8914));
#1666=EDGE_LOOP('',(#8915));
#1667=EDGE_LOOP('',(#8916));
#1668=EDGE_LOOP('',(#8917,#8918,#8919,#8920));
#1669=EDGE_LOOP('',(#8921));
#1670=EDGE_LOOP('',(#8922));
#1671=EDGE_LOOP('',(#8923,#8924,#8925,#8926));
#1672=LINE('',#13365,#2815);
#1673=LINE('',#13367,#2816);
#1674=LINE('',#13369,#2817);
#1675=LINE('',#13370,#2818);
#1676=LINE('',#13373,#2819);
#1677=LINE('',#13375,#2820);
#1678=LINE('',#13377,#2821);
#1679=LINE('',#13379,#2822);
#1680=LINE('',#13381,#2823);
#1681=LINE('',#13382,#2824);
#1682=LINE('',#13385,#2825);
#1683=LINE('',#13386,#2826);
#1684=LINE('',#13392,#2827);
#1685=LINE('',#13395,#2828);
#1686=LINE('',#13398,#2829);
#1687=LINE('',#13400,#2830);
#1688=LINE('',#13401,#2831);
#1689=LINE('',#13406,#2832);
#1690=LINE('',#13410,#2833);
#1691=LINE('',#13412,#2834);
#1692=LINE('',#13413,#2835);
#1693=LINE('',#13418,#2836);
#1694=LINE('',#13422,#2837);
#1695=LINE('',#13424,#2838);
#1696=LINE('',#13425,#2839);
#1697=LINE('',#13430,#2840);
#1698=LINE('',#13433,#2841);
#1699=LINE('',#13439,#2842);
#1700=LINE('',#13442,#2843);
#1701=LINE('',#13448,#2844);
#1702=LINE('',#13451,#2845);
#1703=LINE('',#13453,#2846);
#1704=LINE('',#13454,#2847);
#1705=LINE('',#13460,#2848);
#1706=LINE('',#13463,#2849);
#1707=LINE('',#13465,#2850);
#1708=LINE('',#13466,#2851);
#1709=LINE('',#13472,#2852);
#1710=LINE('',#13475,#2853);
#1711=LINE('',#13478,#2854);
#1712=LINE('',#13480,#2855);
#1713=LINE('',#13481,#2856);
#1714=LINE('',#13487,#2857);
#1715=LINE('',#13490,#2858);
#1716=LINE('',#13493,#2859);
#1717=LINE('',#13495,#2860);
#1718=LINE('',#13497,#2861);
#1719=LINE('',#13499,#2862);
#1720=LINE('',#13500,#2863);
#1721=LINE('',#13501,#2864);
#1722=LINE('',#13505,#2865);
#1723=LINE('',#13507,#2866);
#1724=LINE('',#13509,#2867);
#1725=LINE('',#13510,#2868);
#1726=LINE('',#13516,#2869);
#1727=LINE('',#13522,#2870);
#1728=LINE('',#13525,#2871);
#1729=LINE('',#13528,#2872);
#1730=LINE('',#13530,#2873);
#1731=LINE('',#13531,#2874);
#1732=LINE('',#13537,#2875);
#1733=LINE('',#13540,#2876);
#1734=LINE('',#13542,#2877);
#1735=LINE('',#13543,#2878);
#1736=LINE('',#13548,#2879);
#1737=LINE('',#13549,#2880);
#1738=LINE('',#13554,#2881);
#1739=LINE('',#13563,#2882);
#1740=LINE('',#13572,#2883);
#1741=LINE('',#13581,#2884);
#1742=LINE('',#13589,#2885);
#1743=LINE('',#13593,#2886);
#1744=LINE('',#13597,#2887);
#1745=LINE('',#13601,#2888);
#1746=LINE('',#13603,#2889);
#1747=LINE('',#13604,#2890);
#1748=LINE('',#13609,#2891);
#1749=LINE('',#13613,#2892);
#1750=LINE('',#13615,#2893);
#1751=LINE('',#13616,#2894);
#1752=LINE('',#13621,#2895);
#1753=LINE('',#13625,#2896);
#1754=LINE('',#13627,#2897);
#1755=LINE('',#13628,#2898);
#1756=LINE('',#13633,#2899);
#1757=LINE('',#13635,#2900);
#1758=LINE('',#13637,#2901);
#1759=LINE('',#13639,#2902);
#1760=LINE('',#13640,#2903);
#1761=LINE('',#13642,#2904);
#1762=LINE('',#13645,#2905);
#1763=LINE('',#13646,#2906);
#1764=LINE('',#13649,#2907);
#1765=LINE('',#13650,#2908);
#1766=LINE('',#13653,#2909);
#1767=LINE('',#13654,#2910);
#1768=LINE('',#13657,#2911);
#1769=LINE('',#13658,#2912);
#1770=LINE('',#13661,#2913);
#1771=LINE('',#13662,#2914);
#1772=LINE('',#13664,#2915);
#1773=LINE('',#13666,#2916);
#1774=LINE('',#13667,#2917);
#1775=LINE('',#13670,#2918);
#1776=LINE('',#13671,#2919);
#1777=LINE('',#13674,#2920);
#1778=LINE('',#13675,#2921);
#1779=LINE('',#13678,#2922);
#1780=LINE('',#13681,#2923);
#1781=LINE('',#13682,#2924);
#1782=LINE('',#13691,#2925);
#1783=LINE('',#13694,#2926);
#1784=LINE('',#13697,#2927);
#1785=LINE('',#13699,#2928);
#1786=LINE('',#13700,#2929);
#1787=LINE('',#13703,#2930);
#1788=LINE('',#13707,#2931);
#1789=LINE('',#13711,#2932);
#1790=LINE('',#13715,#2933);
#1791=LINE('',#13717,#2934);
#1792=LINE('',#13721,#2935);
#1793=LINE('',#13723,#2936);
#1794=LINE('',#13729,#2937);
#1795=LINE('',#13733,#2938);
#1796=LINE('',#13734,#2939);
#1797=LINE('',#13739,#2940);
#1798=LINE('',#13740,#2941);
#1799=LINE('',#13742,#2942);
#1800=LINE('',#13746,#2943);
#1801=LINE('',#13749,#2944);
#1802=LINE('',#13750,#2945);
#1803=LINE('',#13754,#2946);
#1804=LINE('',#13757,#2947);
#1805=LINE('',#13758,#2948);
#1806=LINE('',#13762,#2949);
#1807=LINE('',#13765,#2950);
#1808=LINE('',#13766,#2951);
#1809=LINE('',#13770,#2952);
#1810=LINE('',#13773,#2953);
#1811=LINE('',#13774,#2954);
#1812=LINE('',#13776,#2955);
#1813=LINE('',#13782,#2956);
#1814=LINE('',#13787,#2957);
#1815=LINE('',#13789,#2958);
#1816=LINE('',#13791,#2959);
#1817=LINE('',#13792,#2960);
#1818=LINE('',#13796,#2961);
#1819=LINE('',#13798,#2962);
#1820=LINE('',#13800,#2963);
#1821=LINE('',#13801,#2964);
#1822=LINE('',#13803,#2965);
#1823=LINE('',#13804,#2966);
#1824=LINE('',#13806,#2967);
#1825=LINE('',#13807,#2968);
#1826=LINE('',#13810,#2969);
#1827=LINE('',#13812,#2970);
#1828=LINE('',#13813,#2971);
#1829=LINE('',#13816,#2972);
#1830=LINE('',#13817,#2973);
#1831=LINE('',#13821,#2974);
#1832=LINE('',#13825,#2975);
#1833=LINE('',#13829,#2976);
#1834=LINE('',#13833,#2977);
#1835=LINE('',#13835,#2978);
#1836=LINE('',#13837,#2979);
#1837=LINE('',#13841,#2980);
#1838=LINE('',#13845,#2981);
#1839=LINE('',#13849,#2982);
#1840=LINE('',#13851,#2983);
#1841=LINE('',#13853,#2984);
#1842=LINE('',#13857,#2985);
#1843=LINE('',#13861,#2986);
#1844=LINE('',#13863,#2987);
#1845=LINE('',#13867,#2988);
#1846=LINE('',#13869,#2989);
#1847=LINE('',#13873,#2990);
#1848=LINE('',#13875,#2991);
#1849=LINE('',#13877,#2992);
#1850=LINE('',#13878,#2993);
#1851=LINE('',#13881,#2994);
#1852=LINE('',#13883,#2995);
#1853=LINE('',#13885,#2996);
#1854=LINE('',#13886,#2997);
#1855=LINE('',#13889,#2998);
#1856=LINE('',#13891,#2999);
#1857=LINE('',#13893,#3000);
#1858=LINE('',#13894,#3001);
#1859=LINE('',#13897,#3002);
#1860=LINE('',#13899,#3003);
#1861=LINE('',#13901,#3004);
#1862=LINE('',#13902,#3005);
#1863=LINE('',#13905,#3006);
#1864=LINE('',#13907,#3007);
#1865=LINE('',#13909,#3008);
#1866=LINE('',#13910,#3009);
#1867=LINE('',#13913,#3010);
#1868=LINE('',#13915,#3011);
#1869=LINE('',#13917,#3012);
#1870=LINE('',#13918,#3013);
#1871=LINE('',#13925,#3014);
#1872=LINE('',#13927,#3015);
#1873=LINE('',#13930,#3016);
#1874=LINE('',#13935,#3017);
#1875=LINE('',#13939,#3018);
#1876=LINE('',#13943,#3019);
#1877=LINE('',#13946,#3020);
#1878=LINE('',#13953,#3021);
#1879=LINE('',#13955,#3022);
#1880=LINE('',#13957,#3023);
#1881=LINE('',#13958,#3024);
#1882=LINE('',#13961,#3025);
#1883=LINE('',#13963,#3026);
#1884=LINE('',#13965,#3027);
#1885=LINE('',#13966,#3028);
#1886=LINE('',#13969,#3029);
#1887=LINE('',#13971,#3030);
#1888=LINE('',#13973,#3031);
#1889=LINE('',#13974,#3032);
#1890=LINE('',#13977,#3033);
#1891=LINE('',#13979,#3034);
#1892=LINE('',#13981,#3035);
#1893=LINE('',#13982,#3036);
#1894=LINE('',#13985,#3037);
#1895=LINE('',#13987,#3038);
#1896=LINE('',#13989,#3039);
#1897=LINE('',#13990,#3040);
#1898=LINE('',#13993,#3041);
#1899=LINE('',#13995,#3042);
#1900=LINE('',#13997,#3043);
#1901=LINE('',#13998,#3044);
#1902=LINE('',#14001,#3045);
#1903=LINE('',#14003,#3046);
#1904=LINE('',#14004,#3047);
#1905=LINE('',#14007,#3048);
#1906=LINE('',#14008,#3049);
#1907=LINE('',#14011,#3050);
#1908=LINE('',#14012,#3051);
#1909=LINE('',#14014,#3052);
#1910=LINE('',#14017,#3053);
#1911=LINE('',#14019,#3054);
#1912=LINE('',#14020,#3055);
#1913=LINE('',#14023,#3056);
#1914=LINE('',#14024,#3057);
#1915=LINE('',#14027,#3058);
#1916=LINE('',#14029,#3059);
#1917=LINE('',#14030,#3060);
#1918=LINE('',#14033,#3061);
#1919=LINE('',#14034,#3062);
#1920=LINE('',#14037,#3063);
#1921=LINE('',#14038,#3064);
#1922=LINE('',#14040,#3065);
#1923=LINE('',#14043,#3066);
#1924=LINE('',#14045,#3067);
#1925=LINE('',#14046,#3068);
#1926=LINE('',#14049,#3069);
#1927=LINE('',#14050,#3070);
#1928=LINE('',#14053,#3071);
#1929=LINE('',#14055,#3072);
#1930=LINE('',#14056,#3073);
#1931=LINE('',#14059,#3074);
#1932=LINE('',#14060,#3075);
#1933=LINE('',#14063,#3076);
#1934=LINE('',#14064,#3077);
#1935=LINE('',#14066,#3078);
#1936=LINE('',#14069,#3079);
#1937=LINE('',#14071,#3080);
#1938=LINE('',#14072,#3081);
#1939=LINE('',#14075,#3082);
#1940=LINE('',#14076,#3083);
#1941=LINE('',#14079,#3084);
#1942=LINE('',#14081,#3085);
#1943=LINE('',#14082,#3086);
#1944=LINE('',#14085,#3087);
#1945=LINE('',#14086,#3088);
#1946=LINE('',#14089,#3089);
#1947=LINE('',#14090,#3090);
#1948=LINE('',#14092,#3091);
#1949=LINE('',#14095,#3092);
#1950=LINE('',#14097,#3093);
#1951=LINE('',#14098,#3094);
#1952=LINE('',#14101,#3095);
#1953=LINE('',#14102,#3096);
#1954=LINE('',#14105,#3097);
#1955=LINE('',#14107,#3098);
#1956=LINE('',#14108,#3099);
#1957=LINE('',#14111,#3100);
#1958=LINE('',#14112,#3101);
#1959=LINE('',#14115,#3102);
#1960=LINE('',#14116,#3103);
#1961=LINE('',#14118,#3104);
#1962=LINE('',#14121,#3105);
#1963=LINE('',#14123,#3106);
#1964=LINE('',#14124,#3107);
#1965=LINE('',#14127,#3108);
#1966=LINE('',#14128,#3109);
#1967=LINE('',#14131,#3110);
#1968=LINE('',#14133,#3111);
#1969=LINE('',#14134,#3112);
#1970=LINE('',#14137,#3113);
#1971=LINE('',#14138,#3114);
#1972=LINE('',#14141,#3115);
#1973=LINE('',#14142,#3116);
#1974=LINE('',#14144,#3117);
#1975=LINE('',#14147,#3118);
#1976=LINE('',#14149,#3119);
#1977=LINE('',#14150,#3120);
#1978=LINE('',#14153,#3121);
#1979=LINE('',#14154,#3122);
#1980=LINE('',#14157,#3123);
#1981=LINE('',#14159,#3124);
#1982=LINE('',#14160,#3125);
#1983=LINE('',#14163,#3126);
#1984=LINE('',#14164,#3127);
#1985=LINE('',#14167,#3128);
#1986=LINE('',#14168,#3129);
#1987=LINE('',#14170,#3130);
#1988=LINE('',#14173,#3131);
#1989=LINE('',#14175,#3132);
#1990=LINE('',#14176,#3133);
#1991=LINE('',#14179,#3134);
#1992=LINE('',#14180,#3135);
#1993=LINE('',#14183,#3136);
#1994=LINE('',#14185,#3137);
#1995=LINE('',#14186,#3138);
#1996=LINE('',#14189,#3139);
#1997=LINE('',#14190,#3140);
#1998=LINE('',#14193,#3141);
#1999=LINE('',#14194,#3142);
#2000=LINE('',#14196,#3143);
#2001=LINE('',#14199,#3144);
#2002=LINE('',#14201,#3145);
#2003=LINE('',#14202,#3146);
#2004=LINE('',#14205,#3147);
#2005=LINE('',#14206,#3148);
#2006=LINE('',#14209,#3149);
#2007=LINE('',#14211,#3150);
#2008=LINE('',#14212,#3151);
#2009=LINE('',#14215,#3152);
#2010=LINE('',#14216,#3153);
#2011=LINE('',#14219,#3154);
#2012=LINE('',#14220,#3155);
#2013=LINE('',#14222,#3156);
#2014=LINE('',#14225,#3157);
#2015=LINE('',#14227,#3158);
#2016=LINE('',#14228,#3159);
#2017=LINE('',#14231,#3160);
#2018=LINE('',#14232,#3161);
#2019=LINE('',#14235,#3162);
#2020=LINE('',#14237,#3163);
#2021=LINE('',#14238,#3164);
#2022=LINE('',#14241,#3165);
#2023=LINE('',#14242,#3166);
#2024=LINE('',#14245,#3167);
#2025=LINE('',#14246,#3168);
#2026=LINE('',#14248,#3169);
#2027=LINE('',#14251,#3170);
#2028=LINE('',#14253,#3171);
#2029=LINE('',#14254,#3172);
#2030=LINE('',#14257,#3173);
#2031=LINE('',#14258,#3174);
#2032=LINE('',#14261,#3175);
#2033=LINE('',#14263,#3176);
#2034=LINE('',#14264,#3177);
#2035=LINE('',#14267,#3178);
#2036=LINE('',#14268,#3179);
#2037=LINE('',#14271,#3180);
#2038=LINE('',#14272,#3181);
#2039=LINE('',#14274,#3182);
#2040=LINE('',#14277,#3183);
#2041=LINE('',#14279,#3184);
#2042=LINE('',#14280,#3185);
#2043=LINE('',#14283,#3186);
#2044=LINE('',#14284,#3187);
#2045=LINE('',#14287,#3188);
#2046=LINE('',#14289,#3189);
#2047=LINE('',#14290,#3190);
#2048=LINE('',#14293,#3191);
#2049=LINE('',#14294,#3192);
#2050=LINE('',#14297,#3193);
#2051=LINE('',#14298,#3194);
#2052=LINE('',#14300,#3195);
#2053=LINE('',#14303,#3196);
#2054=LINE('',#14305,#3197);
#2055=LINE('',#14306,#3198);
#2056=LINE('',#14309,#3199);
#2057=LINE('',#14310,#3200);
#2058=LINE('',#14313,#3201);
#2059=LINE('',#14314,#3202);
#2060=LINE('',#14318,#3203);
#2061=LINE('',#14320,#3204);
#2062=LINE('',#14322,#3205);
#2063=LINE('',#14323,#3206);
#2064=LINE('',#14326,#3207);
#2065=LINE('',#14328,#3208);
#2066=LINE('',#14329,#3209);
#2067=LINE('',#14332,#3210);
#2068=LINE('',#14333,#3211);
#2069=LINE('',#14335,#3212);
#2070=LINE('',#14337,#3213);
#2071=LINE('',#14338,#3214);
#2072=LINE('',#14342,#3215);
#2073=LINE('',#14344,#3216);
#2074=LINE('',#14346,#3217);
#2075=LINE('',#14347,#3218);
#2076=LINE('',#14350,#3219);
#2077=LINE('',#14352,#3220);
#2078=LINE('',#14353,#3221);
#2079=LINE('',#14356,#3222);
#2080=LINE('',#14358,#3223);
#2081=LINE('',#14360,#3224);
#2082=LINE('',#14362,#3225);
#2083=LINE('',#14364,#3226);
#2084=LINE('',#14365,#3227);
#2085=LINE('',#14368,#3228);
#2086=LINE('',#14371,#3229);
#2087=LINE('',#14374,#3230);
#2088=LINE('',#14376,#3231);
#2089=LINE('',#14378,#3232);
#2090=LINE('',#14380,#3233);
#2091=LINE('',#14382,#3234);
#2092=LINE('',#14383,#3235);
#2093=LINE('',#14386,#3236);
#2094=LINE('',#14389,#3237);
#2095=LINE('',#14392,#3238);
#2096=LINE('',#14394,#3239);
#2097=LINE('',#14396,#3240);
#2098=LINE('',#14397,#3241);
#2099=LINE('',#14402,#3242);
#2100=LINE('',#14403,#3243);
#2101=LINE('',#14406,#3244);
#2102=LINE('',#14407,#3245);
#2103=LINE('',#14410,#3246);
#2104=LINE('',#14413,#3247);
#2105=LINE('',#14416,#3248);
#2106=LINE('',#14418,#3249);
#2107=LINE('',#14419,#3250);
#2108=LINE('',#14422,#3251);
#2109=LINE('',#14425,#3252);
#2110=LINE('',#14428,#3253);
#2111=LINE('',#14429,#3254);
#2112=LINE('',#14432,#3255);
#2113=LINE('',#14435,#3256);
#2114=LINE('',#14437,#3257);
#2115=LINE('',#14440,#3258);
#2116=LINE('',#14442,#3259);
#2117=LINE('',#14443,#3260);
#2118=LINE('',#14446,#3261);
#2119=LINE('',#14447,#3262);
#2120=LINE('',#14450,#3263);
#2121=LINE('',#14452,#3264);
#2122=LINE('',#14453,#3265);
#2123=LINE('',#14455,#3266);
#2124=LINE('',#14457,#3267);
#2125=LINE('',#14458,#3268);
#2126=LINE('',#14460,#3269);
#2127=LINE('',#14462,#3270);
#2128=LINE('',#14463,#3271);
#2129=LINE('',#14466,#3272);
#2130=LINE('',#14467,#3273);
#2131=LINE('',#14470,#3274);
#2132=LINE('',#14471,#3275);
#2133=LINE('',#14473,#3276);
#2134=LINE('',#14477,#3277);
#2135=LINE('',#14478,#3278);
#2136=LINE('',#14481,#3279);
#2137=LINE('',#14484,#3280);
#2138=LINE('',#14487,#3281);
#2139=LINE('',#14488,#3282);
#2140=LINE('',#14491,#3283);
#2141=LINE('',#14494,#3284);
#2142=LINE('',#14496,#3285);
#2143=LINE('',#14501,#3286);
#2144=LINE('',#14502,#3287);
#2145=LINE('',#14505,#3288);
#2146=LINE('',#14507,#3289);
#2147=LINE('',#14508,#3290);
#2148=LINE('',#14510,#3291);
#2149=LINE('',#14511,#3292);
#2150=LINE('',#14515,#3293);
#2151=LINE('',#14518,#3294);
#2152=LINE('',#14521,#3295);
#2153=LINE('',#14523,#3296);
#2154=LINE('',#14526,#3297);
#2155=LINE('',#14528,#3298);
#2156=LINE('',#14529,#3299);
#2157=LINE('',#14532,#3300);
#2158=LINE('',#14534,#3301);
#2159=LINE('',#14535,#3302);
#2160=LINE('',#14539,#3303);
#2161=LINE('',#14541,#3304);
#2162=LINE('',#14543,#3305);
#2163=LINE('',#14544,#3306);
#2164=LINE('',#14547,#3307);
#2165=LINE('',#14549,#3308);
#2166=LINE('',#14550,#3309);
#2167=LINE('',#14553,#3310);
#2168=LINE('',#14555,#3311);
#2169=LINE('',#14556,#3312);
#2170=LINE('',#14558,#3313);
#2171=LINE('',#14559,#3314);
#2172=LINE('',#14561,#3315);
#2173=LINE('',#14565,#3316);
#2174=LINE('',#14566,#3317);
#2175=LINE('',#14568,#3318);
#2176=LINE('',#14571,#3319);
#2177=LINE('',#14572,#3320);
#2178=LINE('',#14574,#3321);
#2179=LINE('',#14577,#3322);
#2180=LINE('',#14578,#3323);
#2181=LINE('',#14580,#3324);
#2182=LINE('',#14583,#3325);
#2183=LINE('',#14584,#3326);
#2184=LINE('',#14586,#3327);
#2185=LINE('',#14589,#3328);
#2186=LINE('',#14590,#3329);
#2187=LINE('',#14593,#3330);
#2188=LINE('',#14594,#3331);
#2189=LINE('',#14596,#3332);
#2190=LINE('',#14599,#3333);
#2191=LINE('',#14600,#3334);
#2192=LINE('',#14603,#3335);
#2193=LINE('',#14604,#3336);
#2194=LINE('',#14606,#3337);
#2195=LINE('',#14609,#3338);
#2196=LINE('',#14610,#3339);
#2197=LINE('',#14613,#3340);
#2198=LINE('',#14614,#3341);
#2199=LINE('',#14616,#3342);
#2200=LINE('',#14619,#3343);
#2201=LINE('',#14620,#3344);
#2202=LINE('',#14624,#3345);
#2203=LINE('',#14626,#3346);
#2204=LINE('',#14628,#3347);
#2205=LINE('',#14629,#3348);
#2206=LINE('',#14632,#3349);
#2207=LINE('',#14634,#3350);
#2208=LINE('',#14635,#3351);
#2209=LINE('',#14638,#3352);
#2210=LINE('',#14640,#3353);
#2211=LINE('',#14641,#3354);
#2212=LINE('',#14643,#3355);
#2213=LINE('',#14644,#3356);
#2214=LINE('',#14649,#3357);
#2215=LINE('',#14651,#3358);
#2216=LINE('',#14653,#3359);
#2217=LINE('',#14654,#3360);
#2218=LINE('',#14657,#3361);
#2219=LINE('',#14659,#3362);
#2220=LINE('',#14660,#3363);
#2221=LINE('',#14663,#3364);
#2222=LINE('',#14665,#3365);
#2223=LINE('',#14666,#3366);
#2224=LINE('',#14668,#3367);
#2225=LINE('',#14669,#3368);
#2226=LINE('',#14674,#3369);
#2227=LINE('',#14676,#3370);
#2228=LINE('',#14678,#3371);
#2229=LINE('',#14679,#3372);
#2230=LINE('',#14682,#3373);
#2231=LINE('',#14684,#3374);
#2232=LINE('',#14685,#3375);
#2233=LINE('',#14688,#3376);
#2234=LINE('',#14690,#3377);
#2235=LINE('',#14691,#3378);
#2236=LINE('',#14693,#3379);
#2237=LINE('',#14694,#3380);
#2238=LINE('',#14699,#3381);
#2239=LINE('',#14701,#3382);
#2240=LINE('',#14703,#3383);
#2241=LINE('',#14704,#3384);
#2242=LINE('',#14707,#3385);
#2243=LINE('',#14709,#3386);
#2244=LINE('',#14710,#3387);
#2245=LINE('',#14713,#3388);
#2246=LINE('',#14715,#3389);
#2247=LINE('',#14716,#3390);
#2248=LINE('',#14718,#3391);
#2249=LINE('',#14719,#3392);
#2250=LINE('',#14724,#3393);
#2251=LINE('',#14726,#3394);
#2252=LINE('',#14728,#3395);
#2253=LINE('',#14729,#3396);
#2254=LINE('',#14732,#3397);
#2255=LINE('',#14734,#3398);
#2256=LINE('',#14735,#3399);
#2257=LINE('',#14738,#3400);
#2258=LINE('',#14740,#3401);
#2259=LINE('',#14741,#3402);
#2260=LINE('',#14743,#3403);
#2261=LINE('',#14744,#3404);
#2262=LINE('',#14746,#3405);
#2263=LINE('',#14750,#3406);
#2264=LINE('',#14752,#3407);
#2265=LINE('',#14754,#3408);
#2266=LINE('',#14755,#3409);
#2267=LINE('',#14758,#3410);
#2268=LINE('',#14760,#3411);
#2269=LINE('',#14761,#3412);
#2270=LINE('',#14764,#3413);
#2271=LINE('',#14766,#3414);
#2272=LINE('',#14767,#3415);
#2273=LINE('',#14769,#3416);
#2274=LINE('',#14770,#3417);
#2275=LINE('',#14775,#3418);
#2276=LINE('',#14777,#3419);
#2277=LINE('',#14779,#3420);
#2278=LINE('',#14780,#3421);
#2279=LINE('',#14783,#3422);
#2280=LINE('',#14785,#3423);
#2281=LINE('',#14786,#3424);
#2282=LINE('',#14789,#3425);
#2283=LINE('',#14791,#3426);
#2284=LINE('',#14792,#3427);
#2285=LINE('',#14794,#3428);
#2286=LINE('',#14795,#3429);
#2287=LINE('',#14797,#3430);
#2288=LINE('',#14801,#3431);
#2289=LINE('',#14803,#3432);
#2290=LINE('',#14805,#3433);
#2291=LINE('',#14806,#3434);
#2292=LINE('',#14809,#3435);
#2293=LINE('',#14811,#3436);
#2294=LINE('',#14812,#3437);
#2295=LINE('',#14815,#3438);
#2296=LINE('',#14817,#3439);
#2297=LINE('',#14818,#3440);
#2298=LINE('',#14820,#3441);
#2299=LINE('',#14821,#3442);
#2300=LINE('',#14826,#3443);
#2301=LINE('',#14828,#3444);
#2302=LINE('',#14830,#3445);
#2303=LINE('',#14831,#3446);
#2304=LINE('',#14834,#3447);
#2305=LINE('',#14836,#3448);
#2306=LINE('',#14837,#3449);
#2307=LINE('',#14840,#3450);
#2308=LINE('',#14842,#3451);
#2309=LINE('',#14843,#3452);
#2310=LINE('',#14845,#3453);
#2311=LINE('',#14846,#3454);
#2312=LINE('',#14848,#3455);
#2313=LINE('',#14852,#3456);
#2314=LINE('',#14854,#3457);
#2315=LINE('',#14856,#3458);
#2316=LINE('',#14857,#3459);
#2317=LINE('',#14860,#3460);
#2318=LINE('',#14862,#3461);
#2319=LINE('',#14863,#3462);
#2320=LINE('',#14866,#3463);
#2321=LINE('',#14868,#3464);
#2322=LINE('',#14869,#3465);
#2323=LINE('',#14871,#3466);
#2324=LINE('',#14872,#3467);
#2325=LINE('',#14877,#3468);
#2326=LINE('',#14879,#3469);
#2327=LINE('',#14881,#3470);
#2328=LINE('',#14882,#3471);
#2329=LINE('',#14885,#3472);
#2330=LINE('',#14887,#3473);
#2331=LINE('',#14888,#3474);
#2332=LINE('',#14891,#3475);
#2333=LINE('',#14893,#3476);
#2334=LINE('',#14894,#3477);
#2335=LINE('',#14896,#3478);
#2336=LINE('',#14897,#3479);
#2337=LINE('',#14899,#3480);
#2338=LINE('',#14906,#3481);
#2339=LINE('',#14907,#3482);
#2340=LINE('',#14909,#3483);
#2341=LINE('',#14913,#3484);
#2342=LINE('',#14915,#3485);
#2343=LINE('',#14917,#3486);
#2344=LINE('',#14918,#3487);
#2345=LINE('',#14921,#3488);
#2346=LINE('',#14923,#3489);
#2347=LINE('',#14924,#3490);
#2348=LINE('',#14927,#3491);
#2349=LINE('',#14929,#3492);
#2350=LINE('',#14930,#3493);
#2351=LINE('',#14932,#3494);
#2352=LINE('',#14933,#3495);
#2353=LINE('',#14938,#3496);
#2354=LINE('',#14940,#3497);
#2355=LINE('',#14942,#3498);
#2356=LINE('',#14943,#3499);
#2357=LINE('',#14947,#3500);
#2358=LINE('',#14949,#3501);
#2359=LINE('',#14951,#3502);
#2360=LINE('',#14952,#3503);
#2361=LINE('',#14956,#3504);
#2362=LINE('',#14958,#3505);
#2363=LINE('',#14960,#3506);
#2364=LINE('',#14961,#3507);
#2365=LINE('',#14965,#3508);
#2366=LINE('',#14967,#3509);
#2367=LINE('',#14969,#3510);
#2368=LINE('',#14970,#3511);
#2369=LINE('',#14974,#3512);
#2370=LINE('',#14976,#3513);
#2371=LINE('',#14978,#3514);
#2372=LINE('',#14979,#3515);
#2373=LINE('',#14983,#3516);
#2374=LINE('',#14985,#3517);
#2375=LINE('',#14987,#3518);
#2376=LINE('',#14988,#3519);
#2377=LINE('',#14992,#3520);
#2378=LINE('',#14994,#3521);
#2379=LINE('',#14996,#3522);
#2380=LINE('',#14997,#3523);
#2381=LINE('',#15001,#3524);
#2382=LINE('',#15003,#3525);
#2383=LINE('',#15005,#3526);
#2384=LINE('',#15006,#3527);
#2385=LINE('',#15010,#3528);
#2386=LINE('',#15012,#3529);
#2387=LINE('',#15014,#3530);
#2388=LINE('',#15015,#3531);
#2389=LINE('',#15019,#3532);
#2390=LINE('',#15021,#3533);
#2391=LINE('',#15023,#3534);
#2392=LINE('',#15024,#3535);
#2393=LINE('',#15028,#3536);
#2394=LINE('',#15030,#3537);
#2395=LINE('',#15032,#3538);
#2396=LINE('',#15033,#3539);
#2397=LINE('',#15037,#3540);
#2398=LINE('',#15039,#3541);
#2399=LINE('',#15041,#3542);
#2400=LINE('',#15042,#3543);
#2401=LINE('',#15046,#3544);
#2402=LINE('',#15048,#3545);
#2403=LINE('',#15050,#3546);
#2404=LINE('',#15051,#3547);
#2405=LINE('',#15055,#3548);
#2406=LINE('',#15056,#3549);
#2407=LINE('',#15057,#3550);
#2408=LINE('',#15060,#3551);
#2409=LINE('',#15061,#3552);
#2410=LINE('',#15064,#3553);
#2411=LINE('',#15065,#3554);
#2412=LINE('',#15067,#3555);
#2413=LINE('',#15071,#3556);
#2414=LINE('',#15072,#3557);
#2415=LINE('',#15073,#3558);
#2416=LINE('',#15076,#3559);
#2417=LINE('',#15077,#3560);
#2418=LINE('',#15080,#3561);
#2419=LINE('',#15081,#3562);
#2420=LINE('',#15083,#3563);
#2421=LINE('',#15086,#3564);
#2422=LINE('',#15091,#3565);
#2423=LINE('',#15092,#3566);
#2424=LINE('',#15093,#3567);
#2425=LINE('',#15096,#3568);
#2426=LINE('',#15097,#3569);
#2427=LINE('',#15100,#3570);
#2428=LINE('',#15101,#3571);
#2429=LINE('',#15103,#3572);
#2430=LINE('',#15107,#3573);
#2431=LINE('',#15108,#3574);
#2432=LINE('',#15109,#3575);
#2433=LINE('',#15112,#3576);
#2434=LINE('',#15113,#3577);
#2435=LINE('',#15116,#3578);
#2436=LINE('',#15117,#3579);
#2437=LINE('',#15119,#3580);
#2438=LINE('',#15123,#3581);
#2439=LINE('',#15124,#3582);
#2440=LINE('',#15125,#3583);
#2441=LINE('',#15128,#3584);
#2442=LINE('',#15129,#3585);
#2443=LINE('',#15132,#3586);
#2444=LINE('',#15133,#3587);
#2445=LINE('',#15135,#3588);
#2446=LINE('',#15139,#3589);
#2447=LINE('',#15140,#3590);
#2448=LINE('',#15141,#3591);
#2449=LINE('',#15144,#3592);
#2450=LINE('',#15145,#3593);
#2451=LINE('',#15148,#3594);
#2452=LINE('',#15149,#3595);
#2453=LINE('',#15151,#3596);
#2454=LINE('',#15155,#3597);
#2455=LINE('',#15156,#3598);
#2456=LINE('',#15157,#3599);
#2457=LINE('',#15160,#3600);
#2458=LINE('',#15161,#3601);
#2459=LINE('',#15164,#3602);
#2460=LINE('',#15165,#3603);
#2461=LINE('',#15167,#3604);
#2462=LINE('',#15171,#3605);
#2463=LINE('',#15172,#3606);
#2464=LINE('',#15173,#3607);
#2465=LINE('',#15176,#3608);
#2466=LINE('',#15177,#3609);
#2467=LINE('',#15180,#3610);
#2468=LINE('',#15181,#3611);
#2469=LINE('',#15183,#3612);
#2470=LINE('',#15187,#3613);
#2471=LINE('',#15188,#3614);
#2472=LINE('',#15189,#3615);
#2473=LINE('',#15192,#3616);
#2474=LINE('',#15193,#3617);
#2475=LINE('',#15196,#3618);
#2476=LINE('',#15197,#3619);
#2477=LINE('',#15199,#3620);
#2478=LINE('',#15203,#3621);
#2479=LINE('',#15204,#3622);
#2480=LINE('',#15205,#3623);
#2481=LINE('',#15208,#3624);
#2482=LINE('',#15209,#3625);
#2483=LINE('',#15212,#3626);
#2484=LINE('',#15213,#3627);
#2485=LINE('',#15215,#3628);
#2486=LINE('',#15218,#3629);
#2487=LINE('',#15219,#3630);
#2488=LINE('',#15222,#3631);
#2489=LINE('',#15223,#3632);
#2490=LINE('',#15225,#3633);
#2491=LINE('',#15228,#3634);
#2492=LINE('',#15229,#3635);
#2493=LINE('',#15231,#3636);
#2494=LINE('',#15234,#3637);
#2495=LINE('',#15238,#3638);
#2496=LINE('',#15243,#3639);
#2497=LINE('',#15244,#3640);
#2498=LINE('',#15245,#3641);
#2499=LINE('',#15248,#3642);
#2500=LINE('',#15249,#3643);
#2501=LINE('',#15252,#3644);
#2502=LINE('',#15253,#3645);
#2503=LINE('',#15255,#3646);
#2504=LINE('',#15259,#3647);
#2505=LINE('',#15260,#3648);
#2506=LINE('',#15261,#3649);
#2507=LINE('',#15264,#3650);
#2508=LINE('',#15265,#3651);
#2509=LINE('',#15268,#3652);
#2510=LINE('',#15269,#3653);
#2511=LINE('',#15271,#3654);
#2512=LINE('',#15275,#3655);
#2513=LINE('',#15276,#3656);
#2514=LINE('',#15277,#3657);
#2515=LINE('',#15280,#3658);
#2516=LINE('',#15281,#3659);
#2517=LINE('',#15284,#3660);
#2518=LINE('',#15285,#3661);
#2519=LINE('',#15287,#3662);
#2520=LINE('',#15290,#3663);
#2521=LINE('',#15294,#3664);
#2522=LINE('',#15295,#3665);
#2523=LINE('',#15298,#3666);
#2524=LINE('',#15299,#3667);
#2525=LINE('',#15302,#3668);
#2526=LINE('',#15303,#3669);
#2527=LINE('',#15306,#3670);
#2528=LINE('',#15307,#3671);
#2529=LINE('',#15311,#3672);
#2530=LINE('',#15313,#3673);
#2531=LINE('',#15317,#3674);
#2532=LINE('',#15319,#3675);
#2533=LINE('',#15321,#3676);
#2534=LINE('',#15325,#3677);
#2535=LINE('',#15328,#3678);
#2536=LINE('',#15329,#3679);
#2537=LINE('',#15333,#3680);
#2538=LINE('',#15336,#3681);
#2539=LINE('',#15337,#3682);
#2540=LINE('',#15340,#3683);
#2541=LINE('',#15341,#3684);
#2542=LINE('',#15343,#3685);
#2543=LINE('',#15346,#3686);
#2544=LINE('',#15347,#3687);
#2545=LINE('',#15349,#3688);
#2546=LINE('',#15354,#3689);
#2547=LINE('',#15356,#3690);
#2548=LINE('',#15358,#3691);
#2549=LINE('',#15359,#3692);
#2550=LINE('',#15362,#3693);
#2551=LINE('',#15364,#3694);
#2552=LINE('',#15365,#3695);
#2553=LINE('',#15368,#3696);
#2554=LINE('',#15370,#3697);
#2555=LINE('',#15371,#3698);
#2556=LINE('',#15374,#3699);
#2557=LINE('',#15378,#3700);
#2558=LINE('',#15382,#3701);
#2559=LINE('',#15386,#3702);
#2560=LINE('',#15390,#3703);
#2561=LINE('',#15392,#3704);
#2562=LINE('',#15393,#3705);
#2563=LINE('',#15396,#3706);
#2564=LINE('',#15398,#3707);
#2565=LINE('',#15399,#3708);
#2566=LINE('',#15403,#3709);
#2567=LINE('',#15407,#3710);
#2568=LINE('',#15411,#3711);
#2569=LINE('',#15413,#3712);
#2570=LINE('',#15414,#3713);
#2571=LINE('',#15418,#3714);
#2572=LINE('',#15423,#3715);
#2573=LINE('',#15425,#3716);
#2574=LINE('',#15426,#3717);
#2575=LINE('',#15430,#3718);
#2576=LINE('',#15435,#3719);
#2577=LINE('',#15437,#3720);
#2578=LINE('',#15438,#3721);
#2579=LINE('',#15442,#3722);
#2580=LINE('',#15446,#3723);
#2581=LINE('',#15447,#3724);
#2582=LINE('',#15449,#3725);
#2583=LINE('',#15450,#3726);
#2584=LINE('',#15452,#3727);
#2585=LINE('',#15454,#3728);
#2586=LINE('',#15456,#3729);
#2587=LINE('',#15460,#3730);
#2588=LINE('',#15464,#3731);
#2589=LINE('',#15468,#3732);
#2590=LINE('',#15472,#3733);
#2591=LINE('',#15476,#3734);
#2592=LINE('',#15480,#3735);
#2593=LINE('',#15484,#3736);
#2594=LINE('',#15488,#3737);
#2595=LINE('',#15492,#3738);
#2596=LINE('',#15496,#3739);
#2597=LINE('',#15500,#3740);
#2598=LINE('',#15504,#3741);
#2599=LINE('',#15510,#3742);
#2600=LINE('',#15512,#3743);
#2601=LINE('',#15513,#3744);
#2602=LINE('',#15517,#3745);
#2603=LINE('',#15520,#3746);
#2604=LINE('',#15521,#3747);
#2605=LINE('',#15525,#3748);
#2606=LINE('',#15528,#3749);
#2607=LINE('',#15529,#3750);
#2608=LINE('',#15533,#3751);
#2609=LINE('',#15536,#3752);
#2610=LINE('',#15537,#3753);
#2611=LINE('',#15541,#3754);
#2612=LINE('',#15544,#3755);
#2613=LINE('',#15545,#3756);
#2614=LINE('',#15549,#3757);
#2615=LINE('',#15552,#3758);
#2616=LINE('',#15553,#3759);
#2617=LINE('',#15557,#3760);
#2618=LINE('',#15560,#3761);
#2619=LINE('',#15561,#3762);
#2620=LINE('',#15565,#3763);
#2621=LINE('',#15568,#3764);
#2622=LINE('',#15569,#3765);
#2623=LINE('',#15574,#3766);
#2624=LINE('',#15577,#3767);
#2625=LINE('',#15580,#3768);
#2626=LINE('',#15581,#3769);
#2627=LINE('',#15584,#3770);
#2628=LINE('',#15588,#3771);
#2629=LINE('',#15589,#3772);
#2630=LINE('',#15592,#3773);
#2631=LINE('',#15596,#3774);
#2632=LINE('',#15597,#3775);
#2633=LINE('',#15600,#3776);
#2634=LINE('',#15604,#3777);
#2635=LINE('',#15605,#3778);
#2636=LINE('',#15608,#3779);
#2637=LINE('',#15609,#3780);
#2638=LINE('',#15612,#3781);
#2639=LINE('',#15613,#3782);
#2640=LINE('',#15616,#3783);
#2641=LINE('',#15617,#3784);
#2642=LINE('',#15619,#3785);
#2643=LINE('',#15622,#3786);
#2644=LINE('',#15623,#3787);
#2645=LINE('',#15625,#3788);
#2646=LINE('',#15627,#3789);
#2647=LINE('',#15629,#3790);
#2648=LINE('',#15633,#3791);
#2649=LINE('',#15636,#3792);
#2650=LINE('',#15640,#3793);
#2651=LINE('',#15644,#3794);
#2652=LINE('',#15648,#3795);
#2653=LINE('',#15652,#3796);
#2654=LINE('',#15655,#3797);
#2655=LINE('',#15656,#3798);
#2656=LINE('',#15659,#3799);
#2657=LINE('',#15663,#3800);
#2658=LINE('',#15667,#3801);
#2659=LINE('',#15671,#3802);
#2660=LINE('',#15676,#3803);
#2661=LINE('',#15681,#3804);
#2662=LINE('',#15684,#3805);
#2663=LINE('',#15694,#3806);
#2664=LINE('',#15697,#3807);
#2665=LINE('',#15699,#3808);
#2666=LINE('',#15700,#3809);
#2667=LINE('',#15704,#3810);
#2668=LINE('',#15706,#3811);
#2669=LINE('',#15707,#3812);
#2670=LINE('',#15710,#3813);
#2671=LINE('',#15714,#3814);
#2672=LINE('',#15715,#3815);
#2673=LINE('',#15718,#3816);
#2674=LINE('',#15722,#3817);
#2675=LINE('',#15723,#3818);
#2676=LINE('',#15726,#3819);
#2677=LINE('',#15730,#3820);
#2678=LINE('',#15731,#3821);
#2679=LINE('',#15736,#3822);
#2680=LINE('',#15739,#3823);
#2681=LINE('',#15742,#3824);
#2682=LINE('',#15743,#3825);
#2683=LINE('',#15746,#3826);
#2684=LINE('',#15750,#3827);
#2685=LINE('',#15754,#3828);
#2686=LINE('',#15758,#3829);
#2687=LINE('',#15762,#3830);
#2688=LINE('',#15766,#3831);
#2689=LINE('',#15770,#3832);
#2690=LINE('',#15774,#3833);
#2691=LINE('',#15775,#3834);
#2692=LINE('',#15779,#3835);
#2693=LINE('',#15780,#3836);
#2694=LINE('',#15781,#3837);
#2695=LINE('',#15785,#3838);
#2696=LINE('',#15788,#3839);
#2697=LINE('',#15789,#3840);
#2698=LINE('',#15793,#3841);
#2699=LINE('',#15796,#3842);
#2700=LINE('',#15797,#3843);
#2701=LINE('',#15801,#3844);
#2702=LINE('',#15804,#3845);
#2703=LINE('',#15805,#3846);
#2704=LINE('',#15810,#3847);
#2705=LINE('',#15818,#3848);
#2706=LINE('',#15822,#3849);
#2707=LINE('',#15828,#3850);
#2708=LINE('',#15829,#3851);
#2709=LINE('',#15832,#3852);
#2710=LINE('',#15833,#3853);
#2711=LINE('',#15837,#3854);
#2712=LINE('',#15840,#3855);
#2713=LINE('',#15841,#3856);
#2714=LINE('',#15844,#3857);
#2715=LINE('',#15845,#3858);
#2716=LINE('',#15849,#3859);
#2717=LINE('',#15852,#3860);
#2718=LINE('',#15853,#3861);
#2719=LINE('',#15859,#3862);
#2720=LINE('',#15860,#3863);
#2721=LINE('',#15861,#3864);
#2722=LINE('',#15865,#3865);
#2723=LINE('',#15868,#3866);
#2724=LINE('',#15869,#3867);
#2725=LINE('',#15875,#3868);
#2726=LINE('',#15876,#3869);
#2727=LINE('',#15877,#3870);
#2728=LINE('',#15880,#3871);
#2729=LINE('',#15885,#3872);
#2730=LINE('',#15890,#3873);
#2731=LINE('',#15895,#3874);
#2732=LINE('',#15899,#3875);
#2733=LINE('',#15905,#3876);
#2734=LINE('',#15908,#3877);
#2735=LINE('',#15909,#3878);
#2736=LINE('',#15913,#3879);
#2737=LINE('',#15916,#3880);
#2738=LINE('',#15917,#3881);
#2739=LINE('',#15921,#3882);
#2740=LINE('',#15924,#3883);
#2741=LINE('',#15925,#3884);
#2742=LINE('',#15930,#3885);
#2743=LINE('',#15931,#3886);
#2744=LINE('',#15935,#3887);
#2745=LINE('',#15938,#3888);
#2746=LINE('',#15939,#3889);
#2747=LINE('',#15946,#3890);
#2748=LINE('',#15950,#3891);
#2749=LINE('',#15955,#3892);
#2750=LINE('',#15956,#3893);
#2751=LINE('',#15957,#3894);
#2752=LINE('',#15961,#3895);
#2753=LINE('',#15965,#3896);
#2754=LINE('',#15966,#3897);
#2755=LINE('',#15969,#3898);
#2756=LINE('',#15971,#3899);
#2757=LINE('',#15972,#3900);
#2758=LINE('',#15975,#3901);
#2759=LINE('',#15980,#3902);
#2760=LINE('',#15981,#3903);
#2761=LINE('',#15987,#3904);
#2762=LINE('',#15989,#3905);
#2763=LINE('',#15991,#3906);
#2764=LINE('',#15992,#3907);
#2765=LINE('',#15996,#3908);
#2766=LINE('',#15998,#3909);
#2767=LINE('',#16000,#3910);
#2768=LINE('',#16001,#3911);
#2769=LINE('',#16003,#3912);
#2770=LINE('',#16004,#3913);
#2771=LINE('',#16006,#3914);
#2772=LINE('',#16007,#3915);
#2773=LINE('',#16010,#3916);
#2774=LINE('',#16012,#3917);
#2775=LINE('',#16013,#3918);
#2776=LINE('',#16016,#3919);
#2777=LINE('',#16017,#3920);
#2778=LINE('',#16021,#3921);
#2779=LINE('',#16022,#3922);
#2780=LINE('',#16024,#3923);
#2781=LINE('',#16032,#3924);
#2782=LINE('',#16038,#3925);
#2783=LINE('',#16042,#3926);
#2784=LINE('',#16049,#3927);
#2785=LINE('',#16050,#3928);
#2786=LINE('',#16078,#3929);
#2787=LINE('',#16080,#3930);
#2788=LINE('',#16082,#3931);
#2789=LINE('',#16083,#3932);
#2790=LINE('',#16085,#3933);
#2791=LINE('',#16086,#3934);
#2792=LINE('',#16088,#3935);
#2793=LINE('',#16089,#3936);
#2794=LINE('',#16092,#3937);
#2795=LINE('',#16094,#3938);
#2796=LINE('',#16095,#3939);
#2797=LINE('',#16097,#3940);
#2798=LINE('',#16098,#3941);
#2799=LINE('',#16101,#3942);
#2800=LINE('',#16104,#3943);
#2801=LINE('',#16106,#3944);
#2802=LINE('',#16108,#3945);
#2803=LINE('',#16111,#3946);
#2804=LINE('',#16114,#3947);
#2805=LINE('',#16115,#3948);
#2806=LINE('',#16125,#3949);
#2807=LINE('',#16130,#3950);
#2808=LINE('',#16134,#3951);
#2809=LINE('',#16137,#3952);
#2810=LINE('',#16139,#3953);
#2811=LINE('',#16140,#3954);
#2812=LINE('',#16142,#3955);
#2813=LINE('',#16154,#3956);
#2814=LINE('',#16159,#3957);
#2815=VECTOR('',#10690,10.);
#2816=VECTOR('',#10691,10.);
#2817=VECTOR('',#10692,10.);
#2818=VECTOR('',#10693,10.);
#2819=VECTOR('',#10696,10.);
#2820=VECTOR('',#10697,10.);
#2821=VECTOR('',#10698,10.);
#2822=VECTOR('',#10699,10.);
#2823=VECTOR('',#10700,10.);
#2824=VECTOR('',#10701,10.);
#2825=VECTOR('',#10704,10.);
#2826=VECTOR('',#10705,10.);
#2827=VECTOR('',#10710,10.);
#2828=VECTOR('',#10713,10.);
#2829=VECTOR('',#10716,10.);
#2830=VECTOR('',#10717,10.);
#2831=VECTOR('',#10718,10.);
#2832=VECTOR('',#10723,10.);
#2833=VECTOR('',#10728,10.);
#2834=VECTOR('',#10729,10.);
#2835=VECTOR('',#10730,10.);
#2836=VECTOR('',#10735,10.);
#2837=VECTOR('',#10740,10.);
#2838=VECTOR('',#10741,10.);
#2839=VECTOR('',#10742,10.);
#2840=VECTOR('',#10747,10.);
#2841=VECTOR('',#10752,10.);
#2842=VECTOR('',#10757,10.);
#2843=VECTOR('',#10760,10.);
#2844=VECTOR('',#10765,10.);
#2845=VECTOR('',#10768,10.);
#2846=VECTOR('',#10771,10.);
#2847=VECTOR('',#10772,10.);
#2848=VECTOR('',#10777,10.);
#2849=VECTOR('',#10780,10.);
#2850=VECTOR('',#10783,10.);
#2851=VECTOR('',#10784,10.);
#2852=VECTOR('',#10789,10.);
#2853=VECTOR('',#10792,10.);
#2854=VECTOR('',#10795,10.);
#2855=VECTOR('',#10796,10.);
#2856=VECTOR('',#10797,10.);
#2857=VECTOR('',#10802,10.);
#2858=VECTOR('',#10805,10.);
#2859=VECTOR('',#10808,10.);
#2860=VECTOR('',#10809,10.);
#2861=VECTOR('',#10810,10.);
#2862=VECTOR('',#10811,10.);
#2863=VECTOR('',#10812,10.);
#2864=VECTOR('',#10813,10.);
#2865=VECTOR('',#10816,10.);
#2866=VECTOR('',#10817,10.);
#2867=VECTOR('',#10818,10.);
#2868=VECTOR('',#10819,10.);
#2869=VECTOR('',#10826,10.);
#2870=VECTOR('',#10831,10.);
#2871=VECTOR('',#10834,10.);
#2872=VECTOR('',#10837,10.);
#2873=VECTOR('',#10838,10.);
#2874=VECTOR('',#10839,10.);
#2875=VECTOR('',#10846,10.);
#2876=VECTOR('',#10849,10.);
#2877=VECTOR('',#10850,10.);
#2878=VECTOR('',#10851,10.);
#2879=VECTOR('',#10860,10.);
#2880=VECTOR('',#10861,10.);
#2881=VECTOR('',#10866,2.);
#2882=VECTOR('',#10877,2.);
#2883=VECTOR('',#10888,2.);
#2884=VECTOR('',#10899,2.);
#2885=VECTOR('',#10910,1.2);
#2886=VECTOR('',#10915,1.2);
#2887=VECTOR('',#10920,1.2);
#2888=VECTOR('',#10925,1.2);
#2889=VECTOR('',#10928,10.);
#2890=VECTOR('',#10929,10.);
#2891=VECTOR('',#10934,10.);
#2892=VECTOR('',#10939,10.);
#2893=VECTOR('',#10940,10.);
#2894=VECTOR('',#10941,10.);
#2895=VECTOR('',#10946,10.);
#2896=VECTOR('',#10951,10.);
#2897=VECTOR('',#10952,10.);
#2898=VECTOR('',#10953,10.);
#2899=VECTOR('',#10958,10.);
#2900=VECTOR('',#10959,10.);
#2901=VECTOR('',#10960,10.);
#2902=VECTOR('',#10961,10.);
#2903=VECTOR('',#10962,10.);
#2904=VECTOR('',#10965,10.);
#2905=VECTOR('',#10968,10.);
#2906=VECTOR('',#10969,10.);
#2907=VECTOR('',#10972,10.);
#2908=VECTOR('',#10973,10.);
#2909=VECTOR('',#10976,10.);
#2910=VECTOR('',#10977,10.);
#2911=VECTOR('',#10980,10.);
#2912=VECTOR('',#10981,10.);
#2913=VECTOR('',#10984,10.);
#2914=VECTOR('',#10985,10.);
#2915=VECTOR('',#10988,10.);
#2916=VECTOR('',#10991,10.);
#2917=VECTOR('',#10992,10.);
#2918=VECTOR('',#10995,10.);
#2919=VECTOR('',#10996,10.);
#2920=VECTOR('',#10999,10.);
#2921=VECTOR('',#11000,10.);
#2922=VECTOR('',#11003,10.);
#2923=VECTOR('',#11008,10.);
#2924=VECTOR('',#11009,10.);
#2925=VECTOR('',#11020,10.);
#2926=VECTOR('',#11023,10.);
#2927=VECTOR('',#11026,10.);
#2928=VECTOR('',#11027,10.);
#2929=VECTOR('',#11028,10.);
#2930=VECTOR('',#11031,10.);
#2931=VECTOR('',#11034,10.);
#2932=VECTOR('',#11037,10.);
#2933=VECTOR('',#11040,10.);
#2934=VECTOR('',#11041,10.);
#2935=VECTOR('',#11044,10.);
#2936=VECTOR('',#11045,10.);
#2937=VECTOR('',#11052,10.);
#2938=VECTOR('',#11057,10.);
#2939=VECTOR('',#11058,10.);
#2940=VECTOR('',#11063,10.);
#2941=VECTOR('',#11064,10.);
#2942=VECTOR('',#11067,10.);
#2943=VECTOR('',#11072,1.2);
#2944=VECTOR('',#11075,10.);
#2945=VECTOR('',#11076,10.);
#2946=VECTOR('',#11081,10.);
#2947=VECTOR('',#11084,10.);
#2948=VECTOR('',#11085,10.);
#2949=VECTOR('',#11090,10.);
#2950=VECTOR('',#11093,10.);
#2951=VECTOR('',#11094,10.);
#2952=VECTOR('',#11099,10.);
#2953=VECTOR('',#11102,10.);
#2954=VECTOR('',#11103,10.);
#2955=VECTOR('',#11106,10.);
#2956=VECTOR('',#11113,4.36);
#2957=VECTOR('',#11118,10.);
#2958=VECTOR('',#11119,10.);
#2959=VECTOR('',#11120,10.);
#2960=VECTOR('',#11121,10.);
#2961=VECTOR('',#11124,10.);
#2962=VECTOR('',#11125,10.);
#2963=VECTOR('',#11126,10.);
#2964=VECTOR('',#11127,10.);
#2965=VECTOR('',#11130,10.);
#2966=VECTOR('',#11131,10.);
#2967=VECTOR('',#11134,10.);
#2968=VECTOR('',#11135,10.);
#2969=VECTOR('',#11138,10.);
#2970=VECTOR('',#11139,10.);
#2971=VECTOR('',#11140,10.);
#2972=VECTOR('',#11143,10.);
#2973=VECTOR('',#11144,10.);
#2974=VECTOR('',#11147,10.);
#2975=VECTOR('',#11150,10.);
#2976=VECTOR('',#11153,10.);
#2977=VECTOR('',#11156,10.);
#2978=VECTOR('',#11157,10.);
#2979=VECTOR('',#11158,10.);
#2980=VECTOR('',#11161,10.);
#2981=VECTOR('',#11164,10.);
#2982=VECTOR('',#11167,10.);
#2983=VECTOR('',#11168,10.);
#2984=VECTOR('',#11169,10.);
#2985=VECTOR('',#11172,10.);
#2986=VECTOR('',#11175,10.);
#2987=VECTOR('',#11176,10.);
#2988=VECTOR('',#11179,10.);
#2989=VECTOR('',#11180,10.);
#2990=VECTOR('',#11183,10.);
#2991=VECTOR('',#11184,10.);
#2992=VECTOR('',#11185,10.);
#2993=VECTOR('',#11186,10.);
#2994=VECTOR('',#11187,10.);
#2995=VECTOR('',#11188,10.);
#2996=VECTOR('',#11189,10.);
#2997=VECTOR('',#11190,10.);
#2998=VECTOR('',#11191,10.);
#2999=VECTOR('',#11192,10.);
#3000=VECTOR('',#11193,10.);
#3001=VECTOR('',#11194,10.);
#3002=VECTOR('',#11195,10.);
#3003=VECTOR('',#11196,10.);
#3004=VECTOR('',#11197,10.);
#3005=VECTOR('',#11198,10.);
#3006=VECTOR('',#11199,10.);
#3007=VECTOR('',#11200,10.);
#3008=VECTOR('',#11201,10.);
#3009=VECTOR('',#11202,10.);
#3010=VECTOR('',#11203,10.);
#3011=VECTOR('',#11204,10.);
#3012=VECTOR('',#11205,10.);
#3013=VECTOR('',#11206,10.);
#3014=VECTOR('',#11211,10.);
#3015=VECTOR('',#11212,10.);
#3016=VECTOR('',#11215,10.);
#3017=VECTOR('',#11218,10.);
#3018=VECTOR('',#11221,10.);
#3019=VECTOR('',#11224,10.);
#3020=VECTOR('',#11227,10.);
#3021=VECTOR('',#11232,10.);
#3022=VECTOR('',#11233,10.);
#3023=VECTOR('',#11234,10.);
#3024=VECTOR('',#11235,10.);
#3025=VECTOR('',#11236,10.);
#3026=VECTOR('',#11237,10.);
#3027=VECTOR('',#11238,10.);
#3028=VECTOR('',#11239,10.);
#3029=VECTOR('',#11240,10.);
#3030=VECTOR('',#11241,10.);
#3031=VECTOR('',#11242,10.);
#3032=VECTOR('',#11243,10.);
#3033=VECTOR('',#11244,10.);
#3034=VECTOR('',#11245,10.);
#3035=VECTOR('',#11246,10.);
#3036=VECTOR('',#11247,10.);
#3037=VECTOR('',#11248,10.);
#3038=VECTOR('',#11249,10.);
#3039=VECTOR('',#11250,10.);
#3040=VECTOR('',#11251,10.);
#3041=VECTOR('',#11252,10.);
#3042=VECTOR('',#11253,10.);
#3043=VECTOR('',#11254,10.);
#3044=VECTOR('',#11255,10.);
#3045=VECTOR('',#11258,10.);
#3046=VECTOR('',#11259,10.);
#3047=VECTOR('',#11260,10.);
#3048=VECTOR('',#11263,10.);
#3049=VECTOR('',#11264,10.);
#3050=VECTOR('',#11267,10.);
#3051=VECTOR('',#11268,10.);
#3052=VECTOR('',#11271,10.);
#3053=VECTOR('',#11274,10.);
#3054=VECTOR('',#11275,10.);
#3055=VECTOR('',#11276,10.);
#3056=VECTOR('',#11279,10.);
#3057=VECTOR('',#11280,10.);
#3058=VECTOR('',#11283,10.);
#3059=VECTOR('',#11284,10.);
#3060=VECTOR('',#11285,10.);
#3061=VECTOR('',#11288,10.);
#3062=VECTOR('',#11289,10.);
#3063=VECTOR('',#11292,10.);
#3064=VECTOR('',#11293,10.);
#3065=VECTOR('',#11296,10.);
#3066=VECTOR('',#11299,10.);
#3067=VECTOR('',#11300,10.);
#3068=VECTOR('',#11301,10.);
#3069=VECTOR('',#11304,10.);
#3070=VECTOR('',#11305,10.);
#3071=VECTOR('',#11308,10.);
#3072=VECTOR('',#11309,10.);
#3073=VECTOR('',#11310,10.);
#3074=VECTOR('',#11313,10.);
#3075=VECTOR('',#11314,10.);
#3076=VECTOR('',#11317,10.);
#3077=VECTOR('',#11318,10.);
#3078=VECTOR('',#11321,10.);
#3079=VECTOR('',#11324,10.);
#3080=VECTOR('',#11325,10.);
#3081=VECTOR('',#11326,10.);
#3082=VECTOR('',#11329,10.);
#3083=VECTOR('',#11330,10.);
#3084=VECTOR('',#11333,10.);
#3085=VECTOR('',#11334,10.);
#3086=VECTOR('',#11335,10.);
#3087=VECTOR('',#11338,10.);
#3088=VECTOR('',#11339,10.);
#3089=VECTOR('',#11342,10.);
#3090=VECTOR('',#11343,10.);
#3091=VECTOR('',#11346,10.);
#3092=VECTOR('',#11349,10.);
#3093=VECTOR('',#11350,10.);
#3094=VECTOR('',#11351,10.);
#3095=VECTOR('',#11354,10.);
#3096=VECTOR('',#11355,10.);
#3097=VECTOR('',#11358,10.);
#3098=VECTOR('',#11359,10.);
#3099=VECTOR('',#11360,10.);
#3100=VECTOR('',#11363,10.);
#3101=VECTOR('',#11364,10.);
#3102=VECTOR('',#11367,10.);
#3103=VECTOR('',#11368,10.);
#3104=VECTOR('',#11371,10.);
#3105=VECTOR('',#11374,10.);
#3106=VECTOR('',#11375,10.);
#3107=VECTOR('',#11376,10.);
#3108=VECTOR('',#11379,10.);
#3109=VECTOR('',#11380,10.);
#3110=VECTOR('',#11383,10.);
#3111=VECTOR('',#11384,10.);
#3112=VECTOR('',#11385,10.);
#3113=VECTOR('',#11388,10.);
#3114=VECTOR('',#11389,10.);
#3115=VECTOR('',#11392,10.);
#3116=VECTOR('',#11393,10.);
#3117=VECTOR('',#11396,10.);
#3118=VECTOR('',#11399,10.);
#3119=VECTOR('',#11400,10.);
#3120=VECTOR('',#11401,10.);
#3121=VECTOR('',#11404,10.);
#3122=VECTOR('',#11405,10.);
#3123=VECTOR('',#11408,10.);
#3124=VECTOR('',#11409,10.);
#3125=VECTOR('',#11410,10.);
#3126=VECTOR('',#11413,10.);
#3127=VECTOR('',#11414,10.);
#3128=VECTOR('',#11417,10.);
#3129=VECTOR('',#11418,10.);
#3130=VECTOR('',#11421,10.);
#3131=VECTOR('',#11424,10.);
#3132=VECTOR('',#11425,10.);
#3133=VECTOR('',#11426,10.);
#3134=VECTOR('',#11429,10.);
#3135=VECTOR('',#11430,10.);
#3136=VECTOR('',#11433,10.);
#3137=VECTOR('',#11434,10.);
#3138=VECTOR('',#11435,10.);
#3139=VECTOR('',#11438,10.);
#3140=VECTOR('',#11439,10.);
#3141=VECTOR('',#11442,10.);
#3142=VECTOR('',#11443,10.);
#3143=VECTOR('',#11446,10.);
#3144=VECTOR('',#11449,10.);
#3145=VECTOR('',#11450,10.);
#3146=VECTOR('',#11451,10.);
#3147=VECTOR('',#11454,10.);
#3148=VECTOR('',#11455,10.);
#3149=VECTOR('',#11458,10.);
#3150=VECTOR('',#11459,10.);
#3151=VECTOR('',#11460,10.);
#3152=VECTOR('',#11463,10.);
#3153=VECTOR('',#11464,10.);
#3154=VECTOR('',#11467,10.);
#3155=VECTOR('',#11468,10.);
#3156=VECTOR('',#11471,10.);
#3157=VECTOR('',#11474,10.);
#3158=VECTOR('',#11475,10.);
#3159=VECTOR('',#11476,10.);
#3160=VECTOR('',#11479,10.);
#3161=VECTOR('',#11480,10.);
#3162=VECTOR('',#11483,10.);
#3163=VECTOR('',#11484,10.);
#3164=VECTOR('',#11485,10.);
#3165=VECTOR('',#11488,10.);
#3166=VECTOR('',#11489,10.);
#3167=VECTOR('',#11492,10.);
#3168=VECTOR('',#11493,10.);
#3169=VECTOR('',#11496,10.);
#3170=VECTOR('',#11499,10.);
#3171=VECTOR('',#11500,10.);
#3172=VECTOR('',#11501,10.);
#3173=VECTOR('',#11504,10.);
#3174=VECTOR('',#11505,10.);
#3175=VECTOR('',#11508,10.);
#3176=VECTOR('',#11509,10.);
#3177=VECTOR('',#11510,10.);
#3178=VECTOR('',#11513,10.);
#3179=VECTOR('',#11514,10.);
#3180=VECTOR('',#11517,10.);
#3181=VECTOR('',#11518,10.);
#3182=VECTOR('',#11521,10.);
#3183=VECTOR('',#11524,10.);
#3184=VECTOR('',#11525,10.);
#3185=VECTOR('',#11526,10.);
#3186=VECTOR('',#11529,10.);
#3187=VECTOR('',#11530,10.);
#3188=VECTOR('',#11533,10.);
#3189=VECTOR('',#11534,10.);
#3190=VECTOR('',#11535,10.);
#3191=VECTOR('',#11538,10.);
#3192=VECTOR('',#11539,10.);
#3193=VECTOR('',#11542,10.);
#3194=VECTOR('',#11543,10.);
#3195=VECTOR('',#11546,10.);
#3196=VECTOR('',#11549,10.);
#3197=VECTOR('',#11550,10.);
#3198=VECTOR('',#11551,10.);
#3199=VECTOR('',#11554,10.);
#3200=VECTOR('',#11555,10.);
#3201=VECTOR('',#11558,10.);
#3202=VECTOR('',#11559,10.);
#3203=VECTOR('',#11562,10.);
#3204=VECTOR('',#11563,10.);
#3205=VECTOR('',#11564,10.);
#3206=VECTOR('',#11565,10.);
#3207=VECTOR('',#11568,10.);
#3208=VECTOR('',#11569,10.);
#3209=VECTOR('',#11570,10.);
#3210=VECTOR('',#11573,10.);
#3211=VECTOR('',#11574,10.);
#3212=VECTOR('',#11577,10.);
#3213=VECTOR('',#11578,10.);
#3214=VECTOR('',#11579,10.);
#3215=VECTOR('',#11582,10.);
#3216=VECTOR('',#11583,10.);
#3217=VECTOR('',#11584,10.);
#3218=VECTOR('',#11585,10.);
#3219=VECTOR('',#11588,10.);
#3220=VECTOR('',#11589,10.);
#3221=VECTOR('',#11590,10.);
#3222=VECTOR('',#11593,10.);
#3223=VECTOR('',#11594,10.);
#3224=VECTOR('',#11595,10.);
#3225=VECTOR('',#11596,10.);
#3226=VECTOR('',#11597,10.);
#3227=VECTOR('',#11598,10.);
#3228=VECTOR('',#11601,10.);
#3229=VECTOR('',#11604,10.);
#3230=VECTOR('',#11607,10.);
#3231=VECTOR('',#11608,10.);
#3232=VECTOR('',#11609,10.);
#3233=VECTOR('',#11610,10.);
#3234=VECTOR('',#11611,10.);
#3235=VECTOR('',#11612,10.);
#3236=VECTOR('',#11615,10.);
#3237=VECTOR('',#11618,10.);
#3238=VECTOR('',#11621,10.);
#3239=VECTOR('',#11622,10.);
#3240=VECTOR('',#11623,10.);
#3241=VECTOR('',#11624,10.);
#3242=VECTOR('',#11629,10.);
#3243=VECTOR('',#11630,10.);
#3244=VECTOR('',#11633,10.);
#3245=VECTOR('',#11634,10.);
#3246=VECTOR('',#11637,10.);
#3247=VECTOR('',#11640,10.);
#3248=VECTOR('',#11643,10.);
#3249=VECTOR('',#11644,10.);
#3250=VECTOR('',#11645,10.);
#3251=VECTOR('',#11648,10.);
#3252=VECTOR('',#11651,10.);
#3253=VECTOR('',#11654,10.);
#3254=VECTOR('',#11655,10.);
#3255=VECTOR('',#11658,10.);
#3256=VECTOR('',#11661,10.);
#3257=VECTOR('',#11664,10.);
#3258=VECTOR('',#11667,10.);
#3259=VECTOR('',#11668,10.);
#3260=VECTOR('',#11669,10.);
#3261=VECTOR('',#11672,10.);
#3262=VECTOR('',#11673,10.);
#3263=VECTOR('',#11676,10.);
#3264=VECTOR('',#11677,10.);
#3265=VECTOR('',#11678,10.);
#3266=VECTOR('',#11681,10.);
#3267=VECTOR('',#11682,10.);
#3268=VECTOR('',#11683,10.);
#3269=VECTOR('',#11684,10.);
#3270=VECTOR('',#11685,10.);
#3271=VECTOR('',#11686,10.);
#3272=VECTOR('',#11689,10.);
#3273=VECTOR('',#11690,10.);
#3274=VECTOR('',#11693,10.);
#3275=VECTOR('',#11694,10.);
#3276=VECTOR('',#11697,10.);
#3277=VECTOR('',#11702,10.);
#3278=VECTOR('',#11703,10.);
#3279=VECTOR('',#11706,10.);
#3280=VECTOR('',#11709,10.);
#3281=VECTOR('',#11712,10.);
#3282=VECTOR('',#11713,10.);
#3283=VECTOR('',#11716,10.);
#3284=VECTOR('',#11719,10.);
#3285=VECTOR('',#11722,10.);
#3286=VECTOR('',#11727,10.);
#3287=VECTOR('',#11728,10.);
#3288=VECTOR('',#11731,10.);
#3289=VECTOR('',#11732,10.);
#3290=VECTOR('',#11733,10.);
#3291=VECTOR('',#11734,10.);
#3292=VECTOR('',#11735,10.);
#3293=VECTOR('',#11742,10.);
#3294=VECTOR('',#11745,10.);
#3295=VECTOR('',#11748,10.);
#3296=VECTOR('',#11751,10.);
#3297=VECTOR('',#11754,10.);
#3298=VECTOR('',#11755,10.);
#3299=VECTOR('',#11756,10.);
#3300=VECTOR('',#11759,10.);
#3301=VECTOR('',#11760,10.);
#3302=VECTOR('',#11761,10.);
#3303=VECTOR('',#11764,10.);
#3304=VECTOR('',#11765,10.);
#3305=VECTOR('',#11766,10.);
#3306=VECTOR('',#11767,10.);
#3307=VECTOR('',#11770,10.);
#3308=VECTOR('',#11771,10.);
#3309=VECTOR('',#11772,10.);
#3310=VECTOR('',#11775,10.);
#3311=VECTOR('',#11776,10.);
#3312=VECTOR('',#11777,10.);
#3313=VECTOR('',#11780,10.);
#3314=VECTOR('',#11781,10.);
#3315=VECTOR('',#11784,10.);
#3316=VECTOR('',#11789,10.);
#3317=VECTOR('',#11790,10.);
#3318=VECTOR('',#11793,10.);
#3319=VECTOR('',#11796,10.);
#3320=VECTOR('',#11797,10.);
#3321=VECTOR('',#11800,10.);
#3322=VECTOR('',#11803,10.);
#3323=VECTOR('',#11804,10.);
#3324=VECTOR('',#11807,10.);
#3325=VECTOR('',#11810,10.);
#3326=VECTOR('',#11811,10.);
#3327=VECTOR('',#11814,10.);
#3328=VECTOR('',#11817,10.);
#3329=VECTOR('',#11818,10.);
#3330=VECTOR('',#11821,10.);
#3331=VECTOR('',#11822,10.);
#3332=VECTOR('',#11825,10.);
#3333=VECTOR('',#11828,10.);
#3334=VECTOR('',#11829,10.);
#3335=VECTOR('',#11832,10.);
#3336=VECTOR('',#11833,10.);
#3337=VECTOR('',#11836,10.);
#3338=VECTOR('',#11839,10.);
#3339=VECTOR('',#11840,10.);
#3340=VECTOR('',#11843,10.);
#3341=VECTOR('',#11844,10.);
#3342=VECTOR('',#11847,10.);
#3343=VECTOR('',#11850,10.);
#3344=VECTOR('',#11851,10.);
#3345=VECTOR('',#11854,10.);
#3346=VECTOR('',#11855,10.);
#3347=VECTOR('',#11856,10.);
#3348=VECTOR('',#11857,10.);
#3349=VECTOR('',#11860,10.);
#3350=VECTOR('',#11861,10.);
#3351=VECTOR('',#11862,10.);
#3352=VECTOR('',#11865,10.);
#3353=VECTOR('',#11866,10.);
#3354=VECTOR('',#11867,10.);
#3355=VECTOR('',#11870,10.);
#3356=VECTOR('',#11871,10.);
#3357=VECTOR('',#11876,10.);
#3358=VECTOR('',#11877,10.);
#3359=VECTOR('',#11878,10.);
#3360=VECTOR('',#11879,10.);
#3361=VECTOR('',#11882,10.);
#3362=VECTOR('',#11883,10.);
#3363=VECTOR('',#11884,10.);
#3364=VECTOR('',#11887,10.);
#3365=VECTOR('',#11888,10.);
#3366=VECTOR('',#11889,10.);
#3367=VECTOR('',#11892,10.);
#3368=VECTOR('',#11893,10.);
#3369=VECTOR('',#11898,10.);
#3370=VECTOR('',#11899,10.);
#3371=VECTOR('',#11900,10.);
#3372=VECTOR('',#11901,10.);
#3373=VECTOR('',#11904,10.);
#3374=VECTOR('',#11905,10.);
#3375=VECTOR('',#11906,10.);
#3376=VECTOR('',#11909,10.);
#3377=VECTOR('',#11910,10.);
#3378=VECTOR('',#11911,10.);
#3379=VECTOR('',#11914,10.);
#3380=VECTOR('',#11915,10.);
#3381=VECTOR('',#11920,10.);
#3382=VECTOR('',#11921,10.);
#3383=VECTOR('',#11922,10.);
#3384=VECTOR('',#11923,10.);
#3385=VECTOR('',#11926,10.);
#3386=VECTOR('',#11927,10.);
#3387=VECTOR('',#11928,10.);
#3388=VECTOR('',#11931,10.);
#3389=VECTOR('',#11932,10.);
#3390=VECTOR('',#11933,10.);
#3391=VECTOR('',#11936,10.);
#3392=VECTOR('',#11937,10.);
#3393=VECTOR('',#11942,10.);
#3394=VECTOR('',#11943,10.);
#3395=VECTOR('',#11944,10.);
#3396=VECTOR('',#11945,10.);
#3397=VECTOR('',#11948,10.);
#3398=VECTOR('',#11949,10.);
#3399=VECTOR('',#11950,10.);
#3400=VECTOR('',#11953,10.);
#3401=VECTOR('',#11954,10.);
#3402=VECTOR('',#11955,10.);
#3403=VECTOR('',#11958,10.);
#3404=VECTOR('',#11959,10.);
#3405=VECTOR('',#11962,10.);
#3406=VECTOR('',#11965,10.);
#3407=VECTOR('',#11966,10.);
#3408=VECTOR('',#11967,10.);
#3409=VECTOR('',#11968,10.);
#3410=VECTOR('',#11971,10.);
#3411=VECTOR('',#11972,10.);
#3412=VECTOR('',#11973,10.);
#3413=VECTOR('',#11976,10.);
#3414=VECTOR('',#11977,10.);
#3415=VECTOR('',#11978,10.);
#3416=VECTOR('',#11981,10.);
#3417=VECTOR('',#11982,10.);
#3418=VECTOR('',#11987,10.);
#3419=VECTOR('',#11988,10.);
#3420=VECTOR('',#11989,10.);
#3421=VECTOR('',#11990,10.);
#3422=VECTOR('',#11993,10.);
#3423=VECTOR('',#11994,10.);
#3424=VECTOR('',#11995,10.);
#3425=VECTOR('',#11998,10.);
#3426=VECTOR('',#11999,10.);
#3427=VECTOR('',#12000,10.);
#3428=VECTOR('',#12003,10.);
#3429=VECTOR('',#12004,10.);
#3430=VECTOR('',#12007,10.);
#3431=VECTOR('',#12010,10.);
#3432=VECTOR('',#12011,10.);
#3433=VECTOR('',#12012,10.);
#3434=VECTOR('',#12013,10.);
#3435=VECTOR('',#12016,10.);
#3436=VECTOR('',#12017,10.);
#3437=VECTOR('',#12018,10.);
#3438=VECTOR('',#12021,10.);
#3439=VECTOR('',#12022,10.);
#3440=VECTOR('',#12023,10.);
#3441=VECTOR('',#12026,10.);
#3442=VECTOR('',#12027,10.);
#3443=VECTOR('',#12032,10.);
#3444=VECTOR('',#12033,10.);
#3445=VECTOR('',#12034,10.);
#3446=VECTOR('',#12035,10.);
#3447=VECTOR('',#12038,10.);
#3448=VECTOR('',#12039,10.);
#3449=VECTOR('',#12040,10.);
#3450=VECTOR('',#12043,10.);
#3451=VECTOR('',#12044,10.);
#3452=VECTOR('',#12045,10.);
#3453=VECTOR('',#12048,10.);
#3454=VECTOR('',#12049,10.);
#3455=VECTOR('',#12052,10.);
#3456=VECTOR('',#12055,10.);
#3457=VECTOR('',#12056,10.);
#3458=VECTOR('',#12057,10.);
#3459=VECTOR('',#12058,10.);
#3460=VECTOR('',#12061,10.);
#3461=VECTOR('',#12062,10.);
#3462=VECTOR('',#12063,10.);
#3463=VECTOR('',#12066,10.);
#3464=VECTOR('',#12067,10.);
#3465=VECTOR('',#12068,10.);
#3466=VECTOR('',#12071,10.);
#3467=VECTOR('',#12072,10.);
#3468=VECTOR('',#12077,10.);
#3469=VECTOR('',#12078,10.);
#3470=VECTOR('',#12079,10.);
#3471=VECTOR('',#12080,10.);
#3472=VECTOR('',#12083,10.);
#3473=VECTOR('',#12084,10.);
#3474=VECTOR('',#12085,10.);
#3475=VECTOR('',#12088,10.);
#3476=VECTOR('',#12089,10.);
#3477=VECTOR('',#12090,10.);
#3478=VECTOR('',#12093,10.);
#3479=VECTOR('',#12094,10.);
#3480=VECTOR('',#12097,10.);
#3481=VECTOR('',#12108,10.);
#3482=VECTOR('',#12109,10.);
#3483=VECTOR('',#12112,10.);
#3484=VECTOR('',#12115,10.);
#3485=VECTOR('',#12116,10.);
#3486=VECTOR('',#12117,10.);
#3487=VECTOR('',#12118,10.);
#3488=VECTOR('',#12121,10.);
#3489=VECTOR('',#12122,10.);
#3490=VECTOR('',#12123,10.);
#3491=VECTOR('',#12126,10.);
#3492=VECTOR('',#12127,10.);
#3493=VECTOR('',#12128,10.);
#3494=VECTOR('',#12131,10.);
#3495=VECTOR('',#12132,10.);
#3496=VECTOR('',#12137,10.);
#3497=VECTOR('',#12138,10.);
#3498=VECTOR('',#12139,10.);
#3499=VECTOR('',#12140,10.);
#3500=VECTOR('',#12143,10.);
#3501=VECTOR('',#12144,10.);
#3502=VECTOR('',#12145,10.);
#3503=VECTOR('',#12146,10.);
#3504=VECTOR('',#12149,10.);
#3505=VECTOR('',#12150,10.);
#3506=VECTOR('',#12151,10.);
#3507=VECTOR('',#12152,10.);
#3508=VECTOR('',#12155,10.);
#3509=VECTOR('',#12156,10.);
#3510=VECTOR('',#12157,10.);
#3511=VECTOR('',#12158,10.);
#3512=VECTOR('',#12161,10.);
#3513=VECTOR('',#12162,10.);
#3514=VECTOR('',#12163,10.);
#3515=VECTOR('',#12164,10.);
#3516=VECTOR('',#12167,10.);
#3517=VECTOR('',#12168,10.);
#3518=VECTOR('',#12169,10.);
#3519=VECTOR('',#12170,10.);
#3520=VECTOR('',#12173,10.);
#3521=VECTOR('',#12174,10.);
#3522=VECTOR('',#12175,10.);
#3523=VECTOR('',#12176,10.);
#3524=VECTOR('',#12179,10.);
#3525=VECTOR('',#12180,10.);
#3526=VECTOR('',#12181,10.);
#3527=VECTOR('',#12182,10.);
#3528=VECTOR('',#12185,10.);
#3529=VECTOR('',#12186,10.);
#3530=VECTOR('',#12187,10.);
#3531=VECTOR('',#12188,10.);
#3532=VECTOR('',#12191,10.);
#3533=VECTOR('',#12192,10.);
#3534=VECTOR('',#12193,10.);
#3535=VECTOR('',#12194,10.);
#3536=VECTOR('',#12197,10.);
#3537=VECTOR('',#12198,10.);
#3538=VECTOR('',#12199,10.);
#3539=VECTOR('',#12200,10.);
#3540=VECTOR('',#12203,10.);
#3541=VECTOR('',#12204,10.);
#3542=VECTOR('',#12205,10.);
#3543=VECTOR('',#12206,10.);
#3544=VECTOR('',#12209,10.);
#3545=VECTOR('',#12210,10.);
#3546=VECTOR('',#12211,10.);
#3547=VECTOR('',#12212,10.);
#3548=VECTOR('',#12215,10.);
#3549=VECTOR('',#12216,10.);
#3550=VECTOR('',#12217,10.);
#3551=VECTOR('',#12220,10.);
#3552=VECTOR('',#12221,10.);
#3553=VECTOR('',#12224,10.);
#3554=VECTOR('',#12225,10.);
#3555=VECTOR('',#12228,10.);
#3556=VECTOR('',#12231,10.);
#3557=VECTOR('',#12232,10.);
#3558=VECTOR('',#12233,10.);
#3559=VECTOR('',#12236,10.);
#3560=VECTOR('',#12237,10.);
#3561=VECTOR('',#12240,10.);
#3562=VECTOR('',#12241,10.);
#3563=VECTOR('',#12244,10.);
#3564=VECTOR('',#12247,1.2);
#3565=VECTOR('',#12252,10.);
#3566=VECTOR('',#12253,10.);
#3567=VECTOR('',#12254,10.);
#3568=VECTOR('',#12257,10.);
#3569=VECTOR('',#12258,10.);
#3570=VECTOR('',#12261,10.);
#3571=VECTOR('',#12262,10.);
#3572=VECTOR('',#12265,10.);
#3573=VECTOR('',#12268,10.);
#3574=VECTOR('',#12269,10.);
#3575=VECTOR('',#12270,10.);
#3576=VECTOR('',#12273,10.);
#3577=VECTOR('',#12274,10.);
#3578=VECTOR('',#12277,10.);
#3579=VECTOR('',#12278,10.);
#3580=VECTOR('',#12281,10.);
#3581=VECTOR('',#12284,10.);
#3582=VECTOR('',#12285,10.);
#3583=VECTOR('',#12286,10.);
#3584=VECTOR('',#12289,10.);
#3585=VECTOR('',#12290,10.);
#3586=VECTOR('',#12293,10.);
#3587=VECTOR('',#12294,10.);
#3588=VECTOR('',#12297,10.);
#3589=VECTOR('',#12300,10.);
#3590=VECTOR('',#12301,10.);
#3591=VECTOR('',#12302,10.);
#3592=VECTOR('',#12305,10.);
#3593=VECTOR('',#12306,10.);
#3594=VECTOR('',#12309,10.);
#3595=VECTOR('',#12310,10.);
#3596=VECTOR('',#12313,10.);
#3597=VECTOR('',#12316,10.);
#3598=VECTOR('',#12317,10.);
#3599=VECTOR('',#12318,10.);
#3600=VECTOR('',#12321,10.);
#3601=VECTOR('',#12322,10.);
#3602=VECTOR('',#12325,10.);
#3603=VECTOR('',#12326,10.);
#3604=VECTOR('',#12329,10.);
#3605=VECTOR('',#12332,10.);
#3606=VECTOR('',#12333,10.);
#3607=VECTOR('',#12334,10.);
#3608=VECTOR('',#12337,10.);
#3609=VECTOR('',#12338,10.);
#3610=VECTOR('',#12341,10.);
#3611=VECTOR('',#12342,10.);
#3612=VECTOR('',#12345,10.);
#3613=VECTOR('',#12348,10.);
#3614=VECTOR('',#12349,10.);
#3615=VECTOR('',#12350,10.);
#3616=VECTOR('',#12353,10.);
#3617=VECTOR('',#12354,10.);
#3618=VECTOR('',#12357,10.);
#3619=VECTOR('',#12358,10.);
#3620=VECTOR('',#12361,10.);
#3621=VECTOR('',#12364,10.);
#3622=VECTOR('',#12365,10.);
#3623=VECTOR('',#12366,10.);
#3624=VECTOR('',#12369,10.);
#3625=VECTOR('',#12370,10.);
#3626=VECTOR('',#12373,10.);
#3627=VECTOR('',#12374,10.);
#3628=VECTOR('',#12377,10.);
#3629=VECTOR('',#12380,10.);
#3630=VECTOR('',#12381,10.);
#3631=VECTOR('',#12384,10.);
#3632=VECTOR('',#12385,10.);
#3633=VECTOR('',#12388,10.);
#3634=VECTOR('',#12391,10.);
#3635=VECTOR('',#12392,10.);
#3636=VECTOR('',#12395,10.);
#3637=VECTOR('',#12398,1.2);
#3638=VECTOR('',#12403,1.2);
#3639=VECTOR('',#12408,10.);
#3640=VECTOR('',#12409,10.);
#3641=VECTOR('',#12410,10.);
#3642=VECTOR('',#12413,10.);
#3643=VECTOR('',#12414,10.);
#3644=VECTOR('',#12417,10.);
#3645=VECTOR('',#12418,10.);
#3646=VECTOR('',#12421,10.);
#3647=VECTOR('',#12424,10.);
#3648=VECTOR('',#12425,10.);
#3649=VECTOR('',#12426,10.);
#3650=VECTOR('',#12429,10.);
#3651=VECTOR('',#12430,10.);
#3652=VECTOR('',#12433,10.);
#3653=VECTOR('',#12434,10.);
#3654=VECTOR('',#12437,10.);
#3655=VECTOR('',#12440,10.);
#3656=VECTOR('',#12441,10.);
#3657=VECTOR('',#12442,10.);
#3658=VECTOR('',#12445,10.);
#3659=VECTOR('',#12446,10.);
#3660=VECTOR('',#12449,10.);
#3661=VECTOR('',#12450,10.);
#3662=VECTOR('',#12453,10.);
#3663=VECTOR('',#12456,1.2);
#3664=VECTOR('',#12461,10.);
#3665=VECTOR('',#12462,10.);
#3666=VECTOR('',#12465,10.);
#3667=VECTOR('',#12466,10.);
#3668=VECTOR('',#12469,10.);
#3669=VECTOR('',#12470,10.);
#3670=VECTOR('',#12473,10.);
#3671=VECTOR('',#12474,10.);
#3672=VECTOR('',#12479,10.);
#3673=VECTOR('',#12482,10.);
#3674=VECTOR('',#12487,10.);
#3675=VECTOR('',#12490,10.);
#3676=VECTOR('',#12493,10.);
#3677=VECTOR('',#12498,10.);
#3678=VECTOR('',#12501,10.);
#3679=VECTOR('',#12502,10.);
#3680=VECTOR('',#12507,10.);
#3681=VECTOR('',#12510,10.);
#3682=VECTOR('',#12511,10.);
#3683=VECTOR('',#12514,10.);
#3684=VECTOR('',#12515,10.);
#3685=VECTOR('',#12518,10.);
#3686=VECTOR('',#12521,10.);
#3687=VECTOR('',#12522,10.);
#3688=VECTOR('',#12525,10.);
#3689=VECTOR('',#12530,10.);
#3690=VECTOR('',#12531,10.);
#3691=VECTOR('',#12532,10.);
#3692=VECTOR('',#12533,10.);
#3693=VECTOR('',#12536,10.);
#3694=VECTOR('',#12537,10.);
#3695=VECTOR('',#12538,10.);
#3696=VECTOR('',#12541,10.);
#3697=VECTOR('',#12542,10.);
#3698=VECTOR('',#12543,10.);
#3699=VECTOR('',#12544,10.);
#3700=VECTOR('',#12547,10.);
#3701=VECTOR('',#12550,10.);
#3702=VECTOR('',#12553,10.);
#3703=VECTOR('',#12558,10.);
#3704=VECTOR('',#12559,10.);
#3705=VECTOR('',#12560,10.);
#3706=VECTOR('',#12563,10.);
#3707=VECTOR('',#12564,10.);
#3708=VECTOR('',#12565,10.);
#3709=VECTOR('',#12568,10.);
#3710=VECTOR('',#12571,10.);
#3711=VECTOR('',#12576,10.);
#3712=VECTOR('',#12577,10.);
#3713=VECTOR('',#12578,10.);
#3714=VECTOR('',#12581,10.);
#3715=VECTOR('',#12588,10.);
#3716=VECTOR('',#12589,10.);
#3717=VECTOR('',#12590,10.);
#3718=VECTOR('',#12593,10.);
#3719=VECTOR('',#12600,10.);
#3720=VECTOR('',#12601,10.);
#3721=VECTOR('',#12602,10.);
#3722=VECTOR('',#12605,10.);
#3723=VECTOR('',#12612,10.);
#3724=VECTOR('',#12613,10.);
#3725=VECTOR('',#12616,10.);
#3726=VECTOR('',#12617,10.);
#3727=VECTOR('',#12620,10.);
#3728=VECTOR('',#12623,10.);
#3729=VECTOR('',#12626,10.);
#3730=VECTOR('',#12629,10.);
#3731=VECTOR('',#12632,10.);
#3732=VECTOR('',#12635,10.);
#3733=VECTOR('',#12638,10.);
#3734=VECTOR('',#12641,10.);
#3735=VECTOR('',#12644,10.);
#3736=VECTOR('',#12647,10.);
#3737=VECTOR('',#12650,10.);
#3738=VECTOR('',#12653,10.);
#3739=VECTOR('',#12656,10.);
#3740=VECTOR('',#12659,10.);
#3741=VECTOR('',#12662,10.);
#3742=VECTOR('',#12669,10.);
#3743=VECTOR('',#12670,10.);
#3744=VECTOR('',#12671,10.);
#3745=VECTOR('',#12676,10.);
#3746=VECTOR('',#12679,10.);
#3747=VECTOR('',#12680,10.);
#3748=VECTOR('',#12685,10.);
#3749=VECTOR('',#12688,10.);
#3750=VECTOR('',#12689,10.);
#3751=VECTOR('',#12694,10.);
#3752=VECTOR('',#12697,10.);
#3753=VECTOR('',#12698,10.);
#3754=VECTOR('',#12703,10.);
#3755=VECTOR('',#12706,10.);
#3756=VECTOR('',#12707,10.);
#3757=VECTOR('',#12712,10.);
#3758=VECTOR('',#12715,10.);
#3759=VECTOR('',#12716,10.);
#3760=VECTOR('',#12721,10.);
#3761=VECTOR('',#12724,10.);
#3762=VECTOR('',#12725,10.);
#3763=VECTOR('',#12730,10.);
#3764=VECTOR('',#12733,10.);
#3765=VECTOR('',#12734,10.);
#3766=VECTOR('',#12741,10.);
#3767=VECTOR('',#12744,10.);
#3768=VECTOR('',#12747,10.);
#3769=VECTOR('',#12748,10.);
#3770=VECTOR('',#12751,10.);
#3771=VECTOR('',#12756,10.);
#3772=VECTOR('',#12757,10.);
#3773=VECTOR('',#12760,10.);
#3774=VECTOR('',#12765,10.);
#3775=VECTOR('',#12766,10.);
#3776=VECTOR('',#12769,10.);
#3777=VECTOR('',#12774,10.);
#3778=VECTOR('',#12775,10.);
#3779=VECTOR('',#12778,10.);
#3780=VECTOR('',#12779,10.);
#3781=VECTOR('',#12782,10.);
#3782=VECTOR('',#12783,10.);
#3783=VECTOR('',#12786,10.);
#3784=VECTOR('',#12787,10.);
#3785=VECTOR('',#12790,10.);
#3786=VECTOR('',#12793,10.);
#3787=VECTOR('',#12794,10.);
#3788=VECTOR('',#12797,10.);
#3789=VECTOR('',#12800,10.);
#3790=VECTOR('',#12803,10.);
#3791=VECTOR('',#12808,10.);
#3792=VECTOR('',#12811,10.);
#3793=VECTOR('',#12814,10.);
#3794=VECTOR('',#12817,10.);
#3795=VECTOR('',#12820,10.);
#3796=VECTOR('',#12823,10.);
#3797=VECTOR('',#12826,10.);
#3798=VECTOR('',#12827,10.);
#3799=VECTOR('',#12828,10.);
#3800=VECTOR('',#12831,10.);
#3801=VECTOR('',#12834,10.);
#3802=VECTOR('',#12837,10.);
#3803=VECTOR('',#12842,10.);
#3804=VECTOR('',#12847,10.);
#3805=VECTOR('',#12850,10.);
#3806=VECTOR('',#12861,10.);
#3807=VECTOR('',#12866,10.);
#3808=VECTOR('',#12869,10.);
#3809=VECTOR('',#12870,10.);
#3810=VECTOR('',#12875,10.);
#3811=VECTOR('',#12876,10.);
#3812=VECTOR('',#12877,10.);
#3813=VECTOR('',#12880,10.);
#3814=VECTOR('',#12885,10.);
#3815=VECTOR('',#12886,10.);
#3816=VECTOR('',#12889,10.);
#3817=VECTOR('',#12894,10.);
#3818=VECTOR('',#12895,10.);
#3819=VECTOR('',#12898,10.);
#3820=VECTOR('',#12903,10.);
#3821=VECTOR('',#12904,10.);
#3822=VECTOR('',#12911,10.);
#3823=VECTOR('',#12914,10.);
#3824=VECTOR('',#12917,10.);
#3825=VECTOR('',#12918,10.);
#3826=VECTOR('',#12919,10.);
#3827=VECTOR('',#12922,10.);
#3828=VECTOR('',#12925,10.);
#3829=VECTOR('',#12928,10.);
#3830=VECTOR('',#12931,10.);
#3831=VECTOR('',#12934,10.);
#3832=VECTOR('',#12939,10.);
#3833=VECTOR('',#12944,10.);
#3834=VECTOR('',#12945,10.);
#3835=VECTOR('',#12948,10.);
#3836=VECTOR('',#12949,10.);
#3837=VECTOR('',#12950,10.);
#3838=VECTOR('',#12955,10.);
#3839=VECTOR('',#12958,10.);
#3840=VECTOR('',#12959,10.);
#3841=VECTOR('',#12964,10.);
#3842=VECTOR('',#12967,10.);
#3843=VECTOR('',#12968,10.);
#3844=VECTOR('',#12973,10.);
#3845=VECTOR('',#12976,10.);
#3846=VECTOR('',#12977,10.);
#3847=VECTOR('',#12984,25.7);
#3848=VECTOR('',#12995,17.725);
#3849=VECTOR('',#13000,11.025);
#3850=VECTOR('',#13007,10.);
#3851=VECTOR('',#13008,10.);
#3852=VECTOR('',#13011,10.);
#3853=VECTOR('',#13012,10.);
#3854=VECTOR('',#13017,10.);
#3855=VECTOR('',#13020,10.);
#3856=VECTOR('',#13021,10.);
#3857=VECTOR('',#13024,10.);
#3858=VECTOR('',#13025,10.);
#3859=VECTOR('',#13030,10.);
#3860=VECTOR('',#13033,10.);
#3861=VECTOR('',#13034,10.);
#3862=VECTOR('',#13041,10.);
#3863=VECTOR('',#13042,10.);
#3864=VECTOR('',#13043,10.);
#3865=VECTOR('',#13048,10.);
#3866=VECTOR('',#13051,10.);
#3867=VECTOR('',#13052,10.);
#3868=VECTOR('',#13059,10.);
#3869=VECTOR('',#13060,10.);
#3870=VECTOR('',#13061,10.);
#3871=VECTOR('',#13064,1.6);
#3872=VECTOR('',#13071,1.6);
#3873=VECTOR('',#13078,1.6);
#3874=VECTOR('',#13085,1.6);
#3875=VECTOR('',#13092,10.);
#3876=VECTOR('',#13101,10.);
#3877=VECTOR('',#13104,10.);
#3878=VECTOR('',#13105,10.);
#3879=VECTOR('',#13110,10.);
#3880=VECTOR('',#13113,10.);
#3881=VECTOR('',#13114,10.);
#3882=VECTOR('',#13119,10.);
#3883=VECTOR('',#13122,10.);
#3884=VECTOR('',#13123,10.);
#3885=VECTOR('',#13130,10.);
#3886=VECTOR('',#13131,10.);
#3887=VECTOR('',#13136,10.);
#3888=VECTOR('',#13139,10.);
#3889=VECTOR('',#13140,10.);
#3890=VECTOR('',#13149,10.);
#3891=VECTOR('',#13152,10.);
#3892=VECTOR('',#13157,10.);
#3893=VECTOR('',#13158,10.);
#3894=VECTOR('',#13159,10.);
#3895=VECTOR('',#13162,10.);
#3896=VECTOR('',#13169,10.);
#3897=VECTOR('',#13170,10.);
#3898=VECTOR('',#13173,10.);
#3899=VECTOR('',#13174,10.);
#3900=VECTOR('',#13175,10.);
#3901=VECTOR('',#13178,10.);
#3902=VECTOR('',#13185,10.);
#3903=VECTOR('',#13186,10.);
#3904=VECTOR('',#13193,10.);
#3905=VECTOR('',#13194,10.);
#3906=VECTOR('',#13195,10.);
#3907=VECTOR('',#13196,10.);
#3908=VECTOR('',#13199,10.);
#3909=VECTOR('',#13200,10.);
#3910=VECTOR('',#13201,10.);
#3911=VECTOR('',#13202,10.);
#3912=VECTOR('',#13205,10.);
#3913=VECTOR('',#13206,10.);
#3914=VECTOR('',#13209,10.);
#3915=VECTOR('',#13210,10.);
#3916=VECTOR('',#13213,10.);
#3917=VECTOR('',#13214,10.);
#3918=VECTOR('',#13215,10.);
#3919=VECTOR('',#13218,10.);
#3920=VECTOR('',#13219,10.);
#3921=VECTOR('',#13224,10.);
#3922=VECTOR('',#13225,10.);
#3923=VECTOR('',#13228,10.);
#3924=VECTOR('',#13237,25.);
#3925=VECTOR('',#13246,25.5);
#3926=VECTOR('',#13249,10.);
#3927=VECTOR('',#13250,10.);
#3928=VECTOR('',#13251,10.);
#3929=VECTOR('',#13266,10.);
#3930=VECTOR('',#13267,10.);
#3931=VECTOR('',#13268,10.);
#3932=VECTOR('',#13269,10.);
#3933=VECTOR('',#13272,10.);
#3934=VECTOR('',#13273,10.);
#3935=VECTOR('',#13276,10.);
#3936=VECTOR('',#13277,10.);
#3937=VECTOR('',#13280,10.);
#3938=VECTOR('',#13281,10.);
#3939=VECTOR('',#13282,10.);
#3940=VECTOR('',#13285,10.);
#3941=VECTOR('',#13286,10.);
#3942=VECTOR('',#13289,10.);
#3943=VECTOR('',#13292,10.);
#3944=VECTOR('',#13295,10.);
#3945=VECTOR('',#13296,10.);
#3946=VECTOR('',#13299,10.);
#3947=VECTOR('',#13302,10.);
#3948=VECTOR('',#13303,10.);
#3949=VECTOR('',#13314,18.525);
#3950=VECTOR('',#13321,18.025);
#3951=VECTOR('',#13326,10.);
#3952=VECTOR('',#13329,10.);
#3953=VECTOR('',#13330,10.);
#3954=VECTOR('',#13331,10.);
#3955=VECTOR('',#13334,10.);
#3956=VECTOR('',#13353,4.06);
#3957=VECTOR('',#13360,5.56);
#3958=VERTEX_POINT('',#13363);
#3959=VERTEX_POINT('',#13364);
#3960=VERTEX_POINT('',#13366);
#3961=VERTEX_POINT('',#13368);
#3962=VERTEX_POINT('',#13372);
#3963=VERTEX_POINT('',#13374);
#3964=VERTEX_POINT('',#13376);
#3965=VERTEX_POINT('',#13378);
#3966=VERTEX_POINT('',#13380);
#3967=VERTEX_POINT('',#13384);
#3968=VERTEX_POINT('',#13388);
#3969=VERTEX_POINT('',#13389);
#3970=VERTEX_POINT('',#13391);
#3971=VERTEX_POINT('',#13393);
#3972=VERTEX_POINT('',#13397);
#3973=VERTEX_POINT('',#13399);
#3974=VERTEX_POINT('',#13403);
#3975=VERTEX_POINT('',#13405);
#3976=VERTEX_POINT('',#13409);
#3977=VERTEX_POINT('',#13411);
#3978=VERTEX_POINT('',#13415);
#3979=VERTEX_POINT('',#13417);
#3980=VERTEX_POINT('',#13421);
#3981=VERTEX_POINT('',#13423);
#3982=VERTEX_POINT('',#13427);
#3983=VERTEX_POINT('',#13429);
#3984=VERTEX_POINT('',#13435);
#3985=VERTEX_POINT('',#13436);
#3986=VERTEX_POINT('',#13438);
#3987=VERTEX_POINT('',#13440);
#3988=VERTEX_POINT('',#13444);
#3989=VERTEX_POINT('',#13445);
#3990=VERTEX_POINT('',#13447);
#3991=VERTEX_POINT('',#13449);
#3992=VERTEX_POINT('',#13456);
#3993=VERTEX_POINT('',#13457);
#3994=VERTEX_POINT('',#13459);
#3995=VERTEX_POINT('',#13461);
#3996=VERTEX_POINT('',#13468);
#3997=VERTEX_POINT('',#13469);
#3998=VERTEX_POINT('',#13471);
#3999=VERTEX_POINT('',#13473);
#4000=VERTEX_POINT('',#13477);
#4001=VERTEX_POINT('',#13479);
#4002=VERTEX_POINT('',#13483);
#4003=VERTEX_POINT('',#13484);
#4004=VERTEX_POINT('',#13486);
#4005=VERTEX_POINT('',#13488);
#4006=VERTEX_POINT('',#13492);
#4007=VERTEX_POINT('',#13494);
#4008=VERTEX_POINT('',#13496);
#4009=VERTEX_POINT('',#13498);
#4010=VERTEX_POINT('',#13503);
#4011=VERTEX_POINT('',#13504);
#4012=VERTEX_POINT('',#13506);
#4013=VERTEX_POINT('',#13508);
#4014=VERTEX_POINT('',#13512);
#4015=VERTEX_POINT('',#13514);
#4016=VERTEX_POINT('',#13518);
#4017=VERTEX_POINT('',#13519);
#4018=VERTEX_POINT('',#13521);
#4019=VERTEX_POINT('',#13523);
#4020=VERTEX_POINT('',#13527);
#4021=VERTEX_POINT('',#13529);
#4022=VERTEX_POINT('',#13533);
#4023=VERTEX_POINT('',#13535);
#4024=VERTEX_POINT('',#13539);
#4025=VERTEX_POINT('',#13541);
#4026=VERTEX_POINT('',#13551);
#4027=VERTEX_POINT('',#13553);
#4028=VERTEX_POINT('',#13557);
#4029=VERTEX_POINT('',#13560);
#4030=VERTEX_POINT('',#13562);
#4031=VERTEX_POINT('',#13566);
#4032=VERTEX_POINT('',#13569);
#4033=VERTEX_POINT('',#13571);
#4034=VERTEX_POINT('',#13575);
#4035=VERTEX_POINT('',#13578);
#4036=VERTEX_POINT('',#13580);
#4037=VERTEX_POINT('',#13584);
#4038=VERTEX_POINT('',#13587);
#4039=VERTEX_POINT('',#13591);
#4040=VERTEX_POINT('',#13595);
#4041=VERTEX_POINT('',#13599);
#4042=VERTEX_POINT('',#13606);
#4043=VERTEX_POINT('',#13608);
#4044=VERTEX_POINT('',#13612);
#4045=VERTEX_POINT('',#13614);
#4046=VERTEX_POINT('',#13618);
#4047=VERTEX_POINT('',#13620);
#4048=VERTEX_POINT('',#13624);
#4049=VERTEX_POINT('',#13626);
#4050=VERTEX_POINT('',#13630);
#4051=VERTEX_POINT('',#13632);
#4052=VERTEX_POINT('',#13634);
#4053=VERTEX_POINT('',#13636);
#4054=VERTEX_POINT('',#13638);
#4055=VERTEX_POINT('',#13644);
#4056=VERTEX_POINT('',#13648);
#4057=VERTEX_POINT('',#13652);
#4058=VERTEX_POINT('',#13656);
#4059=VERTEX_POINT('',#13660);
#4060=VERTEX_POINT('',#13669);
#4061=VERTEX_POINT('',#13673);
#4062=VERTEX_POINT('',#13677);
#4063=VERTEX_POINT('',#13687);
#4064=VERTEX_POINT('',#13688);
#4065=VERTEX_POINT('',#13690);
#4066=VERTEX_POINT('',#13692);
#4067=VERTEX_POINT('',#13696);
#4068=VERTEX_POINT('',#13698);
#4069=VERTEX_POINT('',#13702);
#4070=VERTEX_POINT('',#13704);
#4071=VERTEX_POINT('',#13706);
#4072=VERTEX_POINT('',#13708);
#4073=VERTEX_POINT('',#13710);
#4074=VERTEX_POINT('',#13712);
#4075=VERTEX_POINT('',#13714);
#4076=VERTEX_POINT('',#13716);
#4077=VERTEX_POINT('',#13718);
#4078=VERTEX_POINT('',#13720);
#4079=VERTEX_POINT('',#13722);
#4080=VERTEX_POINT('',#13725);
#4081=VERTEX_POINT('',#13728);
#4082=VERTEX_POINT('',#13732);
#4083=VERTEX_POINT('',#13736);
#4084=VERTEX_POINT('',#13737);
#4085=VERTEX_POINT('',#13744);
#4086=VERTEX_POINT('',#13748);
#4087=VERTEX_POINT('',#13752);
#4088=VERTEX_POINT('',#13756);
#4089=VERTEX_POINT('',#13760);
#4090=VERTEX_POINT('',#13764);
#4091=VERTEX_POINT('',#13768);
#4092=VERTEX_POINT('',#13772);
#4093=VERTEX_POINT('',#13779);
#4094=VERTEX_POINT('',#13781);
#4095=VERTEX_POINT('',#13785);
#4096=VERTEX_POINT('',#13786);
#4097=VERTEX_POINT('',#13788);
#4098=VERTEX_POINT('',#13790);
#4099=VERTEX_POINT('',#13794);
#4100=VERTEX_POINT('',#13795);
#4101=VERTEX_POINT('',#13797);
#4102=VERTEX_POINT('',#13799);
#4103=VERTEX_POINT('',#13809);
#4104=VERTEX_POINT('',#13811);
#4105=VERTEX_POINT('',#13815);
#4106=VERTEX_POINT('',#13819);
#4107=VERTEX_POINT('',#13820);
#4108=VERTEX_POINT('',#13822);
#4109=VERTEX_POINT('',#13824);
#4110=VERTEX_POINT('',#13826);
#4111=VERTEX_POINT('',#13828);
#4112=VERTEX_POINT('',#13830);
#4113=VERTEX_POINT('',#13832);
#4114=VERTEX_POINT('',#13834);
#4115=VERTEX_POINT('',#13836);
#4116=VERTEX_POINT('',#13838);
#4117=VERTEX_POINT('',#13840);
#4118=VERTEX_POINT('',#13842);
#4119=VERTEX_POINT('',#13844);
#4120=VERTEX_POINT('',#13846);
#4121=VERTEX_POINT('',#13848);
#4122=VERTEX_POINT('',#13850);
#4123=VERTEX_POINT('',#13852);
#4124=VERTEX_POINT('',#13854);
#4125=VERTEX_POINT('',#13856);
#4126=VERTEX_POINT('',#13858);
#4127=VERTEX_POINT('',#13860);
#4128=VERTEX_POINT('',#13862);
#4129=VERTEX_POINT('',#13864);
#4130=VERTEX_POINT('',#13866);
#4131=VERTEX_POINT('',#13868);
#4132=VERTEX_POINT('',#13871);
#4133=VERTEX_POINT('',#13872);
#4134=VERTEX_POINT('',#13874);
#4135=VERTEX_POINT('',#13876);
#4136=VERTEX_POINT('',#13879);
#4137=VERTEX_POINT('',#13880);
#4138=VERTEX_POINT('',#13882);
#4139=VERTEX_POINT('',#13884);
#4140=VERTEX_POINT('',#13887);
#4141=VERTEX_POINT('',#13888);
#4142=VERTEX_POINT('',#13890);
#4143=VERTEX_POINT('',#13892);
#4144=VERTEX_POINT('',#13895);
#4145=VERTEX_POINT('',#13896);
#4146=VERTEX_POINT('',#13898);
#4147=VERTEX_POINT('',#13900);
#4148=VERTEX_POINT('',#13903);
#4149=VERTEX_POINT('',#13904);
#4150=VERTEX_POINT('',#13906);
#4151=VERTEX_POINT('',#13908);
#4152=VERTEX_POINT('',#13911);
#4153=VERTEX_POINT('',#13912);
#4154=VERTEX_POINT('',#13914);
#4155=VERTEX_POINT('',#13916);
#4156=VERTEX_POINT('',#13919);
#4157=VERTEX_POINT('',#13921);
#4158=VERTEX_POINT('',#13923);
#4159=VERTEX_POINT('',#13924);
#4160=VERTEX_POINT('',#13926);
#4161=VERTEX_POINT('',#13928);
#4162=VERTEX_POINT('',#13931);
#4163=VERTEX_POINT('',#13932);
#4164=VERTEX_POINT('',#13934);
#4165=VERTEX_POINT('',#13936);
#4166=VERTEX_POINT('',#13938);
#4167=VERTEX_POINT('',#13940);
#4168=VERTEX_POINT('',#13942);
#4169=VERTEX_POINT('',#13944);
#4170=VERTEX_POINT('',#13947);
#4171=VERTEX_POINT('',#13949);
#4172=VERTEX_POINT('',#13951);
#4173=VERTEX_POINT('',#13952);
#4174=VERTEX_POINT('',#13954);
#4175=VERTEX_POINT('',#13956);
#4176=VERTEX_POINT('',#13959);
#4177=VERTEX_POINT('',#13960);
#4178=VERTEX_POINT('',#13962);
#4179=VERTEX_POINT('',#13964);
#4180=VERTEX_POINT('',#13967);
#4181=VERTEX_POINT('',#13968);
#4182=VERTEX_POINT('',#13970);
#4183=VERTEX_POINT('',#13972);
#4184=VERTEX_POINT('',#13975);
#4185=VERTEX_POINT('',#13976);
#4186=VERTEX_POINT('',#13978);
#4187=VERTEX_POINT('',#13980);
#4188=VERTEX_POINT('',#13983);
#4189=VERTEX_POINT('',#13984);
#4190=VERTEX_POINT('',#13986);
#4191=VERTEX_POINT('',#13988);
#4192=VERTEX_POINT('',#13991);
#4193=VERTEX_POINT('',#13992);
#4194=VERTEX_POINT('',#13994);
#4195=VERTEX_POINT('',#13996);
#4196=VERTEX_POINT('',#14000);
#4197=VERTEX_POINT('',#14002);
#4198=VERTEX_POINT('',#14006);
#4199=VERTEX_POINT('',#14010);
#4200=VERTEX_POINT('',#14016);
#4201=VERTEX_POINT('',#14018);
#4202=VERTEX_POINT('',#14022);
#4203=VERTEX_POINT('',#14026);
#4204=VERTEX_POINT('',#14028);
#4205=VERTEX_POINT('',#14032);
#4206=VERTEX_POINT('',#14036);
#4207=VERTEX_POINT('',#14042);
#4208=VERTEX_POINT('',#14044);
#4209=VERTEX_POINT('',#14048);
#4210=VERTEX_POINT('',#14052);
#4211=VERTEX_POINT('',#14054);
#4212=VERTEX_POINT('',#14058);
#4213=VERTEX_POINT('',#14062);
#4214=VERTEX_POINT('',#14068);
#4215=VERTEX_POINT('',#14070);
#4216=VERTEX_POINT('',#14074);
#4217=VERTEX_POINT('',#14078);
#4218=VERTEX_POINT('',#14080);
#4219=VERTEX_POINT('',#14084);
#4220=VERTEX_POINT('',#14088);
#4221=VERTEX_POINT('',#14094);
#4222=VERTEX_POINT('',#14096);
#4223=VERTEX_POINT('',#14100);
#4224=VERTEX_POINT('',#14104);
#4225=VERTEX_POINT('',#14106);
#4226=VERTEX_POINT('',#14110);
#4227=VERTEX_POINT('',#14114);
#4228=VERTEX_POINT('',#14120);
#4229=VERTEX_POINT('',#14122);
#4230=VERTEX_POINT('',#14126);
#4231=VERTEX_POINT('',#14130);
#4232=VERTEX_POINT('',#14132);
#4233=VERTEX_POINT('',#14136);
#4234=VERTEX_POINT('',#14140);
#4235=VERTEX_POINT('',#14146);
#4236=VERTEX_POINT('',#14148);
#4237=VERTEX_POINT('',#14152);
#4238=VERTEX_POINT('',#14156);
#4239=VERTEX_POINT('',#14158);
#4240=VERTEX_POINT('',#14162);
#4241=VERTEX_POINT('',#14166);
#4242=VERTEX_POINT('',#14172);
#4243=VERTEX_POINT('',#14174);
#4244=VERTEX_POINT('',#14178);
#4245=VERTEX_POINT('',#14182);
#4246=VERTEX_POINT('',#14184);
#4247=VERTEX_POINT('',#14188);
#4248=VERTEX_POINT('',#14192);
#4249=VERTEX_POINT('',#14198);
#4250=VERTEX_POINT('',#14200);
#4251=VERTEX_POINT('',#14204);
#4252=VERTEX_POINT('',#14208);
#4253=VERTEX_POINT('',#14210);
#4254=VERTEX_POINT('',#14214);
#4255=VERTEX_POINT('',#14218);
#4256=VERTEX_POINT('',#14224);
#4257=VERTEX_POINT('',#14226);
#4258=VERTEX_POINT('',#14230);
#4259=VERTEX_POINT('',#14234);
#4260=VERTEX_POINT('',#14236);
#4261=VERTEX_POINT('',#14240);
#4262=VERTEX_POINT('',#14244);
#4263=VERTEX_POINT('',#14250);
#4264=VERTEX_POINT('',#14252);
#4265=VERTEX_POINT('',#14256);
#4266=VERTEX_POINT('',#14260);
#4267=VERTEX_POINT('',#14262);
#4268=VERTEX_POINT('',#14266);
#4269=VERTEX_POINT('',#14270);
#4270=VERTEX_POINT('',#14276);
#4271=VERTEX_POINT('',#14278);
#4272=VERTEX_POINT('',#14282);
#4273=VERTEX_POINT('',#14286);
#4274=VERTEX_POINT('',#14288);
#4275=VERTEX_POINT('',#14292);
#4276=VERTEX_POINT('',#14296);
#4277=VERTEX_POINT('',#14302);
#4278=VERTEX_POINT('',#14304);
#4279=VERTEX_POINT('',#14308);
#4280=VERTEX_POINT('',#14312);
#4281=VERTEX_POINT('',#14316);
#4282=VERTEX_POINT('',#14317);
#4283=VERTEX_POINT('',#14319);
#4284=VERTEX_POINT('',#14321);
#4285=VERTEX_POINT('',#14325);
#4286=VERTEX_POINT('',#14327);
#4287=VERTEX_POINT('',#14331);
#4288=VERTEX_POINT('',#14336);
#4289=VERTEX_POINT('',#14340);
#4290=VERTEX_POINT('',#14341);
#4291=VERTEX_POINT('',#14343);
#4292=VERTEX_POINT('',#14345);
#4293=VERTEX_POINT('',#14349);
#4294=VERTEX_POINT('',#14351);
#4295=VERTEX_POINT('',#14355);
#4296=VERTEX_POINT('',#14357);
#4297=VERTEX_POINT('',#14359);
#4298=VERTEX_POINT('',#14361);
#4299=VERTEX_POINT('',#14363);
#4300=VERTEX_POINT('',#14367);
#4301=VERTEX_POINT('',#14369);
#4302=VERTEX_POINT('',#14373);
#4303=VERTEX_POINT('',#14375);
#4304=VERTEX_POINT('',#14377);
#4305=VERTEX_POINT('',#14379);
#4306=VERTEX_POINT('',#14381);
#4307=VERTEX_POINT('',#14385);
#4308=VERTEX_POINT('',#14387);
#4309=VERTEX_POINT('',#14391);
#4310=VERTEX_POINT('',#14393);
#4311=VERTEX_POINT('',#14395);
#4312=VERTEX_POINT('',#14399);
#4313=VERTEX_POINT('',#14400);
#4314=VERTEX_POINT('',#14405);
#4315=VERTEX_POINT('',#14409);
#4316=VERTEX_POINT('',#14411);
#4317=VERTEX_POINT('',#14415);
#4318=VERTEX_POINT('',#14417);
#4319=VERTEX_POINT('',#14421);
#4320=VERTEX_POINT('',#14423);
#4321=VERTEX_POINT('',#14427);
#4322=VERTEX_POINT('',#14431);
#4323=VERTEX_POINT('',#14433);
#4324=VERTEX_POINT('',#14439);
#4325=VERTEX_POINT('',#14441);
#4326=VERTEX_POINT('',#14445);
#4327=VERTEX_POINT('',#14449);
#4328=VERTEX_POINT('',#14451);
#4329=VERTEX_POINT('',#14456);
#4330=VERTEX_POINT('',#14459);
#4331=VERTEX_POINT('',#14461);
#4332=VERTEX_POINT('',#14465);
#4333=VERTEX_POINT('',#14469);
#4334=VERTEX_POINT('',#14476);
#4335=VERTEX_POINT('',#14480);
#4336=VERTEX_POINT('',#14482);
#4337=VERTEX_POINT('',#14486);
#4338=VERTEX_POINT('',#14490);
#4339=VERTEX_POINT('',#14492);
#4340=VERTEX_POINT('',#14498);
#4341=VERTEX_POINT('',#14499);
#4342=VERTEX_POINT('',#14504);
#4343=VERTEX_POINT('',#14506);
#4344=VERTEX_POINT('',#14509);
#4345=VERTEX_POINT('',#14517);
#4346=VERTEX_POINT('',#14519);
#4347=VERTEX_POINT('',#14525);
#4348=VERTEX_POINT('',#14527);
#4349=VERTEX_POINT('',#14531);
#4350=VERTEX_POINT('',#14533);
#4351=VERTEX_POINT('',#14537);
#4352=VERTEX_POINT('',#14538);
#4353=VERTEX_POINT('',#14540);
#4354=VERTEX_POINT('',#14542);
#4355=VERTEX_POINT('',#14546);
#4356=VERTEX_POINT('',#14548);
#4357=VERTEX_POINT('',#14552);
#4358=VERTEX_POINT('',#14554);
#4359=VERTEX_POINT('',#14564);
#4360=VERTEX_POINT('',#14570);
#4361=VERTEX_POINT('',#14576);
#4362=VERTEX_POINT('',#14582);
#4363=VERTEX_POINT('',#14588);
#4364=VERTEX_POINT('',#14592);
#4365=VERTEX_POINT('',#14598);
#4366=VERTEX_POINT('',#14602);
#4367=VERTEX_POINT('',#14608);
#4368=VERTEX_POINT('',#14612);
#4369=VERTEX_POINT('',#14618);
#4370=VERTEX_POINT('',#14622);
#4371=VERTEX_POINT('',#14623);
#4372=VERTEX_POINT('',#14625);
#4373=VERTEX_POINT('',#14627);
#4374=VERTEX_POINT('',#14631);
#4375=VERTEX_POINT('',#14633);
#4376=VERTEX_POINT('',#14637);
#4377=VERTEX_POINT('',#14639);
#4378=VERTEX_POINT('',#14647);
#4379=VERTEX_POINT('',#14648);
#4380=VERTEX_POINT('',#14650);
#4381=VERTEX_POINT('',#14652);
#4382=VERTEX_POINT('',#14656);
#4383=VERTEX_POINT('',#14658);
#4384=VERTEX_POINT('',#14662);
#4385=VERTEX_POINT('',#14664);
#4386=VERTEX_POINT('',#14672);
#4387=VERTEX_POINT('',#14673);
#4388=VERTEX_POINT('',#14675);
#4389=VERTEX_POINT('',#14677);
#4390=VERTEX_POINT('',#14681);
#4391=VERTEX_POINT('',#14683);
#4392=VERTEX_POINT('',#14687);
#4393=VERTEX_POINT('',#14689);
#4394=VERTEX_POINT('',#14697);
#4395=VERTEX_POINT('',#14698);
#4396=VERTEX_POINT('',#14700);
#4397=VERTEX_POINT('',#14702);
#4398=VERTEX_POINT('',#14706);
#4399=VERTEX_POINT('',#14708);
#4400=VERTEX_POINT('',#14712);
#4401=VERTEX_POINT('',#14714);
#4402=VERTEX_POINT('',#14722);
#4403=VERTEX_POINT('',#14723);
#4404=VERTEX_POINT('',#14725);
#4405=VERTEX_POINT('',#14727);
#4406=VERTEX_POINT('',#14731);
#4407=VERTEX_POINT('',#14733);
#4408=VERTEX_POINT('',#14737);
#4409=VERTEX_POINT('',#14739);
#4410=VERTEX_POINT('',#14748);
#4411=VERTEX_POINT('',#14749);
#4412=VERTEX_POINT('',#14751);
#4413=VERTEX_POINT('',#14753);
#4414=VERTEX_POINT('',#14757);
#4415=VERTEX_POINT('',#14759);
#4416=VERTEX_POINT('',#14763);
#4417=VERTEX_POINT('',#14765);
#4418=VERTEX_POINT('',#14773);
#4419=VERTEX_POINT('',#14774);
#4420=VERTEX_POINT('',#14776);
#4421=VERTEX_POINT('',#14778);
#4422=VERTEX_POINT('',#14782);
#4423=VERTEX_POINT('',#14784);
#4424=VERTEX_POINT('',#14788);
#4425=VERTEX_POINT('',#14790);
#4426=VERTEX_POINT('',#14799);
#4427=VERTEX_POINT('',#14800);
#4428=VERTEX_POINT('',#14802);
#4429=VERTEX_POINT('',#14804);
#4430=VERTEX_POINT('',#14808);
#4431=VERTEX_POINT('',#14810);
#4432=VERTEX_POINT('',#14814);
#4433=VERTEX_POINT('',#14816);
#4434=VERTEX_POINT('',#14824);
#4435=VERTEX_POINT('',#14825);
#4436=VERTEX_POINT('',#14827);
#4437=VERTEX_POINT('',#14829);
#4438=VERTEX_POINT('',#14833);
#4439=VERTEX_POINT('',#14835);
#4440=VERTEX_POINT('',#14839);
#4441=VERTEX_POINT('',#14841);
#4442=VERTEX_POINT('',#14850);
#4443=VERTEX_POINT('',#14851);
#4444=VERTEX_POINT('',#14853);
#4445=VERTEX_POINT('',#14855);
#4446=VERTEX_POINT('',#14859);
#4447=VERTEX_POINT('',#14861);
#4448=VERTEX_POINT('',#14865);
#4449=VERTEX_POINT('',#14867);
#4450=VERTEX_POINT('',#14875);
#4451=VERTEX_POINT('',#14876);
#4452=VERTEX_POINT('',#14878);
#4453=VERTEX_POINT('',#14880);
#4454=VERTEX_POINT('',#14884);
#4455=VERTEX_POINT('',#14886);
#4456=VERTEX_POINT('',#14890);
#4457=VERTEX_POINT('',#14892);
#4458=VERTEX_POINT('',#14905);
#4459=VERTEX_POINT('',#14911);
#4460=VERTEX_POINT('',#14912);
#4461=VERTEX_POINT('',#14914);
#4462=VERTEX_POINT('',#14916);
#4463=VERTEX_POINT('',#14920);
#4464=VERTEX_POINT('',#14922);
#4465=VERTEX_POINT('',#14926);
#4466=VERTEX_POINT('',#14928);
#4467=VERTEX_POINT('',#14936);
#4468=VERTEX_POINT('',#14937);
#4469=VERTEX_POINT('',#14939);
#4470=VERTEX_POINT('',#14941);
#4471=VERTEX_POINT('',#14945);
#4472=VERTEX_POINT('',#14946);
#4473=VERTEX_POINT('',#14948);
#4474=VERTEX_POINT('',#14950);
#4475=VERTEX_POINT('',#14954);
#4476=VERTEX_POINT('',#14955);
#4477=VERTEX_POINT('',#14957);
#4478=VERTEX_POINT('',#14959);
#4479=VERTEX_POINT('',#14963);
#4480=VERTEX_POINT('',#14964);
#4481=VERTEX_POINT('',#14966);
#4482=VERTEX_POINT('',#14968);
#4483=VERTEX_POINT('',#14972);
#4484=VERTEX_POINT('',#14973);
#4485=VERTEX_POINT('',#14975);
#4486=VERTEX_POINT('',#14977);
#4487=VERTEX_POINT('',#14981);
#4488=VERTEX_POINT('',#14982);
#4489=VERTEX_POINT('',#14984);
#4490=VERTEX_POINT('',#14986);
#4491=VERTEX_POINT('',#14990);
#4492=VERTEX_POINT('',#14991);
#4493=VERTEX_POINT('',#14993);
#4494=VERTEX_POINT('',#14995);
#4495=VERTEX_POINT('',#14999);
#4496=VERTEX_POINT('',#15000);
#4497=VERTEX_POINT('',#15002);
#4498=VERTEX_POINT('',#15004);
#4499=VERTEX_POINT('',#15008);
#4500=VERTEX_POINT('',#15009);
#4501=VERTEX_POINT('',#15011);
#4502=VERTEX_POINT('',#15013);
#4503=VERTEX_POINT('',#15017);
#4504=VERTEX_POINT('',#15018);
#4505=VERTEX_POINT('',#15020);
#4506=VERTEX_POINT('',#15022);
#4507=VERTEX_POINT('',#15026);
#4508=VERTEX_POINT('',#15027);
#4509=VERTEX_POINT('',#15029);
#4510=VERTEX_POINT('',#15031);
#4511=VERTEX_POINT('',#15035);
#4512=VERTEX_POINT('',#15036);
#4513=VERTEX_POINT('',#15038);
#4514=VERTEX_POINT('',#15040);
#4515=VERTEX_POINT('',#15044);
#4516=VERTEX_POINT('',#15045);
#4517=VERTEX_POINT('',#15047);
#4518=VERTEX_POINT('',#15049);
#4519=VERTEX_POINT('',#15053);
#4520=VERTEX_POINT('',#15054);
#4521=VERTEX_POINT('',#15059);
#4522=VERTEX_POINT('',#15063);
#4523=VERTEX_POINT('',#15069);
#4524=VERTEX_POINT('',#15070);
#4525=VERTEX_POINT('',#15075);
#4526=VERTEX_POINT('',#15079);
#4527=VERTEX_POINT('',#15085);
#4528=VERTEX_POINT('',#15089);
#4529=VERTEX_POINT('',#15090);
#4530=VERTEX_POINT('',#15095);
#4531=VERTEX_POINT('',#15099);
#4532=VERTEX_POINT('',#15105);
#4533=VERTEX_POINT('',#15106);
#4534=VERTEX_POINT('',#15111);
#4535=VERTEX_POINT('',#15115);
#4536=VERTEX_POINT('',#15121);
#4537=VERTEX_POINT('',#15122);
#4538=VERTEX_POINT('',#15127);
#4539=VERTEX_POINT('',#15131);
#4540=VERTEX_POINT('',#15137);
#4541=VERTEX_POINT('',#15138);
#4542=VERTEX_POINT('',#15143);
#4543=VERTEX_POINT('',#15147);
#4544=VERTEX_POINT('',#15153);
#4545=VERTEX_POINT('',#15154);
#4546=VERTEX_POINT('',#15159);
#4547=VERTEX_POINT('',#15163);
#4548=VERTEX_POINT('',#15169);
#4549=VERTEX_POINT('',#15170);
#4550=VERTEX_POINT('',#15175);
#4551=VERTEX_POINT('',#15179);
#4552=VERTEX_POINT('',#15185);
#4553=VERTEX_POINT('',#15186);
#4554=VERTEX_POINT('',#15191);
#4555=VERTEX_POINT('',#15195);
#4556=VERTEX_POINT('',#15201);
#4557=VERTEX_POINT('',#15202);
#4558=VERTEX_POINT('',#15207);
#4559=VERTEX_POINT('',#15211);
#4560=VERTEX_POINT('',#15217);
#4561=VERTEX_POINT('',#15221);
#4562=VERTEX_POINT('',#15227);
#4563=VERTEX_POINT('',#15233);
#4564=VERTEX_POINT('',#15237);
#4565=VERTEX_POINT('',#15241);
#4566=VERTEX_POINT('',#15242);
#4567=VERTEX_POINT('',#15247);
#4568=VERTEX_POINT('',#15251);
#4569=VERTEX_POINT('',#15257);
#4570=VERTEX_POINT('',#15258);
#4571=VERTEX_POINT('',#15263);
#4572=VERTEX_POINT('',#15267);
#4573=VERTEX_POINT('',#15273);
#4574=VERTEX_POINT('',#15274);
#4575=VERTEX_POINT('',#15279);
#4576=VERTEX_POINT('',#15283);
#4577=VERTEX_POINT('',#15289);
#4578=VERTEX_POINT('',#15293);
#4579=VERTEX_POINT('',#15297);
#4580=VERTEX_POINT('',#15301);
#4581=VERTEX_POINT('',#15305);
#4582=VERTEX_POINT('',#15309);
#4583=VERTEX_POINT('',#15315);
#4584=VERTEX_POINT('',#15323);
#4585=VERTEX_POINT('',#15327);
#4586=VERTEX_POINT('',#15331);
#4587=VERTEX_POINT('',#15335);
#4588=VERTEX_POINT('',#15339);
#4589=VERTEX_POINT('',#15345);
#4590=VERTEX_POINT('',#15352);
#4591=VERTEX_POINT('',#15353);
#4592=VERTEX_POINT('',#15355);
#4593=VERTEX_POINT('',#15357);
#4594=VERTEX_POINT('',#15361);
#4595=VERTEX_POINT('',#15363);
#4596=VERTEX_POINT('',#15367);
#4597=VERTEX_POINT('',#15369);
#4598=VERTEX_POINT('',#15372);
#4599=VERTEX_POINT('',#15373);
#4600=VERTEX_POINT('',#15375);
#4601=VERTEX_POINT('',#15377);
#4602=VERTEX_POINT('',#15379);
#4603=VERTEX_POINT('',#15381);
#4604=VERTEX_POINT('',#15383);
#4605=VERTEX_POINT('',#15385);
#4606=VERTEX_POINT('',#15389);
#4607=VERTEX_POINT('',#15391);
#4608=VERTEX_POINT('',#15395);
#4609=VERTEX_POINT('',#15397);
#4610=VERTEX_POINT('',#15401);
#4611=VERTEX_POINT('',#15402);
#4612=VERTEX_POINT('',#15404);
#4613=VERTEX_POINT('',#15406);
#4614=VERTEX_POINT('',#15410);
#4615=VERTEX_POINT('',#15412);
#4616=VERTEX_POINT('',#15416);
#4617=VERTEX_POINT('',#15417);
#4618=VERTEX_POINT('',#15422);
#4619=VERTEX_POINT('',#15424);
#4620=VERTEX_POINT('',#15428);
#4621=VERTEX_POINT('',#15429);
#4622=VERTEX_POINT('',#15434);
#4623=VERTEX_POINT('',#15436);
#4624=VERTEX_POINT('',#15440);
#4625=VERTEX_POINT('',#15441);
#4626=VERTEX_POINT('',#15458);
#4627=VERTEX_POINT('',#15459);
#4628=VERTEX_POINT('',#15461);
#4629=VERTEX_POINT('',#15463);
#4630=VERTEX_POINT('',#15465);
#4631=VERTEX_POINT('',#15467);
#4632=VERTEX_POINT('',#15469);
#4633=VERTEX_POINT('',#15471);
#4634=VERTEX_POINT('',#15474);
#4635=VERTEX_POINT('',#15475);
#4636=VERTEX_POINT('',#15477);
#4637=VERTEX_POINT('',#15479);
#4638=VERTEX_POINT('',#15481);
#4639=VERTEX_POINT('',#15483);
#4640=VERTEX_POINT('',#15485);
#4641=VERTEX_POINT('',#15487);
#4642=VERTEX_POINT('',#15489);
#4643=VERTEX_POINT('',#15491);
#4644=VERTEX_POINT('',#15493);
#4645=VERTEX_POINT('',#15495);
#4646=VERTEX_POINT('',#15497);
#4647=VERTEX_POINT('',#15499);
#4648=VERTEX_POINT('',#15501);
#4649=VERTEX_POINT('',#15503);
#4650=VERTEX_POINT('',#15506);
#4651=VERTEX_POINT('',#15509);
#4652=VERTEX_POINT('',#15511);
#4653=VERTEX_POINT('',#15515);
#4654=VERTEX_POINT('',#15519);
#4655=VERTEX_POINT('',#15523);
#4656=VERTEX_POINT('',#15527);
#4657=VERTEX_POINT('',#15531);
#4658=VERTEX_POINT('',#15535);
#4659=VERTEX_POINT('',#15539);
#4660=VERTEX_POINT('',#15543);
#4661=VERTEX_POINT('',#15547);
#4662=VERTEX_POINT('',#15551);
#4663=VERTEX_POINT('',#15555);
#4664=VERTEX_POINT('',#15559);
#4665=VERTEX_POINT('',#15563);
#4666=VERTEX_POINT('',#15567);
#4667=VERTEX_POINT('',#15573);
#4668=VERTEX_POINT('',#15575);
#4669=VERTEX_POINT('',#15579);
#4670=VERTEX_POINT('',#15583);
#4671=VERTEX_POINT('',#15587);
#4672=VERTEX_POINT('',#15591);
#4673=VERTEX_POINT('',#15595);
#4674=VERTEX_POINT('',#15599);
#4675=VERTEX_POINT('',#15603);
#4676=VERTEX_POINT('',#15607);
#4677=VERTEX_POINT('',#15611);
#4678=VERTEX_POINT('',#15615);
#4679=VERTEX_POINT('',#15621);
#4680=VERTEX_POINT('',#15632);
#4681=VERTEX_POINT('',#15634);
#4682=VERTEX_POINT('',#15638);
#4683=VERTEX_POINT('',#15639);
#4684=VERTEX_POINT('',#15641);
#4685=VERTEX_POINT('',#15643);
#4686=VERTEX_POINT('',#15645);
#4687=VERTEX_POINT('',#15647);
#4688=VERTEX_POINT('',#15649);
#4689=VERTEX_POINT('',#15651);
#4690=VERTEX_POINT('',#15654);
#4691=VERTEX_POINT('',#15657);
#4692=VERTEX_POINT('',#15658);
#4693=VERTEX_POINT('',#15660);
#4694=VERTEX_POINT('',#15662);
#4695=VERTEX_POINT('',#15664);
#4696=VERTEX_POINT('',#15666);
#4697=VERTEX_POINT('',#15668);
#4698=VERTEX_POINT('',#15670);
#4699=VERTEX_POINT('',#15673);
#4700=VERTEX_POINT('',#15675);
#4701=VERTEX_POINT('',#15678);
#4702=VERTEX_POINT('',#15680);
#4703=VERTEX_POINT('',#15682);
#4704=VERTEX_POINT('',#15685);
#4705=VERTEX_POINT('',#15687);
#4706=VERTEX_POINT('',#15689);
#4707=VERTEX_POINT('',#15691);
#4708=VERTEX_POINT('',#15703);
#4709=VERTEX_POINT('',#15705);
#4710=VERTEX_POINT('',#15709);
#4711=VERTEX_POINT('',#15713);
#4712=VERTEX_POINT('',#15717);
#4713=VERTEX_POINT('',#15721);
#4714=VERTEX_POINT('',#15725);
#4715=VERTEX_POINT('',#15729);
#4716=VERTEX_POINT('',#15735);
#4717=VERTEX_POINT('',#15737);
#4718=VERTEX_POINT('',#15741);
#4719=VERTEX_POINT('',#15744);
#4720=VERTEX_POINT('',#15745);
#4721=VERTEX_POINT('',#15747);
#4722=VERTEX_POINT('',#15749);
#4723=VERTEX_POINT('',#15752);
#4724=VERTEX_POINT('',#15753);
#4725=VERTEX_POINT('',#15755);
#4726=VERTEX_POINT('',#15757);
#4727=VERTEX_POINT('',#15759);
#4728=VERTEX_POINT('',#15761);
#4729=VERTEX_POINT('',#15763);
#4730=VERTEX_POINT('',#15765);
#4731=VERTEX_POINT('',#15769);
#4732=VERTEX_POINT('',#15773);
#4733=VERTEX_POINT('',#15777);
#4734=VERTEX_POINT('',#15778);
#4735=VERTEX_POINT('',#15783);
#4736=VERTEX_POINT('',#15787);
#4737=VERTEX_POINT('',#15791);
#4738=VERTEX_POINT('',#15795);
#4739=VERTEX_POINT('',#15799);
#4740=VERTEX_POINT('',#15803);
#4741=VERTEX_POINT('',#15809);
#4742=VERTEX_POINT('',#15813);
#4743=VERTEX_POINT('',#15816);
#4744=VERTEX_POINT('',#15820);
#4745=VERTEX_POINT('',#15825);
#4746=VERTEX_POINT('',#15826);
#4747=VERTEX_POINT('',#15831);
#4748=VERTEX_POINT('',#15835);
#4749=VERTEX_POINT('',#15839);
#4750=VERTEX_POINT('',#15843);
#4751=VERTEX_POINT('',#15847);
#4752=VERTEX_POINT('',#15851);
#4753=VERTEX_POINT('',#15857);
#4754=VERTEX_POINT('',#15858);
#4755=VERTEX_POINT('',#15863);
#4756=VERTEX_POINT('',#15867);
#4757=VERTEX_POINT('',#15873);
#4758=VERTEX_POINT('',#15874);
#4759=VERTEX_POINT('',#15879);
#4760=VERTEX_POINT('',#15884);
#4761=VERTEX_POINT('',#15889);
#4762=VERTEX_POINT('',#15894);
#4763=VERTEX_POINT('',#15903);
#4764=VERTEX_POINT('',#15907);
#4765=VERTEX_POINT('',#15911);
#4766=VERTEX_POINT('',#15915);
#4767=VERTEX_POINT('',#15919);
#4768=VERTEX_POINT('',#15923);
#4769=VERTEX_POINT('',#15929);
#4770=VERTEX_POINT('',#15933);
#4771=VERTEX_POINT('',#15937);
#4772=VERTEX_POINT('',#15944);
#4773=VERTEX_POINT('',#15945);
#4774=VERTEX_POINT('',#15947);
#4775=VERTEX_POINT('',#15949);
#4776=VERTEX_POINT('',#15953);
#4777=VERTEX_POINT('',#15954);
#4778=VERTEX_POINT('',#15959);
#4779=VERTEX_POINT('',#15960);
#4780=VERTEX_POINT('',#15968);
#4781=VERTEX_POINT('',#15970);
#4782=VERTEX_POINT('',#15974);
#4783=VERTEX_POINT('',#15979);
#4784=VERTEX_POINT('',#15985);
#4785=VERTEX_POINT('',#15986);
#4786=VERTEX_POINT('',#15988);
#4787=VERTEX_POINT('',#15990);
#4788=VERTEX_POINT('',#15994);
#4789=VERTEX_POINT('',#15995);
#4790=VERTEX_POINT('',#15997);
#4791=VERTEX_POINT('',#15999);
#4792=VERTEX_POINT('',#16009);
#4793=VERTEX_POINT('',#16011);
#4794=VERTEX_POINT('',#16015);
#4795=VERTEX_POINT('',#16020);
#4796=VERTEX_POINT('',#16027);
#4797=VERTEX_POINT('',#16028);
#4798=VERTEX_POINT('',#16031);
#4799=VERTEX_POINT('',#16036);
#4800=VERTEX_POINT('',#16040);
#4801=VERTEX_POINT('',#16041);
#4802=VERTEX_POINT('',#16043);
#4803=VERTEX_POINT('',#16048);
#4804=VERTEX_POINT('',#16052);
#4805=VERTEX_POINT('',#16053);
#4806=VERTEX_POINT('',#16055);
#4807=VERTEX_POINT('',#16060);
#4808=VERTEX_POINT('',#16067);
#4809=VERTEX_POINT('',#16069);
#4810=VERTEX_POINT('',#16076);
#4811=VERTEX_POINT('',#16077);
#4812=VERTEX_POINT('',#16079);
#4813=VERTEX_POINT('',#16081);
#4814=VERTEX_POINT('',#16091);
#4815=VERTEX_POINT('',#16093);
#4816=VERTEX_POINT('',#16100);
#4817=VERTEX_POINT('',#16102);
#4818=VERTEX_POINT('',#16107);
#4819=VERTEX_POINT('',#16109);
#4820=VERTEX_POINT('',#16113);
#4821=VERTEX_POINT('',#16117);
#4822=VERTEX_POINT('',#16120);
#4823=VERTEX_POINT('',#16121);
#4824=VERTEX_POINT('',#16124);
#4825=VERTEX_POINT('',#16129);
#4826=VERTEX_POINT('',#16133);
#4827=VERTEX_POINT('',#16136);
#4828=VERTEX_POINT('',#16138);
#4829=VERTEX_POINT('',#16149);
#4830=VERTEX_POINT('',#16151);
#4831=VERTEX_POINT('',#16156);
#4832=EDGE_CURVE('',#3958,#3959,#1672,.T.);
#4833=EDGE_CURVE('',#3958,#3960,#1673,.T.);
#4834=EDGE_CURVE('',#3961,#3960,#1674,.T.);
#4835=EDGE_CURVE('',#3961,#3959,#1675,.T.);
#4836=EDGE_CURVE('',#3962,#3959,#1676,.T.);
#4837=EDGE_CURVE('',#3963,#3962,#1677,.T.);
#4838=EDGE_CURVE('',#3963,#3964,#1678,.T.);
#4839=EDGE_CURVE('',#3964,#3965,#1679,.T.);
#4840=EDGE_CURVE('',#3965,#3966,#1680,.T.);
#4841=EDGE_CURVE('',#3958,#3966,#1681,.F.);
#4842=EDGE_CURVE('',#3967,#3961,#1682,.T.);
#4843=EDGE_CURVE('',#3962,#3967,#1683,.T.);
#4844=EDGE_CURVE('',#3968,#3969,#173,.T.);
#4845=EDGE_CURVE('',#3968,#3970,#1684,.T.);
#4846=EDGE_CURVE('',#3970,#3971,#174,.T.);
#4847=EDGE_CURVE('',#3971,#3969,#1685,.T.);
#4848=EDGE_CURVE('',#3968,#3972,#1686,.T.);
#4849=EDGE_CURVE('',#3973,#3972,#1687,.T.);
#4850=EDGE_CURVE('',#3970,#3973,#1688,.T.);
#4851=EDGE_CURVE('',#3974,#3972,#175,.T.);
#4852=EDGE_CURVE('',#3974,#3975,#1689,.T.);
#4853=EDGE_CURVE('',#3975,#3973,#176,.T.);
#4854=EDGE_CURVE('',#3974,#3976,#1690,.T.);
#4855=EDGE_CURVE('',#3977,#3976,#1691,.T.);
#4856=EDGE_CURVE('',#3975,#3977,#1692,.T.);
#4857=EDGE_CURVE('',#3978,#3976,#177,.T.);
#4858=EDGE_CURVE('',#3978,#3979,#1693,.T.);
#4859=EDGE_CURVE('',#3979,#3977,#178,.T.);
#4860=EDGE_CURVE('',#3978,#3980,#1694,.T.);
#4861=EDGE_CURVE('',#3981,#3980,#1695,.T.);
#4862=EDGE_CURVE('',#3979,#3981,#1696,.T.);
#4863=EDGE_CURVE('',#3982,#3980,#179,.T.);
#4864=EDGE_CURVE('',#3982,#3983,#1697,.T.);
#4865=EDGE_CURVE('',#3983,#3981,#180,.T.);
#4866=EDGE_CURVE('',#3982,#3969,#1698,.T.);
#4867=EDGE_CURVE('',#3984,#3985,#161,.T.);
#4868=EDGE_CURVE('',#3984,#3986,#1699,.T.);
#4869=EDGE_CURVE('',#3986,#3987,#181,.T.);
#4870=EDGE_CURVE('',#3987,#3985,#1700,.T.);
#4871=EDGE_CURVE('',#3988,#3989,#162,.T.);
#4872=EDGE_CURVE('',#3988,#3990,#1701,.T.);
#4873=EDGE_CURVE('',#3990,#3991,#182,.T.);
#4874=EDGE_CURVE('',#3991,#3989,#1702,.T.);
#4875=EDGE_CURVE('',#3989,#3984,#1703,.F.);
#4876=EDGE_CURVE('',#3986,#3991,#1704,.T.);
#4877=EDGE_CURVE('',#3992,#3993,#163,.T.);
#4878=EDGE_CURVE('',#3992,#3994,#1705,.T.);
#4879=EDGE_CURVE('',#3994,#3995,#183,.T.);
#4880=EDGE_CURVE('',#3995,#3993,#1706,.T.);
#4881=EDGE_CURVE('',#3993,#3988,#1707,.F.);
#4882=EDGE_CURVE('',#3990,#3995,#1708,.T.);
#4883=EDGE_CURVE('',#3996,#3997,#184,.T.);
#4884=EDGE_CURVE('',#3996,#3998,#1709,.T.);
#4885=EDGE_CURVE('',#3998,#3999,#185,.T.);
#4886=EDGE_CURVE('',#3999,#3997,#1710,.T.);
#4887=EDGE_CURVE('',#4000,#3999,#1711,.T.);
#4888=EDGE_CURVE('',#4000,#4001,#1712,.T.);
#4889=EDGE_CURVE('',#4001,#3997,#1713,.T.);
#4890=EDGE_CURVE('',#4002,#4003,#186,.T.);
#4891=EDGE_CURVE('',#4003,#4004,#1714,.T.);
#4892=EDGE_CURVE('',#4004,#4005,#187,.F.);
#4893=EDGE_CURVE('',#4005,#4002,#1715,.T.);
#4894=EDGE_CURVE('',#4005,#4006,#1716,.T.);
#4895=EDGE_CURVE('',#4006,#4007,#1717,.T.);
#4896=EDGE_CURVE('',#4008,#4007,#1718,.F.);
#4897=EDGE_CURVE('',#4009,#4008,#1719,.T.);
#4898=EDGE_CURVE('',#4009,#3964,#1720,.T.);
#4899=EDGE_CURVE('',#4002,#3963,#1721,.T.);
#4900=EDGE_CURVE('',#4010,#4011,#1722,.T.);
#4901=EDGE_CURVE('',#4010,#4012,#1723,.T.);
#4902=EDGE_CURVE('',#4013,#4012,#1724,.T.);
#4903=EDGE_CURVE('',#4011,#4013,#1725,.T.);
#4904=EDGE_CURVE('',#4011,#4014,#164,.T.);
#4905=EDGE_CURVE('',#4015,#4013,#188,.T.);
#4906=EDGE_CURVE('',#4014,#4015,#1726,.T.);
#4907=EDGE_CURVE('',#4016,#4017,#165,.T.);
#4908=EDGE_CURVE('',#4016,#4018,#1727,.T.);
#4909=EDGE_CURVE('',#4019,#4018,#189,.T.);
#4910=EDGE_CURVE('',#4017,#4019,#1728,.T.);
#4911=EDGE_CURVE('',#4017,#4020,#1729,.T.);
#4912=EDGE_CURVE('',#4021,#4019,#1730,.T.);
#4913=EDGE_CURVE('',#4020,#4021,#1731,.T.);
#4914=EDGE_CURVE('',#4020,#4022,#166,.T.);
#4915=EDGE_CURVE('',#4023,#4021,#190,.T.);
#4916=EDGE_CURVE('',#4022,#4023,#1732,.T.);
#4917=EDGE_CURVE('',#4022,#4024,#1733,.T.);
#4918=EDGE_CURVE('',#4025,#4023,#1734,.T.);
#4919=EDGE_CURVE('',#4024,#4025,#1735,.T.);
#4920=EDGE_CURVE('',#4024,#4010,#167,.T.);
#4921=EDGE_CURVE('',#4012,#4025,#191,.T.);
#4922=EDGE_CURVE('',#4018,#4015,#1736,.T.);
#4923=EDGE_CURVE('',#4014,#4016,#1737,.T.);
#4924=EDGE_CURVE('',#4026,#4026,#192,.T.);
#4925=EDGE_CURVE('',#4026,#4027,#1738,.T.);
#4926=EDGE_CURVE('',#4027,#4027,#168,.T.);
#4927=EDGE_CURVE('',#4028,#4028,#193,.T.);
#4928=EDGE_CURVE('',#4029,#4029,#194,.T.);
#4929=EDGE_CURVE('',#4029,#4030,#1739,.T.);
#4930=EDGE_CURVE('',#4030,#4030,#169,.T.);
#4931=EDGE_CURVE('',#4031,#4031,#195,.T.);
#4932=EDGE_CURVE('',#4032,#4032,#196,.T.);
#4933=EDGE_CURVE('',#4032,#4033,#1740,.T.);
#4934=EDGE_CURVE('',#4033,#4033,#170,.T.);
#4935=EDGE_CURVE('',#4034,#4034,#197,.T.);
#4936=EDGE_CURVE('',#4035,#4035,#198,.T.);
#4937=EDGE_CURVE('',#4035,#4036,#1741,.T.);
#4938=EDGE_CURVE('',#4036,#4036,#171,.T.);
#4939=EDGE_CURVE('',#4037,#4037,#199,.T.);
#4940=EDGE_CURVE('',#4038,#4038,#200,.T.);
#4941=EDGE_CURVE('',#4038,#4031,#1742,.T.);
#4942=EDGE_CURVE('',#4039,#4039,#201,.T.);
#4943=EDGE_CURVE('',#4039,#4028,#1743,.T.);
#4944=EDGE_CURVE('',#4040,#4040,#202,.T.);
#4945=EDGE_CURVE('',#4040,#4034,#1744,.T.);
#4946=EDGE_CURVE('',#4041,#4041,#203,.T.);
#4947=EDGE_CURVE('',#4041,#4037,#1745,.T.);
#4948=EDGE_CURVE('',#3996,#4004,#1746,.T.);
#4949=EDGE_CURVE('',#3998,#4003,#1747,.T.);
#4950=EDGE_CURVE('',#4042,#4000,#204,.T.);
#4951=EDGE_CURVE('',#4042,#4043,#1748,.T.);
#4952=EDGE_CURVE('',#4043,#4001,#205,.T.);
#4953=EDGE_CURVE('',#4044,#4042,#1749,.T.);
#4954=EDGE_CURVE('',#4044,#4045,#1750,.T.);
#4955=EDGE_CURVE('',#4045,#4043,#1751,.T.);
#4956=EDGE_CURVE('',#4046,#4044,#206,.T.);
#4957=EDGE_CURVE('',#4046,#4047,#1752,.T.);
#4958=EDGE_CURVE('',#4047,#4045,#207,.T.);
#4959=EDGE_CURVE('',#4048,#4046,#1753,.T.);
#4960=EDGE_CURVE('',#4048,#4049,#1754,.T.);
#4961=EDGE_CURVE('',#4049,#4047,#1755,.T.);
#4962=EDGE_CURVE('',#4050,#4049,#208,.T.);
#4963=EDGE_CURVE('',#4051,#4050,#1756,.T.);
#4964=EDGE_CURVE('',#4052,#4051,#1757,.T.);
#4965=EDGE_CURVE('',#4053,#4052,#1758,.T.);
#4966=EDGE_CURVE('',#4054,#4053,#1759,.T.);
#4967=EDGE_CURVE('',#4006,#4054,#1760,.T.);
#4968=EDGE_CURVE('',#3983,#3971,#1761,.T.);
#4969=EDGE_CURVE('',#4055,#4009,#1762,.T.);
#4970=EDGE_CURVE('',#3965,#4055,#1763,.T.);
#4971=EDGE_CURVE('',#4054,#4056,#1764,.T.);
#4972=EDGE_CURVE('',#4007,#4056,#1765,.F.);
#4973=EDGE_CURVE('',#4053,#4057,#1766,.T.);
#4974=EDGE_CURVE('',#4056,#4057,#1767,.F.);
#4975=EDGE_CURVE('',#4052,#4058,#1768,.T.);
#4976=EDGE_CURVE('',#4057,#4058,#1769,.F.);
#4977=EDGE_CURVE('',#4055,#4059,#1770,.T.);
#4978=EDGE_CURVE('',#3966,#4059,#1771,.F.);
#4979=EDGE_CURVE('',#4059,#4008,#1772,.F.);
#4980=EDGE_CURVE('',#3985,#3960,#1773,.F.);
#4981=EDGE_CURVE('',#3967,#3987,#1774,.T.);
#4982=EDGE_CURVE('',#4051,#4060,#1775,.T.);
#4983=EDGE_CURVE('',#4058,#4060,#1776,.F.);
#4984=EDGE_CURVE('',#4050,#4061,#1777,.T.);
#4985=EDGE_CURVE('',#4060,#4061,#1778,.F.);
#4986=EDGE_CURVE('',#4049,#4062,#1779,.T.);
#4987=EDGE_CURVE('',#4061,#4062,#172,.F.);
#4988=EDGE_CURVE('',#4062,#3992,#1780,.F.);
#4989=EDGE_CURVE('',#3994,#4048,#1781,.T.);
#4990=EDGE_CURVE('',#4063,#4064,#209,.T.);
#4991=EDGE_CURVE('',#4064,#4065,#1782,.T.);
#4992=EDGE_CURVE('',#4065,#4066,#210,.F.);
#4993=EDGE_CURVE('',#4066,#4063,#1783,.T.);
#4994=EDGE_CURVE('',#4066,#4067,#1784,.F.);
#4995=EDGE_CURVE('',#4068,#4067,#1785,.T.);
#4996=EDGE_CURVE('',#4063,#4068,#1786,.F.);
#4997=EDGE_CURVE('',#4065,#4069,#1787,.T.);
#4998=EDGE_CURVE('',#4070,#4069,#211,.F.);
#4999=EDGE_CURVE('',#4070,#4071,#1788,.T.);
#5000=EDGE_CURVE('',#4072,#4071,#212,.F.);
#5001=EDGE_CURVE('',#4073,#4072,#1789,.F.);
#5002=EDGE_CURVE('',#4074,#4073,#213,.F.);
#5003=EDGE_CURVE('',#4075,#4074,#1790,.F.);
#5004=EDGE_CURVE('',#4076,#4075,#1791,.F.);
#5005=EDGE_CURVE('',#4077,#4076,#214,.F.);
#5006=EDGE_CURVE('',#4078,#4077,#1792,.F.);
#5007=EDGE_CURVE('',#4079,#4078,#1793,.F.);
#5008=EDGE_CURVE('',#4067,#4079,#215,.F.);
#5009=EDGE_CURVE('',#4080,#4080,#216,.T.);
#5010=EDGE_CURVE('',#4079,#4081,#1794,.T.);
#5011=EDGE_CURVE('',#4081,#4068,#217,.T.);
#5012=EDGE_CURVE('',#4078,#4082,#1795,.F.);
#5013=EDGE_CURVE('',#4081,#4082,#1796,.F.);
#5014=EDGE_CURVE('',#4083,#4084,#218,.T.);
#5015=EDGE_CURVE('',#4084,#4077,#1797,.T.);
#5016=EDGE_CURVE('',#4076,#4083,#1798,.T.);
#5017=EDGE_CURVE('',#4082,#4084,#1799,.F.);
#5018=EDGE_CURVE('',#4085,#4085,#219,.T.);
#5019=EDGE_CURVE('',#4085,#4080,#1800,.T.);
#5020=EDGE_CURVE('',#4086,#4064,#1801,.F.);
#5021=EDGE_CURVE('',#4069,#4086,#1802,.T.);
#5022=EDGE_CURVE('',#4087,#4086,#220,.F.);
#5023=EDGE_CURVE('',#4070,#4087,#1803,.T.);
#5024=EDGE_CURVE('',#4088,#4087,#1804,.F.);
#5025=EDGE_CURVE('',#4071,#4088,#1805,.T.);
#5026=EDGE_CURVE('',#4089,#4088,#221,.F.);
#5027=EDGE_CURVE('',#4072,#4089,#1806,.T.);
#5028=EDGE_CURVE('',#4090,#4089,#1807,.F.);
#5029=EDGE_CURVE('',#4073,#4090,#1808,.T.);
#5030=EDGE_CURVE('',#4091,#4090,#222,.F.);
#5031=EDGE_CURVE('',#4074,#4091,#1809,.T.);
#5032=EDGE_CURVE('',#4092,#4091,#1810,.F.);
#5033=EDGE_CURVE('',#4075,#4092,#1811,.T.);
#5034=EDGE_CURVE('',#4083,#4092,#1812,.F.);
#5035=EDGE_CURVE('',#4093,#4093,#223,.T.);
#5036=EDGE_CURVE('',#4093,#4094,#1813,.T.);
#5037=EDGE_CURVE('',#4094,#4094,#224,.T.);
#5038=EDGE_CURVE('',#4095,#4096,#1814,.T.);
#5039=EDGE_CURVE('',#4096,#4097,#1815,.T.);
#5040=EDGE_CURVE('',#4097,#4098,#1816,.T.);
#5041=EDGE_CURVE('',#4098,#4095,#1817,.T.);
#5042=EDGE_CURVE('',#4099,#4100,#1818,.T.);
#5043=EDGE_CURVE('',#4100,#4101,#1819,.T.);
#5044=EDGE_CURVE('',#4101,#4102,#1820,.T.);
#5045=EDGE_CURVE('',#4102,#4099,#1821,.T.);
#5046=EDGE_CURVE('',#4096,#4101,#1822,.T.);
#5047=EDGE_CURVE('',#4100,#4097,#1823,.T.);
#5048=EDGE_CURVE('',#4102,#4095,#1824,.T.);
#5049=EDGE_CURVE('',#4098,#4099,#1825,.T.);
#5050=EDGE_CURVE('',#4103,#4100,#1826,.T.);
#5051=EDGE_CURVE('',#4103,#4104,#1827,.T.);
#5052=EDGE_CURVE('',#4097,#4104,#1828,.T.);
#5053=EDGE_CURVE('',#4105,#4099,#1829,.T.);
#5054=EDGE_CURVE('',#4105,#4103,#1830,.T.);
#5055=EDGE_CURVE('',#4106,#4107,#1831,.F.);
#5056=EDGE_CURVE('',#4107,#4108,#225,.F.);
#5057=EDGE_CURVE('',#4108,#4109,#1832,.F.);
#5058=EDGE_CURVE('',#4109,#4110,#226,.F.);
#5059=EDGE_CURVE('',#4110,#4111,#1833,.F.);
#5060=EDGE_CURVE('',#4112,#4111,#227,.T.);
#5061=EDGE_CURVE('',#4112,#4113,#1834,.F.);
#5062=EDGE_CURVE('',#4113,#4114,#1835,.F.);
#5063=EDGE_CURVE('',#4114,#4115,#1836,.F.);
#5064=EDGE_CURVE('',#4116,#4115,#228,.T.);
#5065=EDGE_CURVE('',#4116,#4117,#1837,.F.);
#5066=EDGE_CURVE('',#4117,#4118,#229,.F.);
#5067=EDGE_CURVE('',#4118,#4119,#1838,.F.);
#5068=EDGE_CURVE('',#4120,#4119,#230,.T.);
#5069=EDGE_CURVE('',#4121,#4120,#1839,.T.);
#5070=EDGE_CURVE('',#4122,#4121,#1840,.T.);
#5071=EDGE_CURVE('',#4122,#4123,#1841,.F.);
#5072=EDGE_CURVE('',#4124,#4123,#231,.T.);
#5073=EDGE_CURVE('',#4125,#4124,#1842,.T.);
#5074=EDGE_CURVE('',#4126,#4125,#232,.T.);
#5075=EDGE_CURVE('',#4127,#4126,#1843,.T.);
#5076=EDGE_CURVE('',#4127,#4128,#1844,.F.);
#5077=EDGE_CURVE('',#4129,#4128,#233,.T.);
#5078=EDGE_CURVE('',#4129,#4130,#1845,.F.);
#5079=EDGE_CURVE('',#4131,#4130,#1846,.T.);
#5080=EDGE_CURVE('',#4106,#4131,#234,.T.);
#5081=EDGE_CURVE('',#4132,#4133,#1847,.T.);
#5082=EDGE_CURVE('',#4134,#4132,#1848,.T.);
#5083=EDGE_CURVE('',#4135,#4134,#1849,.T.);
#5084=EDGE_CURVE('',#4133,#4135,#1850,.T.);
#5085=EDGE_CURVE('',#4136,#4137,#1851,.T.);
#5086=EDGE_CURVE('',#4138,#4136,#1852,.T.);
#5087=EDGE_CURVE('',#4139,#4138,#1853,.T.);
#5088=EDGE_CURVE('',#4137,#4139,#1854,.T.);
#5089=EDGE_CURVE('',#4140,#4141,#1855,.T.);
#5090=EDGE_CURVE('',#4142,#4140,#1856,.T.);
#5091=EDGE_CURVE('',#4143,#4142,#1857,.T.);
#5092=EDGE_CURVE('',#4141,#4143,#1858,.T.);
#5093=EDGE_CURVE('',#4144,#4145,#1859,.T.);
#5094=EDGE_CURVE('',#4146,#4144,#1860,.T.);
#5095=EDGE_CURVE('',#4147,#4146,#1861,.T.);
#5096=EDGE_CURVE('',#4145,#4147,#1862,.T.);
#5097=EDGE_CURVE('',#4148,#4149,#1863,.T.);
#5098=EDGE_CURVE('',#4150,#4148,#1864,.T.);
#5099=EDGE_CURVE('',#4151,#4150,#1865,.T.);
#5100=EDGE_CURVE('',#4149,#4151,#1866,.T.);
#5101=EDGE_CURVE('',#4152,#4153,#1867,.T.);
#5102=EDGE_CURVE('',#4154,#4152,#1868,.T.);
#5103=EDGE_CURVE('',#4155,#4154,#1869,.T.);
#5104=EDGE_CURVE('',#4153,#4155,#1870,.T.);
#5105=EDGE_CURVE('',#4156,#4156,#235,.F.);
#5106=EDGE_CURVE('',#4157,#4157,#236,.F.);
#5107=EDGE_CURVE('',#4158,#4159,#1871,.T.);
#5108=EDGE_CURVE('',#4158,#4160,#1872,.F.);
#5109=EDGE_CURVE('',#4160,#4161,#237,.F.);
#5110=EDGE_CURVE('',#4161,#4159,#1873,.F.);
#5111=EDGE_CURVE('',#4162,#4163,#238,.T.);
#5112=EDGE_CURVE('',#4164,#4162,#1874,.T.);
#5113=EDGE_CURVE('',#4165,#4164,#239,.T.);
#5114=EDGE_CURVE('',#4166,#4165,#1875,.T.);
#5115=EDGE_CURVE('',#4167,#4166,#240,.T.);
#5116=EDGE_CURVE('',#4167,#4168,#1876,.F.);
#5117=EDGE_CURVE('',#4169,#4168,#241,.T.);
#5118=EDGE_CURVE('',#4163,#4169,#1877,.T.);
#5119=EDGE_CURVE('',#4170,#4170,#242,.F.);
#5120=EDGE_CURVE('',#4171,#4171,#243,.F.);
#5121=EDGE_CURVE('',#4172,#4173,#1878,.T.);
#5122=EDGE_CURVE('',#4174,#4172,#1879,.T.);
#5123=EDGE_CURVE('',#4175,#4174,#1880,.T.);
#5124=EDGE_CURVE('',#4173,#4175,#1881,.T.);
#5125=EDGE_CURVE('',#4176,#4177,#1882,.T.);
#5126=EDGE_CURVE('',#4178,#4176,#1883,.T.);
#5127=EDGE_CURVE('',#4179,#4178,#1884,.T.);
#5128=EDGE_CURVE('',#4177,#4179,#1885,.T.);
#5129=EDGE_CURVE('',#4180,#4181,#1886,.T.);
#5130=EDGE_CURVE('',#4182,#4180,#1887,.T.);
#5131=EDGE_CURVE('',#4183,#4182,#1888,.T.);
#5132=EDGE_CURVE('',#4181,#4183,#1889,.T.);
#5133=EDGE_CURVE('',#4184,#4185,#1890,.T.);
#5134=EDGE_CURVE('',#4186,#4184,#1891,.T.);
#5135=EDGE_CURVE('',#4187,#4186,#1892,.T.);
#5136=EDGE_CURVE('',#4185,#4187,#1893,.T.);
#5137=EDGE_CURVE('',#4188,#4189,#1894,.T.);
#5138=EDGE_CURVE('',#4190,#4188,#1895,.T.);
#5139=EDGE_CURVE('',#4191,#4190,#1896,.T.);
#5140=EDGE_CURVE('',#4189,#4191,#1897,.T.);
#5141=EDGE_CURVE('',#4192,#4193,#1898,.T.);
#5142=EDGE_CURVE('',#4194,#4192,#1899,.T.);
#5143=EDGE_CURVE('',#4195,#4194,#1900,.T.);
#5144=EDGE_CURVE('',#4193,#4195,#1901,.T.);
#5145=EDGE_CURVE('',#4193,#4196,#1902,.T.);
#5146=EDGE_CURVE('',#4196,#4197,#1903,.T.);
#5147=EDGE_CURVE('',#4192,#4197,#1904,.T.);
#5148=EDGE_CURVE('',#4195,#4198,#1905,.T.);
#5149=EDGE_CURVE('',#4198,#4196,#1906,.T.);
#5150=EDGE_CURVE('',#4194,#4199,#1907,.T.);
#5151=EDGE_CURVE('',#4199,#4198,#1908,.T.);
#5152=EDGE_CURVE('',#4197,#4199,#1909,.T.);
#5153=EDGE_CURVE('',#4200,#4197,#1910,.T.);
#5154=EDGE_CURVE('',#4200,#4201,#1911,.T.);
#5155=EDGE_CURVE('',#4201,#4199,#1912,.T.);
#5156=EDGE_CURVE('',#4202,#4196,#1913,.T.);
#5157=EDGE_CURVE('',#4202,#4200,#1914,.T.);
#5158=EDGE_CURVE('',#4133,#4203,#1915,.T.);
#5159=EDGE_CURVE('',#4203,#4204,#1916,.T.);
#5160=EDGE_CURVE('',#4132,#4204,#1917,.T.);
#5161=EDGE_CURVE('',#4135,#4205,#1918,.T.);
#5162=EDGE_CURVE('',#4205,#4203,#1919,.T.);
#5163=EDGE_CURVE('',#4134,#4206,#1920,.T.);
#5164=EDGE_CURVE('',#4206,#4205,#1921,.T.);
#5165=EDGE_CURVE('',#4204,#4206,#1922,.T.);
#5166=EDGE_CURVE('',#4207,#4204,#1923,.T.);
#5167=EDGE_CURVE('',#4207,#4208,#1924,.T.);
#5168=EDGE_CURVE('',#4208,#4206,#1925,.T.);
#5169=EDGE_CURVE('',#4209,#4203,#1926,.T.);
#5170=EDGE_CURVE('',#4209,#4207,#1927,.T.);
#5171=EDGE_CURVE('',#4189,#4210,#1928,.T.);
#5172=EDGE_CURVE('',#4210,#4211,#1929,.T.);
#5173=EDGE_CURVE('',#4211,#4188,#1930,.T.);
#5174=EDGE_CURVE('',#4191,#4212,#1931,.T.);
#5175=EDGE_CURVE('',#4212,#4210,#1932,.T.);
#5176=EDGE_CURVE('',#4213,#4212,#1933,.T.);
#5177=EDGE_CURVE('',#4190,#4213,#1934,.T.);
#5178=EDGE_CURVE('',#4211,#4213,#1935,.T.);
#5179=EDGE_CURVE('',#4214,#4211,#1936,.T.);
#5180=EDGE_CURVE('',#4214,#4215,#1937,.T.);
#5181=EDGE_CURVE('',#4215,#4213,#1938,.T.);
#5182=EDGE_CURVE('',#4210,#4216,#1939,.T.);
#5183=EDGE_CURVE('',#4216,#4214,#1940,.T.);
#5184=EDGE_CURVE('',#4137,#4217,#1941,.T.);
#5185=EDGE_CURVE('',#4217,#4218,#1942,.T.);
#5186=EDGE_CURVE('',#4218,#4136,#1943,.T.);
#5187=EDGE_CURVE('',#4139,#4219,#1944,.T.);
#5188=EDGE_CURVE('',#4219,#4217,#1945,.T.);
#5189=EDGE_CURVE('',#4220,#4219,#1946,.T.);
#5190=EDGE_CURVE('',#4138,#4220,#1947,.T.);
#5191=EDGE_CURVE('',#4218,#4220,#1948,.T.);
#5192=EDGE_CURVE('',#4221,#4218,#1949,.T.);
#5193=EDGE_CURVE('',#4221,#4222,#1950,.T.);
#5194=EDGE_CURVE('',#4222,#4220,#1951,.T.);
#5195=EDGE_CURVE('',#4217,#4223,#1952,.T.);
#5196=EDGE_CURVE('',#4223,#4221,#1953,.T.);
#5197=EDGE_CURVE('',#4185,#4224,#1954,.T.);
#5198=EDGE_CURVE('',#4224,#4225,#1955,.T.);
#5199=EDGE_CURVE('',#4225,#4184,#1956,.T.);
#5200=EDGE_CURVE('',#4187,#4226,#1957,.T.);
#5201=EDGE_CURVE('',#4226,#4224,#1958,.T.);
#5202=EDGE_CURVE('',#4227,#4226,#1959,.T.);
#5203=EDGE_CURVE('',#4186,#4227,#1960,.T.);
#5204=EDGE_CURVE('',#4225,#4227,#1961,.T.);
#5205=EDGE_CURVE('',#4228,#4225,#1962,.T.);
#5206=EDGE_CURVE('',#4228,#4229,#1963,.T.);
#5207=EDGE_CURVE('',#4229,#4227,#1964,.T.);
#5208=EDGE_CURVE('',#4224,#4230,#1965,.T.);
#5209=EDGE_CURVE('',#4230,#4228,#1966,.T.);
#5210=EDGE_CURVE('',#4141,#4231,#1967,.T.);
#5211=EDGE_CURVE('',#4231,#4232,#1968,.T.);
#5212=EDGE_CURVE('',#4232,#4140,#1969,.T.);
#5213=EDGE_CURVE('',#4143,#4233,#1970,.T.);
#5214=EDGE_CURVE('',#4233,#4231,#1971,.T.);
#5215=EDGE_CURVE('',#4234,#4233,#1972,.T.);
#5216=EDGE_CURVE('',#4142,#4234,#1973,.T.);
#5217=EDGE_CURVE('',#4232,#4234,#1974,.T.);
#5218=EDGE_CURVE('',#4235,#4232,#1975,.T.);
#5219=EDGE_CURVE('',#4235,#4236,#1976,.T.);
#5220=EDGE_CURVE('',#4236,#4234,#1977,.T.);
#5221=EDGE_CURVE('',#4231,#4237,#1978,.T.);
#5222=EDGE_CURVE('',#4237,#4235,#1979,.T.);
#5223=EDGE_CURVE('',#4181,#4238,#1980,.T.);
#5224=EDGE_CURVE('',#4238,#4239,#1981,.T.);
#5225=EDGE_CURVE('',#4180,#4239,#1982,.T.);
#5226=EDGE_CURVE('',#4183,#4240,#1983,.T.);
#5227=EDGE_CURVE('',#4240,#4238,#1984,.T.);
#5228=EDGE_CURVE('',#4182,#4241,#1985,.T.);
#5229=EDGE_CURVE('',#4241,#4240,#1986,.T.);
#5230=EDGE_CURVE('',#4239,#4241,#1987,.T.);
#5231=EDGE_CURVE('',#4242,#4239,#1988,.T.);
#5232=EDGE_CURVE('',#4242,#4243,#1989,.T.);
#5233=EDGE_CURVE('',#4243,#4241,#1990,.T.);
#5234=EDGE_CURVE('',#4238,#4244,#1991,.T.);
#5235=EDGE_CURVE('',#4244,#4242,#1992,.T.);
#5236=EDGE_CURVE('',#4145,#4245,#1993,.T.);
#5237=EDGE_CURVE('',#4245,#4246,#1994,.T.);
#5238=EDGE_CURVE('',#4144,#4246,#1995,.T.);
#5239=EDGE_CURVE('',#4147,#4247,#1996,.T.);
#5240=EDGE_CURVE('',#4247,#4245,#1997,.T.);
#5241=EDGE_CURVE('',#4146,#4248,#1998,.T.);
#5242=EDGE_CURVE('',#4248,#4247,#1999,.T.);
#5243=EDGE_CURVE('',#4246,#4248,#2000,.T.);
#5244=EDGE_CURVE('',#4249,#4246,#2001,.T.);
#5245=EDGE_CURVE('',#4249,#4250,#2002,.T.);
#5246=EDGE_CURVE('',#4250,#4248,#2003,.T.);
#5247=EDGE_CURVE('',#4245,#4251,#2004,.T.);
#5248=EDGE_CURVE('',#4251,#4249,#2005,.T.);
#5249=EDGE_CURVE('',#4177,#4252,#2006,.T.);
#5250=EDGE_CURVE('',#4252,#4253,#2007,.T.);
#5251=EDGE_CURVE('',#4176,#4253,#2008,.T.);
#5252=EDGE_CURVE('',#4179,#4254,#2009,.T.);
#5253=EDGE_CURVE('',#4254,#4252,#2010,.T.);
#5254=EDGE_CURVE('',#4178,#4255,#2011,.T.);
#5255=EDGE_CURVE('',#4255,#4254,#2012,.T.);
#5256=EDGE_CURVE('',#4253,#4255,#2013,.T.);
#5257=EDGE_CURVE('',#4256,#4253,#2014,.T.);
#5258=EDGE_CURVE('',#4256,#4257,#2015,.T.);
#5259=EDGE_CURVE('',#4257,#4255,#2016,.T.);
#5260=EDGE_CURVE('',#4252,#4258,#2017,.T.);
#5261=EDGE_CURVE('',#4258,#4256,#2018,.T.);
#5262=EDGE_CURVE('',#4149,#4259,#2019,.T.);
#5263=EDGE_CURVE('',#4259,#4260,#2020,.T.);
#5264=EDGE_CURVE('',#4148,#4260,#2021,.T.);
#5265=EDGE_CURVE('',#4151,#4261,#2022,.T.);
#5266=EDGE_CURVE('',#4261,#4259,#2023,.T.);
#5267=EDGE_CURVE('',#4150,#4262,#2024,.T.);
#5268=EDGE_CURVE('',#4262,#4261,#2025,.T.);
#5269=EDGE_CURVE('',#4260,#4262,#2026,.T.);
#5270=EDGE_CURVE('',#4263,#4260,#2027,.T.);
#5271=EDGE_CURVE('',#4263,#4264,#2028,.T.);
#5272=EDGE_CURVE('',#4264,#4262,#2029,.T.);
#5273=EDGE_CURVE('',#4259,#4265,#2030,.T.);
#5274=EDGE_CURVE('',#4265,#4263,#2031,.T.);
#5275=EDGE_CURVE('',#4173,#4266,#2032,.T.);
#5276=EDGE_CURVE('',#4266,#4267,#2033,.T.);
#5277=EDGE_CURVE('',#4172,#4267,#2034,.T.);
#5278=EDGE_CURVE('',#4175,#4268,#2035,.T.);
#5279=EDGE_CURVE('',#4268,#4266,#2036,.T.);
#5280=EDGE_CURVE('',#4174,#4269,#2037,.T.);
#5281=EDGE_CURVE('',#4269,#4268,#2038,.T.);
#5282=EDGE_CURVE('',#4267,#4269,#2039,.T.);
#5283=EDGE_CURVE('',#4270,#4267,#2040,.T.);
#5284=EDGE_CURVE('',#4270,#4271,#2041,.T.);
#5285=EDGE_CURVE('',#4271,#4269,#2042,.T.);
#5286=EDGE_CURVE('',#4272,#4266,#2043,.T.);
#5287=EDGE_CURVE('',#4272,#4270,#2044,.T.);
#5288=EDGE_CURVE('',#4153,#4273,#2045,.T.);
#5289=EDGE_CURVE('',#4273,#4274,#2046,.T.);
#5290=EDGE_CURVE('',#4152,#4274,#2047,.T.);
#5291=EDGE_CURVE('',#4155,#4275,#2048,.T.);
#5292=EDGE_CURVE('',#4275,#4273,#2049,.T.);
#5293=EDGE_CURVE('',#4154,#4276,#2050,.T.);
#5294=EDGE_CURVE('',#4276,#4275,#2051,.T.);
#5295=EDGE_CURVE('',#4274,#4276,#2052,.T.);
#5296=EDGE_CURVE('',#4277,#4274,#2053,.T.);
#5297=EDGE_CURVE('',#4277,#4278,#2054,.T.);
#5298=EDGE_CURVE('',#4278,#4276,#2055,.T.);
#5299=EDGE_CURVE('',#4273,#4279,#2056,.T.);
#5300=EDGE_CURVE('',#4279,#4277,#2057,.T.);
#5301=EDGE_CURVE('',#4104,#4280,#2058,.T.);
#5302=EDGE_CURVE('',#4280,#4098,#2059,.T.);
#5303=EDGE_CURVE('',#4281,#4282,#2060,.T.);
#5304=EDGE_CURVE('',#4281,#4283,#2061,.T.);
#5305=EDGE_CURVE('',#4283,#4284,#2062,.T.);
#5306=EDGE_CURVE('',#4282,#4284,#2063,.T.);
#5307=EDGE_CURVE('',#4282,#4285,#2064,.T.);
#5308=EDGE_CURVE('',#4284,#4286,#2065,.T.);
#5309=EDGE_CURVE('',#4285,#4286,#2066,.T.);
#5310=EDGE_CURVE('',#4287,#4283,#2067,.T.);
#5311=EDGE_CURVE('',#4286,#4287,#2068,.T.);
#5312=EDGE_CURVE('',#4287,#4114,#2069,.T.);
#5313=EDGE_CURVE('',#4288,#4113,#2070,.T.);
#5314=EDGE_CURVE('',#4288,#4285,#2071,.T.);
#5315=EDGE_CURVE('',#4289,#4290,#2072,.T.);
#5316=EDGE_CURVE('',#4291,#4289,#2073,.T.);
#5317=EDGE_CURVE('',#4292,#4291,#2074,.T.);
#5318=EDGE_CURVE('',#4290,#4292,#2075,.T.);
#5319=EDGE_CURVE('',#4293,#4290,#2076,.T.);
#5320=EDGE_CURVE('',#4293,#4294,#2077,.T.);
#5321=EDGE_CURVE('',#4294,#4289,#2078,.T.);
#5322=EDGE_CURVE('',#4295,#4292,#2079,.T.);
#5323=EDGE_CURVE('',#4295,#4296,#2080,.T.);
#5324=EDGE_CURVE('',#4296,#4297,#2081,.T.);
#5325=EDGE_CURVE('',#4298,#4297,#2082,.T.);
#5326=EDGE_CURVE('',#4299,#4298,#2083,.T.);
#5327=EDGE_CURVE('',#4299,#4293,#2084,.T.);
#5328=EDGE_CURVE('',#4119,#4300,#2085,.T.);
#5329=EDGE_CURVE('',#4300,#4301,#244,.T.);
#5330=EDGE_CURVE('',#4301,#4120,#2086,.T.);
#5331=EDGE_CURVE('',#4302,#4118,#2087,.T.);
#5332=EDGE_CURVE('',#4303,#4302,#2088,.F.);
#5333=EDGE_CURVE('',#4303,#4304,#2089,.T.);
#5334=EDGE_CURVE('',#4305,#4304,#2090,.T.);
#5335=EDGE_CURVE('',#4306,#4305,#2091,.T.);
#5336=EDGE_CURVE('',#4300,#4306,#2092,.F.);
#5337=EDGE_CURVE('',#4123,#4307,#2093,.T.);
#5338=EDGE_CURVE('',#4307,#4308,#245,.T.);
#5339=EDGE_CURVE('',#4308,#4124,#2094,.T.);
#5340=EDGE_CURVE('',#4122,#4309,#2095,.T.);
#5341=EDGE_CURVE('',#4309,#4310,#2096,.T.);
#5342=EDGE_CURVE('',#4311,#4310,#2097,.T.);
#5343=EDGE_CURVE('',#4311,#4307,#2098,.T.);
#5344=EDGE_CURVE('',#4312,#4313,#246,.T.);
#5345=EDGE_CURVE('',#4313,#4106,#2099,.T.);
#5346=EDGE_CURVE('',#4131,#4312,#2100,.T.);
#5347=EDGE_CURVE('',#4314,#4130,#2101,.T.);
#5348=EDGE_CURVE('',#4312,#4314,#2102,.T.);
#5349=EDGE_CURVE('',#4128,#4315,#2103,.T.);
#5350=EDGE_CURVE('',#4315,#4316,#247,.T.);
#5351=EDGE_CURVE('',#4316,#4129,#2104,.T.);
#5352=EDGE_CURVE('',#4317,#4127,#2105,.T.);
#5353=EDGE_CURVE('',#4318,#4317,#2106,.T.);
#5354=EDGE_CURVE('',#4318,#4315,#2107,.T.);
#5355=EDGE_CURVE('',#4111,#4319,#2108,.T.);
#5356=EDGE_CURVE('',#4319,#4320,#248,.T.);
#5357=EDGE_CURVE('',#4320,#4112,#2109,.T.);
#5358=EDGE_CURVE('',#4321,#4110,#2110,.T.);
#5359=EDGE_CURVE('',#4319,#4321,#2111,.F.);
#5360=EDGE_CURVE('',#4115,#4322,#2112,.T.);
#5361=EDGE_CURVE('',#4322,#4323,#249,.T.);
#5362=EDGE_CURVE('',#4323,#4116,#2113,.T.);
#5363=EDGE_CURVE('',#4322,#4281,#2114,.F.);
#5364=EDGE_CURVE('',#4298,#4324,#2115,.T.);
#5365=EDGE_CURVE('',#4325,#4297,#2116,.T.);
#5366=EDGE_CURVE('',#4324,#4325,#2117,.T.);
#5367=EDGE_CURVE('',#4121,#4326,#2118,.T.);
#5368=EDGE_CURVE('',#4309,#4326,#2119,.T.);
#5369=EDGE_CURVE('',#4327,#4159,#2120,.T.);
#5370=EDGE_CURVE('',#4328,#4327,#2121,.T.);
#5371=EDGE_CURVE('',#4328,#4158,#2122,.T.);
#5372=EDGE_CURVE('',#4328,#4304,#2123,.T.);
#5373=EDGE_CURVE('',#4329,#4327,#2124,.T.);
#5374=EDGE_CURVE('',#4310,#4329,#2125,.T.);
#5375=EDGE_CURVE('',#4326,#4330,#2126,.T.);
#5376=EDGE_CURVE('',#4331,#4330,#2127,.T.);
#5377=EDGE_CURVE('',#4305,#4331,#2128,.T.);
#5378=EDGE_CURVE('',#4332,#4331,#2129,.T.);
#5379=EDGE_CURVE('',#4332,#4306,#2130,.T.);
#5380=EDGE_CURVE('',#4333,#4330,#2131,.T.);
#5381=EDGE_CURVE('',#4332,#4333,#2132,.F.);
#5382=EDGE_CURVE('',#4301,#4333,#2133,.T.);
#5383=EDGE_CURVE('',#4303,#4334,#2134,.T.);
#5384=EDGE_CURVE('',#4334,#4328,#2135,.T.);
#5385=EDGE_CURVE('',#4163,#4335,#2136,.T.);
#5386=EDGE_CURVE('',#4335,#4336,#250,.T.);
#5387=EDGE_CURVE('',#4336,#4162,#2137,.T.);
#5388=EDGE_CURVE('',#4337,#4169,#2138,.T.);
#5389=EDGE_CURVE('',#4335,#4337,#2139,.T.);
#5390=EDGE_CURVE('',#4164,#4338,#2140,.T.);
#5391=EDGE_CURVE('',#4338,#4339,#251,.T.);
#5392=EDGE_CURVE('',#4339,#4165,#2141,.T.);
#5393=EDGE_CURVE('',#4338,#4336,#2142,.T.);
#5394=EDGE_CURVE('',#4340,#4341,#252,.T.);
#5395=EDGE_CURVE('',#4341,#4167,#2143,.T.);
#5396=EDGE_CURVE('',#4166,#4340,#2144,.T.);
#5397=EDGE_CURVE('',#4341,#4342,#2145,.T.);
#5398=EDGE_CURVE('',#4343,#4342,#2146,.T.);
#5399=EDGE_CURVE('',#4343,#4318,#2147,.T.);
#5400=EDGE_CURVE('',#4317,#4344,#2148,.T.);
#5401=EDGE_CURVE('',#4168,#4344,#2149,.T.);
#5402=EDGE_CURVE('',#4344,#4337,#253,.T.);
#5403=EDGE_CURVE('',#4340,#4339,#2150,.T.);
#5404=EDGE_CURVE('',#4125,#4345,#2151,.T.);
#5405=EDGE_CURVE('',#4346,#4345,#254,.T.);
#5406=EDGE_CURVE('',#4126,#4346,#2152,.T.);
#5407=EDGE_CURVE('',#4317,#4346,#2153,.T.);
#5408=EDGE_CURVE('',#4345,#4347,#2154,.T.);
#5409=EDGE_CURVE('',#4348,#4347,#2155,.T.);
#5410=EDGE_CURVE('',#4342,#4348,#2156,.T.);
#5411=EDGE_CURVE('',#4349,#4314,#2157,.T.);
#5412=EDGE_CURVE('',#4350,#4349,#2158,.T.);
#5413=EDGE_CURVE('',#4350,#4313,#2159,.T.);
#5414=EDGE_CURVE('',#4351,#4352,#2160,.T.);
#5415=EDGE_CURVE('',#4351,#4353,#2161,.T.);
#5416=EDGE_CURVE('',#4353,#4354,#2162,.T.);
#5417=EDGE_CURVE('',#4352,#4354,#2163,.T.);
#5418=EDGE_CURVE('',#4355,#4351,#2164,.T.);
#5419=EDGE_CURVE('',#4355,#4356,#2165,.T.);
#5420=EDGE_CURVE('',#4356,#4353,#2166,.T.);
#5421=EDGE_CURVE('',#4357,#4355,#2167,.T.);
#5422=EDGE_CURVE('',#4357,#4358,#2168,.T.);
#5423=EDGE_CURVE('',#4358,#4356,#2169,.T.);
#5424=EDGE_CURVE('',#4352,#4357,#2170,.T.);
#5425=EDGE_CURVE('',#4354,#4358,#2171,.T.);
#5426=EDGE_CURVE('',#4280,#4105,#2172,.T.);
#5427=EDGE_CURVE('',#4198,#4359,#2173,.T.);
#5428=EDGE_CURVE('',#4359,#4202,#2174,.T.);
#5429=EDGE_CURVE('',#4201,#4359,#2175,.T.);
#5430=EDGE_CURVE('',#4275,#4360,#2176,.T.);
#5431=EDGE_CURVE('',#4360,#4279,#2177,.T.);
#5432=EDGE_CURVE('',#4278,#4360,#2178,.T.);
#5433=EDGE_CURVE('',#4205,#4361,#2179,.T.);
#5434=EDGE_CURVE('',#4361,#4209,#2180,.T.);
#5435=EDGE_CURVE('',#4208,#4361,#2181,.T.);
#5436=EDGE_CURVE('',#4268,#4362,#2182,.T.);
#5437=EDGE_CURVE('',#4362,#4272,#2183,.T.);
#5438=EDGE_CURVE('',#4271,#4362,#2184,.T.);
#5439=EDGE_CURVE('',#4363,#4212,#2185,.T.);
#5440=EDGE_CURVE('',#4363,#4216,#2186,.T.);
#5441=EDGE_CURVE('',#4364,#4261,#2187,.T.);
#5442=EDGE_CURVE('',#4364,#4265,#2188,.T.);
#5443=EDGE_CURVE('',#4264,#4364,#2189,.T.);
#5444=EDGE_CURVE('',#4365,#4219,#2190,.T.);
#5445=EDGE_CURVE('',#4365,#4223,#2191,.T.);
#5446=EDGE_CURVE('',#4366,#4254,#2192,.T.);
#5447=EDGE_CURVE('',#4366,#4258,#2193,.T.);
#5448=EDGE_CURVE('',#4257,#4366,#2194,.T.);
#5449=EDGE_CURVE('',#4367,#4226,#2195,.T.);
#5450=EDGE_CURVE('',#4367,#4230,#2196,.T.);
#5451=EDGE_CURVE('',#4368,#4247,#2197,.T.);
#5452=EDGE_CURVE('',#4368,#4251,#2198,.T.);
#5453=EDGE_CURVE('',#4250,#4368,#2199,.T.);
#5454=EDGE_CURVE('',#4369,#4233,#2200,.T.);
#5455=EDGE_CURVE('',#4369,#4237,#2201,.T.);
#5456=EDGE_CURVE('',#4370,#4371,#2202,.T.);
#5457=EDGE_CURVE('',#4370,#4372,#2203,.T.);
#5458=EDGE_CURVE('',#4372,#4373,#2204,.T.);
#5459=EDGE_CURVE('',#4371,#4373,#2205,.T.);
#5460=EDGE_CURVE('',#4374,#4370,#2206,.T.);
#5461=EDGE_CURVE('',#4374,#4375,#2207,.T.);
#5462=EDGE_CURVE('',#4375,#4372,#2208,.T.);
#5463=EDGE_CURVE('',#4376,#4374,#2209,.T.);
#5464=EDGE_CURVE('',#4376,#4377,#2210,.T.);
#5465=EDGE_CURVE('',#4377,#4375,#2211,.T.);
#5466=EDGE_CURVE('',#4371,#4376,#2212,.T.);
#5467=EDGE_CURVE('',#4373,#4377,#2213,.T.);
#5468=EDGE_CURVE('',#4378,#4379,#2214,.T.);
#5469=EDGE_CURVE('',#4378,#4380,#2215,.T.);
#5470=EDGE_CURVE('',#4380,#4381,#2216,.T.);
#5471=EDGE_CURVE('',#4379,#4381,#2217,.T.);
#5472=EDGE_CURVE('',#4382,#4378,#2218,.T.);
#5473=EDGE_CURVE('',#4382,#4383,#2219,.T.);
#5474=EDGE_CURVE('',#4383,#4380,#2220,.T.);
#5475=EDGE_CURVE('',#4384,#4382,#2221,.T.);
#5476=EDGE_CURVE('',#4384,#4385,#2222,.T.);
#5477=EDGE_CURVE('',#4385,#4383,#2223,.T.);
#5478=EDGE_CURVE('',#4379,#4384,#2224,.T.);
#5479=EDGE_CURVE('',#4381,#4385,#2225,.T.);
#5480=EDGE_CURVE('',#4386,#4387,#2226,.T.);
#5481=EDGE_CURVE('',#4386,#4388,#2227,.T.);
#5482=EDGE_CURVE('',#4388,#4389,#2228,.T.);
#5483=EDGE_CURVE('',#4387,#4389,#2229,.T.);
#5484=EDGE_CURVE('',#4390,#4386,#2230,.T.);
#5485=EDGE_CURVE('',#4390,#4391,#2231,.T.);
#5486=EDGE_CURVE('',#4391,#4388,#2232,.T.);
#5487=EDGE_CURVE('',#4392,#4390,#2233,.T.);
#5488=EDGE_CURVE('',#4392,#4393,#2234,.T.);
#5489=EDGE_CURVE('',#4393,#4391,#2235,.T.);
#5490=EDGE_CURVE('',#4387,#4392,#2236,.T.);
#5491=EDGE_CURVE('',#4389,#4393,#2237,.T.);
#5492=EDGE_CURVE('',#4394,#4395,#2238,.T.);
#5493=EDGE_CURVE('',#4394,#4396,#2239,.T.);
#5494=EDGE_CURVE('',#4396,#4397,#2240,.T.);
#5495=EDGE_CURVE('',#4395,#4397,#2241,.T.);
#5496=EDGE_CURVE('',#4398,#4394,#2242,.T.);
#5497=EDGE_CURVE('',#4398,#4399,#2243,.T.);
#5498=EDGE_CURVE('',#4399,#4396,#2244,.T.);
#5499=EDGE_CURVE('',#4400,#4398,#2245,.T.);
#5500=EDGE_CURVE('',#4400,#4401,#2246,.T.);
#5501=EDGE_CURVE('',#4401,#4399,#2247,.T.);
#5502=EDGE_CURVE('',#4395,#4400,#2248,.T.);
#5503=EDGE_CURVE('',#4397,#4401,#2249,.T.);
#5504=EDGE_CURVE('',#4402,#4403,#2250,.T.);
#5505=EDGE_CURVE('',#4402,#4404,#2251,.T.);
#5506=EDGE_CURVE('',#4404,#4405,#2252,.T.);
#5507=EDGE_CURVE('',#4403,#4405,#2253,.T.);
#5508=EDGE_CURVE('',#4406,#4402,#2254,.T.);
#5509=EDGE_CURVE('',#4406,#4407,#2255,.T.);
#5510=EDGE_CURVE('',#4407,#4404,#2256,.T.);
#5511=EDGE_CURVE('',#4408,#4406,#2257,.T.);
#5512=EDGE_CURVE('',#4408,#4409,#2258,.T.);
#5513=EDGE_CURVE('',#4409,#4407,#2259,.T.);
#5514=EDGE_CURVE('',#4403,#4408,#2260,.T.);
#5515=EDGE_CURVE('',#4405,#4409,#2261,.T.);
#5516=EDGE_CURVE('',#4215,#4363,#2262,.T.);
#5517=EDGE_CURVE('',#4410,#4411,#2263,.T.);
#5518=EDGE_CURVE('',#4410,#4412,#2264,.T.);
#5519=EDGE_CURVE('',#4412,#4413,#2265,.T.);
#5520=EDGE_CURVE('',#4411,#4413,#2266,.T.);
#5521=EDGE_CURVE('',#4414,#4410,#2267,.T.);
#5522=EDGE_CURVE('',#4414,#4415,#2268,.T.);
#5523=EDGE_CURVE('',#4415,#4412,#2269,.T.);
#5524=EDGE_CURVE('',#4416,#4414,#2270,.T.);
#5525=EDGE_CURVE('',#4416,#4417,#2271,.T.);
#5526=EDGE_CURVE('',#4417,#4415,#2272,.T.);
#5527=EDGE_CURVE('',#4411,#4416,#2273,.T.);
#5528=EDGE_CURVE('',#4413,#4417,#2274,.T.);
#5529=EDGE_CURVE('',#4418,#4419,#2275,.T.);
#5530=EDGE_CURVE('',#4418,#4420,#2276,.T.);
#5531=EDGE_CURVE('',#4420,#4421,#2277,.T.);
#5532=EDGE_CURVE('',#4419,#4421,#2278,.T.);
#5533=EDGE_CURVE('',#4422,#4418,#2279,.T.);
#5534=EDGE_CURVE('',#4422,#4423,#2280,.T.);
#5535=EDGE_CURVE('',#4423,#4420,#2281,.T.);
#5536=EDGE_CURVE('',#4424,#4422,#2282,.T.);
#5537=EDGE_CURVE('',#4424,#4425,#2283,.T.);
#5538=EDGE_CURVE('',#4425,#4423,#2284,.T.);
#5539=EDGE_CURVE('',#4419,#4424,#2285,.T.);
#5540=EDGE_CURVE('',#4421,#4425,#2286,.T.);
#5541=EDGE_CURVE('',#4222,#4365,#2287,.T.);
#5542=EDGE_CURVE('',#4426,#4427,#2288,.T.);
#5543=EDGE_CURVE('',#4426,#4428,#2289,.T.);
#5544=EDGE_CURVE('',#4428,#4429,#2290,.T.);
#5545=EDGE_CURVE('',#4427,#4429,#2291,.T.);
#5546=EDGE_CURVE('',#4430,#4426,#2292,.T.);
#5547=EDGE_CURVE('',#4430,#4431,#2293,.T.);
#5548=EDGE_CURVE('',#4431,#4428,#2294,.T.);
#5549=EDGE_CURVE('',#4432,#4430,#2295,.T.);
#5550=EDGE_CURVE('',#4432,#4433,#2296,.T.);
#5551=EDGE_CURVE('',#4433,#4431,#2297,.T.);
#5552=EDGE_CURVE('',#4427,#4432,#2298,.T.);
#5553=EDGE_CURVE('',#4429,#4433,#2299,.T.);
#5554=EDGE_CURVE('',#4434,#4435,#2300,.T.);
#5555=EDGE_CURVE('',#4434,#4436,#2301,.T.);
#5556=EDGE_CURVE('',#4436,#4437,#2302,.T.);
#5557=EDGE_CURVE('',#4435,#4437,#2303,.T.);
#5558=EDGE_CURVE('',#4438,#4434,#2304,.T.);
#5559=EDGE_CURVE('',#4438,#4439,#2305,.T.);
#5560=EDGE_CURVE('',#4439,#4436,#2306,.T.);
#5561=EDGE_CURVE('',#4440,#4438,#2307,.T.);
#5562=EDGE_CURVE('',#4440,#4441,#2308,.T.);
#5563=EDGE_CURVE('',#4441,#4439,#2309,.T.);
#5564=EDGE_CURVE('',#4435,#4440,#2310,.T.);
#5565=EDGE_CURVE('',#4437,#4441,#2311,.T.);
#5566=EDGE_CURVE('',#4229,#4367,#2312,.T.);
#5567=EDGE_CURVE('',#4442,#4443,#2313,.T.);
#5568=EDGE_CURVE('',#4442,#4444,#2314,.T.);
#5569=EDGE_CURVE('',#4444,#4445,#2315,.T.);
#5570=EDGE_CURVE('',#4443,#4445,#2316,.T.);
#5571=EDGE_CURVE('',#4446,#4442,#2317,.T.);
#5572=EDGE_CURVE('',#4446,#4447,#2318,.T.);
#5573=EDGE_CURVE('',#4447,#4444,#2319,.T.);
#5574=EDGE_CURVE('',#4448,#4446,#2320,.T.);
#5575=EDGE_CURVE('',#4448,#4449,#2321,.T.);
#5576=EDGE_CURVE('',#4449,#4447,#2322,.T.);
#5577=EDGE_CURVE('',#4443,#4448,#2323,.T.);
#5578=EDGE_CURVE('',#4445,#4449,#2324,.T.);
#5579=EDGE_CURVE('',#4450,#4451,#2325,.T.);
#5580=EDGE_CURVE('',#4450,#4452,#2326,.T.);
#5581=EDGE_CURVE('',#4452,#4453,#2327,.T.);
#5582=EDGE_CURVE('',#4451,#4453,#2328,.T.);
#5583=EDGE_CURVE('',#4454,#4450,#2329,.T.);
#5584=EDGE_CURVE('',#4454,#4455,#2330,.T.);
#5585=EDGE_CURVE('',#4455,#4452,#2331,.T.);
#5586=EDGE_CURVE('',#4456,#4454,#2332,.T.);
#5587=EDGE_CURVE('',#4456,#4457,#2333,.T.);
#5588=EDGE_CURVE('',#4457,#4455,#2334,.T.);
#5589=EDGE_CURVE('',#4451,#4456,#2335,.T.);
#5590=EDGE_CURVE('',#4453,#4457,#2336,.T.);
#5591=EDGE_CURVE('',#4236,#4369,#2337,.T.);
#5592=EDGE_CURVE('',#4458,#4240,#2338,.T.);
#5593=EDGE_CURVE('',#4458,#4244,#2339,.T.);
#5594=EDGE_CURVE('',#4243,#4458,#2340,.T.);
#5595=EDGE_CURVE('',#4459,#4460,#2341,.T.);
#5596=EDGE_CURVE('',#4459,#4461,#2342,.T.);
#5597=EDGE_CURVE('',#4461,#4462,#2343,.T.);
#5598=EDGE_CURVE('',#4460,#4462,#2344,.T.);
#5599=EDGE_CURVE('',#4463,#4459,#2345,.T.);
#5600=EDGE_CURVE('',#4463,#4464,#2346,.T.);
#5601=EDGE_CURVE('',#4464,#4461,#2347,.T.);
#5602=EDGE_CURVE('',#4465,#4463,#2348,.T.);
#5603=EDGE_CURVE('',#4465,#4466,#2349,.T.);
#5604=EDGE_CURVE('',#4466,#4464,#2350,.T.);
#5605=EDGE_CURVE('',#4460,#4465,#2351,.T.);
#5606=EDGE_CURVE('',#4462,#4466,#2352,.T.);
#5607=EDGE_CURVE('',#4467,#4468,#2353,.T.);
#5608=EDGE_CURVE('',#4468,#4469,#2354,.T.);
#5609=EDGE_CURVE('',#4469,#4470,#2355,.T.);
#5610=EDGE_CURVE('',#4470,#4467,#2356,.T.);
#5611=EDGE_CURVE('',#4471,#4472,#2357,.T.);
#5612=EDGE_CURVE('',#4472,#4473,#2358,.T.);
#5613=EDGE_CURVE('',#4473,#4474,#2359,.T.);
#5614=EDGE_CURVE('',#4474,#4471,#2360,.T.);
#5615=EDGE_CURVE('',#4475,#4476,#2361,.T.);
#5616=EDGE_CURVE('',#4476,#4477,#2362,.T.);
#5617=EDGE_CURVE('',#4477,#4478,#2363,.T.);
#5618=EDGE_CURVE('',#4478,#4475,#2364,.T.);
#5619=EDGE_CURVE('',#4479,#4480,#2365,.T.);
#5620=EDGE_CURVE('',#4480,#4481,#2366,.T.);
#5621=EDGE_CURVE('',#4481,#4482,#2367,.T.);
#5622=EDGE_CURVE('',#4482,#4479,#2368,.T.);
#5623=EDGE_CURVE('',#4483,#4484,#2369,.T.);
#5624=EDGE_CURVE('',#4484,#4485,#2370,.T.);
#5625=EDGE_CURVE('',#4485,#4486,#2371,.T.);
#5626=EDGE_CURVE('',#4486,#4483,#2372,.T.);
#5627=EDGE_CURVE('',#4487,#4488,#2373,.T.);
#5628=EDGE_CURVE('',#4488,#4489,#2374,.T.);
#5629=EDGE_CURVE('',#4489,#4490,#2375,.T.);
#5630=EDGE_CURVE('',#4490,#4487,#2376,.T.);
#5631=EDGE_CURVE('',#4491,#4492,#2377,.T.);
#5632=EDGE_CURVE('',#4492,#4493,#2378,.T.);
#5633=EDGE_CURVE('',#4493,#4494,#2379,.T.);
#5634=EDGE_CURVE('',#4494,#4491,#2380,.T.);
#5635=EDGE_CURVE('',#4495,#4496,#2381,.T.);
#5636=EDGE_CURVE('',#4496,#4497,#2382,.T.);
#5637=EDGE_CURVE('',#4497,#4498,#2383,.T.);
#5638=EDGE_CURVE('',#4498,#4495,#2384,.T.);
#5639=EDGE_CURVE('',#4499,#4500,#2385,.T.);
#5640=EDGE_CURVE('',#4500,#4501,#2386,.T.);
#5641=EDGE_CURVE('',#4501,#4502,#2387,.T.);
#5642=EDGE_CURVE('',#4502,#4499,#2388,.T.);
#5643=EDGE_CURVE('',#4503,#4504,#2389,.T.);
#5644=EDGE_CURVE('',#4504,#4505,#2390,.T.);
#5645=EDGE_CURVE('',#4505,#4506,#2391,.T.);
#5646=EDGE_CURVE('',#4506,#4503,#2392,.T.);
#5647=EDGE_CURVE('',#4507,#4508,#2393,.T.);
#5648=EDGE_CURVE('',#4508,#4509,#2394,.T.);
#5649=EDGE_CURVE('',#4509,#4510,#2395,.T.);
#5650=EDGE_CURVE('',#4510,#4507,#2396,.T.);
#5651=EDGE_CURVE('',#4511,#4512,#2397,.T.);
#5652=EDGE_CURVE('',#4512,#4513,#2398,.T.);
#5653=EDGE_CURVE('',#4513,#4514,#2399,.T.);
#5654=EDGE_CURVE('',#4514,#4511,#2400,.T.);
#5655=EDGE_CURVE('',#4515,#4516,#2401,.T.);
#5656=EDGE_CURVE('',#4516,#4517,#2402,.T.);
#5657=EDGE_CURVE('',#4517,#4518,#2403,.T.);
#5658=EDGE_CURVE('',#4518,#4515,#2404,.T.);
#5659=EDGE_CURVE('',#4519,#4520,#2405,.T.);
#5660=EDGE_CURVE('',#4520,#4516,#2406,.T.);
#5661=EDGE_CURVE('',#4519,#4515,#2407,.T.);
#5662=EDGE_CURVE('',#4521,#4519,#2408,.T.);
#5663=EDGE_CURVE('',#4521,#4518,#2409,.T.);
#5664=EDGE_CURVE('',#4522,#4521,#2410,.T.);
#5665=EDGE_CURVE('',#4522,#4517,#2411,.T.);
#5666=EDGE_CURVE('',#4520,#4522,#2412,.T.);
#5667=EDGE_CURVE('',#4523,#4524,#2413,.T.);
#5668=EDGE_CURVE('',#4524,#4512,#2414,.T.);
#5669=EDGE_CURVE('',#4523,#4511,#2415,.T.);
#5670=EDGE_CURVE('',#4525,#4523,#2416,.T.);
#5671=EDGE_CURVE('',#4525,#4514,#2417,.T.);
#5672=EDGE_CURVE('',#4526,#4525,#2418,.T.);
#5673=EDGE_CURVE('',#4526,#4513,#2419,.T.);
#5674=EDGE_CURVE('',#4524,#4526,#2420,.T.);
#5675=EDGE_CURVE('',#4170,#4527,#2421,.T.);
#5676=EDGE_CURVE('',#4527,#4527,#255,.T.);
#5677=EDGE_CURVE('',#4528,#4529,#2422,.T.);
#5678=EDGE_CURVE('',#4529,#4508,#2423,.T.);
#5679=EDGE_CURVE('',#4528,#4507,#2424,.T.);
#5680=EDGE_CURVE('',#4530,#4528,#2425,.T.);
#5681=EDGE_CURVE('',#4530,#4510,#2426,.T.);
#5682=EDGE_CURVE('',#4531,#4530,#2427,.T.);
#5683=EDGE_CURVE('',#4531,#4509,#2428,.T.);
#5684=EDGE_CURVE('',#4529,#4531,#2429,.T.);
#5685=EDGE_CURVE('',#4532,#4533,#2430,.T.);
#5686=EDGE_CURVE('',#4533,#4504,#2431,.T.);
#5687=EDGE_CURVE('',#4532,#4503,#2432,.T.);
#5688=EDGE_CURVE('',#4534,#4532,#2433,.T.);
#5689=EDGE_CURVE('',#4534,#4506,#2434,.T.);
#5690=EDGE_CURVE('',#4535,#4534,#2435,.T.);
#5691=EDGE_CURVE('',#4535,#4505,#2436,.T.);
#5692=EDGE_CURVE('',#4533,#4535,#2437,.T.);
#5693=EDGE_CURVE('',#4536,#4537,#2438,.T.);
#5694=EDGE_CURVE('',#4537,#4500,#2439,.T.);
#5695=EDGE_CURVE('',#4536,#4499,#2440,.T.);
#5696=EDGE_CURVE('',#4538,#4536,#2441,.T.);
#5697=EDGE_CURVE('',#4538,#4502,#2442,.T.);
#5698=EDGE_CURVE('',#4539,#4538,#2443,.T.);
#5699=EDGE_CURVE('',#4539,#4501,#2444,.T.);
#5700=EDGE_CURVE('',#4537,#4539,#2445,.T.);
#5701=EDGE_CURVE('',#4540,#4541,#2446,.T.);
#5702=EDGE_CURVE('',#4541,#4496,#2447,.T.);
#5703=EDGE_CURVE('',#4540,#4495,#2448,.T.);
#5704=EDGE_CURVE('',#4542,#4540,#2449,.T.);
#5705=EDGE_CURVE('',#4542,#4498,#2450,.T.);
#5706=EDGE_CURVE('',#4543,#4542,#2451,.T.);
#5707=EDGE_CURVE('',#4543,#4497,#2452,.T.);
#5708=EDGE_CURVE('',#4541,#4543,#2453,.T.);
#5709=EDGE_CURVE('',#4544,#4545,#2454,.T.);
#5710=EDGE_CURVE('',#4545,#4492,#2455,.T.);
#5711=EDGE_CURVE('',#4544,#4491,#2456,.T.);
#5712=EDGE_CURVE('',#4546,#4544,#2457,.T.);
#5713=EDGE_CURVE('',#4546,#4494,#2458,.T.);
#5714=EDGE_CURVE('',#4547,#4546,#2459,.T.);
#5715=EDGE_CURVE('',#4547,#4493,#2460,.T.);
#5716=EDGE_CURVE('',#4545,#4547,#2461,.T.);
#5717=EDGE_CURVE('',#4548,#4549,#2462,.T.);
#5718=EDGE_CURVE('',#4549,#4488,#2463,.T.);
#5719=EDGE_CURVE('',#4548,#4487,#2464,.T.);
#5720=EDGE_CURVE('',#4550,#4548,#2465,.T.);
#5721=EDGE_CURVE('',#4550,#4490,#2466,.T.);
#5722=EDGE_CURVE('',#4551,#4550,#2467,.T.);
#5723=EDGE_CURVE('',#4551,#4489,#2468,.T.);
#5724=EDGE_CURVE('',#4549,#4551,#2469,.T.);
#5725=EDGE_CURVE('',#4552,#4553,#2470,.T.);
#5726=EDGE_CURVE('',#4553,#4484,#2471,.T.);
#5727=EDGE_CURVE('',#4552,#4483,#2472,.T.);
#5728=EDGE_CURVE('',#4554,#4552,#2473,.T.);
#5729=EDGE_CURVE('',#4554,#4486,#2474,.T.);
#5730=EDGE_CURVE('',#4555,#4554,#2475,.T.);
#5731=EDGE_CURVE('',#4555,#4485,#2476,.T.);
#5732=EDGE_CURVE('',#4553,#4555,#2477,.T.);
#5733=EDGE_CURVE('',#4556,#4557,#2478,.T.);
#5734=EDGE_CURVE('',#4557,#4480,#2479,.T.);
#5735=EDGE_CURVE('',#4556,#4479,#2480,.T.);
#5736=EDGE_CURVE('',#4558,#4556,#2481,.T.);
#5737=EDGE_CURVE('',#4558,#4482,#2482,.T.);
#5738=EDGE_CURVE('',#4559,#4558,#2483,.T.);
#5739=EDGE_CURVE('',#4559,#4481,#2484,.T.);
#5740=EDGE_CURVE('',#4557,#4559,#2485,.T.);
#5741=EDGE_CURVE('',#4296,#4560,#2486,.T.);
#5742=EDGE_CURVE('',#4560,#4325,#2487,.T.);
#5743=EDGE_CURVE('',#4561,#4291,#2488,.T.);
#5744=EDGE_CURVE('',#4561,#4295,#2489,.T.);
#5745=EDGE_CURVE('',#4294,#4561,#2490,.T.);
#5746=EDGE_CURVE('',#4562,#4324,#2491,.T.);
#5747=EDGE_CURVE('',#4562,#4299,#2492,.T.);
#5748=EDGE_CURVE('',#4560,#4562,#2493,.T.);
#5749=EDGE_CURVE('',#4156,#4563,#2494,.T.);
#5750=EDGE_CURVE('',#4563,#4563,#256,.T.);
#5751=EDGE_CURVE('',#4157,#4564,#2495,.T.);
#5752=EDGE_CURVE('',#4564,#4564,#257,.T.);
#5753=EDGE_CURVE('',#4565,#4566,#2496,.T.);
#5754=EDGE_CURVE('',#4566,#4476,#2497,.T.);
#5755=EDGE_CURVE('',#4565,#4475,#2498,.T.);
#5756=EDGE_CURVE('',#4567,#4565,#2499,.T.);
#5757=EDGE_CURVE('',#4567,#4478,#2500,.T.);
#5758=EDGE_CURVE('',#4568,#4567,#2501,.T.);
#5759=EDGE_CURVE('',#4568,#4477,#2502,.T.);
#5760=EDGE_CURVE('',#4566,#4568,#2503,.T.);
#5761=EDGE_CURVE('',#4569,#4570,#2504,.T.);
#5762=EDGE_CURVE('',#4570,#4472,#2505,.T.);
#5763=EDGE_CURVE('',#4569,#4471,#2506,.T.);
#5764=EDGE_CURVE('',#4571,#4569,#2507,.T.);
#5765=EDGE_CURVE('',#4571,#4474,#2508,.T.);
#5766=EDGE_CURVE('',#4572,#4571,#2509,.T.);
#5767=EDGE_CURVE('',#4572,#4473,#2510,.T.);
#5768=EDGE_CURVE('',#4570,#4572,#2511,.T.);
#5769=EDGE_CURVE('',#4573,#4574,#2512,.T.);
#5770=EDGE_CURVE('',#4574,#4468,#2513,.T.);
#5771=EDGE_CURVE('',#4573,#4467,#2514,.T.);
#5772=EDGE_CURVE('',#4575,#4573,#2515,.T.);
#5773=EDGE_CURVE('',#4575,#4470,#2516,.T.);
#5774=EDGE_CURVE('',#4576,#4575,#2517,.T.);
#5775=EDGE_CURVE('',#4576,#4469,#2518,.T.);
#5776=EDGE_CURVE('',#4574,#4576,#2519,.T.);
#5777=EDGE_CURVE('',#4171,#4577,#2520,.T.);
#5778=EDGE_CURVE('',#4577,#4577,#258,.T.);
#5779=EDGE_CURVE('',#4578,#4308,#2521,.F.);
#5780=EDGE_CURVE('',#4578,#4347,#2522,.T.);
#5781=EDGE_CURVE('',#4579,#4329,#2523,.T.);
#5782=EDGE_CURVE('',#4579,#4311,#2524,.T.);
#5783=EDGE_CURVE('',#4580,#4327,#2525,.T.);
#5784=EDGE_CURVE('',#4580,#4579,#2526,.T.);
#5785=EDGE_CURVE('',#4580,#4581,#2527,.F.);
#5786=EDGE_CURVE('',#4581,#4161,#2528,.T.);
#5787=EDGE_CURVE('',#4581,#4582,#259,.F.);
#5788=EDGE_CURVE('',#4582,#4160,#2529,.T.);
#5789=EDGE_CURVE('',#4582,#4334,#2530,.F.);
#5790=EDGE_CURVE('',#4583,#4302,#260,.T.);
#5791=EDGE_CURVE('',#4583,#4117,#2531,.T.);
#5792=EDGE_CURVE('',#4583,#4323,#2532,.F.);
#5793=EDGE_CURVE('',#4320,#4288,#2533,.T.);
#5794=EDGE_CURVE('',#4584,#4321,#261,.T.);
#5795=EDGE_CURVE('',#4584,#4109,#2534,.T.);
#5796=EDGE_CURVE('',#4584,#4585,#2535,.F.);
#5797=EDGE_CURVE('',#4585,#4108,#2536,.T.);
#5798=EDGE_CURVE('',#4586,#4585,#262,.T.);
#5799=EDGE_CURVE('',#4586,#4107,#2537,.T.);
#5800=EDGE_CURVE('',#4587,#4350,#2538,.T.);
#5801=EDGE_CURVE('',#4586,#4587,#2539,.F.);
#5802=EDGE_CURVE('',#4588,#4349,#2540,.T.);
#5803=EDGE_CURVE('',#4588,#4587,#2541,.T.);
#5804=EDGE_CURVE('',#4316,#4588,#2542,.T.);
#5805=EDGE_CURVE('',#4589,#4348,#2543,.T.);
#5806=EDGE_CURVE('',#4589,#4343,#2544,.T.);
#5807=EDGE_CURVE('',#4578,#4589,#2545,.T.);
#5808=EDGE_CURVE('',#4590,#4591,#2546,.T.);
#5809=EDGE_CURVE('',#4590,#4592,#2547,.T.);
#5810=EDGE_CURVE('',#4593,#4592,#2548,.T.);
#5811=EDGE_CURVE('',#4593,#4591,#2549,.T.);
#5812=EDGE_CURVE('',#4591,#4594,#2550,.T.);
#5813=EDGE_CURVE('',#4594,#4595,#2551,.T.);
#5814=EDGE_CURVE('',#4595,#4590,#2552,.T.);
#5815=EDGE_CURVE('',#4596,#4593,#2553,.F.);
#5816=EDGE_CURVE('',#4597,#4596,#2554,.T.);
#5817=EDGE_CURVE('',#4591,#4597,#2555,.F.);
#5818=EDGE_CURVE('',#4598,#4599,#2556,.T.);
#5819=EDGE_CURVE('',#4600,#4599,#263,.T.);
#5820=EDGE_CURVE('',#4600,#4601,#2557,.T.);
#5821=EDGE_CURVE('',#4602,#4601,#264,.T.);
#5822=EDGE_CURVE('',#4602,#4603,#2558,.T.);
#5823=EDGE_CURVE('',#4604,#4603,#265,.T.);
#5824=EDGE_CURVE('',#4604,#4605,#2559,.T.);
#5825=EDGE_CURVE('',#4598,#4605,#266,.T.);
#5826=EDGE_CURVE('',#4606,#4596,#2560,.T.);
#5827=EDGE_CURVE('',#4606,#4607,#2561,.T.);
#5828=EDGE_CURVE('',#4597,#4607,#2562,.T.);
#5829=EDGE_CURVE('',#4596,#4608,#2563,.T.);
#5830=EDGE_CURVE('',#4608,#4609,#2564,.T.);
#5831=EDGE_CURVE('',#4609,#4606,#2565,.T.);
#5832=EDGE_CURVE('',#4610,#4611,#2566,.T.);
#5833=EDGE_CURVE('',#4611,#4612,#267,.T.);
#5834=EDGE_CURVE('',#4612,#4613,#2567,.T.);
#5835=EDGE_CURVE('',#4613,#4610,#268,.T.);
#5836=EDGE_CURVE('',#4610,#4614,#2568,.T.);
#5837=EDGE_CURVE('',#4614,#4615,#2569,.T.);
#5838=EDGE_CURVE('',#4615,#4611,#2570,.T.);
#5839=EDGE_CURVE('',#4616,#4617,#2571,.T.);
#5840=EDGE_CURVE('',#4617,#4615,#269,.T.);
#5841=EDGE_CURVE('',#4614,#4616,#270,.T.);
#5842=EDGE_CURVE('',#4616,#4618,#2572,.T.);
#5843=EDGE_CURVE('',#4618,#4619,#2573,.T.);
#5844=EDGE_CURVE('',#4619,#4617,#2574,.T.);
#5845=EDGE_CURVE('',#4620,#4621,#2575,.T.);
#5846=EDGE_CURVE('',#4621,#4619,#271,.T.);
#5847=EDGE_CURVE('',#4618,#4620,#272,.T.);
#5848=EDGE_CURVE('',#4620,#4622,#2576,.T.);
#5849=EDGE_CURVE('',#4622,#4623,#2577,.T.);
#5850=EDGE_CURVE('',#4623,#4621,#2578,.T.);
#5851=EDGE_CURVE('',#4624,#4625,#2579,.T.);
#5852=EDGE_CURVE('',#4625,#4623,#273,.T.);
#5853=EDGE_CURVE('',#4622,#4624,#274,.T.);
#5854=EDGE_CURVE('',#4624,#4613,#2580,.T.);
#5855=EDGE_CURVE('',#4612,#4625,#2581,.T.);
#5856=EDGE_CURVE('',#4599,#4623,#2582,.T.);
#5857=EDGE_CURVE('',#4621,#4598,#2583,.T.);
#5858=EDGE_CURVE('',#4625,#4600,#2584,.T.);
#5859=EDGE_CURVE('',#4601,#4612,#2585,.T.);
#5860=EDGE_CURVE('',#4611,#4602,#2586,.T.);
#5861=EDGE_CURVE('',#4626,#4627,#2587,.T.);
#5862=EDGE_CURVE('',#4628,#4626,#275,.T.);
#5863=EDGE_CURVE('',#4629,#4628,#2588,.T.);
#5864=EDGE_CURVE('',#4630,#4629,#276,.T.);
#5865=EDGE_CURVE('',#4631,#4630,#2589,.T.);
#5866=EDGE_CURVE('',#4632,#4631,#277,.T.);
#5867=EDGE_CURVE('',#4633,#4632,#2590,.T.);
#5868=EDGE_CURVE('',#4627,#4633,#278,.T.);
#5869=EDGE_CURVE('',#4634,#4635,#2591,.T.);
#5870=EDGE_CURVE('',#4636,#4634,#279,.T.);
#5871=EDGE_CURVE('',#4637,#4636,#2592,.T.);
#5872=EDGE_CURVE('',#4638,#4637,#280,.T.);
#5873=EDGE_CURVE('',#4639,#4638,#2593,.T.);
#5874=EDGE_CURVE('',#4640,#4639,#281,.T.);
#5875=EDGE_CURVE('',#4641,#4640,#2594,.T.);
#5876=EDGE_CURVE('',#4642,#4641,#282,.T.);
#5877=EDGE_CURVE('',#4643,#4642,#2595,.T.);
#5878=EDGE_CURVE('',#4644,#4643,#283,.T.);
#5879=EDGE_CURVE('',#4645,#4644,#2596,.T.);
#5880=EDGE_CURVE('',#4646,#4645,#284,.T.);
#5881=EDGE_CURVE('',#4647,#4646,#2597,.T.);
#5882=EDGE_CURVE('',#4648,#4647,#285,.T.);
#5883=EDGE_CURVE('',#4649,#4648,#2598,.T.);
#5884=EDGE_CURVE('',#4635,#4649,#286,.T.);
#5885=EDGE_CURVE('',#4650,#4650,#287,.T.);
#5886=EDGE_CURVE('',#4651,#4634,#2599,.T.);
#5887=EDGE_CURVE('',#4635,#4652,#2600,.T.);
#5888=EDGE_CURVE('',#4652,#4651,#2601,.T.);
#5889=EDGE_CURVE('',#4651,#4653,#288,.T.);
#5890=EDGE_CURVE('',#4653,#4636,#2602,.T.);
#5891=EDGE_CURVE('',#4654,#4637,#2603,.T.);
#5892=EDGE_CURVE('',#4653,#4654,#2604,.T.);
#5893=EDGE_CURVE('',#4654,#4655,#289,.T.);
#5894=EDGE_CURVE('',#4655,#4638,#2605,.T.);
#5895=EDGE_CURVE('',#4656,#4639,#2606,.T.);
#5896=EDGE_CURVE('',#4655,#4656,#2607,.T.);
#5897=EDGE_CURVE('',#4656,#4657,#290,.T.);
#5898=EDGE_CURVE('',#4657,#4640,#2608,.T.);
#5899=EDGE_CURVE('',#4658,#4641,#2609,.T.);
#5900=EDGE_CURVE('',#4657,#4658,#2610,.T.);
#5901=EDGE_CURVE('',#4658,#4659,#291,.T.);
#5902=EDGE_CURVE('',#4659,#4642,#2611,.T.);
#5903=EDGE_CURVE('',#4660,#4643,#2612,.T.);
#5904=EDGE_CURVE('',#4659,#4660,#2613,.T.);
#5905=EDGE_CURVE('',#4660,#4661,#292,.T.);
#5906=EDGE_CURVE('',#4661,#4644,#2614,.T.);
#5907=EDGE_CURVE('',#4662,#4645,#2615,.T.);
#5908=EDGE_CURVE('',#4661,#4662,#2616,.T.);
#5909=EDGE_CURVE('',#4662,#4663,#293,.T.);
#5910=EDGE_CURVE('',#4663,#4646,#2617,.T.);
#5911=EDGE_CURVE('',#4664,#4647,#2618,.T.);
#5912=EDGE_CURVE('',#4663,#4664,#2619,.T.);
#5913=EDGE_CURVE('',#4664,#4665,#294,.T.);
#5914=EDGE_CURVE('',#4665,#4648,#2620,.T.);
#5915=EDGE_CURVE('',#4666,#4649,#2621,.T.);
#5916=EDGE_CURVE('',#4665,#4666,#2622,.T.);
#5917=EDGE_CURVE('',#4666,#4652,#295,.T.);
#5918=EDGE_CURVE('',#4658,#4667,#2623,.T.);
#5919=EDGE_CURVE('',#4667,#4668,#296,.T.);
#5920=EDGE_CURVE('',#4668,#4659,#2624,.T.);
#5921=EDGE_CURVE('',#4669,#4657,#2625,.T.);
#5922=EDGE_CURVE('',#4669,#4667,#2626,.T.);
#5923=EDGE_CURVE('',#4656,#4670,#2627,.T.);
#5924=EDGE_CURVE('',#4670,#4669,#297,.T.);
#5925=EDGE_CURVE('',#4671,#4655,#2628,.T.);
#5926=EDGE_CURVE('',#4671,#4670,#2629,.T.);
#5927=EDGE_CURVE('',#4654,#4672,#2630,.T.);
#5928=EDGE_CURVE('',#4672,#4671,#298,.T.);
#5929=EDGE_CURVE('',#4673,#4653,#2631,.T.);
#5930=EDGE_CURVE('',#4673,#4672,#2632,.T.);
#5931=EDGE_CURVE('',#4651,#4674,#2633,.T.);
#5932=EDGE_CURVE('',#4674,#4673,#299,.T.);
#5933=EDGE_CURVE('',#4675,#4652,#2634,.T.);
#5934=EDGE_CURVE('',#4675,#4674,#2635,.T.);
#5935=EDGE_CURVE('',#4668,#4676,#2636,.T.);
#5936=EDGE_CURVE('',#4660,#4676,#2637,.T.);
#5937=EDGE_CURVE('',#4595,#4677,#2638,.F.);
#5938=EDGE_CURVE('',#4592,#4677,#2639,.T.);
#5939=EDGE_CURVE('',#4677,#4678,#2640,.T.);
#5940=EDGE_CURVE('',#4678,#4593,#2641,.T.);
#5941=EDGE_CURVE('',#4678,#4608,#2642,.T.);
#5942=EDGE_CURVE('',#4679,#4597,#2643,.T.);
#5943=EDGE_CURVE('',#4679,#4594,#2644,.T.);
#5944=EDGE_CURVE('',#4605,#4619,#2645,.T.);
#5945=EDGE_CURVE('',#4617,#4604,#2646,.T.);
#5946=EDGE_CURVE('',#4603,#4615,#2647,.T.);
#5947=EDGE_CURVE('',#4662,#4680,#2648,.T.);
#5948=EDGE_CURVE('',#4680,#4681,#300,.T.);
#5949=EDGE_CURVE('',#4681,#4663,#2649,.T.);
#5950=EDGE_CURVE('',#4682,#4683,#2650,.T.);
#5951=EDGE_CURVE('',#4683,#4684,#301,.T.);
#5952=EDGE_CURVE('',#4684,#4685,#2651,.T.);
#5953=EDGE_CURVE('',#4685,#4686,#302,.T.);
#5954=EDGE_CURVE('',#4686,#4687,#2652,.T.);
#5955=EDGE_CURVE('',#4687,#4688,#303,.T.);
#5956=EDGE_CURVE('',#4688,#4689,#2653,.T.);
#5957=EDGE_CURVE('',#4689,#4682,#304,.T.);
#5958=EDGE_CURVE('',#4690,#4679,#2654,.T.);
#5959=EDGE_CURVE('',#4609,#4690,#2655,.T.);
#5960=EDGE_CURVE('',#4691,#4692,#2656,.T.);
#5961=EDGE_CURVE('',#4692,#4693,#305,.T.);
#5962=EDGE_CURVE('',#4693,#4694,#2657,.T.);
#5963=EDGE_CURVE('',#4694,#4695,#306,.T.);
#5964=EDGE_CURVE('',#4695,#4696,#2658,.T.);
#5965=EDGE_CURVE('',#4696,#4697,#307,.T.);
#5966=EDGE_CURVE('',#4697,#4698,#2659,.T.);
#5967=EDGE_CURVE('',#4698,#4691,#308,.T.);
#5968=EDGE_CURVE('',#4699,#4699,#309,.T.);
#5969=EDGE_CURVE('',#4700,#4680,#2660,.T.);
#5970=EDGE_CURVE('',#4676,#4700,#310,.T.);
#5971=EDGE_CURVE('',#4701,#4675,#311,.T.);
#5972=EDGE_CURVE('',#4702,#4701,#2661,.T.);
#5973=EDGE_CURVE('',#4703,#4702,#312,.T.);
#5974=EDGE_CURVE('',#4681,#4703,#2662,.T.);
#5975=EDGE_CURVE('',#4704,#4704,#313,.T.);
#5976=EDGE_CURVE('',#4705,#4705,#314,.T.);
#5977=EDGE_CURVE('',#4706,#4706,#315,.T.);
#5978=EDGE_CURVE('',#4707,#4707,#316,.T.);
#5979=EDGE_CURVE('',#4700,#4661,#2663,.T.);
#5980=EDGE_CURVE('',#4666,#4701,#2664,.T.);
#5981=EDGE_CURVE('',#4664,#4703,#2665,.T.);
#5982=EDGE_CURVE('',#4702,#4665,#2666,.T.);
#5983=EDGE_CURVE('',#4708,#4626,#2667,.T.);
#5984=EDGE_CURVE('',#4627,#4709,#2668,.T.);
#5985=EDGE_CURVE('',#4709,#4708,#2669,.T.);
#5986=EDGE_CURVE('',#4710,#4628,#2670,.T.);
#5987=EDGE_CURVE('',#4708,#4710,#317,.T.);
#5988=EDGE_CURVE('',#4711,#4629,#2671,.T.);
#5989=EDGE_CURVE('',#4710,#4711,#2672,.T.);
#5990=EDGE_CURVE('',#4712,#4630,#2673,.T.);
#5991=EDGE_CURVE('',#4711,#4712,#318,.T.);
#5992=EDGE_CURVE('',#4713,#4631,#2674,.T.);
#5993=EDGE_CURVE('',#4712,#4713,#2675,.T.);
#5994=EDGE_CURVE('',#4714,#4632,#2676,.T.);
#5995=EDGE_CURVE('',#4713,#4714,#319,.T.);
#5996=EDGE_CURVE('',#4715,#4633,#2677,.T.);
#5997=EDGE_CURVE('',#4714,#4715,#2678,.T.);
#5998=EDGE_CURVE('',#4715,#4709,#320,.T.);
#5999=EDGE_CURVE('',#4716,#4711,#2679,.T.);
#6000=EDGE_CURVE('',#4716,#4717,#321,.T.);
#6001=EDGE_CURVE('',#4717,#4712,#2680,.T.);
#6002=EDGE_CURVE('',#4718,#4710,#2681,.T.);
#6003=EDGE_CURVE('',#4718,#4716,#2682,.T.);
#6004=EDGE_CURVE('',#4719,#4720,#2683,.T.);
#6005=EDGE_CURVE('',#4720,#4721,#322,.T.);
#6006=EDGE_CURVE('',#4721,#4722,#2684,.T.);
#6007=EDGE_CURVE('',#4722,#4719,#323,.T.);
#6008=EDGE_CURVE('',#4723,#4724,#2685,.T.);
#6009=EDGE_CURVE('',#4724,#4725,#324,.T.);
#6010=EDGE_CURVE('',#4725,#4726,#2686,.T.);
#6011=EDGE_CURVE('',#4726,#4727,#325,.T.);
#6012=EDGE_CURVE('',#4727,#4728,#2687,.T.);
#6013=EDGE_CURVE('',#4729,#4728,#326,.T.);
#6014=EDGE_CURVE('',#4729,#4730,#2688,.T.);
#6015=EDGE_CURVE('',#4723,#4730,#327,.T.);
#6016=EDGE_CURVE('',#4731,#4708,#2689,.T.);
#6017=EDGE_CURVE('',#4731,#4718,#328,.T.);
#6018=EDGE_CURVE('',#4732,#4709,#2690,.T.);
#6019=EDGE_CURVE('',#4732,#4731,#2691,.T.);
#6020=EDGE_CURVE('',#4733,#4734,#2692,.T.);
#6021=EDGE_CURVE('',#4696,#4733,#2693,.T.);
#6022=EDGE_CURVE('',#4695,#4734,#2694,.T.);
#6023=EDGE_CURVE('',#4734,#4735,#329,.T.);
#6024=EDGE_CURVE('',#4694,#4735,#2695,.T.);
#6025=EDGE_CURVE('',#4735,#4736,#2696,.T.);
#6026=EDGE_CURVE('',#4693,#4736,#2697,.T.);
#6027=EDGE_CURVE('',#4736,#4737,#330,.T.);
#6028=EDGE_CURVE('',#4692,#4737,#2698,.T.);
#6029=EDGE_CURVE('',#4737,#4738,#2699,.T.);
#6030=EDGE_CURVE('',#4691,#4738,#2700,.T.);
#6031=EDGE_CURVE('',#4738,#4739,#331,.T.);
#6032=EDGE_CURVE('',#4698,#4739,#2701,.T.);
#6033=EDGE_CURVE('',#4739,#4740,#2702,.T.);
#6034=EDGE_CURVE('',#4697,#4740,#2703,.T.);
#6035=EDGE_CURVE('',#4740,#4733,#332,.T.);
#6036=EDGE_CURVE('',#4650,#4741,#2704,.T.);
#6037=EDGE_CURVE('',#4741,#4741,#333,.T.);
#6038=EDGE_CURVE('',#4742,#4742,#334,.T.);
#6039=EDGE_CURVE('',#4743,#4743,#335,.T.);
#6040=EDGE_CURVE('',#4743,#4742,#2705,.T.);
#6041=EDGE_CURVE('',#4744,#4744,#336,.T.);
#6042=EDGE_CURVE('',#4744,#4699,#2706,.T.);
#6043=EDGE_CURVE('',#4745,#4746,#337,.T.);
#6044=EDGE_CURVE('',#4746,#4729,#2707,.T.);
#6045=EDGE_CURVE('',#4728,#4745,#2708,.T.);
#6046=EDGE_CURVE('',#4747,#4746,#2709,.T.);
#6047=EDGE_CURVE('',#4730,#4747,#2710,.T.);
#6048=EDGE_CURVE('',#4747,#4748,#338,.T.);
#6049=EDGE_CURVE('',#4748,#4723,#2711,.T.);
#6050=EDGE_CURVE('',#4749,#4748,#2712,.T.);
#6051=EDGE_CURVE('',#4724,#4749,#2713,.T.);
#6052=EDGE_CURVE('',#4727,#4750,#2714,.T.);
#6053=EDGE_CURVE('',#4745,#4750,#2715,.T.);
#6054=EDGE_CURVE('',#4750,#4751,#339,.T.);
#6055=EDGE_CURVE('',#4726,#4751,#2716,.T.);
#6056=EDGE_CURVE('',#4751,#4752,#2717,.T.);
#6057=EDGE_CURVE('',#4725,#4752,#2718,.T.);
#6058=EDGE_CURVE('',#4752,#4749,#340,.T.);
#6059=EDGE_CURVE('',#4753,#4754,#2719,.T.);
#6060=EDGE_CURVE('',#4720,#4753,#2720,.T.);
#6061=EDGE_CURVE('',#4719,#4754,#2721,.T.);
#6062=EDGE_CURVE('',#4754,#4755,#341,.T.);
#6063=EDGE_CURVE('',#4722,#4755,#2722,.T.);
#6064=EDGE_CURVE('',#4755,#4756,#2723,.T.);
#6065=EDGE_CURVE('',#4721,#4756,#2724,.T.);
#6066=EDGE_CURVE('',#4756,#4753,#342,.T.);
#6067=EDGE_CURVE('',#4757,#4758,#2725,.T.);
#6068=EDGE_CURVE('',#4689,#4757,#2726,.T.);
#6069=EDGE_CURVE('',#4688,#4758,#2727,.T.);
#6070=EDGE_CURVE('',#4707,#4759,#2728,.T.);
#6071=EDGE_CURVE('',#4759,#4759,#343,.T.);
#6072=EDGE_CURVE('',#4706,#4760,#2729,.T.);
#6073=EDGE_CURVE('',#4760,#4760,#344,.T.);
#6074=EDGE_CURVE('',#4705,#4761,#2730,.T.);
#6075=EDGE_CURVE('',#4761,#4761,#345,.T.);
#6076=EDGE_CURVE('',#4704,#4762,#2731,.T.);
#6077=EDGE_CURVE('',#4762,#4762,#346,.T.);
#6078=EDGE_CURVE('',#4607,#4690,#2732,.T.);
#6079=EDGE_CURVE('',#4763,#4757,#347,.T.);
#6080=EDGE_CURVE('',#4682,#4763,#2733,.T.);
#6081=EDGE_CURVE('',#4764,#4763,#2734,.T.);
#6082=EDGE_CURVE('',#4683,#4764,#2735,.T.);
#6083=EDGE_CURVE('',#4765,#4764,#348,.T.);
#6084=EDGE_CURVE('',#4684,#4765,#2736,.T.);
#6085=EDGE_CURVE('',#4717,#4766,#2737,.T.);
#6086=EDGE_CURVE('',#4766,#4713,#2738,.T.);
#6087=EDGE_CURVE('',#4766,#4767,#349,.T.);
#6088=EDGE_CURVE('',#4767,#4714,#2739,.T.);
#6089=EDGE_CURVE('',#4767,#4768,#2740,.T.);
#6090=EDGE_CURVE('',#4768,#4715,#2741,.T.);
#6091=EDGE_CURVE('',#4768,#4732,#350,.T.);
#6092=EDGE_CURVE('',#4769,#4765,#2742,.T.);
#6093=EDGE_CURVE('',#4685,#4769,#2743,.T.);
#6094=EDGE_CURVE('',#4770,#4769,#351,.T.);
#6095=EDGE_CURVE('',#4686,#4770,#2744,.T.);
#6096=EDGE_CURVE('',#4771,#4770,#2745,.T.);
#6097=EDGE_CURVE('',#4687,#4771,#2746,.T.);
#6098=EDGE_CURVE('',#4758,#4771,#352,.T.);
#6099=EDGE_CURVE('',#4772,#4773,#2747,.T.);
#6100=EDGE_CURVE('',#4773,#4774,#353,.T.);
#6101=EDGE_CURVE('',#4774,#4775,#2748,.T.);
#6102=EDGE_CURVE('',#4775,#4772,#354,.T.);
#6103=EDGE_CURVE('',#4776,#4777,#2749,.T.);
#6104=EDGE_CURVE('',#4777,#4773,#2750,.T.);
#6105=EDGE_CURVE('',#4772,#4776,#2751,.T.);
#6106=EDGE_CURVE('',#4778,#4779,#2752,.T.);
#6107=EDGE_CURVE('',#4779,#4777,#355,.T.);
#6108=EDGE_CURVE('',#4776,#4778,#356,.T.);
#6109=EDGE_CURVE('',#4774,#4779,#2753,.T.);
#6110=EDGE_CURVE('',#4778,#4775,#2754,.T.);
#6111=EDGE_CURVE('',#4772,#4780,#2755,.T.);
#6112=EDGE_CURVE('',#4781,#4780,#2756,.T.);
#6113=EDGE_CURVE('',#4781,#4776,#2757,.T.);
#6114=EDGE_CURVE('',#4775,#4782,#2758,.T.);
#6115=EDGE_CURVE('',#4780,#4782,#357,.T.);
#6116=EDGE_CURVE('',#4778,#4783,#2759,.T.);
#6117=EDGE_CURVE('',#4782,#4783,#2760,.T.);
#6118=EDGE_CURVE('',#4783,#4781,#358,.T.);
#6119=EDGE_CURVE('',#4784,#4785,#2761,.T.);
#6120=EDGE_CURVE('',#4785,#4786,#2762,.T.);
#6121=EDGE_CURVE('',#4786,#4787,#2763,.T.);
#6122=EDGE_CURVE('',#4787,#4784,#2764,.T.);
#6123=EDGE_CURVE('',#4788,#4789,#2765,.T.);
#6124=EDGE_CURVE('',#4789,#4790,#2766,.T.);
#6125=EDGE_CURVE('',#4790,#4791,#2767,.T.);
#6126=EDGE_CURVE('',#4788,#4791,#2768,.T.);
#6127=EDGE_CURVE('',#4785,#4790,#2769,.T.);
#6128=EDGE_CURVE('',#4789,#4786,#2770,.T.);
#6129=EDGE_CURVE('',#4791,#4784,#2771,.T.);
#6130=EDGE_CURVE('',#4787,#4788,#2772,.T.);
#6131=EDGE_CURVE('',#4792,#4789,#2773,.T.);
#6132=EDGE_CURVE('',#4793,#4792,#2774,.T.);
#6133=EDGE_CURVE('',#4793,#4786,#2775,.T.);
#6134=EDGE_CURVE('',#4794,#4788,#2776,.T.);
#6135=EDGE_CURVE('',#4792,#4794,#2777,.T.);
#6136=EDGE_CURVE('',#4794,#4795,#2778,.T.);
#6137=EDGE_CURVE('',#4795,#4793,#2779,.T.);
#6138=EDGE_CURVE('',#4795,#4787,#2780,.T.);
#6139=EDGE_CURVE('',#4796,#4797,#359,.T.);
#6140=EDGE_CURVE('',#4797,#4796,#360,.T.);
#6141=EDGE_CURVE('',#4796,#4798,#2781,.T.);
#6142=EDGE_CURVE('',#4798,#4798,#361,.T.);
#6143=EDGE_CURVE('',#4799,#4799,#362,.T.);
#6144=EDGE_CURVE('',#4799,#4797,#2782,.T.);
#6145=EDGE_CURVE('',#4800,#4801,#2783,.T.);
#6146=EDGE_CURVE('',#4801,#4802,#13,.T.);
#6147=EDGE_CURVE('',#4802,#4803,#2784,.T.);
#6148=EDGE_CURVE('',#4803,#4800,#2785,.T.);
#6149=EDGE_CURVE('',#4804,#4805,#363,.T.);
#6150=EDGE_CURVE('',#4805,#4806,#14,.T.);
#6151=EDGE_CURVE('',#4806,#4807,#364,.T.);
#6152=EDGE_CURVE('',#4807,#4804,#15,.T.);
#6153=EDGE_CURVE('',#4801,#4808,#365,.T.);
#6154=EDGE_CURVE('',#4808,#4809,#16,.T.);
#6155=EDGE_CURVE('',#4809,#4802,#366,.T.);
#6156=EDGE_CURVE('',#4810,#4811,#2786,.T.);
#6157=EDGE_CURVE('',#4811,#4812,#2787,.T.);
#6158=EDGE_CURVE('',#4812,#4813,#2788,.T.);
#6159=EDGE_CURVE('',#4813,#4810,#2789,.T.);
#6160=EDGE_CURVE('',#4808,#4812,#2790,.T.);
#6161=EDGE_CURVE('',#4811,#4809,#2791,.T.);
#6162=EDGE_CURVE('',#4805,#4810,#2792,.T.);
#6163=EDGE_CURVE('',#4813,#4806,#2793,.T.);
#6164=EDGE_CURVE('',#4814,#4804,#2794,.T.);
#6165=EDGE_CURVE('',#4807,#4815,#2795,.T.);
#6166=EDGE_CURVE('',#4815,#4814,#2796,.T.);
#6167=EDGE_CURVE('',#4803,#4814,#2797,.T.);
#6168=EDGE_CURVE('',#4815,#4800,#2798,.T.);
#6169=EDGE_CURVE('',#4806,#4816,#2799,.T.);
#6170=EDGE_CURVE('',#4817,#4816,#367,.T.);
#6171=EDGE_CURVE('',#4817,#4807,#2800,.T.);
#6172=EDGE_CURVE('',#4816,#4817,#2801,.T.);
#6173=EDGE_CURVE('',#4813,#4818,#2802,.T.);
#6174=EDGE_CURVE('',#4818,#4819,#368,.T.);
#6175=EDGE_CURVE('',#4819,#4815,#2803,.T.);
#6176=EDGE_CURVE('',#4820,#4812,#2804,.T.);
#6177=EDGE_CURVE('',#4818,#4820,#2805,.T.);
#6178=EDGE_CURVE('',#4821,#4821,#369,.T.);
#6179=EDGE_CURVE('',#4822,#4823,#370,.T.);
#6180=EDGE_CURVE('',#4823,#4822,#371,.T.);
#6181=EDGE_CURVE('',#4822,#4824,#2806,.T.);
#6182=EDGE_CURVE('',#4824,#4824,#372,.T.);
#6183=EDGE_CURVE('',#4823,#4825,#2807,.T.);
#6184=EDGE_CURVE('',#4825,#4825,#373,.T.);
#6185=EDGE_CURVE('',#4800,#4826,#2808,.T.);
#6186=EDGE_CURVE('',#4826,#4820,#374,.T.);
#6187=EDGE_CURVE('',#4827,#4808,#2809,.T.);
#6188=EDGE_CURVE('',#4828,#4827,#2810,.T.);
#6189=EDGE_CURVE('',#4801,#4828,#2811,.T.);
#6190=EDGE_CURVE('',#4826,#4819,#2812,.T.);
#6191=EDGE_CURVE('',#4827,#4828,#375,.T.);
#6192=EDGE_CURVE('',#4829,#4829,#376,.T.);
#6193=EDGE_CURVE('',#4830,#4830,#377,.T.);
#6194=EDGE_CURVE('',#4821,#4830,#2813,.T.);
#6195=EDGE_CURVE('',#4831,#4831,#378,.T.);
#6196=EDGE_CURVE('',#4829,#4831,#2814,.T.);
#6197=ORIENTED_EDGE('',*,*,#4832,.F.);
#6198=ORIENTED_EDGE('',*,*,#4833,.T.);
#6199=ORIENTED_EDGE('',*,*,#4834,.F.);
#6200=ORIENTED_EDGE('',*,*,#4835,.T.);
#6201=ORIENTED_EDGE('',*,*,#4832,.T.);
#6202=ORIENTED_EDGE('',*,*,#4836,.F.);
#6203=ORIENTED_EDGE('',*,*,#4837,.F.);
#6204=ORIENTED_EDGE('',*,*,#4838,.T.);
#6205=ORIENTED_EDGE('',*,*,#4839,.T.);
#6206=ORIENTED_EDGE('',*,*,#4840,.T.);
#6207=ORIENTED_EDGE('',*,*,#4841,.F.);
#6208=ORIENTED_EDGE('',*,*,#4835,.F.);
#6209=ORIENTED_EDGE('',*,*,#4842,.F.);
#6210=ORIENTED_EDGE('',*,*,#4843,.F.);
#6211=ORIENTED_EDGE('',*,*,#4836,.T.);
#6212=ORIENTED_EDGE('',*,*,#4844,.F.);
#6213=ORIENTED_EDGE('',*,*,#4845,.T.);
#6214=ORIENTED_EDGE('',*,*,#4846,.T.);
#6215=ORIENTED_EDGE('',*,*,#4847,.T.);
#6216=ORIENTED_EDGE('',*,*,#4845,.F.);
#6217=ORIENTED_EDGE('',*,*,#4848,.T.);
#6218=ORIENTED_EDGE('',*,*,#4849,.F.);
#6219=ORIENTED_EDGE('',*,*,#4850,.F.);
#6220=ORIENTED_EDGE('',*,*,#4851,.F.);
#6221=ORIENTED_EDGE('',*,*,#4852,.T.);
#6222=ORIENTED_EDGE('',*,*,#4853,.T.);
#6223=ORIENTED_EDGE('',*,*,#4849,.T.);
#6224=ORIENTED_EDGE('',*,*,#4852,.F.);
#6225=ORIENTED_EDGE('',*,*,#4854,.T.);
#6226=ORIENTED_EDGE('',*,*,#4855,.F.);
#6227=ORIENTED_EDGE('',*,*,#4856,.F.);
#6228=ORIENTED_EDGE('',*,*,#4857,.F.);
#6229=ORIENTED_EDGE('',*,*,#4858,.T.);
#6230=ORIENTED_EDGE('',*,*,#4859,.T.);
#6231=ORIENTED_EDGE('',*,*,#4855,.T.);
#6232=ORIENTED_EDGE('',*,*,#4858,.F.);
#6233=ORIENTED_EDGE('',*,*,#4860,.T.);
#6234=ORIENTED_EDGE('',*,*,#4861,.F.);
#6235=ORIENTED_EDGE('',*,*,#4862,.F.);
#6236=ORIENTED_EDGE('',*,*,#4863,.F.);
#6237=ORIENTED_EDGE('',*,*,#4864,.T.);
#6238=ORIENTED_EDGE('',*,*,#4865,.T.);
#6239=ORIENTED_EDGE('',*,*,#4861,.T.);
#6240=ORIENTED_EDGE('',*,*,#4844,.T.);
#6241=ORIENTED_EDGE('',*,*,#4866,.F.);
#6242=ORIENTED_EDGE('',*,*,#4863,.T.);
#6243=ORIENTED_EDGE('',*,*,#4860,.F.);
#6244=ORIENTED_EDGE('',*,*,#4857,.T.);
#6245=ORIENTED_EDGE('',*,*,#4854,.F.);
#6246=ORIENTED_EDGE('',*,*,#4851,.T.);
#6247=ORIENTED_EDGE('',*,*,#4848,.F.);
#6248=ORIENTED_EDGE('',*,*,#4867,.F.);
#6249=ORIENTED_EDGE('',*,*,#4868,.T.);
#6250=ORIENTED_EDGE('',*,*,#4869,.T.);
#6251=ORIENTED_EDGE('',*,*,#4870,.T.);
#6252=ORIENTED_EDGE('',*,*,#4871,.F.);
#6253=ORIENTED_EDGE('',*,*,#4872,.T.);
#6254=ORIENTED_EDGE('',*,*,#4873,.T.);
#6255=ORIENTED_EDGE('',*,*,#4874,.T.);
#6256=ORIENTED_EDGE('',*,*,#4868,.F.);
#6257=ORIENTED_EDGE('',*,*,#4875,.F.);
#6258=ORIENTED_EDGE('',*,*,#4874,.F.);
#6259=ORIENTED_EDGE('',*,*,#4876,.F.);
#6260=ORIENTED_EDGE('',*,*,#4877,.F.);
#6261=ORIENTED_EDGE('',*,*,#4878,.T.);
#6262=ORIENTED_EDGE('',*,*,#4879,.T.);
#6263=ORIENTED_EDGE('',*,*,#4880,.T.);
#6264=ORIENTED_EDGE('',*,*,#4872,.F.);
#6265=ORIENTED_EDGE('',*,*,#4881,.F.);
#6266=ORIENTED_EDGE('',*,*,#4880,.F.);
#6267=ORIENTED_EDGE('',*,*,#4882,.F.);
#6268=ORIENTED_EDGE('',*,*,#4883,.F.);
#6269=ORIENTED_EDGE('',*,*,#4884,.T.);
#6270=ORIENTED_EDGE('',*,*,#4885,.T.);
#6271=ORIENTED_EDGE('',*,*,#4886,.T.);
#6272=ORIENTED_EDGE('',*,*,#4886,.F.);
#6273=ORIENTED_EDGE('',*,*,#4887,.F.);
#6274=ORIENTED_EDGE('',*,*,#4888,.T.);
#6275=ORIENTED_EDGE('',*,*,#4889,.T.);
#6276=ORIENTED_EDGE('',*,*,#4890,.T.);
#6277=ORIENTED_EDGE('',*,*,#4891,.T.);
#6278=ORIENTED_EDGE('',*,*,#4892,.T.);
#6279=ORIENTED_EDGE('',*,*,#4893,.T.);
#6280=ORIENTED_EDGE('',*,*,#4893,.F.);
#6281=ORIENTED_EDGE('',*,*,#4894,.T.);
#6282=ORIENTED_EDGE('',*,*,#4895,.T.);
#6283=ORIENTED_EDGE('',*,*,#4896,.F.);
#6284=ORIENTED_EDGE('',*,*,#4897,.F.);
#6285=ORIENTED_EDGE('',*,*,#4898,.T.);
#6286=ORIENTED_EDGE('',*,*,#4838,.F.);
#6287=ORIENTED_EDGE('',*,*,#4899,.F.);
#6288=ORIENTED_EDGE('',*,*,#4900,.F.);
#6289=ORIENTED_EDGE('',*,*,#4901,.T.);
#6290=ORIENTED_EDGE('',*,*,#4902,.F.);
#6291=ORIENTED_EDGE('',*,*,#4903,.F.);
#6292=ORIENTED_EDGE('',*,*,#4904,.F.);
#6293=ORIENTED_EDGE('',*,*,#4903,.T.);
#6294=ORIENTED_EDGE('',*,*,#4905,.F.);
#6295=ORIENTED_EDGE('',*,*,#4906,.F.);
#6296=ORIENTED_EDGE('',*,*,#4907,.F.);
#6297=ORIENTED_EDGE('',*,*,#4908,.T.);
#6298=ORIENTED_EDGE('',*,*,#4909,.F.);
#6299=ORIENTED_EDGE('',*,*,#4910,.F.);
#6300=ORIENTED_EDGE('',*,*,#4911,.F.);
#6301=ORIENTED_EDGE('',*,*,#4910,.T.);
#6302=ORIENTED_EDGE('',*,*,#4912,.F.);
#6303=ORIENTED_EDGE('',*,*,#4913,.F.);
#6304=ORIENTED_EDGE('',*,*,#4914,.F.);
#6305=ORIENTED_EDGE('',*,*,#4913,.T.);
#6306=ORIENTED_EDGE('',*,*,#4915,.F.);
#6307=ORIENTED_EDGE('',*,*,#4916,.F.);
#6308=ORIENTED_EDGE('',*,*,#4917,.F.);
#6309=ORIENTED_EDGE('',*,*,#4916,.T.);
#6310=ORIENTED_EDGE('',*,*,#4918,.F.);
#6311=ORIENTED_EDGE('',*,*,#4919,.F.);
#6312=ORIENTED_EDGE('',*,*,#4920,.F.);
#6313=ORIENTED_EDGE('',*,*,#4919,.T.);
#6314=ORIENTED_EDGE('',*,*,#4921,.F.);
#6315=ORIENTED_EDGE('',*,*,#4901,.F.);
#6316=ORIENTED_EDGE('',*,*,#4922,.F.);
#6317=ORIENTED_EDGE('',*,*,#4908,.F.);
#6318=ORIENTED_EDGE('',*,*,#4923,.F.);
#6319=ORIENTED_EDGE('',*,*,#4906,.T.);
#6320=ORIENTED_EDGE('',*,*,#4924,.F.);
#6321=ORIENTED_EDGE('',*,*,#4925,.T.);
#6322=ORIENTED_EDGE('',*,*,#4926,.F.);
#6323=ORIENTED_EDGE('',*,*,#4925,.F.);
#6324=ORIENTED_EDGE('',*,*,#4924,.T.);
#6325=ORIENTED_EDGE('',*,*,#4927,.F.);
#6326=ORIENTED_EDGE('',*,*,#4928,.F.);
#6327=ORIENTED_EDGE('',*,*,#4929,.T.);
#6328=ORIENTED_EDGE('',*,*,#4930,.F.);
#6329=ORIENTED_EDGE('',*,*,#4929,.F.);
#6330=ORIENTED_EDGE('',*,*,#4928,.T.);
#6331=ORIENTED_EDGE('',*,*,#4931,.F.);
#6332=ORIENTED_EDGE('',*,*,#4932,.F.);
#6333=ORIENTED_EDGE('',*,*,#4933,.T.);
#6334=ORIENTED_EDGE('',*,*,#4934,.F.);
#6335=ORIENTED_EDGE('',*,*,#4933,.F.);
#6336=ORIENTED_EDGE('',*,*,#4932,.T.);
#6337=ORIENTED_EDGE('',*,*,#4935,.F.);
#6338=ORIENTED_EDGE('',*,*,#4936,.F.);
#6339=ORIENTED_EDGE('',*,*,#4937,.T.);
#6340=ORIENTED_EDGE('',*,*,#4938,.F.);
#6341=ORIENTED_EDGE('',*,*,#4937,.F.);
#6342=ORIENTED_EDGE('',*,*,#4936,.T.);
#6343=ORIENTED_EDGE('',*,*,#4939,.F.);
#6344=ORIENTED_EDGE('',*,*,#4940,.F.);
#6345=ORIENTED_EDGE('',*,*,#4941,.T.);
#6346=ORIENTED_EDGE('',*,*,#4931,.T.);
#6347=ORIENTED_EDGE('',*,*,#4941,.F.);
#6348=ORIENTED_EDGE('',*,*,#4942,.F.);
#6349=ORIENTED_EDGE('',*,*,#4943,.T.);
#6350=ORIENTED_EDGE('',*,*,#4927,.T.);
#6351=ORIENTED_EDGE('',*,*,#4943,.F.);
#6352=ORIENTED_EDGE('',*,*,#4944,.F.);
#6353=ORIENTED_EDGE('',*,*,#4945,.T.);
#6354=ORIENTED_EDGE('',*,*,#4935,.T.);
#6355=ORIENTED_EDGE('',*,*,#4945,.F.);
#6356=ORIENTED_EDGE('',*,*,#4946,.F.);
#6357=ORIENTED_EDGE('',*,*,#4947,.T.);
#6358=ORIENTED_EDGE('',*,*,#4939,.T.);
#6359=ORIENTED_EDGE('',*,*,#4947,.F.);
#6360=ORIENTED_EDGE('',*,*,#4884,.F.);
#6361=ORIENTED_EDGE('',*,*,#4948,.T.);
#6362=ORIENTED_EDGE('',*,*,#4891,.F.);
#6363=ORIENTED_EDGE('',*,*,#4949,.F.);
#6364=ORIENTED_EDGE('',*,*,#4950,.F.);
#6365=ORIENTED_EDGE('',*,*,#4951,.T.);
#6366=ORIENTED_EDGE('',*,*,#4952,.T.);
#6367=ORIENTED_EDGE('',*,*,#4888,.F.);
#6368=ORIENTED_EDGE('',*,*,#4953,.F.);
#6369=ORIENTED_EDGE('',*,*,#4954,.T.);
#6370=ORIENTED_EDGE('',*,*,#4955,.T.);
#6371=ORIENTED_EDGE('',*,*,#4951,.F.);
#6372=ORIENTED_EDGE('',*,*,#4956,.F.);
#6373=ORIENTED_EDGE('',*,*,#4957,.T.);
#6374=ORIENTED_EDGE('',*,*,#4958,.T.);
#6375=ORIENTED_EDGE('',*,*,#4954,.F.);
#6376=ORIENTED_EDGE('',*,*,#4959,.F.);
#6377=ORIENTED_EDGE('',*,*,#4960,.T.);
#6378=ORIENTED_EDGE('',*,*,#4961,.T.);
#6379=ORIENTED_EDGE('',*,*,#4957,.F.);
#6380=ORIENTED_EDGE('',*,*,#4883,.T.);
#6381=ORIENTED_EDGE('',*,*,#4889,.F.);
#6382=ORIENTED_EDGE('',*,*,#4952,.F.);
#6383=ORIENTED_EDGE('',*,*,#4955,.F.);
#6384=ORIENTED_EDGE('',*,*,#4958,.F.);
#6385=ORIENTED_EDGE('',*,*,#4961,.F.);
#6386=ORIENTED_EDGE('',*,*,#4962,.F.);
#6387=ORIENTED_EDGE('',*,*,#4963,.F.);
#6388=ORIENTED_EDGE('',*,*,#4964,.F.);
#6389=ORIENTED_EDGE('',*,*,#4965,.F.);
#6390=ORIENTED_EDGE('',*,*,#4966,.F.);
#6391=ORIENTED_EDGE('',*,*,#4967,.F.);
#6392=ORIENTED_EDGE('',*,*,#4894,.F.);
#6393=ORIENTED_EDGE('',*,*,#4892,.F.);
#6394=ORIENTED_EDGE('',*,*,#4948,.F.);
#6395=ORIENTED_EDGE('',*,*,#4942,.T.);
#6396=ORIENTED_EDGE('',*,*,#4847,.F.);
#6397=ORIENTED_EDGE('',*,*,#4968,.F.);
#6398=ORIENTED_EDGE('',*,*,#4864,.F.);
#6399=ORIENTED_EDGE('',*,*,#4866,.T.);
#6400=ORIENTED_EDGE('',*,*,#4969,.F.);
#6401=ORIENTED_EDGE('',*,*,#4970,.F.);
#6402=ORIENTED_EDGE('',*,*,#4839,.F.);
#6403=ORIENTED_EDGE('',*,*,#4898,.F.);
#6404=ORIENTED_EDGE('',*,*,#4967,.T.);
#6405=ORIENTED_EDGE('',*,*,#4971,.T.);
#6406=ORIENTED_EDGE('',*,*,#4972,.F.);
#6407=ORIENTED_EDGE('',*,*,#4895,.F.);
#6408=ORIENTED_EDGE('',*,*,#4966,.T.);
#6409=ORIENTED_EDGE('',*,*,#4973,.T.);
#6410=ORIENTED_EDGE('',*,*,#4974,.F.);
#6411=ORIENTED_EDGE('',*,*,#4971,.F.);
#6412=ORIENTED_EDGE('',*,*,#4965,.T.);
#6413=ORIENTED_EDGE('',*,*,#4975,.T.);
#6414=ORIENTED_EDGE('',*,*,#4976,.F.);
#6415=ORIENTED_EDGE('',*,*,#4973,.F.);
#6416=ORIENTED_EDGE('',*,*,#4970,.T.);
#6417=ORIENTED_EDGE('',*,*,#4977,.T.);
#6418=ORIENTED_EDGE('',*,*,#4978,.F.);
#6419=ORIENTED_EDGE('',*,*,#4840,.F.);
#6420=ORIENTED_EDGE('',*,*,#4969,.T.);
#6421=ORIENTED_EDGE('',*,*,#4897,.T.);
#6422=ORIENTED_EDGE('',*,*,#4979,.F.);
#6423=ORIENTED_EDGE('',*,*,#4977,.F.);
#6424=ORIENTED_EDGE('',*,*,#4834,.T.);
#6425=ORIENTED_EDGE('',*,*,#4980,.F.);
#6426=ORIENTED_EDGE('',*,*,#4870,.F.);
#6427=ORIENTED_EDGE('',*,*,#4981,.F.);
#6428=ORIENTED_EDGE('',*,*,#4842,.T.);
#6429=ORIENTED_EDGE('',*,*,#4964,.T.);
#6430=ORIENTED_EDGE('',*,*,#4982,.T.);
#6431=ORIENTED_EDGE('',*,*,#4983,.F.);
#6432=ORIENTED_EDGE('',*,*,#4975,.F.);
#6433=ORIENTED_EDGE('',*,*,#4963,.T.);
#6434=ORIENTED_EDGE('',*,*,#4984,.T.);
#6435=ORIENTED_EDGE('',*,*,#4985,.F.);
#6436=ORIENTED_EDGE('',*,*,#4982,.F.);
#6437=ORIENTED_EDGE('',*,*,#4962,.T.);
#6438=ORIENTED_EDGE('',*,*,#4986,.T.);
#6439=ORIENTED_EDGE('',*,*,#4987,.F.);
#6440=ORIENTED_EDGE('',*,*,#4984,.F.);
#6441=ORIENTED_EDGE('',*,*,#4878,.F.);
#6442=ORIENTED_EDGE('',*,*,#4988,.F.);
#6443=ORIENTED_EDGE('',*,*,#4986,.F.);
#6444=ORIENTED_EDGE('',*,*,#4960,.F.);
#6445=ORIENTED_EDGE('',*,*,#4989,.F.);
#6446=ORIENTED_EDGE('',*,*,#4833,.F.);
#6447=ORIENTED_EDGE('',*,*,#4841,.T.);
#6448=ORIENTED_EDGE('',*,*,#4978,.T.);
#6449=ORIENTED_EDGE('',*,*,#4979,.T.);
#6450=ORIENTED_EDGE('',*,*,#4896,.T.);
#6451=ORIENTED_EDGE('',*,*,#4972,.T.);
#6452=ORIENTED_EDGE('',*,*,#4974,.T.);
#6453=ORIENTED_EDGE('',*,*,#4976,.T.);
#6454=ORIENTED_EDGE('',*,*,#4983,.T.);
#6455=ORIENTED_EDGE('',*,*,#4985,.T.);
#6456=ORIENTED_EDGE('',*,*,#4987,.T.);
#6457=ORIENTED_EDGE('',*,*,#4988,.T.);
#6458=ORIENTED_EDGE('',*,*,#4877,.T.);
#6459=ORIENTED_EDGE('',*,*,#4881,.T.);
#6460=ORIENTED_EDGE('',*,*,#4871,.T.);
#6461=ORIENTED_EDGE('',*,*,#4875,.T.);
#6462=ORIENTED_EDGE('',*,*,#4867,.T.);
#6463=ORIENTED_EDGE('',*,*,#4980,.T.);
#6464=ORIENTED_EDGE('',*,*,#4905,.T.);
#6465=ORIENTED_EDGE('',*,*,#4902,.T.);
#6466=ORIENTED_EDGE('',*,*,#4921,.T.);
#6467=ORIENTED_EDGE('',*,*,#4918,.T.);
#6468=ORIENTED_EDGE('',*,*,#4915,.T.);
#6469=ORIENTED_EDGE('',*,*,#4912,.T.);
#6470=ORIENTED_EDGE('',*,*,#4909,.T.);
#6471=ORIENTED_EDGE('',*,*,#4922,.T.);
#6472=ORIENTED_EDGE('',*,*,#4890,.F.);
#6473=ORIENTED_EDGE('',*,*,#4899,.T.);
#6474=ORIENTED_EDGE('',*,*,#4837,.T.);
#6475=ORIENTED_EDGE('',*,*,#4843,.T.);
#6476=ORIENTED_EDGE('',*,*,#4981,.T.);
#6477=ORIENTED_EDGE('',*,*,#4869,.F.);
#6478=ORIENTED_EDGE('',*,*,#4876,.T.);
#6479=ORIENTED_EDGE('',*,*,#4873,.F.);
#6480=ORIENTED_EDGE('',*,*,#4882,.T.);
#6481=ORIENTED_EDGE('',*,*,#4879,.F.);
#6482=ORIENTED_EDGE('',*,*,#4989,.T.);
#6483=ORIENTED_EDGE('',*,*,#4959,.T.);
#6484=ORIENTED_EDGE('',*,*,#4956,.T.);
#6485=ORIENTED_EDGE('',*,*,#4953,.T.);
#6486=ORIENTED_EDGE('',*,*,#4950,.T.);
#6487=ORIENTED_EDGE('',*,*,#4887,.T.);
#6488=ORIENTED_EDGE('',*,*,#4885,.F.);
#6489=ORIENTED_EDGE('',*,*,#4949,.T.);
#6490=ORIENTED_EDGE('',*,*,#4940,.T.);
#6491=ORIENTED_EDGE('',*,*,#4944,.T.);
#6492=ORIENTED_EDGE('',*,*,#4946,.T.);
#6493=ORIENTED_EDGE('',*,*,#4862,.T.);
#6494=ORIENTED_EDGE('',*,*,#4865,.F.);
#6495=ORIENTED_EDGE('',*,*,#4968,.T.);
#6496=ORIENTED_EDGE('',*,*,#4846,.F.);
#6497=ORIENTED_EDGE('',*,*,#4850,.T.);
#6498=ORIENTED_EDGE('',*,*,#4853,.F.);
#6499=ORIENTED_EDGE('',*,*,#4856,.T.);
#6500=ORIENTED_EDGE('',*,*,#4859,.F.);
#6501=ORIENTED_EDGE('',*,*,#4907,.T.);
#6502=ORIENTED_EDGE('',*,*,#4911,.T.);
#6503=ORIENTED_EDGE('',*,*,#4914,.T.);
#6504=ORIENTED_EDGE('',*,*,#4917,.T.);
#6505=ORIENTED_EDGE('',*,*,#4920,.T.);
#6506=ORIENTED_EDGE('',*,*,#4900,.T.);
#6507=ORIENTED_EDGE('',*,*,#4904,.T.);
#6508=ORIENTED_EDGE('',*,*,#4923,.T.);
#6509=ORIENTED_EDGE('',*,*,#4938,.T.);
#6510=ORIENTED_EDGE('',*,*,#4934,.T.);
#6511=ORIENTED_EDGE('',*,*,#4930,.T.);
#6512=ORIENTED_EDGE('',*,*,#4926,.T.);
#6513=ORIENTED_EDGE('',*,*,#4990,.T.);
#6514=ORIENTED_EDGE('',*,*,#4991,.T.);
#6515=ORIENTED_EDGE('',*,*,#4992,.T.);
#6516=ORIENTED_EDGE('',*,*,#4993,.T.);
#6517=ORIENTED_EDGE('',*,*,#4993,.F.);
#6518=ORIENTED_EDGE('',*,*,#4994,.T.);
#6519=ORIENTED_EDGE('',*,*,#4995,.F.);
#6520=ORIENTED_EDGE('',*,*,#4996,.F.);
#6521=ORIENTED_EDGE('',*,*,#4992,.F.);
#6522=ORIENTED_EDGE('',*,*,#4997,.T.);
#6523=ORIENTED_EDGE('',*,*,#4998,.F.);
#6524=ORIENTED_EDGE('',*,*,#4999,.T.);
#6525=ORIENTED_EDGE('',*,*,#5000,.F.);
#6526=ORIENTED_EDGE('',*,*,#5001,.F.);
#6527=ORIENTED_EDGE('',*,*,#5002,.F.);
#6528=ORIENTED_EDGE('',*,*,#5003,.F.);
#6529=ORIENTED_EDGE('',*,*,#5004,.F.);
#6530=ORIENTED_EDGE('',*,*,#5005,.F.);
#6531=ORIENTED_EDGE('',*,*,#5006,.F.);
#6532=ORIENTED_EDGE('',*,*,#5007,.F.);
#6533=ORIENTED_EDGE('',*,*,#5008,.F.);
#6534=ORIENTED_EDGE('',*,*,#4994,.F.);
#6535=ORIENTED_EDGE('',*,*,#5009,.F.);
#6536=ORIENTED_EDGE('',*,*,#5008,.T.);
#6537=ORIENTED_EDGE('',*,*,#5010,.T.);
#6538=ORIENTED_EDGE('',*,*,#5011,.T.);
#6539=ORIENTED_EDGE('',*,*,#4995,.T.);
#6540=ORIENTED_EDGE('',*,*,#5010,.F.);
#6541=ORIENTED_EDGE('',*,*,#5007,.T.);
#6542=ORIENTED_EDGE('',*,*,#5012,.T.);
#6543=ORIENTED_EDGE('',*,*,#5013,.F.);
#6544=ORIENTED_EDGE('',*,*,#5014,.T.);
#6545=ORIENTED_EDGE('',*,*,#5015,.T.);
#6546=ORIENTED_EDGE('',*,*,#5005,.T.);
#6547=ORIENTED_EDGE('',*,*,#5016,.T.);
#6548=ORIENTED_EDGE('',*,*,#5015,.F.);
#6549=ORIENTED_EDGE('',*,*,#5017,.F.);
#6550=ORIENTED_EDGE('',*,*,#5012,.F.);
#6551=ORIENTED_EDGE('',*,*,#5006,.T.);
#6552=ORIENTED_EDGE('',*,*,#5018,.F.);
#6553=ORIENTED_EDGE('',*,*,#5019,.T.);
#6554=ORIENTED_EDGE('',*,*,#5009,.T.);
#6555=ORIENTED_EDGE('',*,*,#5019,.F.);
#6556=ORIENTED_EDGE('',*,*,#4991,.F.);
#6557=ORIENTED_EDGE('',*,*,#5020,.F.);
#6558=ORIENTED_EDGE('',*,*,#5021,.F.);
#6559=ORIENTED_EDGE('',*,*,#4997,.F.);
#6560=ORIENTED_EDGE('',*,*,#4998,.T.);
#6561=ORIENTED_EDGE('',*,*,#5021,.T.);
#6562=ORIENTED_EDGE('',*,*,#5022,.F.);
#6563=ORIENTED_EDGE('',*,*,#5023,.F.);
#6564=ORIENTED_EDGE('',*,*,#4999,.F.);
#6565=ORIENTED_EDGE('',*,*,#5023,.T.);
#6566=ORIENTED_EDGE('',*,*,#5024,.F.);
#6567=ORIENTED_EDGE('',*,*,#5025,.F.);
#6568=ORIENTED_EDGE('',*,*,#5000,.T.);
#6569=ORIENTED_EDGE('',*,*,#5025,.T.);
#6570=ORIENTED_EDGE('',*,*,#5026,.F.);
#6571=ORIENTED_EDGE('',*,*,#5027,.F.);
#6572=ORIENTED_EDGE('',*,*,#5001,.T.);
#6573=ORIENTED_EDGE('',*,*,#5027,.T.);
#6574=ORIENTED_EDGE('',*,*,#5028,.F.);
#6575=ORIENTED_EDGE('',*,*,#5029,.F.);
#6576=ORIENTED_EDGE('',*,*,#5002,.T.);
#6577=ORIENTED_EDGE('',*,*,#5029,.T.);
#6578=ORIENTED_EDGE('',*,*,#5030,.F.);
#6579=ORIENTED_EDGE('',*,*,#5031,.F.);
#6580=ORIENTED_EDGE('',*,*,#5003,.T.);
#6581=ORIENTED_EDGE('',*,*,#5031,.T.);
#6582=ORIENTED_EDGE('',*,*,#5032,.F.);
#6583=ORIENTED_EDGE('',*,*,#5033,.F.);
#6584=ORIENTED_EDGE('',*,*,#5016,.F.);
#6585=ORIENTED_EDGE('',*,*,#5004,.T.);
#6586=ORIENTED_EDGE('',*,*,#5033,.T.);
#6587=ORIENTED_EDGE('',*,*,#5034,.F.);
#6588=ORIENTED_EDGE('',*,*,#4990,.F.);
#6589=ORIENTED_EDGE('',*,*,#4996,.T.);
#6590=ORIENTED_EDGE('',*,*,#5011,.F.);
#6591=ORIENTED_EDGE('',*,*,#5013,.T.);
#6592=ORIENTED_EDGE('',*,*,#5017,.T.);
#6593=ORIENTED_EDGE('',*,*,#5014,.F.);
#6594=ORIENTED_EDGE('',*,*,#5034,.T.);
#6595=ORIENTED_EDGE('',*,*,#5032,.T.);
#6596=ORIENTED_EDGE('',*,*,#5030,.T.);
#6597=ORIENTED_EDGE('',*,*,#5028,.T.);
#6598=ORIENTED_EDGE('',*,*,#5026,.T.);
#6599=ORIENTED_EDGE('',*,*,#5024,.T.);
#6600=ORIENTED_EDGE('',*,*,#5022,.T.);
#6601=ORIENTED_EDGE('',*,*,#5020,.T.);
#6602=ORIENTED_EDGE('',*,*,#5018,.T.);
#6603=ORIENTED_EDGE('',*,*,#5035,.F.);
#6604=ORIENTED_EDGE('',*,*,#5036,.T.);
#6605=ORIENTED_EDGE('',*,*,#5037,.F.);
#6606=ORIENTED_EDGE('',*,*,#5036,.F.);
#6607=ORIENTED_EDGE('',*,*,#5038,.T.);
#6608=ORIENTED_EDGE('',*,*,#5039,.T.);
#6609=ORIENTED_EDGE('',*,*,#5040,.T.);
#6610=ORIENTED_EDGE('',*,*,#5041,.T.);
#6611=ORIENTED_EDGE('',*,*,#5042,.T.);
#6612=ORIENTED_EDGE('',*,*,#5043,.T.);
#6613=ORIENTED_EDGE('',*,*,#5044,.T.);
#6614=ORIENTED_EDGE('',*,*,#5045,.T.);
#6615=ORIENTED_EDGE('',*,*,#5046,.T.);
#6616=ORIENTED_EDGE('',*,*,#5043,.F.);
#6617=ORIENTED_EDGE('',*,*,#5047,.T.);
#6618=ORIENTED_EDGE('',*,*,#5039,.F.);
#6619=ORIENTED_EDGE('',*,*,#5048,.T.);
#6620=ORIENTED_EDGE('',*,*,#5041,.F.);
#6621=ORIENTED_EDGE('',*,*,#5049,.T.);
#6622=ORIENTED_EDGE('',*,*,#5045,.F.);
#6623=ORIENTED_EDGE('',*,*,#5047,.F.);
#6624=ORIENTED_EDGE('',*,*,#5050,.F.);
#6625=ORIENTED_EDGE('',*,*,#5051,.T.);
#6626=ORIENTED_EDGE('',*,*,#5052,.F.);
#6627=ORIENTED_EDGE('',*,*,#5042,.F.);
#6628=ORIENTED_EDGE('',*,*,#5053,.F.);
#6629=ORIENTED_EDGE('',*,*,#5054,.T.);
#6630=ORIENTED_EDGE('',*,*,#5050,.T.);
#6631=ORIENTED_EDGE('',*,*,#5055,.T.);
#6632=ORIENTED_EDGE('',*,*,#5056,.T.);
#6633=ORIENTED_EDGE('',*,*,#5057,.T.);
#6634=ORIENTED_EDGE('',*,*,#5058,.T.);
#6635=ORIENTED_EDGE('',*,*,#5059,.T.);
#6636=ORIENTED_EDGE('',*,*,#5060,.F.);
#6637=ORIENTED_EDGE('',*,*,#5061,.T.);
#6638=ORIENTED_EDGE('',*,*,#5062,.T.);
#6639=ORIENTED_EDGE('',*,*,#5063,.T.);
#6640=ORIENTED_EDGE('',*,*,#5064,.F.);
#6641=ORIENTED_EDGE('',*,*,#5065,.T.);
#6642=ORIENTED_EDGE('',*,*,#5066,.T.);
#6643=ORIENTED_EDGE('',*,*,#5067,.T.);
#6644=ORIENTED_EDGE('',*,*,#5068,.F.);
#6645=ORIENTED_EDGE('',*,*,#5069,.F.);
#6646=ORIENTED_EDGE('',*,*,#5070,.F.);
#6647=ORIENTED_EDGE('',*,*,#5071,.T.);
#6648=ORIENTED_EDGE('',*,*,#5072,.F.);
#6649=ORIENTED_EDGE('',*,*,#5073,.F.);
#6650=ORIENTED_EDGE('',*,*,#5074,.F.);
#6651=ORIENTED_EDGE('',*,*,#5075,.F.);
#6652=ORIENTED_EDGE('',*,*,#5076,.T.);
#6653=ORIENTED_EDGE('',*,*,#5077,.F.);
#6654=ORIENTED_EDGE('',*,*,#5078,.T.);
#6655=ORIENTED_EDGE('',*,*,#5079,.F.);
#6656=ORIENTED_EDGE('',*,*,#5080,.F.);
#6657=ORIENTED_EDGE('',*,*,#5035,.T.);
#6658=ORIENTED_EDGE('',*,*,#5044,.F.);
#6659=ORIENTED_EDGE('',*,*,#5046,.F.);
#6660=ORIENTED_EDGE('',*,*,#5038,.F.);
#6661=ORIENTED_EDGE('',*,*,#5048,.F.);
#6662=ORIENTED_EDGE('',*,*,#5081,.F.);
#6663=ORIENTED_EDGE('',*,*,#5082,.F.);
#6664=ORIENTED_EDGE('',*,*,#5083,.F.);
#6665=ORIENTED_EDGE('',*,*,#5084,.F.);
#6666=ORIENTED_EDGE('',*,*,#5085,.F.);
#6667=ORIENTED_EDGE('',*,*,#5086,.F.);
#6668=ORIENTED_EDGE('',*,*,#5087,.F.);
#6669=ORIENTED_EDGE('',*,*,#5088,.F.);
#6670=ORIENTED_EDGE('',*,*,#5089,.F.);
#6671=ORIENTED_EDGE('',*,*,#5090,.F.);
#6672=ORIENTED_EDGE('',*,*,#5091,.F.);
#6673=ORIENTED_EDGE('',*,*,#5092,.F.);
#6674=ORIENTED_EDGE('',*,*,#5093,.F.);
#6675=ORIENTED_EDGE('',*,*,#5094,.F.);
#6676=ORIENTED_EDGE('',*,*,#5095,.F.);
#6677=ORIENTED_EDGE('',*,*,#5096,.F.);
#6678=ORIENTED_EDGE('',*,*,#5097,.F.);
#6679=ORIENTED_EDGE('',*,*,#5098,.F.);
#6680=ORIENTED_EDGE('',*,*,#5099,.F.);
#6681=ORIENTED_EDGE('',*,*,#5100,.F.);
#6682=ORIENTED_EDGE('',*,*,#5101,.F.);
#6683=ORIENTED_EDGE('',*,*,#5102,.F.);
#6684=ORIENTED_EDGE('',*,*,#5103,.F.);
#6685=ORIENTED_EDGE('',*,*,#5104,.F.);
#6686=ORIENTED_EDGE('',*,*,#5105,.T.);
#6687=ORIENTED_EDGE('',*,*,#5106,.T.);
#6688=ORIENTED_EDGE('',*,*,#5107,.F.);
#6689=ORIENTED_EDGE('',*,*,#5108,.T.);
#6690=ORIENTED_EDGE('',*,*,#5109,.T.);
#6691=ORIENTED_EDGE('',*,*,#5110,.T.);
#6692=ORIENTED_EDGE('',*,*,#5111,.F.);
#6693=ORIENTED_EDGE('',*,*,#5112,.F.);
#6694=ORIENTED_EDGE('',*,*,#5113,.F.);
#6695=ORIENTED_EDGE('',*,*,#5114,.F.);
#6696=ORIENTED_EDGE('',*,*,#5115,.F.);
#6697=ORIENTED_EDGE('',*,*,#5116,.T.);
#6698=ORIENTED_EDGE('',*,*,#5117,.F.);
#6699=ORIENTED_EDGE('',*,*,#5118,.F.);
#6700=ORIENTED_EDGE('',*,*,#5119,.T.);
#6701=ORIENTED_EDGE('',*,*,#5120,.T.);
#6702=ORIENTED_EDGE('',*,*,#5121,.F.);
#6703=ORIENTED_EDGE('',*,*,#5122,.F.);
#6704=ORIENTED_EDGE('',*,*,#5123,.F.);
#6705=ORIENTED_EDGE('',*,*,#5124,.F.);
#6706=ORIENTED_EDGE('',*,*,#5125,.F.);
#6707=ORIENTED_EDGE('',*,*,#5126,.F.);
#6708=ORIENTED_EDGE('',*,*,#5127,.F.);
#6709=ORIENTED_EDGE('',*,*,#5128,.F.);
#6710=ORIENTED_EDGE('',*,*,#5129,.F.);
#6711=ORIENTED_EDGE('',*,*,#5130,.F.);
#6712=ORIENTED_EDGE('',*,*,#5131,.F.);
#6713=ORIENTED_EDGE('',*,*,#5132,.F.);
#6714=ORIENTED_EDGE('',*,*,#5133,.F.);
#6715=ORIENTED_EDGE('',*,*,#5134,.F.);
#6716=ORIENTED_EDGE('',*,*,#5135,.F.);
#6717=ORIENTED_EDGE('',*,*,#5136,.F.);
#6718=ORIENTED_EDGE('',*,*,#5137,.F.);
#6719=ORIENTED_EDGE('',*,*,#5138,.F.);
#6720=ORIENTED_EDGE('',*,*,#5139,.F.);
#6721=ORIENTED_EDGE('',*,*,#5140,.F.);
#6722=ORIENTED_EDGE('',*,*,#5141,.F.);
#6723=ORIENTED_EDGE('',*,*,#5142,.F.);
#6724=ORIENTED_EDGE('',*,*,#5143,.F.);
#6725=ORIENTED_EDGE('',*,*,#5144,.F.);
#6726=ORIENTED_EDGE('',*,*,#5141,.T.);
#6727=ORIENTED_EDGE('',*,*,#5145,.T.);
#6728=ORIENTED_EDGE('',*,*,#5146,.T.);
#6729=ORIENTED_EDGE('',*,*,#5147,.F.);
#6730=ORIENTED_EDGE('',*,*,#5144,.T.);
#6731=ORIENTED_EDGE('',*,*,#5148,.T.);
#6732=ORIENTED_EDGE('',*,*,#5149,.T.);
#6733=ORIENTED_EDGE('',*,*,#5145,.F.);
#6734=ORIENTED_EDGE('',*,*,#5143,.T.);
#6735=ORIENTED_EDGE('',*,*,#5150,.T.);
#6736=ORIENTED_EDGE('',*,*,#5151,.T.);
#6737=ORIENTED_EDGE('',*,*,#5148,.F.);
#6738=ORIENTED_EDGE('',*,*,#5152,.T.);
#6739=ORIENTED_EDGE('',*,*,#5150,.F.);
#6740=ORIENTED_EDGE('',*,*,#5142,.T.);
#6741=ORIENTED_EDGE('',*,*,#5147,.T.);
#6742=ORIENTED_EDGE('',*,*,#5152,.F.);
#6743=ORIENTED_EDGE('',*,*,#5153,.F.);
#6744=ORIENTED_EDGE('',*,*,#5154,.T.);
#6745=ORIENTED_EDGE('',*,*,#5155,.T.);
#6746=ORIENTED_EDGE('',*,*,#5146,.F.);
#6747=ORIENTED_EDGE('',*,*,#5156,.F.);
#6748=ORIENTED_EDGE('',*,*,#5157,.T.);
#6749=ORIENTED_EDGE('',*,*,#5153,.T.);
#6750=ORIENTED_EDGE('',*,*,#5081,.T.);
#6751=ORIENTED_EDGE('',*,*,#5158,.T.);
#6752=ORIENTED_EDGE('',*,*,#5159,.T.);
#6753=ORIENTED_EDGE('',*,*,#5160,.F.);
#6754=ORIENTED_EDGE('',*,*,#5084,.T.);
#6755=ORIENTED_EDGE('',*,*,#5161,.T.);
#6756=ORIENTED_EDGE('',*,*,#5162,.T.);
#6757=ORIENTED_EDGE('',*,*,#5158,.F.);
#6758=ORIENTED_EDGE('',*,*,#5083,.T.);
#6759=ORIENTED_EDGE('',*,*,#5163,.T.);
#6760=ORIENTED_EDGE('',*,*,#5164,.T.);
#6761=ORIENTED_EDGE('',*,*,#5161,.F.);
#6762=ORIENTED_EDGE('',*,*,#5165,.T.);
#6763=ORIENTED_EDGE('',*,*,#5163,.F.);
#6764=ORIENTED_EDGE('',*,*,#5082,.T.);
#6765=ORIENTED_EDGE('',*,*,#5160,.T.);
#6766=ORIENTED_EDGE('',*,*,#5165,.F.);
#6767=ORIENTED_EDGE('',*,*,#5166,.F.);
#6768=ORIENTED_EDGE('',*,*,#5167,.T.);
#6769=ORIENTED_EDGE('',*,*,#5168,.T.);
#6770=ORIENTED_EDGE('',*,*,#5159,.F.);
#6771=ORIENTED_EDGE('',*,*,#5169,.F.);
#6772=ORIENTED_EDGE('',*,*,#5170,.T.);
#6773=ORIENTED_EDGE('',*,*,#5166,.T.);
#6774=ORIENTED_EDGE('',*,*,#5137,.T.);
#6775=ORIENTED_EDGE('',*,*,#5171,.T.);
#6776=ORIENTED_EDGE('',*,*,#5172,.T.);
#6777=ORIENTED_EDGE('',*,*,#5173,.T.);
#6778=ORIENTED_EDGE('',*,*,#5140,.T.);
#6779=ORIENTED_EDGE('',*,*,#5174,.T.);
#6780=ORIENTED_EDGE('',*,*,#5175,.T.);
#6781=ORIENTED_EDGE('',*,*,#5171,.F.);
#6782=ORIENTED_EDGE('',*,*,#5176,.T.);
#6783=ORIENTED_EDGE('',*,*,#5174,.F.);
#6784=ORIENTED_EDGE('',*,*,#5139,.T.);
#6785=ORIENTED_EDGE('',*,*,#5177,.T.);
#6786=ORIENTED_EDGE('',*,*,#5138,.T.);
#6787=ORIENTED_EDGE('',*,*,#5173,.F.);
#6788=ORIENTED_EDGE('',*,*,#5178,.T.);
#6789=ORIENTED_EDGE('',*,*,#5177,.F.);
#6790=ORIENTED_EDGE('',*,*,#5178,.F.);
#6791=ORIENTED_EDGE('',*,*,#5179,.F.);
#6792=ORIENTED_EDGE('',*,*,#5180,.T.);
#6793=ORIENTED_EDGE('',*,*,#5181,.T.);
#6794=ORIENTED_EDGE('',*,*,#5172,.F.);
#6795=ORIENTED_EDGE('',*,*,#5182,.T.);
#6796=ORIENTED_EDGE('',*,*,#5183,.T.);
#6797=ORIENTED_EDGE('',*,*,#5179,.T.);
#6798=ORIENTED_EDGE('',*,*,#5085,.T.);
#6799=ORIENTED_EDGE('',*,*,#5184,.T.);
#6800=ORIENTED_EDGE('',*,*,#5185,.T.);
#6801=ORIENTED_EDGE('',*,*,#5186,.T.);
#6802=ORIENTED_EDGE('',*,*,#5088,.T.);
#6803=ORIENTED_EDGE('',*,*,#5187,.T.);
#6804=ORIENTED_EDGE('',*,*,#5188,.T.);
#6805=ORIENTED_EDGE('',*,*,#5184,.F.);
#6806=ORIENTED_EDGE('',*,*,#5189,.T.);
#6807=ORIENTED_EDGE('',*,*,#5187,.F.);
#6808=ORIENTED_EDGE('',*,*,#5087,.T.);
#6809=ORIENTED_EDGE('',*,*,#5190,.T.);
#6810=ORIENTED_EDGE('',*,*,#5086,.T.);
#6811=ORIENTED_EDGE('',*,*,#5186,.F.);
#6812=ORIENTED_EDGE('',*,*,#5191,.T.);
#6813=ORIENTED_EDGE('',*,*,#5190,.F.);
#6814=ORIENTED_EDGE('',*,*,#5191,.F.);
#6815=ORIENTED_EDGE('',*,*,#5192,.F.);
#6816=ORIENTED_EDGE('',*,*,#5193,.T.);
#6817=ORIENTED_EDGE('',*,*,#5194,.T.);
#6818=ORIENTED_EDGE('',*,*,#5185,.F.);
#6819=ORIENTED_EDGE('',*,*,#5195,.T.);
#6820=ORIENTED_EDGE('',*,*,#5196,.T.);
#6821=ORIENTED_EDGE('',*,*,#5192,.T.);
#6822=ORIENTED_EDGE('',*,*,#5133,.T.);
#6823=ORIENTED_EDGE('',*,*,#5197,.T.);
#6824=ORIENTED_EDGE('',*,*,#5198,.T.);
#6825=ORIENTED_EDGE('',*,*,#5199,.T.);
#6826=ORIENTED_EDGE('',*,*,#5136,.T.);
#6827=ORIENTED_EDGE('',*,*,#5200,.T.);
#6828=ORIENTED_EDGE('',*,*,#5201,.T.);
#6829=ORIENTED_EDGE('',*,*,#5197,.F.);
#6830=ORIENTED_EDGE('',*,*,#5202,.T.);
#6831=ORIENTED_EDGE('',*,*,#5200,.F.);
#6832=ORIENTED_EDGE('',*,*,#5135,.T.);
#6833=ORIENTED_EDGE('',*,*,#5203,.T.);
#6834=ORIENTED_EDGE('',*,*,#5134,.T.);
#6835=ORIENTED_EDGE('',*,*,#5199,.F.);
#6836=ORIENTED_EDGE('',*,*,#5204,.T.);
#6837=ORIENTED_EDGE('',*,*,#5203,.F.);
#6838=ORIENTED_EDGE('',*,*,#5204,.F.);
#6839=ORIENTED_EDGE('',*,*,#5205,.F.);
#6840=ORIENTED_EDGE('',*,*,#5206,.T.);
#6841=ORIENTED_EDGE('',*,*,#5207,.T.);
#6842=ORIENTED_EDGE('',*,*,#5198,.F.);
#6843=ORIENTED_EDGE('',*,*,#5208,.T.);
#6844=ORIENTED_EDGE('',*,*,#5209,.T.);
#6845=ORIENTED_EDGE('',*,*,#5205,.T.);
#6846=ORIENTED_EDGE('',*,*,#5089,.T.);
#6847=ORIENTED_EDGE('',*,*,#5210,.T.);
#6848=ORIENTED_EDGE('',*,*,#5211,.T.);
#6849=ORIENTED_EDGE('',*,*,#5212,.T.);
#6850=ORIENTED_EDGE('',*,*,#5092,.T.);
#6851=ORIENTED_EDGE('',*,*,#5213,.T.);
#6852=ORIENTED_EDGE('',*,*,#5214,.T.);
#6853=ORIENTED_EDGE('',*,*,#5210,.F.);
#6854=ORIENTED_EDGE('',*,*,#5215,.T.);
#6855=ORIENTED_EDGE('',*,*,#5213,.F.);
#6856=ORIENTED_EDGE('',*,*,#5091,.T.);
#6857=ORIENTED_EDGE('',*,*,#5216,.T.);
#6858=ORIENTED_EDGE('',*,*,#5090,.T.);
#6859=ORIENTED_EDGE('',*,*,#5212,.F.);
#6860=ORIENTED_EDGE('',*,*,#5217,.T.);
#6861=ORIENTED_EDGE('',*,*,#5216,.F.);
#6862=ORIENTED_EDGE('',*,*,#5217,.F.);
#6863=ORIENTED_EDGE('',*,*,#5218,.F.);
#6864=ORIENTED_EDGE('',*,*,#5219,.T.);
#6865=ORIENTED_EDGE('',*,*,#5220,.T.);
#6866=ORIENTED_EDGE('',*,*,#5211,.F.);
#6867=ORIENTED_EDGE('',*,*,#5221,.T.);
#6868=ORIENTED_EDGE('',*,*,#5222,.T.);
#6869=ORIENTED_EDGE('',*,*,#5218,.T.);
#6870=ORIENTED_EDGE('',*,*,#5129,.T.);
#6871=ORIENTED_EDGE('',*,*,#5223,.T.);
#6872=ORIENTED_EDGE('',*,*,#5224,.T.);
#6873=ORIENTED_EDGE('',*,*,#5225,.F.);
#6874=ORIENTED_EDGE('',*,*,#5132,.T.);
#6875=ORIENTED_EDGE('',*,*,#5226,.T.);
#6876=ORIENTED_EDGE('',*,*,#5227,.T.);
#6877=ORIENTED_EDGE('',*,*,#5223,.F.);
#6878=ORIENTED_EDGE('',*,*,#5131,.T.);
#6879=ORIENTED_EDGE('',*,*,#5228,.T.);
#6880=ORIENTED_EDGE('',*,*,#5229,.T.);
#6881=ORIENTED_EDGE('',*,*,#5226,.F.);
#6882=ORIENTED_EDGE('',*,*,#5230,.T.);
#6883=ORIENTED_EDGE('',*,*,#5228,.F.);
#6884=ORIENTED_EDGE('',*,*,#5130,.T.);
#6885=ORIENTED_EDGE('',*,*,#5225,.T.);
#6886=ORIENTED_EDGE('',*,*,#5230,.F.);
#6887=ORIENTED_EDGE('',*,*,#5231,.F.);
#6888=ORIENTED_EDGE('',*,*,#5232,.T.);
#6889=ORIENTED_EDGE('',*,*,#5233,.T.);
#6890=ORIENTED_EDGE('',*,*,#5224,.F.);
#6891=ORIENTED_EDGE('',*,*,#5234,.T.);
#6892=ORIENTED_EDGE('',*,*,#5235,.T.);
#6893=ORIENTED_EDGE('',*,*,#5231,.T.);
#6894=ORIENTED_EDGE('',*,*,#5093,.T.);
#6895=ORIENTED_EDGE('',*,*,#5236,.T.);
#6896=ORIENTED_EDGE('',*,*,#5237,.T.);
#6897=ORIENTED_EDGE('',*,*,#5238,.F.);
#6898=ORIENTED_EDGE('',*,*,#5096,.T.);
#6899=ORIENTED_EDGE('',*,*,#5239,.T.);
#6900=ORIENTED_EDGE('',*,*,#5240,.T.);
#6901=ORIENTED_EDGE('',*,*,#5236,.F.);
#6902=ORIENTED_EDGE('',*,*,#5095,.T.);
#6903=ORIENTED_EDGE('',*,*,#5241,.T.);
#6904=ORIENTED_EDGE('',*,*,#5242,.T.);
#6905=ORIENTED_EDGE('',*,*,#5239,.F.);
#6906=ORIENTED_EDGE('',*,*,#5243,.T.);
#6907=ORIENTED_EDGE('',*,*,#5241,.F.);
#6908=ORIENTED_EDGE('',*,*,#5094,.T.);
#6909=ORIENTED_EDGE('',*,*,#5238,.T.);
#6910=ORIENTED_EDGE('',*,*,#5243,.F.);
#6911=ORIENTED_EDGE('',*,*,#5244,.F.);
#6912=ORIENTED_EDGE('',*,*,#5245,.T.);
#6913=ORIENTED_EDGE('',*,*,#5246,.T.);
#6914=ORIENTED_EDGE('',*,*,#5237,.F.);
#6915=ORIENTED_EDGE('',*,*,#5247,.T.);
#6916=ORIENTED_EDGE('',*,*,#5248,.T.);
#6917=ORIENTED_EDGE('',*,*,#5244,.T.);
#6918=ORIENTED_EDGE('',*,*,#5125,.T.);
#6919=ORIENTED_EDGE('',*,*,#5249,.T.);
#6920=ORIENTED_EDGE('',*,*,#5250,.T.);
#6921=ORIENTED_EDGE('',*,*,#5251,.F.);
#6922=ORIENTED_EDGE('',*,*,#5128,.T.);
#6923=ORIENTED_EDGE('',*,*,#5252,.T.);
#6924=ORIENTED_EDGE('',*,*,#5253,.T.);
#6925=ORIENTED_EDGE('',*,*,#5249,.F.);
#6926=ORIENTED_EDGE('',*,*,#5127,.T.);
#6927=ORIENTED_EDGE('',*,*,#5254,.T.);
#6928=ORIENTED_EDGE('',*,*,#5255,.T.);
#6929=ORIENTED_EDGE('',*,*,#5252,.F.);
#6930=ORIENTED_EDGE('',*,*,#5256,.T.);
#6931=ORIENTED_EDGE('',*,*,#5254,.F.);
#6932=ORIENTED_EDGE('',*,*,#5126,.T.);
#6933=ORIENTED_EDGE('',*,*,#5251,.T.);
#6934=ORIENTED_EDGE('',*,*,#5256,.F.);
#6935=ORIENTED_EDGE('',*,*,#5257,.F.);
#6936=ORIENTED_EDGE('',*,*,#5258,.T.);
#6937=ORIENTED_EDGE('',*,*,#5259,.T.);
#6938=ORIENTED_EDGE('',*,*,#5250,.F.);
#6939=ORIENTED_EDGE('',*,*,#5260,.T.);
#6940=ORIENTED_EDGE('',*,*,#5261,.T.);
#6941=ORIENTED_EDGE('',*,*,#5257,.T.);
#6942=ORIENTED_EDGE('',*,*,#5097,.T.);
#6943=ORIENTED_EDGE('',*,*,#5262,.T.);
#6944=ORIENTED_EDGE('',*,*,#5263,.T.);
#6945=ORIENTED_EDGE('',*,*,#5264,.F.);
#6946=ORIENTED_EDGE('',*,*,#5100,.T.);
#6947=ORIENTED_EDGE('',*,*,#5265,.T.);
#6948=ORIENTED_EDGE('',*,*,#5266,.T.);
#6949=ORIENTED_EDGE('',*,*,#5262,.F.);
#6950=ORIENTED_EDGE('',*,*,#5099,.T.);
#6951=ORIENTED_EDGE('',*,*,#5267,.T.);
#6952=ORIENTED_EDGE('',*,*,#5268,.T.);
#6953=ORIENTED_EDGE('',*,*,#5265,.F.);
#6954=ORIENTED_EDGE('',*,*,#5269,.T.);
#6955=ORIENTED_EDGE('',*,*,#5267,.F.);
#6956=ORIENTED_EDGE('',*,*,#5098,.T.);
#6957=ORIENTED_EDGE('',*,*,#5264,.T.);
#6958=ORIENTED_EDGE('',*,*,#5269,.F.);
#6959=ORIENTED_EDGE('',*,*,#5270,.F.);
#6960=ORIENTED_EDGE('',*,*,#5271,.T.);
#6961=ORIENTED_EDGE('',*,*,#5272,.T.);
#6962=ORIENTED_EDGE('',*,*,#5263,.F.);
#6963=ORIENTED_EDGE('',*,*,#5273,.T.);
#6964=ORIENTED_EDGE('',*,*,#5274,.T.);
#6965=ORIENTED_EDGE('',*,*,#5270,.T.);
#6966=ORIENTED_EDGE('',*,*,#5121,.T.);
#6967=ORIENTED_EDGE('',*,*,#5275,.T.);
#6968=ORIENTED_EDGE('',*,*,#5276,.T.);
#6969=ORIENTED_EDGE('',*,*,#5277,.F.);
#6970=ORIENTED_EDGE('',*,*,#5124,.T.);
#6971=ORIENTED_EDGE('',*,*,#5278,.T.);
#6972=ORIENTED_EDGE('',*,*,#5279,.T.);
#6973=ORIENTED_EDGE('',*,*,#5275,.F.);
#6974=ORIENTED_EDGE('',*,*,#5123,.T.);
#6975=ORIENTED_EDGE('',*,*,#5280,.T.);
#6976=ORIENTED_EDGE('',*,*,#5281,.T.);
#6977=ORIENTED_EDGE('',*,*,#5278,.F.);
#6978=ORIENTED_EDGE('',*,*,#5282,.T.);
#6979=ORIENTED_EDGE('',*,*,#5280,.F.);
#6980=ORIENTED_EDGE('',*,*,#5122,.T.);
#6981=ORIENTED_EDGE('',*,*,#5277,.T.);
#6982=ORIENTED_EDGE('',*,*,#5282,.F.);
#6983=ORIENTED_EDGE('',*,*,#5283,.F.);
#6984=ORIENTED_EDGE('',*,*,#5284,.T.);
#6985=ORIENTED_EDGE('',*,*,#5285,.T.);
#6986=ORIENTED_EDGE('',*,*,#5276,.F.);
#6987=ORIENTED_EDGE('',*,*,#5286,.F.);
#6988=ORIENTED_EDGE('',*,*,#5287,.T.);
#6989=ORIENTED_EDGE('',*,*,#5283,.T.);
#6990=ORIENTED_EDGE('',*,*,#5101,.T.);
#6991=ORIENTED_EDGE('',*,*,#5288,.T.);
#6992=ORIENTED_EDGE('',*,*,#5289,.T.);
#6993=ORIENTED_EDGE('',*,*,#5290,.F.);
#6994=ORIENTED_EDGE('',*,*,#5104,.T.);
#6995=ORIENTED_EDGE('',*,*,#5291,.T.);
#6996=ORIENTED_EDGE('',*,*,#5292,.T.);
#6997=ORIENTED_EDGE('',*,*,#5288,.F.);
#6998=ORIENTED_EDGE('',*,*,#5103,.T.);
#6999=ORIENTED_EDGE('',*,*,#5293,.T.);
#7000=ORIENTED_EDGE('',*,*,#5294,.T.);
#7001=ORIENTED_EDGE('',*,*,#5291,.F.);
#7002=ORIENTED_EDGE('',*,*,#5295,.T.);
#7003=ORIENTED_EDGE('',*,*,#5293,.F.);
#7004=ORIENTED_EDGE('',*,*,#5102,.T.);
#7005=ORIENTED_EDGE('',*,*,#5290,.T.);
#7006=ORIENTED_EDGE('',*,*,#5295,.F.);
#7007=ORIENTED_EDGE('',*,*,#5296,.F.);
#7008=ORIENTED_EDGE('',*,*,#5297,.T.);
#7009=ORIENTED_EDGE('',*,*,#5298,.T.);
#7010=ORIENTED_EDGE('',*,*,#5289,.F.);
#7011=ORIENTED_EDGE('',*,*,#5299,.T.);
#7012=ORIENTED_EDGE('',*,*,#5300,.T.);
#7013=ORIENTED_EDGE('',*,*,#5296,.T.);
#7014=ORIENTED_EDGE('',*,*,#5040,.F.);
#7015=ORIENTED_EDGE('',*,*,#5052,.T.);
#7016=ORIENTED_EDGE('',*,*,#5301,.T.);
#7017=ORIENTED_EDGE('',*,*,#5302,.T.);
#7018=ORIENTED_EDGE('',*,*,#5303,.F.);
#7019=ORIENTED_EDGE('',*,*,#5304,.T.);
#7020=ORIENTED_EDGE('',*,*,#5305,.T.);
#7021=ORIENTED_EDGE('',*,*,#5306,.F.);
#7022=ORIENTED_EDGE('',*,*,#5307,.F.);
#7023=ORIENTED_EDGE('',*,*,#5306,.T.);
#7024=ORIENTED_EDGE('',*,*,#5308,.T.);
#7025=ORIENTED_EDGE('',*,*,#5309,.F.);
#7026=ORIENTED_EDGE('',*,*,#5308,.F.);
#7027=ORIENTED_EDGE('',*,*,#5305,.F.);
#7028=ORIENTED_EDGE('',*,*,#5310,.F.);
#7029=ORIENTED_EDGE('',*,*,#5311,.F.);
#7030=ORIENTED_EDGE('',*,*,#5309,.T.);
#7031=ORIENTED_EDGE('',*,*,#5311,.T.);
#7032=ORIENTED_EDGE('',*,*,#5312,.T.);
#7033=ORIENTED_EDGE('',*,*,#5062,.F.);
#7034=ORIENTED_EDGE('',*,*,#5313,.F.);
#7035=ORIENTED_EDGE('',*,*,#5314,.T.);
#7036=ORIENTED_EDGE('',*,*,#5315,.F.);
#7037=ORIENTED_EDGE('',*,*,#5316,.F.);
#7038=ORIENTED_EDGE('',*,*,#5317,.F.);
#7039=ORIENTED_EDGE('',*,*,#5318,.F.);
#7040=ORIENTED_EDGE('',*,*,#5037,.T.);
#7041=ORIENTED_EDGE('',*,*,#5315,.T.);
#7042=ORIENTED_EDGE('',*,*,#5319,.F.);
#7043=ORIENTED_EDGE('',*,*,#5320,.T.);
#7044=ORIENTED_EDGE('',*,*,#5321,.T.);
#7045=ORIENTED_EDGE('',*,*,#5318,.T.);
#7046=ORIENTED_EDGE('',*,*,#5322,.F.);
#7047=ORIENTED_EDGE('',*,*,#5323,.T.);
#7048=ORIENTED_EDGE('',*,*,#5324,.T.);
#7049=ORIENTED_EDGE('',*,*,#5325,.F.);
#7050=ORIENTED_EDGE('',*,*,#5326,.F.);
#7051=ORIENTED_EDGE('',*,*,#5327,.T.);
#7052=ORIENTED_EDGE('',*,*,#5319,.T.);
#7053=ORIENTED_EDGE('',*,*,#5068,.T.);
#7054=ORIENTED_EDGE('',*,*,#5328,.T.);
#7055=ORIENTED_EDGE('',*,*,#5329,.T.);
#7056=ORIENTED_EDGE('',*,*,#5330,.T.);
#7057=ORIENTED_EDGE('',*,*,#5328,.F.);
#7058=ORIENTED_EDGE('',*,*,#5067,.F.);
#7059=ORIENTED_EDGE('',*,*,#5331,.F.);
#7060=ORIENTED_EDGE('',*,*,#5332,.F.);
#7061=ORIENTED_EDGE('',*,*,#5333,.T.);
#7062=ORIENTED_EDGE('',*,*,#5334,.F.);
#7063=ORIENTED_EDGE('',*,*,#5335,.F.);
#7064=ORIENTED_EDGE('',*,*,#5336,.F.);
#7065=ORIENTED_EDGE('',*,*,#5072,.T.);
#7066=ORIENTED_EDGE('',*,*,#5337,.T.);
#7067=ORIENTED_EDGE('',*,*,#5338,.T.);
#7068=ORIENTED_EDGE('',*,*,#5339,.T.);
#7069=ORIENTED_EDGE('',*,*,#5337,.F.);
#7070=ORIENTED_EDGE('',*,*,#5071,.F.);
#7071=ORIENTED_EDGE('',*,*,#5340,.T.);
#7072=ORIENTED_EDGE('',*,*,#5341,.T.);
#7073=ORIENTED_EDGE('',*,*,#5342,.F.);
#7074=ORIENTED_EDGE('',*,*,#5343,.T.);
#7075=ORIENTED_EDGE('',*,*,#5344,.T.);
#7076=ORIENTED_EDGE('',*,*,#5345,.T.);
#7077=ORIENTED_EDGE('',*,*,#5080,.T.);
#7078=ORIENTED_EDGE('',*,*,#5346,.T.);
#7079=ORIENTED_EDGE('',*,*,#5346,.F.);
#7080=ORIENTED_EDGE('',*,*,#5079,.T.);
#7081=ORIENTED_EDGE('',*,*,#5347,.F.);
#7082=ORIENTED_EDGE('',*,*,#5348,.F.);
#7083=ORIENTED_EDGE('',*,*,#5077,.T.);
#7084=ORIENTED_EDGE('',*,*,#5349,.T.);
#7085=ORIENTED_EDGE('',*,*,#5350,.T.);
#7086=ORIENTED_EDGE('',*,*,#5351,.T.);
#7087=ORIENTED_EDGE('',*,*,#5349,.F.);
#7088=ORIENTED_EDGE('',*,*,#5076,.F.);
#7089=ORIENTED_EDGE('',*,*,#5352,.F.);
#7090=ORIENTED_EDGE('',*,*,#5353,.F.);
#7091=ORIENTED_EDGE('',*,*,#5354,.T.);
#7092=ORIENTED_EDGE('',*,*,#5060,.T.);
#7093=ORIENTED_EDGE('',*,*,#5355,.T.);
#7094=ORIENTED_EDGE('',*,*,#5356,.T.);
#7095=ORIENTED_EDGE('',*,*,#5357,.T.);
#7096=ORIENTED_EDGE('',*,*,#5355,.F.);
#7097=ORIENTED_EDGE('',*,*,#5059,.F.);
#7098=ORIENTED_EDGE('',*,*,#5358,.F.);
#7099=ORIENTED_EDGE('',*,*,#5359,.F.);
#7100=ORIENTED_EDGE('',*,*,#5064,.T.);
#7101=ORIENTED_EDGE('',*,*,#5360,.T.);
#7102=ORIENTED_EDGE('',*,*,#5361,.T.);
#7103=ORIENTED_EDGE('',*,*,#5362,.T.);
#7104=ORIENTED_EDGE('',*,*,#5360,.F.);
#7105=ORIENTED_EDGE('',*,*,#5063,.F.);
#7106=ORIENTED_EDGE('',*,*,#5312,.F.);
#7107=ORIENTED_EDGE('',*,*,#5310,.T.);
#7108=ORIENTED_EDGE('',*,*,#5304,.F.);
#7109=ORIENTED_EDGE('',*,*,#5363,.F.);
#7110=ORIENTED_EDGE('',*,*,#5364,.F.);
#7111=ORIENTED_EDGE('',*,*,#5325,.T.);
#7112=ORIENTED_EDGE('',*,*,#5365,.F.);
#7113=ORIENTED_EDGE('',*,*,#5366,.F.);
#7114=ORIENTED_EDGE('',*,*,#5070,.T.);
#7115=ORIENTED_EDGE('',*,*,#5367,.T.);
#7116=ORIENTED_EDGE('',*,*,#5368,.F.);
#7117=ORIENTED_EDGE('',*,*,#5340,.F.);
#7118=ORIENTED_EDGE('',*,*,#5369,.F.);
#7119=ORIENTED_EDGE('',*,*,#5370,.F.);
#7120=ORIENTED_EDGE('',*,*,#5371,.T.);
#7121=ORIENTED_EDGE('',*,*,#5107,.T.);
#7122=ORIENTED_EDGE('',*,*,#5334,.T.);
#7123=ORIENTED_EDGE('',*,*,#5372,.F.);
#7124=ORIENTED_EDGE('',*,*,#5370,.T.);
#7125=ORIENTED_EDGE('',*,*,#5373,.F.);
#7126=ORIENTED_EDGE('',*,*,#5374,.F.);
#7127=ORIENTED_EDGE('',*,*,#5341,.F.);
#7128=ORIENTED_EDGE('',*,*,#5368,.T.);
#7129=ORIENTED_EDGE('',*,*,#5375,.T.);
#7130=ORIENTED_EDGE('',*,*,#5376,.F.);
#7131=ORIENTED_EDGE('',*,*,#5377,.F.);
#7132=ORIENTED_EDGE('',*,*,#5377,.T.);
#7133=ORIENTED_EDGE('',*,*,#5378,.F.);
#7134=ORIENTED_EDGE('',*,*,#5379,.T.);
#7135=ORIENTED_EDGE('',*,*,#5335,.T.);
#7136=ORIENTED_EDGE('',*,*,#5376,.T.);
#7137=ORIENTED_EDGE('',*,*,#5380,.F.);
#7138=ORIENTED_EDGE('',*,*,#5381,.F.);
#7139=ORIENTED_EDGE('',*,*,#5378,.T.);
#7140=ORIENTED_EDGE('',*,*,#5330,.F.);
#7141=ORIENTED_EDGE('',*,*,#5382,.T.);
#7142=ORIENTED_EDGE('',*,*,#5380,.T.);
#7143=ORIENTED_EDGE('',*,*,#5375,.F.);
#7144=ORIENTED_EDGE('',*,*,#5367,.F.);
#7145=ORIENTED_EDGE('',*,*,#5069,.T.);
#7146=ORIENTED_EDGE('',*,*,#5329,.F.);
#7147=ORIENTED_EDGE('',*,*,#5336,.T.);
#7148=ORIENTED_EDGE('',*,*,#5379,.F.);
#7149=ORIENTED_EDGE('',*,*,#5381,.T.);
#7150=ORIENTED_EDGE('',*,*,#5382,.F.);
#7151=ORIENTED_EDGE('',*,*,#5372,.T.);
#7152=ORIENTED_EDGE('',*,*,#5333,.F.);
#7153=ORIENTED_EDGE('',*,*,#5383,.T.);
#7154=ORIENTED_EDGE('',*,*,#5384,.T.);
#7155=ORIENTED_EDGE('',*,*,#5111,.T.);
#7156=ORIENTED_EDGE('',*,*,#5385,.T.);
#7157=ORIENTED_EDGE('',*,*,#5386,.T.);
#7158=ORIENTED_EDGE('',*,*,#5387,.T.);
#7159=ORIENTED_EDGE('',*,*,#5385,.F.);
#7160=ORIENTED_EDGE('',*,*,#5118,.T.);
#7161=ORIENTED_EDGE('',*,*,#5388,.F.);
#7162=ORIENTED_EDGE('',*,*,#5389,.F.);
#7163=ORIENTED_EDGE('',*,*,#5113,.T.);
#7164=ORIENTED_EDGE('',*,*,#5390,.T.);
#7165=ORIENTED_EDGE('',*,*,#5391,.T.);
#7166=ORIENTED_EDGE('',*,*,#5392,.T.);
#7167=ORIENTED_EDGE('',*,*,#5387,.F.);
#7168=ORIENTED_EDGE('',*,*,#5393,.F.);
#7169=ORIENTED_EDGE('',*,*,#5390,.F.);
#7170=ORIENTED_EDGE('',*,*,#5112,.T.);
#7171=ORIENTED_EDGE('',*,*,#5394,.T.);
#7172=ORIENTED_EDGE('',*,*,#5395,.T.);
#7173=ORIENTED_EDGE('',*,*,#5115,.T.);
#7174=ORIENTED_EDGE('',*,*,#5396,.T.);
#7175=ORIENTED_EDGE('',*,*,#5395,.F.);
#7176=ORIENTED_EDGE('',*,*,#5397,.T.);
#7177=ORIENTED_EDGE('',*,*,#5398,.F.);
#7178=ORIENTED_EDGE('',*,*,#5399,.T.);
#7179=ORIENTED_EDGE('',*,*,#5353,.T.);
#7180=ORIENTED_EDGE('',*,*,#5400,.T.);
#7181=ORIENTED_EDGE('',*,*,#5401,.F.);
#7182=ORIENTED_EDGE('',*,*,#5116,.F.);
#7183=ORIENTED_EDGE('',*,*,#5402,.T.);
#7184=ORIENTED_EDGE('',*,*,#5388,.T.);
#7185=ORIENTED_EDGE('',*,*,#5117,.T.);
#7186=ORIENTED_EDGE('',*,*,#5401,.T.);
#7187=ORIENTED_EDGE('',*,*,#5392,.F.);
#7188=ORIENTED_EDGE('',*,*,#5403,.F.);
#7189=ORIENTED_EDGE('',*,*,#5396,.F.);
#7190=ORIENTED_EDGE('',*,*,#5114,.T.);
#7191=ORIENTED_EDGE('',*,*,#5074,.T.);
#7192=ORIENTED_EDGE('',*,*,#5404,.T.);
#7193=ORIENTED_EDGE('',*,*,#5405,.F.);
#7194=ORIENTED_EDGE('',*,*,#5406,.F.);
#7195=ORIENTED_EDGE('',*,*,#5352,.T.);
#7196=ORIENTED_EDGE('',*,*,#5075,.T.);
#7197=ORIENTED_EDGE('',*,*,#5406,.T.);
#7198=ORIENTED_EDGE('',*,*,#5407,.F.);
#7199=ORIENTED_EDGE('',*,*,#5400,.F.);
#7200=ORIENTED_EDGE('',*,*,#5407,.T.);
#7201=ORIENTED_EDGE('',*,*,#5405,.T.);
#7202=ORIENTED_EDGE('',*,*,#5408,.T.);
#7203=ORIENTED_EDGE('',*,*,#5409,.F.);
#7204=ORIENTED_EDGE('',*,*,#5410,.F.);
#7205=ORIENTED_EDGE('',*,*,#5397,.F.);
#7206=ORIENTED_EDGE('',*,*,#5394,.F.);
#7207=ORIENTED_EDGE('',*,*,#5403,.T.);
#7208=ORIENTED_EDGE('',*,*,#5391,.F.);
#7209=ORIENTED_EDGE('',*,*,#5393,.T.);
#7210=ORIENTED_EDGE('',*,*,#5386,.F.);
#7211=ORIENTED_EDGE('',*,*,#5389,.T.);
#7212=ORIENTED_EDGE('',*,*,#5402,.F.);
#7213=ORIENTED_EDGE('',*,*,#5344,.F.);
#7214=ORIENTED_EDGE('',*,*,#5348,.T.);
#7215=ORIENTED_EDGE('',*,*,#5411,.F.);
#7216=ORIENTED_EDGE('',*,*,#5412,.F.);
#7217=ORIENTED_EDGE('',*,*,#5413,.T.);
#7218=ORIENTED_EDGE('',*,*,#5414,.F.);
#7219=ORIENTED_EDGE('',*,*,#5415,.T.);
#7220=ORIENTED_EDGE('',*,*,#5416,.T.);
#7221=ORIENTED_EDGE('',*,*,#5417,.F.);
#7222=ORIENTED_EDGE('',*,*,#5418,.F.);
#7223=ORIENTED_EDGE('',*,*,#5419,.T.);
#7224=ORIENTED_EDGE('',*,*,#5420,.T.);
#7225=ORIENTED_EDGE('',*,*,#5415,.F.);
#7226=ORIENTED_EDGE('',*,*,#5421,.F.);
#7227=ORIENTED_EDGE('',*,*,#5422,.T.);
#7228=ORIENTED_EDGE('',*,*,#5423,.T.);
#7229=ORIENTED_EDGE('',*,*,#5419,.F.);
#7230=ORIENTED_EDGE('',*,*,#5424,.F.);
#7231=ORIENTED_EDGE('',*,*,#5417,.T.);
#7232=ORIENTED_EDGE('',*,*,#5425,.T.);
#7233=ORIENTED_EDGE('',*,*,#5422,.F.);
#7234=ORIENTED_EDGE('',*,*,#5425,.F.);
#7235=ORIENTED_EDGE('',*,*,#5416,.F.);
#7236=ORIENTED_EDGE('',*,*,#5420,.F.);
#7237=ORIENTED_EDGE('',*,*,#5423,.F.);
#7238=ORIENTED_EDGE('',*,*,#5051,.F.);
#7239=ORIENTED_EDGE('',*,*,#5054,.F.);
#7240=ORIENTED_EDGE('',*,*,#5426,.F.);
#7241=ORIENTED_EDGE('',*,*,#5301,.F.);
#7242=ORIENTED_EDGE('',*,*,#5049,.F.);
#7243=ORIENTED_EDGE('',*,*,#5302,.F.);
#7244=ORIENTED_EDGE('',*,*,#5426,.T.);
#7245=ORIENTED_EDGE('',*,*,#5053,.T.);
#7246=ORIENTED_EDGE('',*,*,#5149,.F.);
#7247=ORIENTED_EDGE('',*,*,#5427,.T.);
#7248=ORIENTED_EDGE('',*,*,#5428,.T.);
#7249=ORIENTED_EDGE('',*,*,#5156,.T.);
#7250=ORIENTED_EDGE('',*,*,#5151,.F.);
#7251=ORIENTED_EDGE('',*,*,#5155,.F.);
#7252=ORIENTED_EDGE('',*,*,#5429,.T.);
#7253=ORIENTED_EDGE('',*,*,#5427,.F.);
#7254=ORIENTED_EDGE('',*,*,#5292,.F.);
#7255=ORIENTED_EDGE('',*,*,#5430,.T.);
#7256=ORIENTED_EDGE('',*,*,#5431,.T.);
#7257=ORIENTED_EDGE('',*,*,#5299,.F.);
#7258=ORIENTED_EDGE('',*,*,#5294,.F.);
#7259=ORIENTED_EDGE('',*,*,#5298,.F.);
#7260=ORIENTED_EDGE('',*,*,#5432,.T.);
#7261=ORIENTED_EDGE('',*,*,#5430,.F.);
#7262=ORIENTED_EDGE('',*,*,#5162,.F.);
#7263=ORIENTED_EDGE('',*,*,#5433,.T.);
#7264=ORIENTED_EDGE('',*,*,#5434,.T.);
#7265=ORIENTED_EDGE('',*,*,#5169,.T.);
#7266=ORIENTED_EDGE('',*,*,#5164,.F.);
#7267=ORIENTED_EDGE('',*,*,#5168,.F.);
#7268=ORIENTED_EDGE('',*,*,#5435,.T.);
#7269=ORIENTED_EDGE('',*,*,#5433,.F.);
#7270=ORIENTED_EDGE('',*,*,#5279,.F.);
#7271=ORIENTED_EDGE('',*,*,#5436,.T.);
#7272=ORIENTED_EDGE('',*,*,#5437,.T.);
#7273=ORIENTED_EDGE('',*,*,#5286,.T.);
#7274=ORIENTED_EDGE('',*,*,#5281,.F.);
#7275=ORIENTED_EDGE('',*,*,#5285,.F.);
#7276=ORIENTED_EDGE('',*,*,#5438,.T.);
#7277=ORIENTED_EDGE('',*,*,#5436,.F.);
#7278=ORIENTED_EDGE('',*,*,#5175,.F.);
#7279=ORIENTED_EDGE('',*,*,#5439,.F.);
#7280=ORIENTED_EDGE('',*,*,#5440,.T.);
#7281=ORIENTED_EDGE('',*,*,#5182,.F.);
#7282=ORIENTED_EDGE('',*,*,#5266,.F.);
#7283=ORIENTED_EDGE('',*,*,#5441,.F.);
#7284=ORIENTED_EDGE('',*,*,#5442,.T.);
#7285=ORIENTED_EDGE('',*,*,#5273,.F.);
#7286=ORIENTED_EDGE('',*,*,#5268,.F.);
#7287=ORIENTED_EDGE('',*,*,#5272,.F.);
#7288=ORIENTED_EDGE('',*,*,#5443,.T.);
#7289=ORIENTED_EDGE('',*,*,#5441,.T.);
#7290=ORIENTED_EDGE('',*,*,#5188,.F.);
#7291=ORIENTED_EDGE('',*,*,#5444,.F.);
#7292=ORIENTED_EDGE('',*,*,#5445,.T.);
#7293=ORIENTED_EDGE('',*,*,#5195,.F.);
#7294=ORIENTED_EDGE('',*,*,#5253,.F.);
#7295=ORIENTED_EDGE('',*,*,#5446,.F.);
#7296=ORIENTED_EDGE('',*,*,#5447,.T.);
#7297=ORIENTED_EDGE('',*,*,#5260,.F.);
#7298=ORIENTED_EDGE('',*,*,#5255,.F.);
#7299=ORIENTED_EDGE('',*,*,#5259,.F.);
#7300=ORIENTED_EDGE('',*,*,#5448,.T.);
#7301=ORIENTED_EDGE('',*,*,#5446,.T.);
#7302=ORIENTED_EDGE('',*,*,#5201,.F.);
#7303=ORIENTED_EDGE('',*,*,#5449,.F.);
#7304=ORIENTED_EDGE('',*,*,#5450,.T.);
#7305=ORIENTED_EDGE('',*,*,#5208,.F.);
#7306=ORIENTED_EDGE('',*,*,#5240,.F.);
#7307=ORIENTED_EDGE('',*,*,#5451,.F.);
#7308=ORIENTED_EDGE('',*,*,#5452,.T.);
#7309=ORIENTED_EDGE('',*,*,#5247,.F.);
#7310=ORIENTED_EDGE('',*,*,#5242,.F.);
#7311=ORIENTED_EDGE('',*,*,#5246,.F.);
#7312=ORIENTED_EDGE('',*,*,#5453,.T.);
#7313=ORIENTED_EDGE('',*,*,#5451,.T.);
#7314=ORIENTED_EDGE('',*,*,#5214,.F.);
#7315=ORIENTED_EDGE('',*,*,#5454,.F.);
#7316=ORIENTED_EDGE('',*,*,#5455,.T.);
#7317=ORIENTED_EDGE('',*,*,#5221,.F.);
#7318=ORIENTED_EDGE('',*,*,#5456,.F.);
#7319=ORIENTED_EDGE('',*,*,#5457,.T.);
#7320=ORIENTED_EDGE('',*,*,#5458,.T.);
#7321=ORIENTED_EDGE('',*,*,#5459,.F.);
#7322=ORIENTED_EDGE('',*,*,#5460,.F.);
#7323=ORIENTED_EDGE('',*,*,#5461,.T.);
#7324=ORIENTED_EDGE('',*,*,#5462,.T.);
#7325=ORIENTED_EDGE('',*,*,#5457,.F.);
#7326=ORIENTED_EDGE('',*,*,#5463,.F.);
#7327=ORIENTED_EDGE('',*,*,#5464,.T.);
#7328=ORIENTED_EDGE('',*,*,#5465,.T.);
#7329=ORIENTED_EDGE('',*,*,#5461,.F.);
#7330=ORIENTED_EDGE('',*,*,#5466,.F.);
#7331=ORIENTED_EDGE('',*,*,#5459,.T.);
#7332=ORIENTED_EDGE('',*,*,#5467,.T.);
#7333=ORIENTED_EDGE('',*,*,#5464,.F.);
#7334=ORIENTED_EDGE('',*,*,#5467,.F.);
#7335=ORIENTED_EDGE('',*,*,#5458,.F.);
#7336=ORIENTED_EDGE('',*,*,#5462,.F.);
#7337=ORIENTED_EDGE('',*,*,#5465,.F.);
#7338=ORIENTED_EDGE('',*,*,#5428,.F.);
#7339=ORIENTED_EDGE('',*,*,#5429,.F.);
#7340=ORIENTED_EDGE('',*,*,#5154,.F.);
#7341=ORIENTED_EDGE('',*,*,#5157,.F.);
#7342=ORIENTED_EDGE('',*,*,#5468,.F.);
#7343=ORIENTED_EDGE('',*,*,#5469,.T.);
#7344=ORIENTED_EDGE('',*,*,#5470,.T.);
#7345=ORIENTED_EDGE('',*,*,#5471,.F.);
#7346=ORIENTED_EDGE('',*,*,#5472,.F.);
#7347=ORIENTED_EDGE('',*,*,#5473,.T.);
#7348=ORIENTED_EDGE('',*,*,#5474,.T.);
#7349=ORIENTED_EDGE('',*,*,#5469,.F.);
#7350=ORIENTED_EDGE('',*,*,#5475,.F.);
#7351=ORIENTED_EDGE('',*,*,#5476,.T.);
#7352=ORIENTED_EDGE('',*,*,#5477,.T.);
#7353=ORIENTED_EDGE('',*,*,#5473,.F.);
#7354=ORIENTED_EDGE('',*,*,#5478,.F.);
#7355=ORIENTED_EDGE('',*,*,#5471,.T.);
#7356=ORIENTED_EDGE('',*,*,#5479,.T.);
#7357=ORIENTED_EDGE('',*,*,#5476,.F.);
#7358=ORIENTED_EDGE('',*,*,#5479,.F.);
#7359=ORIENTED_EDGE('',*,*,#5470,.F.);
#7360=ORIENTED_EDGE('',*,*,#5474,.F.);
#7361=ORIENTED_EDGE('',*,*,#5477,.F.);
#7362=ORIENTED_EDGE('',*,*,#5431,.F.);
#7363=ORIENTED_EDGE('',*,*,#5432,.F.);
#7364=ORIENTED_EDGE('',*,*,#5297,.F.);
#7365=ORIENTED_EDGE('',*,*,#5300,.F.);
#7366=ORIENTED_EDGE('',*,*,#5480,.F.);
#7367=ORIENTED_EDGE('',*,*,#5481,.T.);
#7368=ORIENTED_EDGE('',*,*,#5482,.T.);
#7369=ORIENTED_EDGE('',*,*,#5483,.F.);
#7370=ORIENTED_EDGE('',*,*,#5484,.F.);
#7371=ORIENTED_EDGE('',*,*,#5485,.T.);
#7372=ORIENTED_EDGE('',*,*,#5486,.T.);
#7373=ORIENTED_EDGE('',*,*,#5481,.F.);
#7374=ORIENTED_EDGE('',*,*,#5487,.F.);
#7375=ORIENTED_EDGE('',*,*,#5488,.T.);
#7376=ORIENTED_EDGE('',*,*,#5489,.T.);
#7377=ORIENTED_EDGE('',*,*,#5485,.F.);
#7378=ORIENTED_EDGE('',*,*,#5490,.F.);
#7379=ORIENTED_EDGE('',*,*,#5483,.T.);
#7380=ORIENTED_EDGE('',*,*,#5491,.T.);
#7381=ORIENTED_EDGE('',*,*,#5488,.F.);
#7382=ORIENTED_EDGE('',*,*,#5491,.F.);
#7383=ORIENTED_EDGE('',*,*,#5482,.F.);
#7384=ORIENTED_EDGE('',*,*,#5486,.F.);
#7385=ORIENTED_EDGE('',*,*,#5489,.F.);
#7386=ORIENTED_EDGE('',*,*,#5434,.F.);
#7387=ORIENTED_EDGE('',*,*,#5435,.F.);
#7388=ORIENTED_EDGE('',*,*,#5167,.F.);
#7389=ORIENTED_EDGE('',*,*,#5170,.F.);
#7390=ORIENTED_EDGE('',*,*,#5492,.F.);
#7391=ORIENTED_EDGE('',*,*,#5493,.T.);
#7392=ORIENTED_EDGE('',*,*,#5494,.T.);
#7393=ORIENTED_EDGE('',*,*,#5495,.F.);
#7394=ORIENTED_EDGE('',*,*,#5496,.F.);
#7395=ORIENTED_EDGE('',*,*,#5497,.T.);
#7396=ORIENTED_EDGE('',*,*,#5498,.T.);
#7397=ORIENTED_EDGE('',*,*,#5493,.F.);
#7398=ORIENTED_EDGE('',*,*,#5499,.F.);
#7399=ORIENTED_EDGE('',*,*,#5500,.T.);
#7400=ORIENTED_EDGE('',*,*,#5501,.T.);
#7401=ORIENTED_EDGE('',*,*,#5497,.F.);
#7402=ORIENTED_EDGE('',*,*,#5502,.F.);
#7403=ORIENTED_EDGE('',*,*,#5495,.T.);
#7404=ORIENTED_EDGE('',*,*,#5503,.T.);
#7405=ORIENTED_EDGE('',*,*,#5500,.F.);
#7406=ORIENTED_EDGE('',*,*,#5503,.F.);
#7407=ORIENTED_EDGE('',*,*,#5494,.F.);
#7408=ORIENTED_EDGE('',*,*,#5498,.F.);
#7409=ORIENTED_EDGE('',*,*,#5501,.F.);
#7410=ORIENTED_EDGE('',*,*,#5437,.F.);
#7411=ORIENTED_EDGE('',*,*,#5438,.F.);
#7412=ORIENTED_EDGE('',*,*,#5284,.F.);
#7413=ORIENTED_EDGE('',*,*,#5287,.F.);
#7414=ORIENTED_EDGE('',*,*,#5504,.F.);
#7415=ORIENTED_EDGE('',*,*,#5505,.T.);
#7416=ORIENTED_EDGE('',*,*,#5506,.T.);
#7417=ORIENTED_EDGE('',*,*,#5507,.F.);
#7418=ORIENTED_EDGE('',*,*,#5508,.F.);
#7419=ORIENTED_EDGE('',*,*,#5509,.T.);
#7420=ORIENTED_EDGE('',*,*,#5510,.T.);
#7421=ORIENTED_EDGE('',*,*,#5505,.F.);
#7422=ORIENTED_EDGE('',*,*,#5511,.F.);
#7423=ORIENTED_EDGE('',*,*,#5512,.T.);
#7424=ORIENTED_EDGE('',*,*,#5513,.T.);
#7425=ORIENTED_EDGE('',*,*,#5509,.F.);
#7426=ORIENTED_EDGE('',*,*,#5514,.F.);
#7427=ORIENTED_EDGE('',*,*,#5507,.T.);
#7428=ORIENTED_EDGE('',*,*,#5515,.T.);
#7429=ORIENTED_EDGE('',*,*,#5512,.F.);
#7430=ORIENTED_EDGE('',*,*,#5515,.F.);
#7431=ORIENTED_EDGE('',*,*,#5506,.F.);
#7432=ORIENTED_EDGE('',*,*,#5510,.F.);
#7433=ORIENTED_EDGE('',*,*,#5513,.F.);
#7434=ORIENTED_EDGE('',*,*,#5183,.F.);
#7435=ORIENTED_EDGE('',*,*,#5440,.F.);
#7436=ORIENTED_EDGE('',*,*,#5516,.F.);
#7437=ORIENTED_EDGE('',*,*,#5180,.F.);
#7438=ORIENTED_EDGE('',*,*,#5517,.F.);
#7439=ORIENTED_EDGE('',*,*,#5518,.T.);
#7440=ORIENTED_EDGE('',*,*,#5519,.T.);
#7441=ORIENTED_EDGE('',*,*,#5520,.F.);
#7442=ORIENTED_EDGE('',*,*,#5521,.F.);
#7443=ORIENTED_EDGE('',*,*,#5522,.T.);
#7444=ORIENTED_EDGE('',*,*,#5523,.T.);
#7445=ORIENTED_EDGE('',*,*,#5518,.F.);
#7446=ORIENTED_EDGE('',*,*,#5524,.F.);
#7447=ORIENTED_EDGE('',*,*,#5525,.T.);
#7448=ORIENTED_EDGE('',*,*,#5526,.T.);
#7449=ORIENTED_EDGE('',*,*,#5522,.F.);
#7450=ORIENTED_EDGE('',*,*,#5527,.F.);
#7451=ORIENTED_EDGE('',*,*,#5520,.T.);
#7452=ORIENTED_EDGE('',*,*,#5528,.T.);
#7453=ORIENTED_EDGE('',*,*,#5525,.F.);
#7454=ORIENTED_EDGE('',*,*,#5528,.F.);
#7455=ORIENTED_EDGE('',*,*,#5519,.F.);
#7456=ORIENTED_EDGE('',*,*,#5523,.F.);
#7457=ORIENTED_EDGE('',*,*,#5526,.F.);
#7458=ORIENTED_EDGE('',*,*,#5442,.F.);
#7459=ORIENTED_EDGE('',*,*,#5443,.F.);
#7460=ORIENTED_EDGE('',*,*,#5271,.F.);
#7461=ORIENTED_EDGE('',*,*,#5274,.F.);
#7462=ORIENTED_EDGE('',*,*,#5529,.F.);
#7463=ORIENTED_EDGE('',*,*,#5530,.T.);
#7464=ORIENTED_EDGE('',*,*,#5531,.T.);
#7465=ORIENTED_EDGE('',*,*,#5532,.F.);
#7466=ORIENTED_EDGE('',*,*,#5533,.F.);
#7467=ORIENTED_EDGE('',*,*,#5534,.T.);
#7468=ORIENTED_EDGE('',*,*,#5535,.T.);
#7469=ORIENTED_EDGE('',*,*,#5530,.F.);
#7470=ORIENTED_EDGE('',*,*,#5536,.F.);
#7471=ORIENTED_EDGE('',*,*,#5537,.T.);
#7472=ORIENTED_EDGE('',*,*,#5538,.T.);
#7473=ORIENTED_EDGE('',*,*,#5534,.F.);
#7474=ORIENTED_EDGE('',*,*,#5539,.F.);
#7475=ORIENTED_EDGE('',*,*,#5532,.T.);
#7476=ORIENTED_EDGE('',*,*,#5540,.T.);
#7477=ORIENTED_EDGE('',*,*,#5537,.F.);
#7478=ORIENTED_EDGE('',*,*,#5540,.F.);
#7479=ORIENTED_EDGE('',*,*,#5531,.F.);
#7480=ORIENTED_EDGE('',*,*,#5535,.F.);
#7481=ORIENTED_EDGE('',*,*,#5538,.F.);
#7482=ORIENTED_EDGE('',*,*,#5196,.F.);
#7483=ORIENTED_EDGE('',*,*,#5445,.F.);
#7484=ORIENTED_EDGE('',*,*,#5541,.F.);
#7485=ORIENTED_EDGE('',*,*,#5193,.F.);
#7486=ORIENTED_EDGE('',*,*,#5542,.F.);
#7487=ORIENTED_EDGE('',*,*,#5543,.T.);
#7488=ORIENTED_EDGE('',*,*,#5544,.T.);
#7489=ORIENTED_EDGE('',*,*,#5545,.F.);
#7490=ORIENTED_EDGE('',*,*,#5546,.F.);
#7491=ORIENTED_EDGE('',*,*,#5547,.T.);
#7492=ORIENTED_EDGE('',*,*,#5548,.T.);
#7493=ORIENTED_EDGE('',*,*,#5543,.F.);
#7494=ORIENTED_EDGE('',*,*,#5549,.F.);
#7495=ORIENTED_EDGE('',*,*,#5550,.T.);
#7496=ORIENTED_EDGE('',*,*,#5551,.T.);
#7497=ORIENTED_EDGE('',*,*,#5547,.F.);
#7498=ORIENTED_EDGE('',*,*,#5552,.F.);
#7499=ORIENTED_EDGE('',*,*,#5545,.T.);
#7500=ORIENTED_EDGE('',*,*,#5553,.T.);
#7501=ORIENTED_EDGE('',*,*,#5550,.F.);
#7502=ORIENTED_EDGE('',*,*,#5553,.F.);
#7503=ORIENTED_EDGE('',*,*,#5544,.F.);
#7504=ORIENTED_EDGE('',*,*,#5548,.F.);
#7505=ORIENTED_EDGE('',*,*,#5551,.F.);
#7506=ORIENTED_EDGE('',*,*,#5447,.F.);
#7507=ORIENTED_EDGE('',*,*,#5448,.F.);
#7508=ORIENTED_EDGE('',*,*,#5258,.F.);
#7509=ORIENTED_EDGE('',*,*,#5261,.F.);
#7510=ORIENTED_EDGE('',*,*,#5554,.F.);
#7511=ORIENTED_EDGE('',*,*,#5555,.T.);
#7512=ORIENTED_EDGE('',*,*,#5556,.T.);
#7513=ORIENTED_EDGE('',*,*,#5557,.F.);
#7514=ORIENTED_EDGE('',*,*,#5558,.F.);
#7515=ORIENTED_EDGE('',*,*,#5559,.T.);
#7516=ORIENTED_EDGE('',*,*,#5560,.T.);
#7517=ORIENTED_EDGE('',*,*,#5555,.F.);
#7518=ORIENTED_EDGE('',*,*,#5561,.F.);
#7519=ORIENTED_EDGE('',*,*,#5562,.T.);
#7520=ORIENTED_EDGE('',*,*,#5563,.T.);
#7521=ORIENTED_EDGE('',*,*,#5559,.F.);
#7522=ORIENTED_EDGE('',*,*,#5564,.F.);
#7523=ORIENTED_EDGE('',*,*,#5557,.T.);
#7524=ORIENTED_EDGE('',*,*,#5565,.T.);
#7525=ORIENTED_EDGE('',*,*,#5562,.F.);
#7526=ORIENTED_EDGE('',*,*,#5565,.F.);
#7527=ORIENTED_EDGE('',*,*,#5556,.F.);
#7528=ORIENTED_EDGE('',*,*,#5560,.F.);
#7529=ORIENTED_EDGE('',*,*,#5563,.F.);
#7530=ORIENTED_EDGE('',*,*,#5209,.F.);
#7531=ORIENTED_EDGE('',*,*,#5450,.F.);
#7532=ORIENTED_EDGE('',*,*,#5566,.F.);
#7533=ORIENTED_EDGE('',*,*,#5206,.F.);
#7534=ORIENTED_EDGE('',*,*,#5567,.F.);
#7535=ORIENTED_EDGE('',*,*,#5568,.T.);
#7536=ORIENTED_EDGE('',*,*,#5569,.T.);
#7537=ORIENTED_EDGE('',*,*,#5570,.F.);
#7538=ORIENTED_EDGE('',*,*,#5571,.F.);
#7539=ORIENTED_EDGE('',*,*,#5572,.T.);
#7540=ORIENTED_EDGE('',*,*,#5573,.T.);
#7541=ORIENTED_EDGE('',*,*,#5568,.F.);
#7542=ORIENTED_EDGE('',*,*,#5574,.F.);
#7543=ORIENTED_EDGE('',*,*,#5575,.T.);
#7544=ORIENTED_EDGE('',*,*,#5576,.T.);
#7545=ORIENTED_EDGE('',*,*,#5572,.F.);
#7546=ORIENTED_EDGE('',*,*,#5577,.F.);
#7547=ORIENTED_EDGE('',*,*,#5570,.T.);
#7548=ORIENTED_EDGE('',*,*,#5578,.T.);
#7549=ORIENTED_EDGE('',*,*,#5575,.F.);
#7550=ORIENTED_EDGE('',*,*,#5578,.F.);
#7551=ORIENTED_EDGE('',*,*,#5569,.F.);
#7552=ORIENTED_EDGE('',*,*,#5573,.F.);
#7553=ORIENTED_EDGE('',*,*,#5576,.F.);
#7554=ORIENTED_EDGE('',*,*,#5452,.F.);
#7555=ORIENTED_EDGE('',*,*,#5453,.F.);
#7556=ORIENTED_EDGE('',*,*,#5245,.F.);
#7557=ORIENTED_EDGE('',*,*,#5248,.F.);
#7558=ORIENTED_EDGE('',*,*,#5579,.F.);
#7559=ORIENTED_EDGE('',*,*,#5580,.T.);
#7560=ORIENTED_EDGE('',*,*,#5581,.T.);
#7561=ORIENTED_EDGE('',*,*,#5582,.F.);
#7562=ORIENTED_EDGE('',*,*,#5583,.F.);
#7563=ORIENTED_EDGE('',*,*,#5584,.T.);
#7564=ORIENTED_EDGE('',*,*,#5585,.T.);
#7565=ORIENTED_EDGE('',*,*,#5580,.F.);
#7566=ORIENTED_EDGE('',*,*,#5586,.F.);
#7567=ORIENTED_EDGE('',*,*,#5587,.T.);
#7568=ORIENTED_EDGE('',*,*,#5588,.T.);
#7569=ORIENTED_EDGE('',*,*,#5584,.F.);
#7570=ORIENTED_EDGE('',*,*,#5589,.F.);
#7571=ORIENTED_EDGE('',*,*,#5582,.T.);
#7572=ORIENTED_EDGE('',*,*,#5590,.T.);
#7573=ORIENTED_EDGE('',*,*,#5587,.F.);
#7574=ORIENTED_EDGE('',*,*,#5590,.F.);
#7575=ORIENTED_EDGE('',*,*,#5581,.F.);
#7576=ORIENTED_EDGE('',*,*,#5585,.F.);
#7577=ORIENTED_EDGE('',*,*,#5588,.F.);
#7578=ORIENTED_EDGE('',*,*,#5222,.F.);
#7579=ORIENTED_EDGE('',*,*,#5455,.F.);
#7580=ORIENTED_EDGE('',*,*,#5591,.F.);
#7581=ORIENTED_EDGE('',*,*,#5219,.F.);
#7582=ORIENTED_EDGE('',*,*,#5176,.F.);
#7583=ORIENTED_EDGE('',*,*,#5181,.F.);
#7584=ORIENTED_EDGE('',*,*,#5516,.T.);
#7585=ORIENTED_EDGE('',*,*,#5439,.T.);
#7586=ORIENTED_EDGE('',*,*,#5189,.F.);
#7587=ORIENTED_EDGE('',*,*,#5194,.F.);
#7588=ORIENTED_EDGE('',*,*,#5541,.T.);
#7589=ORIENTED_EDGE('',*,*,#5444,.T.);
#7590=ORIENTED_EDGE('',*,*,#5202,.F.);
#7591=ORIENTED_EDGE('',*,*,#5207,.F.);
#7592=ORIENTED_EDGE('',*,*,#5566,.T.);
#7593=ORIENTED_EDGE('',*,*,#5449,.T.);
#7594=ORIENTED_EDGE('',*,*,#5215,.F.);
#7595=ORIENTED_EDGE('',*,*,#5220,.F.);
#7596=ORIENTED_EDGE('',*,*,#5591,.T.);
#7597=ORIENTED_EDGE('',*,*,#5454,.T.);
#7598=ORIENTED_EDGE('',*,*,#5227,.F.);
#7599=ORIENTED_EDGE('',*,*,#5592,.F.);
#7600=ORIENTED_EDGE('',*,*,#5593,.T.);
#7601=ORIENTED_EDGE('',*,*,#5234,.F.);
#7602=ORIENTED_EDGE('',*,*,#5229,.F.);
#7603=ORIENTED_EDGE('',*,*,#5233,.F.);
#7604=ORIENTED_EDGE('',*,*,#5594,.T.);
#7605=ORIENTED_EDGE('',*,*,#5592,.T.);
#7606=ORIENTED_EDGE('',*,*,#5595,.F.);
#7607=ORIENTED_EDGE('',*,*,#5596,.T.);
#7608=ORIENTED_EDGE('',*,*,#5597,.T.);
#7609=ORIENTED_EDGE('',*,*,#5598,.F.);
#7610=ORIENTED_EDGE('',*,*,#5599,.F.);
#7611=ORIENTED_EDGE('',*,*,#5600,.T.);
#7612=ORIENTED_EDGE('',*,*,#5601,.T.);
#7613=ORIENTED_EDGE('',*,*,#5596,.F.);
#7614=ORIENTED_EDGE('',*,*,#5602,.F.);
#7615=ORIENTED_EDGE('',*,*,#5603,.T.);
#7616=ORIENTED_EDGE('',*,*,#5604,.T.);
#7617=ORIENTED_EDGE('',*,*,#5600,.F.);
#7618=ORIENTED_EDGE('',*,*,#5605,.F.);
#7619=ORIENTED_EDGE('',*,*,#5598,.T.);
#7620=ORIENTED_EDGE('',*,*,#5606,.T.);
#7621=ORIENTED_EDGE('',*,*,#5603,.F.);
#7622=ORIENTED_EDGE('',*,*,#5606,.F.);
#7623=ORIENTED_EDGE('',*,*,#5597,.F.);
#7624=ORIENTED_EDGE('',*,*,#5601,.F.);
#7625=ORIENTED_EDGE('',*,*,#5604,.F.);
#7626=ORIENTED_EDGE('',*,*,#5593,.F.);
#7627=ORIENTED_EDGE('',*,*,#5594,.F.);
#7628=ORIENTED_EDGE('',*,*,#5232,.F.);
#7629=ORIENTED_EDGE('',*,*,#5235,.F.);
#7630=ORIENTED_EDGE('',*,*,#5607,.T.);
#7631=ORIENTED_EDGE('',*,*,#5608,.T.);
#7632=ORIENTED_EDGE('',*,*,#5609,.T.);
#7633=ORIENTED_EDGE('',*,*,#5610,.T.);
#7634=ORIENTED_EDGE('',*,*,#5611,.T.);
#7635=ORIENTED_EDGE('',*,*,#5612,.T.);
#7636=ORIENTED_EDGE('',*,*,#5613,.T.);
#7637=ORIENTED_EDGE('',*,*,#5614,.T.);
#7638=ORIENTED_EDGE('',*,*,#5615,.T.);
#7639=ORIENTED_EDGE('',*,*,#5616,.T.);
#7640=ORIENTED_EDGE('',*,*,#5617,.T.);
#7641=ORIENTED_EDGE('',*,*,#5618,.T.);
#7642=ORIENTED_EDGE('',*,*,#5619,.T.);
#7643=ORIENTED_EDGE('',*,*,#5620,.T.);
#7644=ORIENTED_EDGE('',*,*,#5621,.T.);
#7645=ORIENTED_EDGE('',*,*,#5622,.T.);
#7646=ORIENTED_EDGE('',*,*,#5623,.T.);
#7647=ORIENTED_EDGE('',*,*,#5624,.T.);
#7648=ORIENTED_EDGE('',*,*,#5625,.T.);
#7649=ORIENTED_EDGE('',*,*,#5626,.T.);
#7650=ORIENTED_EDGE('',*,*,#5627,.T.);
#7651=ORIENTED_EDGE('',*,*,#5628,.T.);
#7652=ORIENTED_EDGE('',*,*,#5629,.T.);
#7653=ORIENTED_EDGE('',*,*,#5630,.T.);
#7654=ORIENTED_EDGE('',*,*,#5631,.T.);
#7655=ORIENTED_EDGE('',*,*,#5632,.T.);
#7656=ORIENTED_EDGE('',*,*,#5633,.T.);
#7657=ORIENTED_EDGE('',*,*,#5634,.T.);
#7658=ORIENTED_EDGE('',*,*,#5635,.T.);
#7659=ORIENTED_EDGE('',*,*,#5636,.T.);
#7660=ORIENTED_EDGE('',*,*,#5637,.T.);
#7661=ORIENTED_EDGE('',*,*,#5638,.T.);
#7662=ORIENTED_EDGE('',*,*,#5639,.T.);
#7663=ORIENTED_EDGE('',*,*,#5640,.T.);
#7664=ORIENTED_EDGE('',*,*,#5641,.T.);
#7665=ORIENTED_EDGE('',*,*,#5642,.T.);
#7666=ORIENTED_EDGE('',*,*,#5643,.T.);
#7667=ORIENTED_EDGE('',*,*,#5644,.T.);
#7668=ORIENTED_EDGE('',*,*,#5645,.T.);
#7669=ORIENTED_EDGE('',*,*,#5646,.T.);
#7670=ORIENTED_EDGE('',*,*,#5647,.T.);
#7671=ORIENTED_EDGE('',*,*,#5648,.T.);
#7672=ORIENTED_EDGE('',*,*,#5649,.T.);
#7673=ORIENTED_EDGE('',*,*,#5650,.T.);
#7674=ORIENTED_EDGE('',*,*,#5651,.T.);
#7675=ORIENTED_EDGE('',*,*,#5652,.T.);
#7676=ORIENTED_EDGE('',*,*,#5653,.T.);
#7677=ORIENTED_EDGE('',*,*,#5654,.T.);
#7678=ORIENTED_EDGE('',*,*,#5655,.T.);
#7679=ORIENTED_EDGE('',*,*,#5656,.T.);
#7680=ORIENTED_EDGE('',*,*,#5657,.T.);
#7681=ORIENTED_EDGE('',*,*,#5658,.T.);
#7682=ORIENTED_EDGE('',*,*,#5659,.T.);
#7683=ORIENTED_EDGE('',*,*,#5660,.T.);
#7684=ORIENTED_EDGE('',*,*,#5655,.F.);
#7685=ORIENTED_EDGE('',*,*,#5661,.F.);
#7686=ORIENTED_EDGE('',*,*,#5662,.T.);
#7687=ORIENTED_EDGE('',*,*,#5661,.T.);
#7688=ORIENTED_EDGE('',*,*,#5658,.F.);
#7689=ORIENTED_EDGE('',*,*,#5663,.F.);
#7690=ORIENTED_EDGE('',*,*,#5664,.T.);
#7691=ORIENTED_EDGE('',*,*,#5663,.T.);
#7692=ORIENTED_EDGE('',*,*,#5657,.F.);
#7693=ORIENTED_EDGE('',*,*,#5665,.F.);
#7694=ORIENTED_EDGE('',*,*,#5666,.T.);
#7695=ORIENTED_EDGE('',*,*,#5665,.T.);
#7696=ORIENTED_EDGE('',*,*,#5656,.F.);
#7697=ORIENTED_EDGE('',*,*,#5660,.F.);
#7698=ORIENTED_EDGE('',*,*,#5667,.T.);
#7699=ORIENTED_EDGE('',*,*,#5668,.T.);
#7700=ORIENTED_EDGE('',*,*,#5651,.F.);
#7701=ORIENTED_EDGE('',*,*,#5669,.F.);
#7702=ORIENTED_EDGE('',*,*,#5670,.T.);
#7703=ORIENTED_EDGE('',*,*,#5669,.T.);
#7704=ORIENTED_EDGE('',*,*,#5654,.F.);
#7705=ORIENTED_EDGE('',*,*,#5671,.F.);
#7706=ORIENTED_EDGE('',*,*,#5672,.T.);
#7707=ORIENTED_EDGE('',*,*,#5671,.T.);
#7708=ORIENTED_EDGE('',*,*,#5653,.F.);
#7709=ORIENTED_EDGE('',*,*,#5673,.F.);
#7710=ORIENTED_EDGE('',*,*,#5674,.T.);
#7711=ORIENTED_EDGE('',*,*,#5673,.T.);
#7712=ORIENTED_EDGE('',*,*,#5652,.F.);
#7713=ORIENTED_EDGE('',*,*,#5668,.F.);
#7714=ORIENTED_EDGE('',*,*,#5119,.F.);
#7715=ORIENTED_EDGE('',*,*,#5675,.T.);
#7716=ORIENTED_EDGE('',*,*,#5676,.T.);
#7717=ORIENTED_EDGE('',*,*,#5675,.F.);
#7718=ORIENTED_EDGE('',*,*,#5677,.T.);
#7719=ORIENTED_EDGE('',*,*,#5678,.T.);
#7720=ORIENTED_EDGE('',*,*,#5647,.F.);
#7721=ORIENTED_EDGE('',*,*,#5679,.F.);
#7722=ORIENTED_EDGE('',*,*,#5680,.T.);
#7723=ORIENTED_EDGE('',*,*,#5679,.T.);
#7724=ORIENTED_EDGE('',*,*,#5650,.F.);
#7725=ORIENTED_EDGE('',*,*,#5681,.F.);
#7726=ORIENTED_EDGE('',*,*,#5682,.T.);
#7727=ORIENTED_EDGE('',*,*,#5681,.T.);
#7728=ORIENTED_EDGE('',*,*,#5649,.F.);
#7729=ORIENTED_EDGE('',*,*,#5683,.F.);
#7730=ORIENTED_EDGE('',*,*,#5684,.T.);
#7731=ORIENTED_EDGE('',*,*,#5683,.T.);
#7732=ORIENTED_EDGE('',*,*,#5648,.F.);
#7733=ORIENTED_EDGE('',*,*,#5678,.F.);
#7734=ORIENTED_EDGE('',*,*,#5685,.T.);
#7735=ORIENTED_EDGE('',*,*,#5686,.T.);
#7736=ORIENTED_EDGE('',*,*,#5643,.F.);
#7737=ORIENTED_EDGE('',*,*,#5687,.F.);
#7738=ORIENTED_EDGE('',*,*,#5688,.T.);
#7739=ORIENTED_EDGE('',*,*,#5687,.T.);
#7740=ORIENTED_EDGE('',*,*,#5646,.F.);
#7741=ORIENTED_EDGE('',*,*,#5689,.F.);
#7742=ORIENTED_EDGE('',*,*,#5690,.T.);
#7743=ORIENTED_EDGE('',*,*,#5689,.T.);
#7744=ORIENTED_EDGE('',*,*,#5645,.F.);
#7745=ORIENTED_EDGE('',*,*,#5691,.F.);
#7746=ORIENTED_EDGE('',*,*,#5692,.T.);
#7747=ORIENTED_EDGE('',*,*,#5691,.T.);
#7748=ORIENTED_EDGE('',*,*,#5644,.F.);
#7749=ORIENTED_EDGE('',*,*,#5686,.F.);
#7750=ORIENTED_EDGE('',*,*,#5693,.T.);
#7751=ORIENTED_EDGE('',*,*,#5694,.T.);
#7752=ORIENTED_EDGE('',*,*,#5639,.F.);
#7753=ORIENTED_EDGE('',*,*,#5695,.F.);
#7754=ORIENTED_EDGE('',*,*,#5696,.T.);
#7755=ORIENTED_EDGE('',*,*,#5695,.T.);
#7756=ORIENTED_EDGE('',*,*,#5642,.F.);
#7757=ORIENTED_EDGE('',*,*,#5697,.F.);
#7758=ORIENTED_EDGE('',*,*,#5698,.T.);
#7759=ORIENTED_EDGE('',*,*,#5697,.T.);
#7760=ORIENTED_EDGE('',*,*,#5641,.F.);
#7761=ORIENTED_EDGE('',*,*,#5699,.F.);
#7762=ORIENTED_EDGE('',*,*,#5700,.T.);
#7763=ORIENTED_EDGE('',*,*,#5699,.T.);
#7764=ORIENTED_EDGE('',*,*,#5640,.F.);
#7765=ORIENTED_EDGE('',*,*,#5694,.F.);
#7766=ORIENTED_EDGE('',*,*,#5701,.T.);
#7767=ORIENTED_EDGE('',*,*,#5702,.T.);
#7768=ORIENTED_EDGE('',*,*,#5635,.F.);
#7769=ORIENTED_EDGE('',*,*,#5703,.F.);
#7770=ORIENTED_EDGE('',*,*,#5704,.T.);
#7771=ORIENTED_EDGE('',*,*,#5703,.T.);
#7772=ORIENTED_EDGE('',*,*,#5638,.F.);
#7773=ORIENTED_EDGE('',*,*,#5705,.F.);
#7774=ORIENTED_EDGE('',*,*,#5706,.T.);
#7775=ORIENTED_EDGE('',*,*,#5705,.T.);
#7776=ORIENTED_EDGE('',*,*,#5637,.F.);
#7777=ORIENTED_EDGE('',*,*,#5707,.F.);
#7778=ORIENTED_EDGE('',*,*,#5708,.T.);
#7779=ORIENTED_EDGE('',*,*,#5707,.T.);
#7780=ORIENTED_EDGE('',*,*,#5636,.F.);
#7781=ORIENTED_EDGE('',*,*,#5702,.F.);
#7782=ORIENTED_EDGE('',*,*,#5709,.T.);
#7783=ORIENTED_EDGE('',*,*,#5710,.T.);
#7784=ORIENTED_EDGE('',*,*,#5631,.F.);
#7785=ORIENTED_EDGE('',*,*,#5711,.F.);
#7786=ORIENTED_EDGE('',*,*,#5712,.T.);
#7787=ORIENTED_EDGE('',*,*,#5711,.T.);
#7788=ORIENTED_EDGE('',*,*,#5634,.F.);
#7789=ORIENTED_EDGE('',*,*,#5713,.F.);
#7790=ORIENTED_EDGE('',*,*,#5714,.T.);
#7791=ORIENTED_EDGE('',*,*,#5713,.T.);
#7792=ORIENTED_EDGE('',*,*,#5633,.F.);
#7793=ORIENTED_EDGE('',*,*,#5715,.F.);
#7794=ORIENTED_EDGE('',*,*,#5716,.T.);
#7795=ORIENTED_EDGE('',*,*,#5715,.T.);
#7796=ORIENTED_EDGE('',*,*,#5632,.F.);
#7797=ORIENTED_EDGE('',*,*,#5710,.F.);
#7798=ORIENTED_EDGE('',*,*,#5717,.T.);
#7799=ORIENTED_EDGE('',*,*,#5718,.T.);
#7800=ORIENTED_EDGE('',*,*,#5627,.F.);
#7801=ORIENTED_EDGE('',*,*,#5719,.F.);
#7802=ORIENTED_EDGE('',*,*,#5720,.T.);
#7803=ORIENTED_EDGE('',*,*,#5719,.T.);
#7804=ORIENTED_EDGE('',*,*,#5630,.F.);
#7805=ORIENTED_EDGE('',*,*,#5721,.F.);
#7806=ORIENTED_EDGE('',*,*,#5722,.T.);
#7807=ORIENTED_EDGE('',*,*,#5721,.T.);
#7808=ORIENTED_EDGE('',*,*,#5629,.F.);
#7809=ORIENTED_EDGE('',*,*,#5723,.F.);
#7810=ORIENTED_EDGE('',*,*,#5724,.T.);
#7811=ORIENTED_EDGE('',*,*,#5723,.T.);
#7812=ORIENTED_EDGE('',*,*,#5628,.F.);
#7813=ORIENTED_EDGE('',*,*,#5718,.F.);
#7814=ORIENTED_EDGE('',*,*,#5725,.T.);
#7815=ORIENTED_EDGE('',*,*,#5726,.T.);
#7816=ORIENTED_EDGE('',*,*,#5623,.F.);
#7817=ORIENTED_EDGE('',*,*,#5727,.F.);
#7818=ORIENTED_EDGE('',*,*,#5728,.T.);
#7819=ORIENTED_EDGE('',*,*,#5727,.T.);
#7820=ORIENTED_EDGE('',*,*,#5626,.F.);
#7821=ORIENTED_EDGE('',*,*,#5729,.F.);
#7822=ORIENTED_EDGE('',*,*,#5730,.T.);
#7823=ORIENTED_EDGE('',*,*,#5729,.T.);
#7824=ORIENTED_EDGE('',*,*,#5625,.F.);
#7825=ORIENTED_EDGE('',*,*,#5731,.F.);
#7826=ORIENTED_EDGE('',*,*,#5732,.T.);
#7827=ORIENTED_EDGE('',*,*,#5731,.T.);
#7828=ORIENTED_EDGE('',*,*,#5624,.F.);
#7829=ORIENTED_EDGE('',*,*,#5726,.F.);
#7830=ORIENTED_EDGE('',*,*,#5733,.T.);
#7831=ORIENTED_EDGE('',*,*,#5734,.T.);
#7832=ORIENTED_EDGE('',*,*,#5619,.F.);
#7833=ORIENTED_EDGE('',*,*,#5735,.F.);
#7834=ORIENTED_EDGE('',*,*,#5736,.T.);
#7835=ORIENTED_EDGE('',*,*,#5735,.T.);
#7836=ORIENTED_EDGE('',*,*,#5622,.F.);
#7837=ORIENTED_EDGE('',*,*,#5737,.F.);
#7838=ORIENTED_EDGE('',*,*,#5738,.T.);
#7839=ORIENTED_EDGE('',*,*,#5737,.T.);
#7840=ORIENTED_EDGE('',*,*,#5621,.F.);
#7841=ORIENTED_EDGE('',*,*,#5739,.F.);
#7842=ORIENTED_EDGE('',*,*,#5740,.T.);
#7843=ORIENTED_EDGE('',*,*,#5739,.T.);
#7844=ORIENTED_EDGE('',*,*,#5620,.F.);
#7845=ORIENTED_EDGE('',*,*,#5734,.F.);
#7846=ORIENTED_EDGE('',*,*,#5365,.T.);
#7847=ORIENTED_EDGE('',*,*,#5324,.F.);
#7848=ORIENTED_EDGE('',*,*,#5741,.T.);
#7849=ORIENTED_EDGE('',*,*,#5742,.T.);
#7850=ORIENTED_EDGE('',*,*,#5317,.T.);
#7851=ORIENTED_EDGE('',*,*,#5743,.F.);
#7852=ORIENTED_EDGE('',*,*,#5744,.T.);
#7853=ORIENTED_EDGE('',*,*,#5322,.T.);
#7854=ORIENTED_EDGE('',*,*,#5316,.T.);
#7855=ORIENTED_EDGE('',*,*,#5321,.F.);
#7856=ORIENTED_EDGE('',*,*,#5745,.T.);
#7857=ORIENTED_EDGE('',*,*,#5743,.T.);
#7858=ORIENTED_EDGE('',*,*,#5364,.T.);
#7859=ORIENTED_EDGE('',*,*,#5746,.F.);
#7860=ORIENTED_EDGE('',*,*,#5747,.T.);
#7861=ORIENTED_EDGE('',*,*,#5326,.T.);
#7862=ORIENTED_EDGE('',*,*,#5366,.T.);
#7863=ORIENTED_EDGE('',*,*,#5742,.F.);
#7864=ORIENTED_EDGE('',*,*,#5748,.T.);
#7865=ORIENTED_EDGE('',*,*,#5746,.T.);
#7866=ORIENTED_EDGE('',*,*,#5105,.F.);
#7867=ORIENTED_EDGE('',*,*,#5749,.T.);
#7868=ORIENTED_EDGE('',*,*,#5750,.T.);
#7869=ORIENTED_EDGE('',*,*,#5749,.F.);
#7870=ORIENTED_EDGE('',*,*,#5106,.F.);
#7871=ORIENTED_EDGE('',*,*,#5751,.T.);
#7872=ORIENTED_EDGE('',*,*,#5752,.T.);
#7873=ORIENTED_EDGE('',*,*,#5751,.F.);
#7874=ORIENTED_EDGE('',*,*,#5753,.T.);
#7875=ORIENTED_EDGE('',*,*,#5754,.T.);
#7876=ORIENTED_EDGE('',*,*,#5615,.F.);
#7877=ORIENTED_EDGE('',*,*,#5755,.F.);
#7878=ORIENTED_EDGE('',*,*,#5756,.T.);
#7879=ORIENTED_EDGE('',*,*,#5755,.T.);
#7880=ORIENTED_EDGE('',*,*,#5618,.F.);
#7881=ORIENTED_EDGE('',*,*,#5757,.F.);
#7882=ORIENTED_EDGE('',*,*,#5758,.T.);
#7883=ORIENTED_EDGE('',*,*,#5757,.T.);
#7884=ORIENTED_EDGE('',*,*,#5617,.F.);
#7885=ORIENTED_EDGE('',*,*,#5759,.F.);
#7886=ORIENTED_EDGE('',*,*,#5760,.T.);
#7887=ORIENTED_EDGE('',*,*,#5759,.T.);
#7888=ORIENTED_EDGE('',*,*,#5616,.F.);
#7889=ORIENTED_EDGE('',*,*,#5754,.F.);
#7890=ORIENTED_EDGE('',*,*,#5761,.T.);
#7891=ORIENTED_EDGE('',*,*,#5762,.T.);
#7892=ORIENTED_EDGE('',*,*,#5611,.F.);
#7893=ORIENTED_EDGE('',*,*,#5763,.F.);
#7894=ORIENTED_EDGE('',*,*,#5764,.T.);
#7895=ORIENTED_EDGE('',*,*,#5763,.T.);
#7896=ORIENTED_EDGE('',*,*,#5614,.F.);
#7897=ORIENTED_EDGE('',*,*,#5765,.F.);
#7898=ORIENTED_EDGE('',*,*,#5766,.T.);
#7899=ORIENTED_EDGE('',*,*,#5765,.T.);
#7900=ORIENTED_EDGE('',*,*,#5613,.F.);
#7901=ORIENTED_EDGE('',*,*,#5767,.F.);
#7902=ORIENTED_EDGE('',*,*,#5768,.T.);
#7903=ORIENTED_EDGE('',*,*,#5767,.T.);
#7904=ORIENTED_EDGE('',*,*,#5612,.F.);
#7905=ORIENTED_EDGE('',*,*,#5762,.F.);
#7906=ORIENTED_EDGE('',*,*,#5769,.T.);
#7907=ORIENTED_EDGE('',*,*,#5770,.T.);
#7908=ORIENTED_EDGE('',*,*,#5607,.F.);
#7909=ORIENTED_EDGE('',*,*,#5771,.F.);
#7910=ORIENTED_EDGE('',*,*,#5772,.T.);
#7911=ORIENTED_EDGE('',*,*,#5771,.T.);
#7912=ORIENTED_EDGE('',*,*,#5610,.F.);
#7913=ORIENTED_EDGE('',*,*,#5773,.F.);
#7914=ORIENTED_EDGE('',*,*,#5774,.T.);
#7915=ORIENTED_EDGE('',*,*,#5773,.T.);
#7916=ORIENTED_EDGE('',*,*,#5609,.F.);
#7917=ORIENTED_EDGE('',*,*,#5775,.F.);
#7918=ORIENTED_EDGE('',*,*,#5776,.T.);
#7919=ORIENTED_EDGE('',*,*,#5775,.T.);
#7920=ORIENTED_EDGE('',*,*,#5608,.F.);
#7921=ORIENTED_EDGE('',*,*,#5770,.F.);
#7922=ORIENTED_EDGE('',*,*,#5120,.F.);
#7923=ORIENTED_EDGE('',*,*,#5777,.T.);
#7924=ORIENTED_EDGE('',*,*,#5778,.T.);
#7925=ORIENTED_EDGE('',*,*,#5777,.F.);
#7926=ORIENTED_EDGE('',*,*,#5339,.F.);
#7927=ORIENTED_EDGE('',*,*,#5779,.F.);
#7928=ORIENTED_EDGE('',*,*,#5780,.T.);
#7929=ORIENTED_EDGE('',*,*,#5408,.F.);
#7930=ORIENTED_EDGE('',*,*,#5404,.F.);
#7931=ORIENTED_EDGE('',*,*,#5073,.T.);
#7932=ORIENTED_EDGE('',*,*,#5374,.T.);
#7933=ORIENTED_EDGE('',*,*,#5781,.F.);
#7934=ORIENTED_EDGE('',*,*,#5782,.T.);
#7935=ORIENTED_EDGE('',*,*,#5342,.T.);
#7936=ORIENTED_EDGE('',*,*,#5373,.T.);
#7937=ORIENTED_EDGE('',*,*,#5783,.F.);
#7938=ORIENTED_EDGE('',*,*,#5784,.T.);
#7939=ORIENTED_EDGE('',*,*,#5781,.T.);
#7940=ORIENTED_EDGE('',*,*,#5785,.F.);
#7941=ORIENTED_EDGE('',*,*,#5783,.T.);
#7942=ORIENTED_EDGE('',*,*,#5369,.T.);
#7943=ORIENTED_EDGE('',*,*,#5110,.F.);
#7944=ORIENTED_EDGE('',*,*,#5786,.F.);
#7945=ORIENTED_EDGE('',*,*,#5787,.F.);
#7946=ORIENTED_EDGE('',*,*,#5786,.T.);
#7947=ORIENTED_EDGE('',*,*,#5109,.F.);
#7948=ORIENTED_EDGE('',*,*,#5788,.F.);
#7949=ORIENTED_EDGE('',*,*,#5789,.F.);
#7950=ORIENTED_EDGE('',*,*,#5788,.T.);
#7951=ORIENTED_EDGE('',*,*,#5108,.F.);
#7952=ORIENTED_EDGE('',*,*,#5371,.F.);
#7953=ORIENTED_EDGE('',*,*,#5384,.F.);
#7954=ORIENTED_EDGE('',*,*,#5790,.T.);
#7955=ORIENTED_EDGE('',*,*,#5331,.T.);
#7956=ORIENTED_EDGE('',*,*,#5066,.F.);
#7957=ORIENTED_EDGE('',*,*,#5791,.F.);
#7958=ORIENTED_EDGE('',*,*,#5362,.F.);
#7959=ORIENTED_EDGE('',*,*,#5792,.F.);
#7960=ORIENTED_EDGE('',*,*,#5791,.T.);
#7961=ORIENTED_EDGE('',*,*,#5065,.F.);
#7962=ORIENTED_EDGE('',*,*,#5357,.F.);
#7963=ORIENTED_EDGE('',*,*,#5793,.T.);
#7964=ORIENTED_EDGE('',*,*,#5313,.T.);
#7965=ORIENTED_EDGE('',*,*,#5061,.F.);
#7966=ORIENTED_EDGE('',*,*,#5794,.T.);
#7967=ORIENTED_EDGE('',*,*,#5358,.T.);
#7968=ORIENTED_EDGE('',*,*,#5058,.F.);
#7969=ORIENTED_EDGE('',*,*,#5795,.F.);
#7970=ORIENTED_EDGE('',*,*,#5796,.F.);
#7971=ORIENTED_EDGE('',*,*,#5795,.T.);
#7972=ORIENTED_EDGE('',*,*,#5057,.F.);
#7973=ORIENTED_EDGE('',*,*,#5797,.F.);
#7974=ORIENTED_EDGE('',*,*,#5798,.T.);
#7975=ORIENTED_EDGE('',*,*,#5797,.T.);
#7976=ORIENTED_EDGE('',*,*,#5056,.F.);
#7977=ORIENTED_EDGE('',*,*,#5799,.F.);
#7978=ORIENTED_EDGE('',*,*,#5345,.F.);
#7979=ORIENTED_EDGE('',*,*,#5413,.F.);
#7980=ORIENTED_EDGE('',*,*,#5800,.F.);
#7981=ORIENTED_EDGE('',*,*,#5801,.F.);
#7982=ORIENTED_EDGE('',*,*,#5799,.T.);
#7983=ORIENTED_EDGE('',*,*,#5055,.F.);
#7984=ORIENTED_EDGE('',*,*,#5412,.T.);
#7985=ORIENTED_EDGE('',*,*,#5802,.F.);
#7986=ORIENTED_EDGE('',*,*,#5803,.T.);
#7987=ORIENTED_EDGE('',*,*,#5800,.T.);
#7988=ORIENTED_EDGE('',*,*,#5351,.F.);
#7989=ORIENTED_EDGE('',*,*,#5804,.T.);
#7990=ORIENTED_EDGE('',*,*,#5802,.T.);
#7991=ORIENTED_EDGE('',*,*,#5411,.T.);
#7992=ORIENTED_EDGE('',*,*,#5347,.T.);
#7993=ORIENTED_EDGE('',*,*,#5078,.F.);
#7994=ORIENTED_EDGE('',*,*,#5410,.T.);
#7995=ORIENTED_EDGE('',*,*,#5805,.F.);
#7996=ORIENTED_EDGE('',*,*,#5806,.T.);
#7997=ORIENTED_EDGE('',*,*,#5398,.T.);
#7998=ORIENTED_EDGE('',*,*,#5409,.T.);
#7999=ORIENTED_EDGE('',*,*,#5780,.F.);
#8000=ORIENTED_EDGE('',*,*,#5807,.T.);
#8001=ORIENTED_EDGE('',*,*,#5805,.T.);
#8002=ORIENTED_EDGE('',*,*,#5307,.T.);
#8003=ORIENTED_EDGE('',*,*,#5314,.F.);
#8004=ORIENTED_EDGE('',*,*,#5793,.F.);
#8005=ORIENTED_EDGE('',*,*,#5356,.F.);
#8006=ORIENTED_EDGE('',*,*,#5359,.T.);
#8007=ORIENTED_EDGE('',*,*,#5794,.F.);
#8008=ORIENTED_EDGE('',*,*,#5796,.T.);
#8009=ORIENTED_EDGE('',*,*,#5798,.F.);
#8010=ORIENTED_EDGE('',*,*,#5801,.T.);
#8011=ORIENTED_EDGE('',*,*,#5803,.F.);
#8012=ORIENTED_EDGE('',*,*,#5804,.F.);
#8013=ORIENTED_EDGE('',*,*,#5350,.F.);
#8014=ORIENTED_EDGE('',*,*,#5354,.F.);
#8015=ORIENTED_EDGE('',*,*,#5399,.F.);
#8016=ORIENTED_EDGE('',*,*,#5806,.F.);
#8017=ORIENTED_EDGE('',*,*,#5807,.F.);
#8018=ORIENTED_EDGE('',*,*,#5779,.T.);
#8019=ORIENTED_EDGE('',*,*,#5338,.F.);
#8020=ORIENTED_EDGE('',*,*,#5343,.F.);
#8021=ORIENTED_EDGE('',*,*,#5782,.F.);
#8022=ORIENTED_EDGE('',*,*,#5784,.F.);
#8023=ORIENTED_EDGE('',*,*,#5785,.T.);
#8024=ORIENTED_EDGE('',*,*,#5787,.T.);
#8025=ORIENTED_EDGE('',*,*,#5789,.T.);
#8026=ORIENTED_EDGE('',*,*,#5383,.F.);
#8027=ORIENTED_EDGE('',*,*,#5332,.T.);
#8028=ORIENTED_EDGE('',*,*,#5790,.F.);
#8029=ORIENTED_EDGE('',*,*,#5792,.T.);
#8030=ORIENTED_EDGE('',*,*,#5361,.F.);
#8031=ORIENTED_EDGE('',*,*,#5363,.T.);
#8032=ORIENTED_EDGE('',*,*,#5303,.T.);
#8033=ORIENTED_EDGE('',*,*,#5414,.T.);
#8034=ORIENTED_EDGE('',*,*,#5424,.T.);
#8035=ORIENTED_EDGE('',*,*,#5421,.T.);
#8036=ORIENTED_EDGE('',*,*,#5418,.T.);
#8037=ORIENTED_EDGE('',*,*,#5456,.T.);
#8038=ORIENTED_EDGE('',*,*,#5466,.T.);
#8039=ORIENTED_EDGE('',*,*,#5463,.T.);
#8040=ORIENTED_EDGE('',*,*,#5460,.T.);
#8041=ORIENTED_EDGE('',*,*,#5468,.T.);
#8042=ORIENTED_EDGE('',*,*,#5478,.T.);
#8043=ORIENTED_EDGE('',*,*,#5475,.T.);
#8044=ORIENTED_EDGE('',*,*,#5472,.T.);
#8045=ORIENTED_EDGE('',*,*,#5480,.T.);
#8046=ORIENTED_EDGE('',*,*,#5490,.T.);
#8047=ORIENTED_EDGE('',*,*,#5487,.T.);
#8048=ORIENTED_EDGE('',*,*,#5484,.T.);
#8049=ORIENTED_EDGE('',*,*,#5492,.T.);
#8050=ORIENTED_EDGE('',*,*,#5502,.T.);
#8051=ORIENTED_EDGE('',*,*,#5499,.T.);
#8052=ORIENTED_EDGE('',*,*,#5496,.T.);
#8053=ORIENTED_EDGE('',*,*,#5504,.T.);
#8054=ORIENTED_EDGE('',*,*,#5514,.T.);
#8055=ORIENTED_EDGE('',*,*,#5511,.T.);
#8056=ORIENTED_EDGE('',*,*,#5508,.T.);
#8057=ORIENTED_EDGE('',*,*,#5517,.T.);
#8058=ORIENTED_EDGE('',*,*,#5527,.T.);
#8059=ORIENTED_EDGE('',*,*,#5524,.T.);
#8060=ORIENTED_EDGE('',*,*,#5521,.T.);
#8061=ORIENTED_EDGE('',*,*,#5529,.T.);
#8062=ORIENTED_EDGE('',*,*,#5539,.T.);
#8063=ORIENTED_EDGE('',*,*,#5536,.T.);
#8064=ORIENTED_EDGE('',*,*,#5533,.T.);
#8065=ORIENTED_EDGE('',*,*,#5542,.T.);
#8066=ORIENTED_EDGE('',*,*,#5552,.T.);
#8067=ORIENTED_EDGE('',*,*,#5549,.T.);
#8068=ORIENTED_EDGE('',*,*,#5546,.T.);
#8069=ORIENTED_EDGE('',*,*,#5554,.T.);
#8070=ORIENTED_EDGE('',*,*,#5564,.T.);
#8071=ORIENTED_EDGE('',*,*,#5561,.T.);
#8072=ORIENTED_EDGE('',*,*,#5558,.T.);
#8073=ORIENTED_EDGE('',*,*,#5567,.T.);
#8074=ORIENTED_EDGE('',*,*,#5577,.T.);
#8075=ORIENTED_EDGE('',*,*,#5574,.T.);
#8076=ORIENTED_EDGE('',*,*,#5571,.T.);
#8077=ORIENTED_EDGE('',*,*,#5579,.T.);
#8078=ORIENTED_EDGE('',*,*,#5589,.T.);
#8079=ORIENTED_EDGE('',*,*,#5586,.T.);
#8080=ORIENTED_EDGE('',*,*,#5583,.T.);
#8081=ORIENTED_EDGE('',*,*,#5595,.T.);
#8082=ORIENTED_EDGE('',*,*,#5605,.T.);
#8083=ORIENTED_EDGE('',*,*,#5602,.T.);
#8084=ORIENTED_EDGE('',*,*,#5599,.T.);
#8085=ORIENTED_EDGE('',*,*,#5666,.F.);
#8086=ORIENTED_EDGE('',*,*,#5659,.F.);
#8087=ORIENTED_EDGE('',*,*,#5662,.F.);
#8088=ORIENTED_EDGE('',*,*,#5664,.F.);
#8089=ORIENTED_EDGE('',*,*,#5674,.F.);
#8090=ORIENTED_EDGE('',*,*,#5667,.F.);
#8091=ORIENTED_EDGE('',*,*,#5670,.F.);
#8092=ORIENTED_EDGE('',*,*,#5672,.F.);
#8093=ORIENTED_EDGE('',*,*,#5676,.F.);
#8094=ORIENTED_EDGE('',*,*,#5684,.F.);
#8095=ORIENTED_EDGE('',*,*,#5677,.F.);
#8096=ORIENTED_EDGE('',*,*,#5680,.F.);
#8097=ORIENTED_EDGE('',*,*,#5682,.F.);
#8098=ORIENTED_EDGE('',*,*,#5692,.F.);
#8099=ORIENTED_EDGE('',*,*,#5685,.F.);
#8100=ORIENTED_EDGE('',*,*,#5688,.F.);
#8101=ORIENTED_EDGE('',*,*,#5690,.F.);
#8102=ORIENTED_EDGE('',*,*,#5700,.F.);
#8103=ORIENTED_EDGE('',*,*,#5693,.F.);
#8104=ORIENTED_EDGE('',*,*,#5696,.F.);
#8105=ORIENTED_EDGE('',*,*,#5698,.F.);
#8106=ORIENTED_EDGE('',*,*,#5708,.F.);
#8107=ORIENTED_EDGE('',*,*,#5701,.F.);
#8108=ORIENTED_EDGE('',*,*,#5704,.F.);
#8109=ORIENTED_EDGE('',*,*,#5706,.F.);
#8110=ORIENTED_EDGE('',*,*,#5716,.F.);
#8111=ORIENTED_EDGE('',*,*,#5709,.F.);
#8112=ORIENTED_EDGE('',*,*,#5712,.F.);
#8113=ORIENTED_EDGE('',*,*,#5714,.F.);
#8114=ORIENTED_EDGE('',*,*,#5724,.F.);
#8115=ORIENTED_EDGE('',*,*,#5717,.F.);
#8116=ORIENTED_EDGE('',*,*,#5720,.F.);
#8117=ORIENTED_EDGE('',*,*,#5722,.F.);
#8118=ORIENTED_EDGE('',*,*,#5732,.F.);
#8119=ORIENTED_EDGE('',*,*,#5725,.F.);
#8120=ORIENTED_EDGE('',*,*,#5728,.F.);
#8121=ORIENTED_EDGE('',*,*,#5730,.F.);
#8122=ORIENTED_EDGE('',*,*,#5740,.F.);
#8123=ORIENTED_EDGE('',*,*,#5733,.F.);
#8124=ORIENTED_EDGE('',*,*,#5736,.F.);
#8125=ORIENTED_EDGE('',*,*,#5738,.F.);
#8126=ORIENTED_EDGE('',*,*,#5748,.F.);
#8127=ORIENTED_EDGE('',*,*,#5741,.F.);
#8128=ORIENTED_EDGE('',*,*,#5323,.F.);
#8129=ORIENTED_EDGE('',*,*,#5744,.F.);
#8130=ORIENTED_EDGE('',*,*,#5745,.F.);
#8131=ORIENTED_EDGE('',*,*,#5320,.F.);
#8132=ORIENTED_EDGE('',*,*,#5327,.F.);
#8133=ORIENTED_EDGE('',*,*,#5747,.F.);
#8134=ORIENTED_EDGE('',*,*,#5750,.F.);
#8135=ORIENTED_EDGE('',*,*,#5752,.F.);
#8136=ORIENTED_EDGE('',*,*,#5760,.F.);
#8137=ORIENTED_EDGE('',*,*,#5753,.F.);
#8138=ORIENTED_EDGE('',*,*,#5756,.F.);
#8139=ORIENTED_EDGE('',*,*,#5758,.F.);
#8140=ORIENTED_EDGE('',*,*,#5768,.F.);
#8141=ORIENTED_EDGE('',*,*,#5761,.F.);
#8142=ORIENTED_EDGE('',*,*,#5764,.F.);
#8143=ORIENTED_EDGE('',*,*,#5766,.F.);
#8144=ORIENTED_EDGE('',*,*,#5776,.F.);
#8145=ORIENTED_EDGE('',*,*,#5769,.F.);
#8146=ORIENTED_EDGE('',*,*,#5772,.F.);
#8147=ORIENTED_EDGE('',*,*,#5774,.F.);
#8148=ORIENTED_EDGE('',*,*,#5778,.F.);
#8149=ORIENTED_EDGE('',*,*,#5808,.F.);
#8150=ORIENTED_EDGE('',*,*,#5809,.T.);
#8151=ORIENTED_EDGE('',*,*,#5810,.F.);
#8152=ORIENTED_EDGE('',*,*,#5811,.T.);
#8153=ORIENTED_EDGE('',*,*,#5808,.T.);
#8154=ORIENTED_EDGE('',*,*,#5812,.T.);
#8155=ORIENTED_EDGE('',*,*,#5813,.T.);
#8156=ORIENTED_EDGE('',*,*,#5814,.T.);
#8157=ORIENTED_EDGE('',*,*,#5811,.F.);
#8158=ORIENTED_EDGE('',*,*,#5815,.F.);
#8159=ORIENTED_EDGE('',*,*,#5816,.F.);
#8160=ORIENTED_EDGE('',*,*,#5817,.F.);
#8161=ORIENTED_EDGE('',*,*,#5818,.T.);
#8162=ORIENTED_EDGE('',*,*,#5819,.F.);
#8163=ORIENTED_EDGE('',*,*,#5820,.T.);
#8164=ORIENTED_EDGE('',*,*,#5821,.F.);
#8165=ORIENTED_EDGE('',*,*,#5822,.T.);
#8166=ORIENTED_EDGE('',*,*,#5823,.F.);
#8167=ORIENTED_EDGE('',*,*,#5824,.T.);
#8168=ORIENTED_EDGE('',*,*,#5825,.F.);
#8169=ORIENTED_EDGE('',*,*,#5826,.F.);
#8170=ORIENTED_EDGE('',*,*,#5827,.T.);
#8171=ORIENTED_EDGE('',*,*,#5828,.F.);
#8172=ORIENTED_EDGE('',*,*,#5816,.T.);
#8173=ORIENTED_EDGE('',*,*,#5826,.T.);
#8174=ORIENTED_EDGE('',*,*,#5829,.T.);
#8175=ORIENTED_EDGE('',*,*,#5830,.T.);
#8176=ORIENTED_EDGE('',*,*,#5831,.T.);
#8177=ORIENTED_EDGE('',*,*,#5832,.T.);
#8178=ORIENTED_EDGE('',*,*,#5833,.T.);
#8179=ORIENTED_EDGE('',*,*,#5834,.T.);
#8180=ORIENTED_EDGE('',*,*,#5835,.T.);
#8181=ORIENTED_EDGE('',*,*,#5832,.F.);
#8182=ORIENTED_EDGE('',*,*,#5836,.T.);
#8183=ORIENTED_EDGE('',*,*,#5837,.T.);
#8184=ORIENTED_EDGE('',*,*,#5838,.T.);
#8185=ORIENTED_EDGE('',*,*,#5839,.T.);
#8186=ORIENTED_EDGE('',*,*,#5840,.T.);
#8187=ORIENTED_EDGE('',*,*,#5837,.F.);
#8188=ORIENTED_EDGE('',*,*,#5841,.T.);
#8189=ORIENTED_EDGE('',*,*,#5839,.F.);
#8190=ORIENTED_EDGE('',*,*,#5842,.T.);
#8191=ORIENTED_EDGE('',*,*,#5843,.T.);
#8192=ORIENTED_EDGE('',*,*,#5844,.T.);
#8193=ORIENTED_EDGE('',*,*,#5845,.T.);
#8194=ORIENTED_EDGE('',*,*,#5846,.T.);
#8195=ORIENTED_EDGE('',*,*,#5843,.F.);
#8196=ORIENTED_EDGE('',*,*,#5847,.T.);
#8197=ORIENTED_EDGE('',*,*,#5845,.F.);
#8198=ORIENTED_EDGE('',*,*,#5848,.T.);
#8199=ORIENTED_EDGE('',*,*,#5849,.T.);
#8200=ORIENTED_EDGE('',*,*,#5850,.T.);
#8201=ORIENTED_EDGE('',*,*,#5851,.T.);
#8202=ORIENTED_EDGE('',*,*,#5852,.T.);
#8203=ORIENTED_EDGE('',*,*,#5849,.F.);
#8204=ORIENTED_EDGE('',*,*,#5853,.T.);
#8205=ORIENTED_EDGE('',*,*,#5851,.F.);
#8206=ORIENTED_EDGE('',*,*,#5854,.T.);
#8207=ORIENTED_EDGE('',*,*,#5834,.F.);
#8208=ORIENTED_EDGE('',*,*,#5855,.T.);
#8209=ORIENTED_EDGE('',*,*,#5850,.F.);
#8210=ORIENTED_EDGE('',*,*,#5856,.F.);
#8211=ORIENTED_EDGE('',*,*,#5818,.F.);
#8212=ORIENTED_EDGE('',*,*,#5857,.F.);
#8213=ORIENTED_EDGE('',*,*,#5852,.F.);
#8214=ORIENTED_EDGE('',*,*,#5858,.T.);
#8215=ORIENTED_EDGE('',*,*,#5819,.T.);
#8216=ORIENTED_EDGE('',*,*,#5856,.T.);
#8217=ORIENTED_EDGE('',*,*,#5855,.F.);
#8218=ORIENTED_EDGE('',*,*,#5859,.F.);
#8219=ORIENTED_EDGE('',*,*,#5820,.F.);
#8220=ORIENTED_EDGE('',*,*,#5858,.F.);
#8221=ORIENTED_EDGE('',*,*,#5833,.F.);
#8222=ORIENTED_EDGE('',*,*,#5860,.T.);
#8223=ORIENTED_EDGE('',*,*,#5821,.T.);
#8224=ORIENTED_EDGE('',*,*,#5859,.T.);
#8225=ORIENTED_EDGE('',*,*,#5861,.F.);
#8226=ORIENTED_EDGE('',*,*,#5862,.F.);
#8227=ORIENTED_EDGE('',*,*,#5863,.F.);
#8228=ORIENTED_EDGE('',*,*,#5864,.F.);
#8229=ORIENTED_EDGE('',*,*,#5865,.F.);
#8230=ORIENTED_EDGE('',*,*,#5866,.F.);
#8231=ORIENTED_EDGE('',*,*,#5867,.F.);
#8232=ORIENTED_EDGE('',*,*,#5868,.F.);
#8233=ORIENTED_EDGE('',*,*,#5869,.F.);
#8234=ORIENTED_EDGE('',*,*,#5870,.F.);
#8235=ORIENTED_EDGE('',*,*,#5871,.F.);
#8236=ORIENTED_EDGE('',*,*,#5872,.F.);
#8237=ORIENTED_EDGE('',*,*,#5873,.F.);
#8238=ORIENTED_EDGE('',*,*,#5874,.F.);
#8239=ORIENTED_EDGE('',*,*,#5875,.F.);
#8240=ORIENTED_EDGE('',*,*,#5876,.F.);
#8241=ORIENTED_EDGE('',*,*,#5877,.F.);
#8242=ORIENTED_EDGE('',*,*,#5878,.F.);
#8243=ORIENTED_EDGE('',*,*,#5879,.F.);
#8244=ORIENTED_EDGE('',*,*,#5880,.F.);
#8245=ORIENTED_EDGE('',*,*,#5881,.F.);
#8246=ORIENTED_EDGE('',*,*,#5882,.F.);
#8247=ORIENTED_EDGE('',*,*,#5883,.F.);
#8248=ORIENTED_EDGE('',*,*,#5884,.F.);
#8249=ORIENTED_EDGE('',*,*,#5885,.T.);
#8250=ORIENTED_EDGE('',*,*,#5835,.F.);
#8251=ORIENTED_EDGE('',*,*,#5854,.F.);
#8252=ORIENTED_EDGE('',*,*,#5853,.F.);
#8253=ORIENTED_EDGE('',*,*,#5848,.F.);
#8254=ORIENTED_EDGE('',*,*,#5847,.F.);
#8255=ORIENTED_EDGE('',*,*,#5842,.F.);
#8256=ORIENTED_EDGE('',*,*,#5841,.F.);
#8257=ORIENTED_EDGE('',*,*,#5836,.F.);
#8258=ORIENTED_EDGE('',*,*,#5886,.T.);
#8259=ORIENTED_EDGE('',*,*,#5869,.T.);
#8260=ORIENTED_EDGE('',*,*,#5887,.T.);
#8261=ORIENTED_EDGE('',*,*,#5888,.T.);
#8262=ORIENTED_EDGE('',*,*,#5886,.F.);
#8263=ORIENTED_EDGE('',*,*,#5889,.T.);
#8264=ORIENTED_EDGE('',*,*,#5890,.T.);
#8265=ORIENTED_EDGE('',*,*,#5870,.T.);
#8266=ORIENTED_EDGE('',*,*,#5891,.T.);
#8267=ORIENTED_EDGE('',*,*,#5871,.T.);
#8268=ORIENTED_EDGE('',*,*,#5890,.F.);
#8269=ORIENTED_EDGE('',*,*,#5892,.T.);
#8270=ORIENTED_EDGE('',*,*,#5891,.F.);
#8271=ORIENTED_EDGE('',*,*,#5893,.T.);
#8272=ORIENTED_EDGE('',*,*,#5894,.T.);
#8273=ORIENTED_EDGE('',*,*,#5872,.T.);
#8274=ORIENTED_EDGE('',*,*,#5895,.T.);
#8275=ORIENTED_EDGE('',*,*,#5873,.T.);
#8276=ORIENTED_EDGE('',*,*,#5894,.F.);
#8277=ORIENTED_EDGE('',*,*,#5896,.T.);
#8278=ORIENTED_EDGE('',*,*,#5895,.F.);
#8279=ORIENTED_EDGE('',*,*,#5897,.T.);
#8280=ORIENTED_EDGE('',*,*,#5898,.T.);
#8281=ORIENTED_EDGE('',*,*,#5874,.T.);
#8282=ORIENTED_EDGE('',*,*,#5899,.T.);
#8283=ORIENTED_EDGE('',*,*,#5875,.T.);
#8284=ORIENTED_EDGE('',*,*,#5898,.F.);
#8285=ORIENTED_EDGE('',*,*,#5900,.T.);
#8286=ORIENTED_EDGE('',*,*,#5899,.F.);
#8287=ORIENTED_EDGE('',*,*,#5901,.T.);
#8288=ORIENTED_EDGE('',*,*,#5902,.T.);
#8289=ORIENTED_EDGE('',*,*,#5876,.T.);
#8290=ORIENTED_EDGE('',*,*,#5903,.T.);
#8291=ORIENTED_EDGE('',*,*,#5877,.T.);
#8292=ORIENTED_EDGE('',*,*,#5902,.F.);
#8293=ORIENTED_EDGE('',*,*,#5904,.T.);
#8294=ORIENTED_EDGE('',*,*,#5903,.F.);
#8295=ORIENTED_EDGE('',*,*,#5905,.T.);
#8296=ORIENTED_EDGE('',*,*,#5906,.T.);
#8297=ORIENTED_EDGE('',*,*,#5878,.T.);
#8298=ORIENTED_EDGE('',*,*,#5907,.T.);
#8299=ORIENTED_EDGE('',*,*,#5879,.T.);
#8300=ORIENTED_EDGE('',*,*,#5906,.F.);
#8301=ORIENTED_EDGE('',*,*,#5908,.T.);
#8302=ORIENTED_EDGE('',*,*,#5907,.F.);
#8303=ORIENTED_EDGE('',*,*,#5909,.T.);
#8304=ORIENTED_EDGE('',*,*,#5910,.T.);
#8305=ORIENTED_EDGE('',*,*,#5880,.T.);
#8306=ORIENTED_EDGE('',*,*,#5911,.T.);
#8307=ORIENTED_EDGE('',*,*,#5881,.T.);
#8308=ORIENTED_EDGE('',*,*,#5910,.F.);
#8309=ORIENTED_EDGE('',*,*,#5912,.T.);
#8310=ORIENTED_EDGE('',*,*,#5911,.F.);
#8311=ORIENTED_EDGE('',*,*,#5913,.T.);
#8312=ORIENTED_EDGE('',*,*,#5914,.T.);
#8313=ORIENTED_EDGE('',*,*,#5882,.T.);
#8314=ORIENTED_EDGE('',*,*,#5915,.T.);
#8315=ORIENTED_EDGE('',*,*,#5883,.T.);
#8316=ORIENTED_EDGE('',*,*,#5914,.F.);
#8317=ORIENTED_EDGE('',*,*,#5916,.T.);
#8318=ORIENTED_EDGE('',*,*,#5915,.F.);
#8319=ORIENTED_EDGE('',*,*,#5917,.T.);
#8320=ORIENTED_EDGE('',*,*,#5887,.F.);
#8321=ORIENTED_EDGE('',*,*,#5884,.T.);
#8322=ORIENTED_EDGE('',*,*,#5901,.F.);
#8323=ORIENTED_EDGE('',*,*,#5918,.T.);
#8324=ORIENTED_EDGE('',*,*,#5919,.T.);
#8325=ORIENTED_EDGE('',*,*,#5920,.T.);
#8326=ORIENTED_EDGE('',*,*,#5900,.F.);
#8327=ORIENTED_EDGE('',*,*,#5921,.F.);
#8328=ORIENTED_EDGE('',*,*,#5922,.T.);
#8329=ORIENTED_EDGE('',*,*,#5918,.F.);
#8330=ORIENTED_EDGE('',*,*,#5897,.F.);
#8331=ORIENTED_EDGE('',*,*,#5923,.T.);
#8332=ORIENTED_EDGE('',*,*,#5924,.T.);
#8333=ORIENTED_EDGE('',*,*,#5921,.T.);
#8334=ORIENTED_EDGE('',*,*,#5896,.F.);
#8335=ORIENTED_EDGE('',*,*,#5925,.F.);
#8336=ORIENTED_EDGE('',*,*,#5926,.T.);
#8337=ORIENTED_EDGE('',*,*,#5923,.F.);
#8338=ORIENTED_EDGE('',*,*,#5893,.F.);
#8339=ORIENTED_EDGE('',*,*,#5927,.T.);
#8340=ORIENTED_EDGE('',*,*,#5928,.T.);
#8341=ORIENTED_EDGE('',*,*,#5925,.T.);
#8342=ORIENTED_EDGE('',*,*,#5892,.F.);
#8343=ORIENTED_EDGE('',*,*,#5929,.F.);
#8344=ORIENTED_EDGE('',*,*,#5930,.T.);
#8345=ORIENTED_EDGE('',*,*,#5927,.F.);
#8346=ORIENTED_EDGE('',*,*,#5889,.F.);
#8347=ORIENTED_EDGE('',*,*,#5931,.T.);
#8348=ORIENTED_EDGE('',*,*,#5932,.T.);
#8349=ORIENTED_EDGE('',*,*,#5929,.T.);
#8350=ORIENTED_EDGE('',*,*,#5888,.F.);
#8351=ORIENTED_EDGE('',*,*,#5933,.F.);
#8352=ORIENTED_EDGE('',*,*,#5934,.T.);
#8353=ORIENTED_EDGE('',*,*,#5931,.F.);
#8354=ORIENTED_EDGE('',*,*,#5904,.F.);
#8355=ORIENTED_EDGE('',*,*,#5920,.F.);
#8356=ORIENTED_EDGE('',*,*,#5935,.T.);
#8357=ORIENTED_EDGE('',*,*,#5936,.F.);
#8358=ORIENTED_EDGE('',*,*,#5809,.F.);
#8359=ORIENTED_EDGE('',*,*,#5814,.F.);
#8360=ORIENTED_EDGE('',*,*,#5937,.T.);
#8361=ORIENTED_EDGE('',*,*,#5938,.F.);
#8362=ORIENTED_EDGE('',*,*,#5810,.T.);
#8363=ORIENTED_EDGE('',*,*,#5938,.T.);
#8364=ORIENTED_EDGE('',*,*,#5939,.T.);
#8365=ORIENTED_EDGE('',*,*,#5940,.T.);
#8366=ORIENTED_EDGE('',*,*,#5940,.F.);
#8367=ORIENTED_EDGE('',*,*,#5941,.T.);
#8368=ORIENTED_EDGE('',*,*,#5829,.F.);
#8369=ORIENTED_EDGE('',*,*,#5815,.T.);
#8370=ORIENTED_EDGE('',*,*,#5812,.F.);
#8371=ORIENTED_EDGE('',*,*,#5817,.T.);
#8372=ORIENTED_EDGE('',*,*,#5942,.F.);
#8373=ORIENTED_EDGE('',*,*,#5943,.T.);
#8374=ORIENTED_EDGE('',*,*,#5846,.F.);
#8375=ORIENTED_EDGE('',*,*,#5857,.T.);
#8376=ORIENTED_EDGE('',*,*,#5825,.T.);
#8377=ORIENTED_EDGE('',*,*,#5944,.T.);
#8378=ORIENTED_EDGE('',*,*,#5844,.F.);
#8379=ORIENTED_EDGE('',*,*,#5944,.F.);
#8380=ORIENTED_EDGE('',*,*,#5824,.F.);
#8381=ORIENTED_EDGE('',*,*,#5945,.F.);
#8382=ORIENTED_EDGE('',*,*,#5840,.F.);
#8383=ORIENTED_EDGE('',*,*,#5945,.T.);
#8384=ORIENTED_EDGE('',*,*,#5823,.T.);
#8385=ORIENTED_EDGE('',*,*,#5946,.T.);
#8386=ORIENTED_EDGE('',*,*,#5838,.F.);
#8387=ORIENTED_EDGE('',*,*,#5946,.F.);
#8388=ORIENTED_EDGE('',*,*,#5822,.F.);
#8389=ORIENTED_EDGE('',*,*,#5860,.F.);
#8390=ORIENTED_EDGE('',*,*,#5909,.F.);
#8391=ORIENTED_EDGE('',*,*,#5947,.T.);
#8392=ORIENTED_EDGE('',*,*,#5948,.T.);
#8393=ORIENTED_EDGE('',*,*,#5949,.T.);
#8394=ORIENTED_EDGE('',*,*,#5950,.T.);
#8395=ORIENTED_EDGE('',*,*,#5951,.T.);
#8396=ORIENTED_EDGE('',*,*,#5952,.T.);
#8397=ORIENTED_EDGE('',*,*,#5953,.T.);
#8398=ORIENTED_EDGE('',*,*,#5954,.T.);
#8399=ORIENTED_EDGE('',*,*,#5955,.T.);
#8400=ORIENTED_EDGE('',*,*,#5956,.T.);
#8401=ORIENTED_EDGE('',*,*,#5957,.T.);
#8402=ORIENTED_EDGE('',*,*,#5943,.F.);
#8403=ORIENTED_EDGE('',*,*,#5958,.F.);
#8404=ORIENTED_EDGE('',*,*,#5959,.F.);
#8405=ORIENTED_EDGE('',*,*,#5830,.F.);
#8406=ORIENTED_EDGE('',*,*,#5941,.F.);
#8407=ORIENTED_EDGE('',*,*,#5939,.F.);
#8408=ORIENTED_EDGE('',*,*,#5937,.F.);
#8409=ORIENTED_EDGE('',*,*,#5813,.F.);
#8410=ORIENTED_EDGE('',*,*,#5960,.T.);
#8411=ORIENTED_EDGE('',*,*,#5961,.T.);
#8412=ORIENTED_EDGE('',*,*,#5962,.T.);
#8413=ORIENTED_EDGE('',*,*,#5963,.T.);
#8414=ORIENTED_EDGE('',*,*,#5964,.T.);
#8415=ORIENTED_EDGE('',*,*,#5965,.T.);
#8416=ORIENTED_EDGE('',*,*,#5966,.T.);
#8417=ORIENTED_EDGE('',*,*,#5967,.T.);
#8418=ORIENTED_EDGE('',*,*,#5968,.T.);
#8419=ORIENTED_EDGE('',*,*,#5948,.F.);
#8420=ORIENTED_EDGE('',*,*,#5969,.F.);
#8421=ORIENTED_EDGE('',*,*,#5970,.F.);
#8422=ORIENTED_EDGE('',*,*,#5935,.F.);
#8423=ORIENTED_EDGE('',*,*,#5919,.F.);
#8424=ORIENTED_EDGE('',*,*,#5922,.F.);
#8425=ORIENTED_EDGE('',*,*,#5924,.F.);
#8426=ORIENTED_EDGE('',*,*,#5926,.F.);
#8427=ORIENTED_EDGE('',*,*,#5928,.F.);
#8428=ORIENTED_EDGE('',*,*,#5930,.F.);
#8429=ORIENTED_EDGE('',*,*,#5932,.F.);
#8430=ORIENTED_EDGE('',*,*,#5934,.F.);
#8431=ORIENTED_EDGE('',*,*,#5971,.F.);
#8432=ORIENTED_EDGE('',*,*,#5972,.F.);
#8433=ORIENTED_EDGE('',*,*,#5973,.F.);
#8434=ORIENTED_EDGE('',*,*,#5974,.F.);
#8435=ORIENTED_EDGE('',*,*,#5975,.T.);
#8436=ORIENTED_EDGE('',*,*,#5976,.T.);
#8437=ORIENTED_EDGE('',*,*,#5977,.T.);
#8438=ORIENTED_EDGE('',*,*,#5978,.T.);
#8439=ORIENTED_EDGE('',*,*,#5908,.F.);
#8440=ORIENTED_EDGE('',*,*,#5979,.F.);
#8441=ORIENTED_EDGE('',*,*,#5969,.T.);
#8442=ORIENTED_EDGE('',*,*,#5947,.F.);
#8443=ORIENTED_EDGE('',*,*,#5905,.F.);
#8444=ORIENTED_EDGE('',*,*,#5936,.T.);
#8445=ORIENTED_EDGE('',*,*,#5970,.T.);
#8446=ORIENTED_EDGE('',*,*,#5979,.T.);
#8447=ORIENTED_EDGE('',*,*,#5917,.F.);
#8448=ORIENTED_EDGE('',*,*,#5980,.T.);
#8449=ORIENTED_EDGE('',*,*,#5971,.T.);
#8450=ORIENTED_EDGE('',*,*,#5933,.T.);
#8451=ORIENTED_EDGE('',*,*,#5913,.F.);
#8452=ORIENTED_EDGE('',*,*,#5981,.T.);
#8453=ORIENTED_EDGE('',*,*,#5973,.T.);
#8454=ORIENTED_EDGE('',*,*,#5982,.T.);
#8455=ORIENTED_EDGE('',*,*,#5916,.F.);
#8456=ORIENTED_EDGE('',*,*,#5982,.F.);
#8457=ORIENTED_EDGE('',*,*,#5972,.T.);
#8458=ORIENTED_EDGE('',*,*,#5980,.F.);
#8459=ORIENTED_EDGE('',*,*,#5983,.T.);
#8460=ORIENTED_EDGE('',*,*,#5861,.T.);
#8461=ORIENTED_EDGE('',*,*,#5984,.T.);
#8462=ORIENTED_EDGE('',*,*,#5985,.T.);
#8463=ORIENTED_EDGE('',*,*,#5986,.T.);
#8464=ORIENTED_EDGE('',*,*,#5862,.T.);
#8465=ORIENTED_EDGE('',*,*,#5983,.F.);
#8466=ORIENTED_EDGE('',*,*,#5987,.T.);
#8467=ORIENTED_EDGE('',*,*,#5988,.T.);
#8468=ORIENTED_EDGE('',*,*,#5863,.T.);
#8469=ORIENTED_EDGE('',*,*,#5986,.F.);
#8470=ORIENTED_EDGE('',*,*,#5989,.T.);
#8471=ORIENTED_EDGE('',*,*,#5990,.T.);
#8472=ORIENTED_EDGE('',*,*,#5864,.T.);
#8473=ORIENTED_EDGE('',*,*,#5988,.F.);
#8474=ORIENTED_EDGE('',*,*,#5991,.T.);
#8475=ORIENTED_EDGE('',*,*,#5992,.T.);
#8476=ORIENTED_EDGE('',*,*,#5865,.T.);
#8477=ORIENTED_EDGE('',*,*,#5990,.F.);
#8478=ORIENTED_EDGE('',*,*,#5993,.T.);
#8479=ORIENTED_EDGE('',*,*,#5994,.T.);
#8480=ORIENTED_EDGE('',*,*,#5866,.T.);
#8481=ORIENTED_EDGE('',*,*,#5992,.F.);
#8482=ORIENTED_EDGE('',*,*,#5995,.T.);
#8483=ORIENTED_EDGE('',*,*,#5996,.T.);
#8484=ORIENTED_EDGE('',*,*,#5867,.T.);
#8485=ORIENTED_EDGE('',*,*,#5994,.F.);
#8486=ORIENTED_EDGE('',*,*,#5997,.T.);
#8487=ORIENTED_EDGE('',*,*,#5984,.F.);
#8488=ORIENTED_EDGE('',*,*,#5868,.T.);
#8489=ORIENTED_EDGE('',*,*,#5996,.F.);
#8490=ORIENTED_EDGE('',*,*,#5998,.T.);
#8491=ORIENTED_EDGE('',*,*,#5991,.F.);
#8492=ORIENTED_EDGE('',*,*,#5999,.F.);
#8493=ORIENTED_EDGE('',*,*,#6000,.T.);
#8494=ORIENTED_EDGE('',*,*,#6001,.T.);
#8495=ORIENTED_EDGE('',*,*,#5989,.F.);
#8496=ORIENTED_EDGE('',*,*,#6002,.F.);
#8497=ORIENTED_EDGE('',*,*,#6003,.T.);
#8498=ORIENTED_EDGE('',*,*,#5999,.T.);
#8499=ORIENTED_EDGE('',*,*,#6004,.T.);
#8500=ORIENTED_EDGE('',*,*,#6005,.T.);
#8501=ORIENTED_EDGE('',*,*,#6006,.T.);
#8502=ORIENTED_EDGE('',*,*,#6007,.T.);
#8503=ORIENTED_EDGE('',*,*,#6008,.T.);
#8504=ORIENTED_EDGE('',*,*,#6009,.T.);
#8505=ORIENTED_EDGE('',*,*,#6010,.T.);
#8506=ORIENTED_EDGE('',*,*,#6011,.T.);
#8507=ORIENTED_EDGE('',*,*,#6012,.T.);
#8508=ORIENTED_EDGE('',*,*,#6013,.F.);
#8509=ORIENTED_EDGE('',*,*,#6014,.T.);
#8510=ORIENTED_EDGE('',*,*,#6015,.F.);
#8511=ORIENTED_EDGE('',*,*,#5987,.F.);
#8512=ORIENTED_EDGE('',*,*,#6016,.F.);
#8513=ORIENTED_EDGE('',*,*,#6017,.T.);
#8514=ORIENTED_EDGE('',*,*,#6002,.T.);
#8515=ORIENTED_EDGE('',*,*,#5985,.F.);
#8516=ORIENTED_EDGE('',*,*,#6018,.F.);
#8517=ORIENTED_EDGE('',*,*,#6019,.T.);
#8518=ORIENTED_EDGE('',*,*,#6016,.T.);
#8519=ORIENTED_EDGE('',*,*,#6020,.F.);
#8520=ORIENTED_EDGE('',*,*,#6021,.F.);
#8521=ORIENTED_EDGE('',*,*,#5964,.F.);
#8522=ORIENTED_EDGE('',*,*,#6022,.T.);
#8523=ORIENTED_EDGE('',*,*,#6023,.F.);
#8524=ORIENTED_EDGE('',*,*,#6022,.F.);
#8525=ORIENTED_EDGE('',*,*,#5963,.F.);
#8526=ORIENTED_EDGE('',*,*,#6024,.T.);
#8527=ORIENTED_EDGE('',*,*,#6025,.F.);
#8528=ORIENTED_EDGE('',*,*,#6024,.F.);
#8529=ORIENTED_EDGE('',*,*,#5962,.F.);
#8530=ORIENTED_EDGE('',*,*,#6026,.T.);
#8531=ORIENTED_EDGE('',*,*,#6027,.F.);
#8532=ORIENTED_EDGE('',*,*,#6026,.F.);
#8533=ORIENTED_EDGE('',*,*,#5961,.F.);
#8534=ORIENTED_EDGE('',*,*,#6028,.T.);
#8535=ORIENTED_EDGE('',*,*,#6029,.F.);
#8536=ORIENTED_EDGE('',*,*,#6028,.F.);
#8537=ORIENTED_EDGE('',*,*,#5960,.F.);
#8538=ORIENTED_EDGE('',*,*,#6030,.T.);
#8539=ORIENTED_EDGE('',*,*,#6031,.F.);
#8540=ORIENTED_EDGE('',*,*,#6030,.F.);
#8541=ORIENTED_EDGE('',*,*,#5967,.F.);
#8542=ORIENTED_EDGE('',*,*,#6032,.T.);
#8543=ORIENTED_EDGE('',*,*,#6033,.F.);
#8544=ORIENTED_EDGE('',*,*,#6032,.F.);
#8545=ORIENTED_EDGE('',*,*,#5966,.F.);
#8546=ORIENTED_EDGE('',*,*,#6034,.T.);
#8547=ORIENTED_EDGE('',*,*,#6035,.F.);
#8548=ORIENTED_EDGE('',*,*,#6034,.F.);
#8549=ORIENTED_EDGE('',*,*,#5965,.F.);
#8550=ORIENTED_EDGE('',*,*,#6021,.T.);
#8551=ORIENTED_EDGE('',*,*,#5885,.F.);
#8552=ORIENTED_EDGE('',*,*,#6036,.T.);
#8553=ORIENTED_EDGE('',*,*,#6037,.T.);
#8554=ORIENTED_EDGE('',*,*,#6036,.F.);
#8555=ORIENTED_EDGE('',*,*,#6037,.F.);
#8556=ORIENTED_EDGE('',*,*,#6029,.T.);
#8557=ORIENTED_EDGE('',*,*,#6031,.T.);
#8558=ORIENTED_EDGE('',*,*,#6033,.T.);
#8559=ORIENTED_EDGE('',*,*,#6035,.T.);
#8560=ORIENTED_EDGE('',*,*,#6020,.T.);
#8561=ORIENTED_EDGE('',*,*,#6023,.T.);
#8562=ORIENTED_EDGE('',*,*,#6025,.T.);
#8563=ORIENTED_EDGE('',*,*,#6027,.T.);
#8564=ORIENTED_EDGE('',*,*,#6038,.T.);
#8565=ORIENTED_EDGE('',*,*,#6039,.F.);
#8566=ORIENTED_EDGE('',*,*,#6040,.T.);
#8567=ORIENTED_EDGE('',*,*,#6038,.F.);
#8568=ORIENTED_EDGE('',*,*,#6040,.F.);
#8569=ORIENTED_EDGE('',*,*,#6041,.F.);
#8570=ORIENTED_EDGE('',*,*,#6042,.T.);
#8571=ORIENTED_EDGE('',*,*,#5968,.F.);
#8572=ORIENTED_EDGE('',*,*,#6042,.F.);
#8573=ORIENTED_EDGE('',*,*,#6039,.T.);
#8574=ORIENTED_EDGE('',*,*,#6041,.T.);
#8575=ORIENTED_EDGE('',*,*,#6043,.T.);
#8576=ORIENTED_EDGE('',*,*,#6044,.T.);
#8577=ORIENTED_EDGE('',*,*,#6013,.T.);
#8578=ORIENTED_EDGE('',*,*,#6045,.T.);
#8579=ORIENTED_EDGE('',*,*,#6044,.F.);
#8580=ORIENTED_EDGE('',*,*,#6046,.F.);
#8581=ORIENTED_EDGE('',*,*,#6047,.F.);
#8582=ORIENTED_EDGE('',*,*,#6014,.F.);
#8583=ORIENTED_EDGE('',*,*,#6048,.T.);
#8584=ORIENTED_EDGE('',*,*,#6049,.T.);
#8585=ORIENTED_EDGE('',*,*,#6015,.T.);
#8586=ORIENTED_EDGE('',*,*,#6047,.T.);
#8587=ORIENTED_EDGE('',*,*,#6049,.F.);
#8588=ORIENTED_EDGE('',*,*,#6050,.F.);
#8589=ORIENTED_EDGE('',*,*,#6051,.F.);
#8590=ORIENTED_EDGE('',*,*,#6008,.F.);
#8591=ORIENTED_EDGE('',*,*,#6045,.F.);
#8592=ORIENTED_EDGE('',*,*,#6012,.F.);
#8593=ORIENTED_EDGE('',*,*,#6052,.T.);
#8594=ORIENTED_EDGE('',*,*,#6053,.F.);
#8595=ORIENTED_EDGE('',*,*,#6054,.F.);
#8596=ORIENTED_EDGE('',*,*,#6052,.F.);
#8597=ORIENTED_EDGE('',*,*,#6011,.F.);
#8598=ORIENTED_EDGE('',*,*,#6055,.T.);
#8599=ORIENTED_EDGE('',*,*,#6056,.F.);
#8600=ORIENTED_EDGE('',*,*,#6055,.F.);
#8601=ORIENTED_EDGE('',*,*,#6010,.F.);
#8602=ORIENTED_EDGE('',*,*,#6057,.T.);
#8603=ORIENTED_EDGE('',*,*,#6058,.F.);
#8604=ORIENTED_EDGE('',*,*,#6057,.F.);
#8605=ORIENTED_EDGE('',*,*,#6009,.F.);
#8606=ORIENTED_EDGE('',*,*,#6051,.T.);
#8607=ORIENTED_EDGE('',*,*,#6059,.F.);
#8608=ORIENTED_EDGE('',*,*,#6060,.F.);
#8609=ORIENTED_EDGE('',*,*,#6004,.F.);
#8610=ORIENTED_EDGE('',*,*,#6061,.T.);
#8611=ORIENTED_EDGE('',*,*,#6062,.F.);
#8612=ORIENTED_EDGE('',*,*,#6061,.F.);
#8613=ORIENTED_EDGE('',*,*,#6007,.F.);
#8614=ORIENTED_EDGE('',*,*,#6063,.T.);
#8615=ORIENTED_EDGE('',*,*,#6064,.F.);
#8616=ORIENTED_EDGE('',*,*,#6063,.F.);
#8617=ORIENTED_EDGE('',*,*,#6006,.F.);
#8618=ORIENTED_EDGE('',*,*,#6065,.T.);
#8619=ORIENTED_EDGE('',*,*,#6066,.F.);
#8620=ORIENTED_EDGE('',*,*,#6065,.F.);
#8621=ORIENTED_EDGE('',*,*,#6005,.F.);
#8622=ORIENTED_EDGE('',*,*,#6060,.T.);
#8623=ORIENTED_EDGE('',*,*,#6067,.F.);
#8624=ORIENTED_EDGE('',*,*,#6068,.F.);
#8625=ORIENTED_EDGE('',*,*,#5956,.F.);
#8626=ORIENTED_EDGE('',*,*,#6069,.T.);
#8627=ORIENTED_EDGE('',*,*,#6053,.T.);
#8628=ORIENTED_EDGE('',*,*,#6054,.T.);
#8629=ORIENTED_EDGE('',*,*,#6056,.T.);
#8630=ORIENTED_EDGE('',*,*,#6058,.T.);
#8631=ORIENTED_EDGE('',*,*,#6050,.T.);
#8632=ORIENTED_EDGE('',*,*,#6048,.F.);
#8633=ORIENTED_EDGE('',*,*,#6046,.T.);
#8634=ORIENTED_EDGE('',*,*,#6043,.F.);
#8635=ORIENTED_EDGE('',*,*,#6059,.T.);
#8636=ORIENTED_EDGE('',*,*,#6062,.T.);
#8637=ORIENTED_EDGE('',*,*,#6064,.T.);
#8638=ORIENTED_EDGE('',*,*,#6066,.T.);
#8639=ORIENTED_EDGE('',*,*,#5978,.F.);
#8640=ORIENTED_EDGE('',*,*,#6070,.T.);
#8641=ORIENTED_EDGE('',*,*,#6071,.T.);
#8642=ORIENTED_EDGE('',*,*,#6070,.F.);
#8643=ORIENTED_EDGE('',*,*,#6071,.F.);
#8644=ORIENTED_EDGE('',*,*,#5977,.F.);
#8645=ORIENTED_EDGE('',*,*,#6072,.T.);
#8646=ORIENTED_EDGE('',*,*,#6073,.T.);
#8647=ORIENTED_EDGE('',*,*,#6072,.F.);
#8648=ORIENTED_EDGE('',*,*,#6073,.F.);
#8649=ORIENTED_EDGE('',*,*,#5976,.F.);
#8650=ORIENTED_EDGE('',*,*,#6074,.T.);
#8651=ORIENTED_EDGE('',*,*,#6075,.T.);
#8652=ORIENTED_EDGE('',*,*,#6074,.F.);
#8653=ORIENTED_EDGE('',*,*,#6075,.F.);
#8654=ORIENTED_EDGE('',*,*,#5975,.F.);
#8655=ORIENTED_EDGE('',*,*,#6076,.T.);
#8656=ORIENTED_EDGE('',*,*,#6077,.T.);
#8657=ORIENTED_EDGE('',*,*,#6076,.F.);
#8658=ORIENTED_EDGE('',*,*,#6077,.F.);
#8659=ORIENTED_EDGE('',*,*,#5828,.T.);
#8660=ORIENTED_EDGE('',*,*,#6078,.T.);
#8661=ORIENTED_EDGE('',*,*,#5958,.T.);
#8662=ORIENTED_EDGE('',*,*,#5942,.T.);
#8663=ORIENTED_EDGE('',*,*,#5827,.F.);
#8664=ORIENTED_EDGE('',*,*,#5831,.F.);
#8665=ORIENTED_EDGE('',*,*,#5959,.T.);
#8666=ORIENTED_EDGE('',*,*,#6078,.F.);
#8667=ORIENTED_EDGE('',*,*,#5912,.F.);
#8668=ORIENTED_EDGE('',*,*,#5949,.F.);
#8669=ORIENTED_EDGE('',*,*,#5974,.T.);
#8670=ORIENTED_EDGE('',*,*,#5981,.F.);
#8671=ORIENTED_EDGE('',*,*,#6079,.F.);
#8672=ORIENTED_EDGE('',*,*,#6080,.F.);
#8673=ORIENTED_EDGE('',*,*,#5957,.F.);
#8674=ORIENTED_EDGE('',*,*,#6068,.T.);
#8675=ORIENTED_EDGE('',*,*,#6081,.F.);
#8676=ORIENTED_EDGE('',*,*,#6082,.F.);
#8677=ORIENTED_EDGE('',*,*,#5950,.F.);
#8678=ORIENTED_EDGE('',*,*,#6080,.T.);
#8679=ORIENTED_EDGE('',*,*,#6083,.F.);
#8680=ORIENTED_EDGE('',*,*,#6084,.F.);
#8681=ORIENTED_EDGE('',*,*,#5951,.F.);
#8682=ORIENTED_EDGE('',*,*,#6082,.T.);
#8683=ORIENTED_EDGE('',*,*,#5993,.F.);
#8684=ORIENTED_EDGE('',*,*,#6001,.F.);
#8685=ORIENTED_EDGE('',*,*,#6085,.T.);
#8686=ORIENTED_EDGE('',*,*,#6086,.T.);
#8687=ORIENTED_EDGE('',*,*,#5995,.F.);
#8688=ORIENTED_EDGE('',*,*,#6086,.F.);
#8689=ORIENTED_EDGE('',*,*,#6087,.T.);
#8690=ORIENTED_EDGE('',*,*,#6088,.T.);
#8691=ORIENTED_EDGE('',*,*,#5997,.F.);
#8692=ORIENTED_EDGE('',*,*,#6088,.F.);
#8693=ORIENTED_EDGE('',*,*,#6089,.T.);
#8694=ORIENTED_EDGE('',*,*,#6090,.T.);
#8695=ORIENTED_EDGE('',*,*,#5998,.F.);
#8696=ORIENTED_EDGE('',*,*,#6090,.F.);
#8697=ORIENTED_EDGE('',*,*,#6091,.T.);
#8698=ORIENTED_EDGE('',*,*,#6018,.T.);
#8699=ORIENTED_EDGE('',*,*,#6092,.F.);
#8700=ORIENTED_EDGE('',*,*,#6093,.F.);
#8701=ORIENTED_EDGE('',*,*,#5952,.F.);
#8702=ORIENTED_EDGE('',*,*,#6084,.T.);
#8703=ORIENTED_EDGE('',*,*,#6094,.F.);
#8704=ORIENTED_EDGE('',*,*,#6095,.F.);
#8705=ORIENTED_EDGE('',*,*,#5953,.F.);
#8706=ORIENTED_EDGE('',*,*,#6093,.T.);
#8707=ORIENTED_EDGE('',*,*,#6096,.F.);
#8708=ORIENTED_EDGE('',*,*,#6097,.F.);
#8709=ORIENTED_EDGE('',*,*,#5954,.F.);
#8710=ORIENTED_EDGE('',*,*,#6095,.T.);
#8711=ORIENTED_EDGE('',*,*,#6098,.F.);
#8712=ORIENTED_EDGE('',*,*,#6069,.F.);
#8713=ORIENTED_EDGE('',*,*,#5955,.F.);
#8714=ORIENTED_EDGE('',*,*,#6097,.T.);
#8715=ORIENTED_EDGE('',*,*,#6000,.F.);
#8716=ORIENTED_EDGE('',*,*,#6003,.F.);
#8717=ORIENTED_EDGE('',*,*,#6017,.F.);
#8718=ORIENTED_EDGE('',*,*,#6019,.F.);
#8719=ORIENTED_EDGE('',*,*,#6091,.F.);
#8720=ORIENTED_EDGE('',*,*,#6089,.F.);
#8721=ORIENTED_EDGE('',*,*,#6087,.F.);
#8722=ORIENTED_EDGE('',*,*,#6085,.F.);
#8723=ORIENTED_EDGE('',*,*,#6083,.T.);
#8724=ORIENTED_EDGE('',*,*,#6081,.T.);
#8725=ORIENTED_EDGE('',*,*,#6079,.T.);
#8726=ORIENTED_EDGE('',*,*,#6067,.T.);
#8727=ORIENTED_EDGE('',*,*,#6098,.T.);
#8728=ORIENTED_EDGE('',*,*,#6096,.T.);
#8729=ORIENTED_EDGE('',*,*,#6094,.T.);
#8730=ORIENTED_EDGE('',*,*,#6092,.T.);
#8731=ORIENTED_EDGE('',*,*,#6099,.T.);
#8732=ORIENTED_EDGE('',*,*,#6100,.T.);
#8733=ORIENTED_EDGE('',*,*,#6101,.T.);
#8734=ORIENTED_EDGE('',*,*,#6102,.T.);
#8735=ORIENTED_EDGE('',*,*,#6103,.T.);
#8736=ORIENTED_EDGE('',*,*,#6104,.T.);
#8737=ORIENTED_EDGE('',*,*,#6099,.F.);
#8738=ORIENTED_EDGE('',*,*,#6105,.T.);
#8739=ORIENTED_EDGE('',*,*,#6106,.T.);
#8740=ORIENTED_EDGE('',*,*,#6107,.T.);
#8741=ORIENTED_EDGE('',*,*,#6103,.F.);
#8742=ORIENTED_EDGE('',*,*,#6108,.T.);
#8743=ORIENTED_EDGE('',*,*,#6101,.F.);
#8744=ORIENTED_EDGE('',*,*,#6109,.T.);
#8745=ORIENTED_EDGE('',*,*,#6106,.F.);
#8746=ORIENTED_EDGE('',*,*,#6110,.T.);
#8747=ORIENTED_EDGE('',*,*,#6105,.F.);
#8748=ORIENTED_EDGE('',*,*,#6111,.T.);
#8749=ORIENTED_EDGE('',*,*,#6112,.F.);
#8750=ORIENTED_EDGE('',*,*,#6113,.T.);
#8751=ORIENTED_EDGE('',*,*,#6102,.F.);
#8752=ORIENTED_EDGE('',*,*,#6114,.T.);
#8753=ORIENTED_EDGE('',*,*,#6115,.F.);
#8754=ORIENTED_EDGE('',*,*,#6111,.F.);
#8755=ORIENTED_EDGE('',*,*,#6100,.F.);
#8756=ORIENTED_EDGE('',*,*,#6104,.F.);
#8757=ORIENTED_EDGE('',*,*,#6107,.F.);
#8758=ORIENTED_EDGE('',*,*,#6109,.F.);
#8759=ORIENTED_EDGE('',*,*,#6110,.F.);
#8760=ORIENTED_EDGE('',*,*,#6116,.T.);
#8761=ORIENTED_EDGE('',*,*,#6117,.F.);
#8762=ORIENTED_EDGE('',*,*,#6114,.F.);
#8763=ORIENTED_EDGE('',*,*,#6108,.F.);
#8764=ORIENTED_EDGE('',*,*,#6113,.F.);
#8765=ORIENTED_EDGE('',*,*,#6118,.F.);
#8766=ORIENTED_EDGE('',*,*,#6116,.F.);
#8767=ORIENTED_EDGE('',*,*,#6119,.T.);
#8768=ORIENTED_EDGE('',*,*,#6120,.T.);
#8769=ORIENTED_EDGE('',*,*,#6121,.T.);
#8770=ORIENTED_EDGE('',*,*,#6122,.T.);
#8771=ORIENTED_EDGE('',*,*,#6123,.T.);
#8772=ORIENTED_EDGE('',*,*,#6124,.T.);
#8773=ORIENTED_EDGE('',*,*,#6125,.T.);
#8774=ORIENTED_EDGE('',*,*,#6126,.F.);
#8775=ORIENTED_EDGE('',*,*,#6127,.T.);
#8776=ORIENTED_EDGE('',*,*,#6124,.F.);
#8777=ORIENTED_EDGE('',*,*,#6128,.T.);
#8778=ORIENTED_EDGE('',*,*,#6120,.F.);
#8779=ORIENTED_EDGE('',*,*,#6129,.T.);
#8780=ORIENTED_EDGE('',*,*,#6122,.F.);
#8781=ORIENTED_EDGE('',*,*,#6130,.T.);
#8782=ORIENTED_EDGE('',*,*,#6126,.T.);
#8783=ORIENTED_EDGE('',*,*,#6128,.F.);
#8784=ORIENTED_EDGE('',*,*,#6131,.F.);
#8785=ORIENTED_EDGE('',*,*,#6132,.F.);
#8786=ORIENTED_EDGE('',*,*,#6133,.T.);
#8787=ORIENTED_EDGE('',*,*,#6123,.F.);
#8788=ORIENTED_EDGE('',*,*,#6134,.F.);
#8789=ORIENTED_EDGE('',*,*,#6135,.F.);
#8790=ORIENTED_EDGE('',*,*,#6131,.T.);
#8791=ORIENTED_EDGE('',*,*,#6112,.T.);
#8792=ORIENTED_EDGE('',*,*,#6115,.T.);
#8793=ORIENTED_EDGE('',*,*,#6117,.T.);
#8794=ORIENTED_EDGE('',*,*,#6118,.T.);
#8795=ORIENTED_EDGE('',*,*,#6125,.F.);
#8796=ORIENTED_EDGE('',*,*,#6127,.F.);
#8797=ORIENTED_EDGE('',*,*,#6119,.F.);
#8798=ORIENTED_EDGE('',*,*,#6129,.F.);
#8799=ORIENTED_EDGE('',*,*,#6132,.T.);
#8800=ORIENTED_EDGE('',*,*,#6135,.T.);
#8801=ORIENTED_EDGE('',*,*,#6136,.T.);
#8802=ORIENTED_EDGE('',*,*,#6137,.T.);
#8803=ORIENTED_EDGE('',*,*,#6130,.F.);
#8804=ORIENTED_EDGE('',*,*,#6138,.F.);
#8805=ORIENTED_EDGE('',*,*,#6136,.F.);
#8806=ORIENTED_EDGE('',*,*,#6134,.T.);
#8807=ORIENTED_EDGE('',*,*,#6121,.F.);
#8808=ORIENTED_EDGE('',*,*,#6133,.F.);
#8809=ORIENTED_EDGE('',*,*,#6137,.F.);
#8810=ORIENTED_EDGE('',*,*,#6138,.T.);
#8811=ORIENTED_EDGE('',*,*,#6139,.T.);
#8812=ORIENTED_EDGE('',*,*,#6140,.T.);
#8813=ORIENTED_EDGE('',*,*,#6141,.T.);
#8814=ORIENTED_EDGE('',*,*,#6142,.T.);
#8815=ORIENTED_EDGE('',*,*,#6141,.F.);
#8816=ORIENTED_EDGE('',*,*,#6142,.F.);
#8817=ORIENTED_EDGE('',*,*,#6143,.F.);
#8818=ORIENTED_EDGE('',*,*,#6144,.T.);
#8819=ORIENTED_EDGE('',*,*,#6139,.F.);
#8820=ORIENTED_EDGE('',*,*,#6140,.F.);
#8821=ORIENTED_EDGE('',*,*,#6144,.F.);
#8822=ORIENTED_EDGE('',*,*,#6145,.T.);
#8823=ORIENTED_EDGE('',*,*,#6146,.T.);
#8824=ORIENTED_EDGE('',*,*,#6147,.T.);
#8825=ORIENTED_EDGE('',*,*,#6148,.T.);
#8826=ORIENTED_EDGE('',*,*,#6149,.T.);
#8827=ORIENTED_EDGE('',*,*,#6150,.T.);
#8828=ORIENTED_EDGE('',*,*,#6151,.T.);
#8829=ORIENTED_EDGE('',*,*,#6152,.T.);
#8830=ORIENTED_EDGE('',*,*,#6153,.T.);
#8831=ORIENTED_EDGE('',*,*,#6154,.T.);
#8832=ORIENTED_EDGE('',*,*,#6155,.T.);
#8833=ORIENTED_EDGE('',*,*,#6146,.F.);
#8834=ORIENTED_EDGE('',*,*,#6156,.T.);
#8835=ORIENTED_EDGE('',*,*,#6157,.T.);
#8836=ORIENTED_EDGE('',*,*,#6158,.T.);
#8837=ORIENTED_EDGE('',*,*,#6159,.T.);
#8838=ORIENTED_EDGE('',*,*,#6160,.T.);
#8839=ORIENTED_EDGE('',*,*,#6157,.F.);
#8840=ORIENTED_EDGE('',*,*,#6161,.T.);
#8841=ORIENTED_EDGE('',*,*,#6154,.F.);
#8842=ORIENTED_EDGE('',*,*,#6162,.T.);
#8843=ORIENTED_EDGE('',*,*,#6159,.F.);
#8844=ORIENTED_EDGE('',*,*,#6163,.T.);
#8845=ORIENTED_EDGE('',*,*,#6150,.F.);
#8846=ORIENTED_EDGE('',*,*,#6164,.T.);
#8847=ORIENTED_EDGE('',*,*,#6152,.F.);
#8848=ORIENTED_EDGE('',*,*,#6165,.T.);
#8849=ORIENTED_EDGE('',*,*,#6166,.T.);
#8850=ORIENTED_EDGE('',*,*,#6167,.T.);
#8851=ORIENTED_EDGE('',*,*,#6166,.F.);
#8852=ORIENTED_EDGE('',*,*,#6168,.T.);
#8853=ORIENTED_EDGE('',*,*,#6148,.F.);
#8854=ORIENTED_EDGE('',*,*,#6151,.F.);
#8855=ORIENTED_EDGE('',*,*,#6169,.T.);
#8856=ORIENTED_EDGE('',*,*,#6170,.F.);
#8857=ORIENTED_EDGE('',*,*,#6171,.T.);
#8858=ORIENTED_EDGE('',*,*,#6165,.F.);
#8859=ORIENTED_EDGE('',*,*,#6171,.F.);
#8860=ORIENTED_EDGE('',*,*,#6172,.F.);
#8861=ORIENTED_EDGE('',*,*,#6169,.F.);
#8862=ORIENTED_EDGE('',*,*,#6163,.F.);
#8863=ORIENTED_EDGE('',*,*,#6173,.T.);
#8864=ORIENTED_EDGE('',*,*,#6174,.T.);
#8865=ORIENTED_EDGE('',*,*,#6175,.T.);
#8866=ORIENTED_EDGE('',*,*,#6158,.F.);
#8867=ORIENTED_EDGE('',*,*,#6176,.F.);
#8868=ORIENTED_EDGE('',*,*,#6177,.F.);
#8869=ORIENTED_EDGE('',*,*,#6173,.F.);
#8870=ORIENTED_EDGE('',*,*,#6178,.T.);
#8871=ORIENTED_EDGE('',*,*,#6156,.F.);
#8872=ORIENTED_EDGE('',*,*,#6162,.F.);
#8873=ORIENTED_EDGE('',*,*,#6149,.F.);
#8874=ORIENTED_EDGE('',*,*,#6164,.F.);
#8875=ORIENTED_EDGE('',*,*,#6167,.F.);
#8876=ORIENTED_EDGE('',*,*,#6147,.F.);
#8877=ORIENTED_EDGE('',*,*,#6155,.F.);
#8878=ORIENTED_EDGE('',*,*,#6161,.F.);
#8879=ORIENTED_EDGE('',*,*,#6179,.T.);
#8880=ORIENTED_EDGE('',*,*,#6180,.T.);
#8881=ORIENTED_EDGE('',*,*,#6181,.T.);
#8882=ORIENTED_EDGE('',*,*,#6182,.T.);
#8883=ORIENTED_EDGE('',*,*,#6181,.F.);
#8884=ORIENTED_EDGE('',*,*,#6143,.T.);
#8885=ORIENTED_EDGE('',*,*,#6182,.F.);
#8886=ORIENTED_EDGE('',*,*,#6179,.F.);
#8887=ORIENTED_EDGE('',*,*,#6180,.F.);
#8888=ORIENTED_EDGE('',*,*,#6183,.T.);
#8889=ORIENTED_EDGE('',*,*,#6184,.F.);
#8890=ORIENTED_EDGE('',*,*,#6183,.F.);
#8891=ORIENTED_EDGE('',*,*,#6145,.F.);
#8892=ORIENTED_EDGE('',*,*,#6185,.T.);
#8893=ORIENTED_EDGE('',*,*,#6186,.T.);
#8894=ORIENTED_EDGE('',*,*,#6176,.T.);
#8895=ORIENTED_EDGE('',*,*,#6160,.F.);
#8896=ORIENTED_EDGE('',*,*,#6187,.F.);
#8897=ORIENTED_EDGE('',*,*,#6188,.F.);
#8898=ORIENTED_EDGE('',*,*,#6189,.F.);
#8899=ORIENTED_EDGE('',*,*,#6186,.F.);
#8900=ORIENTED_EDGE('',*,*,#6190,.T.);
#8901=ORIENTED_EDGE('',*,*,#6174,.F.);
#8902=ORIENTED_EDGE('',*,*,#6177,.T.);
#8903=ORIENTED_EDGE('',*,*,#6168,.F.);
#8904=ORIENTED_EDGE('',*,*,#6175,.F.);
#8905=ORIENTED_EDGE('',*,*,#6190,.F.);
#8906=ORIENTED_EDGE('',*,*,#6185,.F.);
#8907=ORIENTED_EDGE('',*,*,#6188,.T.);
#8908=ORIENTED_EDGE('',*,*,#6191,.T.);
#8909=ORIENTED_EDGE('',*,*,#6172,.T.);
#8910=ORIENTED_EDGE('',*,*,#6170,.T.);
#8911=ORIENTED_EDGE('',*,*,#6153,.F.);
#8912=ORIENTED_EDGE('',*,*,#6189,.T.);
#8913=ORIENTED_EDGE('',*,*,#6191,.F.);
#8914=ORIENTED_EDGE('',*,*,#6187,.T.);
#8915=ORIENTED_EDGE('',*,*,#6192,.T.);
#8916=ORIENTED_EDGE('',*,*,#6193,.F.);
#8917=ORIENTED_EDGE('',*,*,#6178,.F.);
#8918=ORIENTED_EDGE('',*,*,#6194,.T.);
#8919=ORIENTED_EDGE('',*,*,#6193,.T.);
#8920=ORIENTED_EDGE('',*,*,#6194,.F.);
#8921=ORIENTED_EDGE('',*,*,#6184,.T.);
#8922=ORIENTED_EDGE('',*,*,#6195,.F.);
#8923=ORIENTED_EDGE('',*,*,#6192,.F.);
#8924=ORIENTED_EDGE('',*,*,#6196,.T.);
#8925=ORIENTED_EDGE('',*,*,#6195,.T.);
#8926=ORIENTED_EDGE('',*,*,#6196,.F.);
#8927=PLANE('',#9921);
#8928=PLANE('',#9922);
#8929=PLANE('',#9923);
#8930=PLANE('',#9927);
#8931=PLANE('',#9931);
#8932=PLANE('',#9935);
#8933=PLANE('',#9939);
#8934=PLANE('',#9946);
#8935=PLANE('',#9950);
#8936=PLANE('',#9954);
#8937=PLANE('',#9958);
#8938=PLANE('',#9959);
#8939=PLANE('',#9966);
#8940=PLANE('',#9970);
#8941=PLANE('',#9974);
#8942=PLANE('',#9978);
#8943=PLANE('',#9983);
#8944=PLANE('',#9988);
#8945=PLANE('',#9993);
#8946=PLANE('',#10003);
#8947=PLANE('',#10007);
#8948=PLANE('',#10011);
#8949=PLANE('',#10012);
#8950=PLANE('',#10014);
#8951=PLANE('',#10015);
#8952=PLANE('',#10016);
#8953=PLANE('',#10017);
#8954=PLANE('',#10018);
#8955=PLANE('',#10019);
#8956=PLANE('',#10020);
#8957=PLANE('',#10021);
#8958=PLANE('',#10022);
#8959=PLANE('',#10023);
#8960=PLANE('',#10026);
#8961=PLANE('',#10027);
#8962=PLANE('',#10028);
#8963=PLANE('',#10029);
#8964=PLANE('',#10033);
#8965=PLANE('',#10034);
#8966=PLANE('',#10043);
#8967=PLANE('',#10046);
#8968=PLANE('',#10049);
#8969=PLANE('',#10052);
#8970=PLANE('',#10055);
#8971=PLANE('',#10058);
#8972=PLANE('',#10059);
#8973=PLANE('',#10060);
#8974=PLANE('',#10064);
#8975=PLANE('',#10065);
#8976=PLANE('',#10066);
#8977=PLANE('',#10067);
#8978=PLANE('',#10068);
#8979=PLANE('',#10069);
#8980=PLANE('',#10070);
#8981=PLANE('',#10090);
#8982=PLANE('',#10091);
#8983=PLANE('',#10092);
#8984=PLANE('',#10093);
#8985=PLANE('',#10094);
#8986=PLANE('',#10095);
#8987=PLANE('',#10096);
#8988=PLANE('',#10097);
#8989=PLANE('',#10098);
#8990=PLANE('',#10099);
#8991=PLANE('',#10100);
#8992=PLANE('',#10101);
#8993=PLANE('',#10102);
#8994=PLANE('',#10103);
#8995=PLANE('',#10104);
#8996=PLANE('',#10105);
#8997=PLANE('',#10106);
#8998=PLANE('',#10107);
#8999=PLANE('',#10108);
#9000=PLANE('',#10109);
#9001=PLANE('',#10110);
#9002=PLANE('',#10111);
#9003=PLANE('',#10112);
#9004=PLANE('',#10113);
#9005=PLANE('',#10114);
#9006=PLANE('',#10115);
#9007=PLANE('',#10116);
#9008=PLANE('',#10117);
#9009=PLANE('',#10118);
#9010=PLANE('',#10119);
#9011=PLANE('',#10120);
#9012=PLANE('',#10121);
#9013=PLANE('',#10122);
#9014=PLANE('',#10123);
#9015=PLANE('',#10124);
#9016=PLANE('',#10125);
#9017=PLANE('',#10126);
#9018=PLANE('',#10127);
#9019=PLANE('',#10128);
#9020=PLANE('',#10129);
#9021=PLANE('',#10130);
#9022=PLANE('',#10131);
#9023=PLANE('',#10132);
#9024=PLANE('',#10133);
#9025=PLANE('',#10134);
#9026=PLANE('',#10135);
#9027=PLANE('',#10136);
#9028=PLANE('',#10137);
#9029=PLANE('',#10138);
#9030=PLANE('',#10139);
#9031=PLANE('',#10140);
#9032=PLANE('',#10141);
#9033=PLANE('',#10142);
#9034=PLANE('',#10143);
#9035=PLANE('',#10144);
#9036=PLANE('',#10145);
#9037=PLANE('',#10146);
#9038=PLANE('',#10147);
#9039=PLANE('',#10148);
#9040=PLANE('',#10149);
#9041=PLANE('',#10150);
#9042=PLANE('',#10151);
#9043=PLANE('',#10152);
#9044=PLANE('',#10153);
#9045=PLANE('',#10154);
#9046=PLANE('',#10155);
#9047=PLANE('',#10156);
#9048=PLANE('',#10157);
#9049=PLANE('',#10158);
#9050=PLANE('',#10159);
#9051=PLANE('',#10160);
#9052=PLANE('',#10161);
#9053=PLANE('',#10162);
#9054=PLANE('',#10163);
#9055=PLANE('',#10164);
#9056=PLANE('',#10165);
#9057=PLANE('',#10166);
#9058=PLANE('',#10167);
#9059=PLANE('',#10168);
#9060=PLANE('',#10169);
#9061=PLANE('',#10172);
#9062=PLANE('',#10175);
#9063=PLANE('',#10178);
#9064=PLANE('',#10181);
#9065=PLANE('',#10184);
#9066=PLANE('',#10187);
#9067=PLANE('',#10188);
#9068=PLANE('',#10189);
#9069=PLANE('',#10190);
#9070=PLANE('',#10191);
#9071=PLANE('',#10192);
#9072=PLANE('',#10193);
#9073=PLANE('',#10194);
#9074=PLANE('',#10195);
#9075=PLANE('',#10196);
#9076=PLANE('',#10199);
#9077=PLANE('',#10202);
#9078=PLANE('',#10205);
#9079=PLANE('',#10208);
#9080=PLANE('',#10211);
#9081=PLANE('',#10212);
#9082=PLANE('',#10213);
#9083=PLANE('',#10214);
#9084=PLANE('',#10215);
#9085=PLANE('',#10216);
#9086=PLANE('',#10217);
#9087=PLANE('',#10218);
#9088=PLANE('',#10219);
#9089=PLANE('',#10220);
#9090=PLANE('',#10221);
#9091=PLANE('',#10222);
#9092=PLANE('',#10223);
#9093=PLANE('',#10224);
#9094=PLANE('',#10225);
#9095=PLANE('',#10226);
#9096=PLANE('',#10227);
#9097=PLANE('',#10228);
#9098=PLANE('',#10229);
#9099=PLANE('',#10230);
#9100=PLANE('',#10231);
#9101=PLANE('',#10232);
#9102=PLANE('',#10233);
#9103=PLANE('',#10234);
#9104=PLANE('',#10235);
#9105=PLANE('',#10236);
#9106=PLANE('',#10237);
#9107=PLANE('',#10238);
#9108=PLANE('',#10239);
#9109=PLANE('',#10240);
#9110=PLANE('',#10241);
#9111=PLANE('',#10242);
#9112=PLANE('',#10243);
#9113=PLANE('',#10244);
#9114=PLANE('',#10245);
#9115=PLANE('',#10246);
#9116=PLANE('',#10247);
#9117=PLANE('',#10248);
#9118=PLANE('',#10249);
#9119=PLANE('',#10250);
#9120=PLANE('',#10251);
#9121=PLANE('',#10252);
#9122=PLANE('',#10253);
#9123=PLANE('',#10254);
#9124=PLANE('',#10255);
#9125=PLANE('',#10256);
#9126=PLANE('',#10257);
#9127=PLANE('',#10258);
#9128=PLANE('',#10259);
#9129=PLANE('',#10260);
#9130=PLANE('',#10261);
#9131=PLANE('',#10262);
#9132=PLANE('',#10263);
#9133=PLANE('',#10264);
#9134=PLANE('',#10265);
#9135=PLANE('',#10266);
#9136=PLANE('',#10267);
#9137=PLANE('',#10268);
#9138=PLANE('',#10269);
#9139=PLANE('',#10270);
#9140=PLANE('',#10271);
#9141=PLANE('',#10272);
#9142=PLANE('',#10273);
#9143=PLANE('',#10274);
#9144=PLANE('',#10275);
#9145=PLANE('',#10276);
#9146=PLANE('',#10277);
#9147=PLANE('',#10278);
#9148=PLANE('',#10279);
#9149=PLANE('',#10280);
#9150=PLANE('',#10281);
#9151=PLANE('',#10282);
#9152=PLANE('',#10283);
#9153=PLANE('',#10284);
#9154=PLANE('',#10285);
#9155=PLANE('',#10286);
#9156=PLANE('',#10287);
#9157=PLANE('',#10288);
#9158=PLANE('',#10289);
#9159=PLANE('',#10290);
#9160=PLANE('',#10291);
#9161=PLANE('',#10292);
#9162=PLANE('',#10293);
#9163=PLANE('',#10294);
#9164=PLANE('',#10295);
#9165=PLANE('',#10296);
#9166=PLANE('',#10297);
#9167=PLANE('',#10298);
#9168=PLANE('',#10299);
#9169=PLANE('',#10300);
#9170=PLANE('',#10301);
#9171=PLANE('',#10302);
#9172=PLANE('',#10303);
#9173=PLANE('',#10304);
#9174=PLANE('',#10305);
#9175=PLANE('',#10306);
#9176=PLANE('',#10307);
#9177=PLANE('',#10308);
#9178=PLANE('',#10309);
#9179=PLANE('',#10310);
#9180=PLANE('',#10311);
#9181=PLANE('',#10312);
#9182=PLANE('',#10313);
#9183=PLANE('',#10314);
#9184=PLANE('',#10315);
#9185=PLANE('',#10316);
#9186=PLANE('',#10317);
#9187=PLANE('',#10318);
#9188=PLANE('',#10319);
#9189=PLANE('',#10320);
#9190=PLANE('',#10321);
#9191=PLANE('',#10322);
#9192=PLANE('',#10323);
#9193=PLANE('',#10324);
#9194=PLANE('',#10327);
#9195=PLANE('',#10328);
#9196=PLANE('',#10329);
#9197=PLANE('',#10330);
#9198=PLANE('',#10331);
#9199=PLANE('',#10332);
#9200=PLANE('',#10333);
#9201=PLANE('',#10334);
#9202=PLANE('',#10335);
#9203=PLANE('',#10336);
#9204=PLANE('',#10337);
#9205=PLANE('',#10338);
#9206=PLANE('',#10339);
#9207=PLANE('',#10340);
#9208=PLANE('',#10341);
#9209=PLANE('',#10342);
#9210=PLANE('',#10343);
#9211=PLANE('',#10344);
#9212=PLANE('',#10345);
#9213=PLANE('',#10346);
#9214=PLANE('',#10347);
#9215=PLANE('',#10348);
#9216=PLANE('',#10349);
#9217=PLANE('',#10350);
#9218=PLANE('',#10351);
#9219=PLANE('',#10352);
#9220=PLANE('',#10353);
#9221=PLANE('',#10354);
#9222=PLANE('',#10355);
#9223=PLANE('',#10356);
#9224=PLANE('',#10357);
#9225=PLANE('',#10358);
#9226=PLANE('',#10359);
#9227=PLANE('',#10360);
#9228=PLANE('',#10361);
#9229=PLANE('',#10362);
#9230=PLANE('',#10363);
#9231=PLANE('',#10368);
#9232=PLANE('',#10369);
#9233=PLANE('',#10370);
#9234=PLANE('',#10371);
#9235=PLANE('',#10372);
#9236=PLANE('',#10373);
#9237=PLANE('',#10374);
#9238=PLANE('',#10375);
#9239=PLANE('',#10376);
#9240=PLANE('',#10377);
#9241=PLANE('',#10378);
#9242=PLANE('',#10379);
#9243=PLANE('',#10382);
#9244=PLANE('',#10383);
#9245=PLANE('',#10384);
#9246=PLANE('',#10385);
#9247=PLANE('',#10388);
#9248=PLANE('',#10391);
#9249=PLANE('',#10392);
#9250=PLANE('',#10395);
#9251=PLANE('',#10398);
#9252=PLANE('',#10399);
#9253=PLANE('',#10400);
#9254=PLANE('',#10401);
#9255=PLANE('',#10402);
#9256=PLANE('',#10403);
#9257=PLANE('',#10404);
#9258=PLANE('',#10405);
#9259=PLANE('',#10406);
#9260=PLANE('',#10411);
#9261=PLANE('',#10412);
#9262=PLANE('',#10416);
#9263=PLANE('',#10420);
#9264=PLANE('',#10424);
#9265=PLANE('',#10428);
#9266=PLANE('',#10429);
#9267=PLANE('',#10431);
#9268=PLANE('',#10433);
#9269=PLANE('',#10447);
#9270=PLANE('',#10450);
#9271=PLANE('',#10453);
#9272=PLANE('',#10456);
#9273=PLANE('',#10459);
#9274=PLANE('',#10462);
#9275=PLANE('',#10465);
#9276=PLANE('',#10468);
#9277=PLANE('',#10473);
#9278=PLANE('',#10476);
#9279=PLANE('',#10479);
#9280=PLANE('',#10482);
#9281=PLANE('',#10483);
#9282=PLANE('',#10484);
#9283=PLANE('',#10485);
#9284=PLANE('',#10486);
#9285=PLANE('',#10487);
#9286=PLANE('',#10489);
#9287=PLANE('',#10491);
#9288=PLANE('',#10494);
#9289=PLANE('',#10511);
#9290=PLANE('',#10515);
#9291=PLANE('',#10516);
#9292=PLANE('',#10519);
#9293=PLANE('',#10522);
#9294=PLANE('',#10525);
#9295=PLANE('',#10530);
#9296=PLANE('',#10539);
#9297=PLANE('',#10540);
#9298=PLANE('',#10543);
#9299=PLANE('',#10546);
#9300=PLANE('',#10549);
#9301=PLANE('',#10554);
#9302=PLANE('',#10560);
#9303=PLANE('',#10563);
#9304=PLANE('',#10566);
#9305=PLANE('',#10567);
#9306=PLANE('',#10570);
#9307=PLANE('',#10573);
#9308=PLANE('',#10576);
#9309=PLANE('',#10579);
#9310=PLANE('',#10582);
#9311=PLANE('',#10585);
#9312=PLANE('',#10588);
#9313=PLANE('',#10591);
#9314=PLANE('',#10592);
#9315=PLANE('',#10593);
#9316=PLANE('',#10594);
#9317=PLANE('',#10597);
#9318=PLANE('',#10600);
#9319=PLANE('',#10603);
#9320=PLANE('',#10606);
#9321=PLANE('',#10609);
#9322=PLANE('',#10612);
#9323=PLANE('',#10616);
#9324=PLANE('',#10620);
#9325=PLANE('',#10621);
#9326=PLANE('',#10624);
#9327=PLANE('',#10625);
#9328=PLANE('',#10628);
#9329=PLANE('',#10629);
#9330=PLANE('',#10630);
#9331=PLANE('',#10631);
#9332=PLANE('',#10632);
#9333=PLANE('',#10633);
#9334=PLANE('',#10634);
#9335=PLANE('',#10635);
#9336=PLANE('',#10636);
#9337=PLANE('',#10637);
#9338=PLANE('',#10642);
#9339=PLANE('',#10645);
#9340=PLANE('',#10652);
#9341=PLANE('',#10653);
#9342=PLANE('',#10654);
#9343=PLANE('',#10655);
#9344=PLANE('',#10656);
#9345=PLANE('',#10659);
#9346=PLANE('',#10661);
#9347=PLANE('',#10662);
#9348=PLANE('',#10668);
#9349=PLANE('',#10671);
#9350=PLANE('',#10674);
#9351=PLANE('',#10675);
#9352=PLANE('',#10677);
#9353=PLANE('',#10679);
#9354=PLANE('',#10683);
#9355=ADVANCED_FACE('',(#472),#8927,.T.);
#9356=ADVANCED_FACE('',(#473),#8928,.F.);
#9357=ADVANCED_FACE('',(#474),#8929,.F.);
#9358=ADVANCED_FACE('',(#475),#379,.F.);
#9359=ADVANCED_FACE('',(#476),#8930,.F.);
#9360=ADVANCED_FACE('',(#477),#380,.F.);
#9361=ADVANCED_FACE('',(#478),#8931,.F.);
#9362=ADVANCED_FACE('',(#479),#381,.F.);
#9363=ADVANCED_FACE('',(#480),#8932,.F.);
#9364=ADVANCED_FACE('',(#481),#382,.F.);
#9365=ADVANCED_FACE('',(#482),#8933,.F.);
#9366=ADVANCED_FACE('',(#483),#383,.F.);
#9367=ADVANCED_FACE('',(#484),#384,.F.);
#9368=ADVANCED_FACE('',(#485),#8934,.F.);
#9369=ADVANCED_FACE('',(#486),#385,.F.);
#9370=ADVANCED_FACE('',(#487),#8935,.F.);
#9371=ADVANCED_FACE('',(#488),#386,.F.);
#9372=ADVANCED_FACE('',(#489),#8936,.F.);
#9373=ADVANCED_FACE('',(#490),#387,.T.);
#9374=ADVANCED_FACE('',(#491),#8937,.F.);
#9375=ADVANCED_FACE('',(#492),#8938,.F.);
#9376=ADVANCED_FACE('',(#493),#135,.T.);
#9377=ADVANCED_FACE('',(#494),#136,.T.);
#9378=ADVANCED_FACE('',(#495),#8939,.F.);
#9379=ADVANCED_FACE('',(#496),#137,.T.);
#9380=ADVANCED_FACE('',(#497),#8940,.F.);
#9381=ADVANCED_FACE('',(#498),#138,.T.);
#9382=ADVANCED_FACE('',(#499),#8941,.F.);
#9383=ADVANCED_FACE('',(#500),#388,.F.);
#9384=ADVANCED_FACE('',(#501,#29),#8942,.T.);
#9385=ADVANCED_FACE('',(#502),#389,.F.);
#9386=ADVANCED_FACE('',(#503,#30),#8943,.T.);
#9387=ADVANCED_FACE('',(#504),#390,.F.);
#9388=ADVANCED_FACE('',(#505,#31),#8944,.T.);
#9389=ADVANCED_FACE('',(#506),#391,.F.);
#9390=ADVANCED_FACE('',(#507,#32),#8945,.T.);
#9391=ADVANCED_FACE('',(#508),#392,.F.);
#9392=ADVANCED_FACE('',(#509),#393,.F.);
#9393=ADVANCED_FACE('',(#510),#394,.F.);
#9394=ADVANCED_FACE('',(#511),#395,.F.);
#9395=ADVANCED_FACE('',(#512),#8946,.F.);
#9396=ADVANCED_FACE('',(#513),#396,.F.);
#9397=ADVANCED_FACE('',(#514),#8947,.F.);
#9398=ADVANCED_FACE('',(#515),#397,.F.);
#9399=ADVANCED_FACE('',(#516),#8948,.F.);
#9400=ADVANCED_FACE('',(#517,#33),#8949,.F.);
#9401=ADVANCED_FACE('',(#518),#8950,.F.);
#9402=ADVANCED_FACE('',(#519),#8951,.F.);
#9403=ADVANCED_FACE('',(#520),#8952,.F.);
#9404=ADVANCED_FACE('',(#521),#8953,.F.);
#9405=ADVANCED_FACE('',(#522),#8954,.F.);
#9406=ADVANCED_FACE('',(#523),#8955,.F.);
#9407=ADVANCED_FACE('',(#524),#8956,.F.);
#9408=ADVANCED_FACE('',(#525),#8957,.F.);
#9409=ADVANCED_FACE('',(#526),#8958,.F.);
#9410=ADVANCED_FACE('',(#527),#8959,.F.);
#9411=ADVANCED_FACE('',(#528),#398,.T.);
#9412=ADVANCED_FACE('',(#529),#8960,.F.);
#9413=ADVANCED_FACE('',(#530),#8961,.F.);
#9414=ADVANCED_FACE('',(#531,#34,#35,#36,#37,#38),#8962,.T.);
#9415=ADVANCED_FACE('',(#532,#39,#40,#41,#42),#8963,.F.);
#9416=ADVANCED_FACE('',(#533),#399,.T.);
#9417=ADVANCED_FACE('',(#534),#8964,.T.);
#9418=ADVANCED_FACE('',(#535,#43),#8965,.F.);
#9419=ADVANCED_FACE('',(#536),#400,.F.);
#9420=ADVANCED_FACE('',(#537),#8966,.T.);
#9421=ADVANCED_FACE('',(#538),#401,.T.);
#9422=ADVANCED_FACE('',(#539),#8967,.T.);
#9423=ADVANCED_FACE('',(#540),#402,.F.);
#9424=ADVANCED_FACE('',(#541),#8968,.T.);
#9425=ADVANCED_FACE('',(#542),#403,.T.);
#9426=ADVANCED_FACE('',(#543),#8969,.T.);
#9427=ADVANCED_FACE('',(#544),#404,.T.);
#9428=ADVANCED_FACE('',(#545),#8970,.T.);
#9429=ADVANCED_FACE('',(#546),#405,.T.);
#9430=ADVANCED_FACE('',(#547),#8971,.T.);
#9431=ADVANCED_FACE('',(#548),#8972,.T.);
#9432=ADVANCED_FACE('',(#549,#44),#8973,.T.);
#9433=ADVANCED_FACE('',(#550),#406,.F.);
#9434=ADVANCED_FACE('',(#551),#8974,.T.);
#9435=ADVANCED_FACE('',(#552),#8975,.T.);
#9436=ADVANCED_FACE('',(#553),#8976,.T.);
#9437=ADVANCED_FACE('',(#554),#8977,.T.);
#9438=ADVANCED_FACE('',(#555),#8978,.F.);
#9439=ADVANCED_FACE('',(#556),#8979,.F.);
#9440=ADVANCED_FACE('',(#557,#45,#46,#47,#48,#49,#50,#51,#52,#53,#54,#55,
#56,#57,#58,#59,#60,#61,#62,#63,#64),#8980,.F.);
#9441=ADVANCED_FACE('',(#558),#8981,.T.);
#9442=ADVANCED_FACE('',(#559),#8982,.T.);
#9443=ADVANCED_FACE('',(#560),#8983,.T.);
#9444=ADVANCED_FACE('',(#561),#8984,.T.);
#9445=ADVANCED_FACE('',(#562),#8985,.F.);
#9446=ADVANCED_FACE('',(#563),#8986,.F.);
#9447=ADVANCED_FACE('',(#564),#8987,.T.);
#9448=ADVANCED_FACE('',(#565),#8988,.T.);
#9449=ADVANCED_FACE('',(#566),#8989,.T.);
#9450=ADVANCED_FACE('',(#567),#8990,.T.);
#9451=ADVANCED_FACE('',(#568),#8991,.F.);
#9452=ADVANCED_FACE('',(#569),#8992,.F.);
#9453=ADVANCED_FACE('',(#570),#8993,.T.);
#9454=ADVANCED_FACE('',(#571),#8994,.T.);
#9455=ADVANCED_FACE('',(#572),#8995,.T.);
#9456=ADVANCED_FACE('',(#573),#8996,.T.);
#9457=ADVANCED_FACE('',(#574),#8997,.F.);
#9458=ADVANCED_FACE('',(#575),#8998,.F.);
#9459=ADVANCED_FACE('',(#576),#8999,.T.);
#9460=ADVANCED_FACE('',(#577),#9000,.T.);
#9461=ADVANCED_FACE('',(#578),#9001,.T.);
#9462=ADVANCED_FACE('',(#579),#9002,.T.);
#9463=ADVANCED_FACE('',(#580),#9003,.F.);
#9464=ADVANCED_FACE('',(#581),#9004,.F.);
#9465=ADVANCED_FACE('',(#582),#9005,.T.);
#9466=ADVANCED_FACE('',(#583),#9006,.T.);
#9467=ADVANCED_FACE('',(#584),#9007,.T.);
#9468=ADVANCED_FACE('',(#585),#9008,.T.);
#9469=ADVANCED_FACE('',(#586),#9009,.F.);
#9470=ADVANCED_FACE('',(#587),#9010,.F.);
#9471=ADVANCED_FACE('',(#588),#9011,.T.);
#9472=ADVANCED_FACE('',(#589),#9012,.T.);
#9473=ADVANCED_FACE('',(#590),#9013,.T.);
#9474=ADVANCED_FACE('',(#591),#9014,.T.);
#9475=ADVANCED_FACE('',(#592),#9015,.F.);
#9476=ADVANCED_FACE('',(#593),#9016,.F.);
#9477=ADVANCED_FACE('',(#594),#9017,.T.);
#9478=ADVANCED_FACE('',(#595),#9018,.T.);
#9479=ADVANCED_FACE('',(#596),#9019,.T.);
#9480=ADVANCED_FACE('',(#597),#9020,.T.);
#9481=ADVANCED_FACE('',(#598),#9021,.F.);
#9482=ADVANCED_FACE('',(#599),#9022,.F.);
#9483=ADVANCED_FACE('',(#600),#9023,.T.);
#9484=ADVANCED_FACE('',(#601),#9024,.T.);
#9485=ADVANCED_FACE('',(#602),#9025,.T.);
#9486=ADVANCED_FACE('',(#603),#9026,.T.);
#9487=ADVANCED_FACE('',(#604),#9027,.F.);
#9488=ADVANCED_FACE('',(#605),#9028,.F.);
#9489=ADVANCED_FACE('',(#606),#9029,.T.);
#9490=ADVANCED_FACE('',(#607),#9030,.T.);
#9491=ADVANCED_FACE('',(#608),#9031,.T.);
#9492=ADVANCED_FACE('',(#609),#9032,.T.);
#9493=ADVANCED_FACE('',(#610),#9033,.F.);
#9494=ADVANCED_FACE('',(#611),#9034,.F.);
#9495=ADVANCED_FACE('',(#612),#9035,.T.);
#9496=ADVANCED_FACE('',(#613),#9036,.T.);
#9497=ADVANCED_FACE('',(#614),#9037,.T.);
#9498=ADVANCED_FACE('',(#615),#9038,.T.);
#9499=ADVANCED_FACE('',(#616),#9039,.F.);
#9500=ADVANCED_FACE('',(#617),#9040,.F.);
#9501=ADVANCED_FACE('',(#618),#9041,.T.);
#9502=ADVANCED_FACE('',(#619),#9042,.T.);
#9503=ADVANCED_FACE('',(#620),#9043,.T.);
#9504=ADVANCED_FACE('',(#621),#9044,.T.);
#9505=ADVANCED_FACE('',(#622),#9045,.F.);
#9506=ADVANCED_FACE('',(#623),#9046,.F.);
#9507=ADVANCED_FACE('',(#624),#9047,.T.);
#9508=ADVANCED_FACE('',(#625),#9048,.T.);
#9509=ADVANCED_FACE('',(#626),#9049,.T.);
#9510=ADVANCED_FACE('',(#627),#9050,.T.);
#9511=ADVANCED_FACE('',(#628),#9051,.F.);
#9512=ADVANCED_FACE('',(#629),#9052,.F.);
#9513=ADVANCED_FACE('',(#630),#9053,.F.);
#9514=ADVANCED_FACE('',(#631),#9054,.F.);
#9515=ADVANCED_FACE('',(#632),#9055,.F.);
#9516=ADVANCED_FACE('',(#633),#9056,.F.);
#9517=ADVANCED_FACE('',(#634),#9057,.T.);
#9518=ADVANCED_FACE('',(#635,#65),#9058,.T.);
#9519=ADVANCED_FACE('',(#636),#9059,.T.);
#9520=ADVANCED_FACE('',(#637),#9060,.T.);
#9521=ADVANCED_FACE('',(#638),#407,.T.);
#9522=ADVANCED_FACE('',(#639),#9061,.T.);
#9523=ADVANCED_FACE('',(#640),#408,.T.);
#9524=ADVANCED_FACE('',(#641),#9062,.T.);
#9525=ADVANCED_FACE('',(#642),#409,.T.);
#9526=ADVANCED_FACE('',(#643),#9063,.T.);
#9527=ADVANCED_FACE('',(#644),#410,.T.);
#9528=ADVANCED_FACE('',(#645),#9064,.T.);
#9529=ADVANCED_FACE('',(#646),#411,.T.);
#9530=ADVANCED_FACE('',(#647),#9065,.T.);
#9531=ADVANCED_FACE('',(#648),#412,.T.);
#9532=ADVANCED_FACE('',(#649),#9066,.T.);
#9533=ADVANCED_FACE('',(#650),#9067,.T.);
#9534=ADVANCED_FACE('',(#651),#9068,.T.);
#9535=ADVANCED_FACE('',(#652),#9069,.T.);
#9536=ADVANCED_FACE('',(#653),#9070,.T.);
#9537=ADVANCED_FACE('',(#654),#9071,.T.);
#9538=ADVANCED_FACE('',(#655),#9072,.T.);
#9539=ADVANCED_FACE('',(#656),#9073,.T.);
#9540=ADVANCED_FACE('',(#657),#9074,.F.);
#9541=ADVANCED_FACE('',(#658),#9075,.T.);
#9542=ADVANCED_FACE('',(#659),#413,.F.);
#9543=ADVANCED_FACE('',(#660),#9076,.T.);
#9544=ADVANCED_FACE('',(#661),#414,.F.);
#9545=ADVANCED_FACE('',(#662),#9077,.T.);
#9546=ADVANCED_FACE('',(#663),#415,.F.);
#9547=ADVANCED_FACE('',(#664),#9078,.T.);
#9548=ADVANCED_FACE('',(#665),#416,.F.);
#9549=ADVANCED_FACE('',(#666),#9079,.T.);
#9550=ADVANCED_FACE('',(#667),#417,.T.);
#9551=ADVANCED_FACE('',(#668),#9080,.T.);
#9552=ADVANCED_FACE('',(#669),#9081,.F.);
#9553=ADVANCED_FACE('',(#670),#9082,.T.);
#9554=ADVANCED_FACE('',(#671),#9083,.F.);
#9555=ADVANCED_FACE('',(#672),#9084,.F.);
#9556=ADVANCED_FACE('',(#673),#9085,.F.);
#9557=ADVANCED_FACE('',(#674),#9086,.F.);
#9558=ADVANCED_FACE('',(#675,#66),#9087,.F.);
#9559=ADVANCED_FACE('',(#676),#9088,.F.);
#9560=ADVANCED_FACE('',(#677),#9089,.F.);
#9561=ADVANCED_FACE('',(#678),#9090,.F.);
#9562=ADVANCED_FACE('',(#679),#9091,.F.);
#9563=ADVANCED_FACE('',(#680),#9092,.F.);
#9564=ADVANCED_FACE('',(#681),#9093,.F.);
#9565=ADVANCED_FACE('',(#682),#9094,.F.);
#9566=ADVANCED_FACE('',(#683),#9095,.F.);
#9567=ADVANCED_FACE('',(#684),#9096,.F.);
#9568=ADVANCED_FACE('',(#685),#9097,.F.);
#9569=ADVANCED_FACE('',(#686),#9098,.F.);
#9570=ADVANCED_FACE('',(#687),#9099,.F.);
#9571=ADVANCED_FACE('',(#688),#9100,.F.);
#9572=ADVANCED_FACE('',(#689),#9101,.F.);
#9573=ADVANCED_FACE('',(#690),#9102,.F.);
#9574=ADVANCED_FACE('',(#691),#9103,.F.);
#9575=ADVANCED_FACE('',(#692),#9104,.F.);
#9576=ADVANCED_FACE('',(#693),#9105,.F.);
#9577=ADVANCED_FACE('',(#694),#9106,.F.);
#9578=ADVANCED_FACE('',(#695),#9107,.F.);
#9579=ADVANCED_FACE('',(#696),#9108,.F.);
#9580=ADVANCED_FACE('',(#697),#9109,.F.);
#9581=ADVANCED_FACE('',(#698),#9110,.F.);
#9582=ADVANCED_FACE('',(#699,#67),#9111,.F.);
#9583=ADVANCED_FACE('',(#700),#9112,.F.);
#9584=ADVANCED_FACE('',(#701),#9113,.F.);
#9585=ADVANCED_FACE('',(#702),#9114,.F.);
#9586=ADVANCED_FACE('',(#703),#9115,.F.);
#9587=ADVANCED_FACE('',(#704,#68),#9116,.F.);
#9588=ADVANCED_FACE('',(#705),#9117,.F.);
#9589=ADVANCED_FACE('',(#706),#9118,.F.);
#9590=ADVANCED_FACE('',(#707),#9119,.F.);
#9591=ADVANCED_FACE('',(#708),#9120,.F.);
#9592=ADVANCED_FACE('',(#709,#69),#9121,.F.);
#9593=ADVANCED_FACE('',(#710),#9122,.F.);
#9594=ADVANCED_FACE('',(#711),#9123,.F.);
#9595=ADVANCED_FACE('',(#712),#9124,.F.);
#9596=ADVANCED_FACE('',(#713),#9125,.F.);
#9597=ADVANCED_FACE('',(#714,#70),#9126,.F.);
#9598=ADVANCED_FACE('',(#715),#9127,.F.);
#9599=ADVANCED_FACE('',(#716),#9128,.F.);
#9600=ADVANCED_FACE('',(#717),#9129,.F.);
#9601=ADVANCED_FACE('',(#718),#9130,.F.);
#9602=ADVANCED_FACE('',(#719,#71),#9131,.F.);
#9603=ADVANCED_FACE('',(#720),#9132,.F.);
#9604=ADVANCED_FACE('',(#721),#9133,.F.);
#9605=ADVANCED_FACE('',(#722),#9134,.F.);
#9606=ADVANCED_FACE('',(#723),#9135,.F.);
#9607=ADVANCED_FACE('',(#724,#72),#9136,.F.);
#9608=ADVANCED_FACE('',(#725),#9137,.F.);
#9609=ADVANCED_FACE('',(#726),#9138,.F.);
#9610=ADVANCED_FACE('',(#727),#9139,.F.);
#9611=ADVANCED_FACE('',(#728),#9140,.F.);
#9612=ADVANCED_FACE('',(#729,#73),#9141,.F.);
#9613=ADVANCED_FACE('',(#730),#9142,.F.);
#9614=ADVANCED_FACE('',(#731),#9143,.F.);
#9615=ADVANCED_FACE('',(#732),#9144,.F.);
#9616=ADVANCED_FACE('',(#733),#9145,.F.);
#9617=ADVANCED_FACE('',(#734,#74),#9146,.F.);
#9618=ADVANCED_FACE('',(#735),#9147,.F.);
#9619=ADVANCED_FACE('',(#736),#9148,.F.);
#9620=ADVANCED_FACE('',(#737),#9149,.F.);
#9621=ADVANCED_FACE('',(#738),#9150,.F.);
#9622=ADVANCED_FACE('',(#739,#75),#9151,.F.);
#9623=ADVANCED_FACE('',(#740),#9152,.F.);
#9624=ADVANCED_FACE('',(#741),#9153,.F.);
#9625=ADVANCED_FACE('',(#742),#9154,.F.);
#9626=ADVANCED_FACE('',(#743),#9155,.F.);
#9627=ADVANCED_FACE('',(#744,#76),#9156,.F.);
#9628=ADVANCED_FACE('',(#745),#9157,.F.);
#9629=ADVANCED_FACE('',(#746),#9158,.F.);
#9630=ADVANCED_FACE('',(#747),#9159,.F.);
#9631=ADVANCED_FACE('',(#748),#9160,.F.);
#9632=ADVANCED_FACE('',(#749,#77),#9161,.F.);
#9633=ADVANCED_FACE('',(#750),#9162,.F.);
#9634=ADVANCED_FACE('',(#751),#9163,.F.);
#9635=ADVANCED_FACE('',(#752),#9164,.F.);
#9636=ADVANCED_FACE('',(#753),#9165,.F.);
#9637=ADVANCED_FACE('',(#754),#9166,.F.);
#9638=ADVANCED_FACE('',(#755),#9167,.F.);
#9639=ADVANCED_FACE('',(#756),#9168,.F.);
#9640=ADVANCED_FACE('',(#757),#9169,.F.);
#9641=ADVANCED_FACE('',(#758),#9170,.F.);
#9642=ADVANCED_FACE('',(#759),#9171,.F.);
#9643=ADVANCED_FACE('',(#760,#78),#9172,.F.);
#9644=ADVANCED_FACE('',(#761),#9173,.F.);
#9645=ADVANCED_FACE('',(#762),#9174,.F.);
#9646=ADVANCED_FACE('',(#763),#9175,.F.);
#9647=ADVANCED_FACE('',(#764),#9176,.F.);
#9648=ADVANCED_FACE('',(#765),#9177,.F.);
#9649=ADVANCED_FACE('',(#766),#9178,.F.);
#9650=ADVANCED_FACE('',(#767),#9179,.F.);
#9651=ADVANCED_FACE('',(#768),#9180,.F.);
#9652=ADVANCED_FACE('',(#769),#9181,.F.);
#9653=ADVANCED_FACE('',(#770),#9182,.F.);
#9654=ADVANCED_FACE('',(#771),#9183,.F.);
#9655=ADVANCED_FACE('',(#772),#9184,.F.);
#9656=ADVANCED_FACE('',(#773),#9185,.F.);
#9657=ADVANCED_FACE('',(#774),#9186,.T.);
#9658=ADVANCED_FACE('',(#775),#9187,.T.);
#9659=ADVANCED_FACE('',(#776),#9188,.T.);
#9660=ADVANCED_FACE('',(#777),#9189,.T.);
#9661=ADVANCED_FACE('',(#778),#9190,.T.);
#9662=ADVANCED_FACE('',(#779),#9191,.T.);
#9663=ADVANCED_FACE('',(#780),#9192,.T.);
#9664=ADVANCED_FACE('',(#781),#9193,.T.);
#9665=ADVANCED_FACE('',(#782),#418,.F.);
#9666=ADVANCED_FACE('',(#783),#9194,.T.);
#9667=ADVANCED_FACE('',(#784),#9195,.T.);
#9668=ADVANCED_FACE('',(#785),#9196,.T.);
#9669=ADVANCED_FACE('',(#786),#9197,.T.);
#9670=ADVANCED_FACE('',(#787),#9198,.T.);
#9671=ADVANCED_FACE('',(#788),#9199,.T.);
#9672=ADVANCED_FACE('',(#789),#9200,.T.);
#9673=ADVANCED_FACE('',(#790),#9201,.T.);
#9674=ADVANCED_FACE('',(#791),#9202,.T.);
#9675=ADVANCED_FACE('',(#792),#9203,.T.);
#9676=ADVANCED_FACE('',(#793),#9204,.T.);
#9677=ADVANCED_FACE('',(#794),#9205,.T.);
#9678=ADVANCED_FACE('',(#795),#9206,.T.);
#9679=ADVANCED_FACE('',(#796),#9207,.T.);
#9680=ADVANCED_FACE('',(#797),#9208,.T.);
#9681=ADVANCED_FACE('',(#798),#9209,.T.);
#9682=ADVANCED_FACE('',(#799),#9210,.T.);
#9683=ADVANCED_FACE('',(#800),#9211,.T.);
#9684=ADVANCED_FACE('',(#801),#9212,.T.);
#9685=ADVANCED_FACE('',(#802),#9213,.T.);
#9686=ADVANCED_FACE('',(#803),#9214,.T.);
#9687=ADVANCED_FACE('',(#804),#9215,.T.);
#9688=ADVANCED_FACE('',(#805),#9216,.T.);
#9689=ADVANCED_FACE('',(#806),#9217,.T.);
#9690=ADVANCED_FACE('',(#807),#9218,.T.);
#9691=ADVANCED_FACE('',(#808),#9219,.T.);
#9692=ADVANCED_FACE('',(#809),#9220,.T.);
#9693=ADVANCED_FACE('',(#810),#9221,.T.);
#9694=ADVANCED_FACE('',(#811),#9222,.T.);
#9695=ADVANCED_FACE('',(#812),#9223,.T.);
#9696=ADVANCED_FACE('',(#813),#9224,.T.);
#9697=ADVANCED_FACE('',(#814),#9225,.T.);
#9698=ADVANCED_FACE('',(#815),#9226,.T.);
#9699=ADVANCED_FACE('',(#816),#9227,.T.);
#9700=ADVANCED_FACE('',(#817),#9228,.T.);
#9701=ADVANCED_FACE('',(#818),#9229,.T.);
#9702=ADVANCED_FACE('',(#819),#9230,.T.);
#9703=ADVANCED_FACE('',(#820),#419,.F.);
#9704=ADVANCED_FACE('',(#821),#420,.F.);
#9705=ADVANCED_FACE('',(#822),#9231,.T.);
#9706=ADVANCED_FACE('',(#823),#9232,.T.);
#9707=ADVANCED_FACE('',(#824),#9233,.T.);
#9708=ADVANCED_FACE('',(#825),#9234,.T.);
#9709=ADVANCED_FACE('',(#826),#9235,.T.);
#9710=ADVANCED_FACE('',(#827),#9236,.T.);
#9711=ADVANCED_FACE('',(#828),#9237,.T.);
#9712=ADVANCED_FACE('',(#829),#9238,.T.);
#9713=ADVANCED_FACE('',(#830),#9239,.T.);
#9714=ADVANCED_FACE('',(#831),#9240,.T.);
#9715=ADVANCED_FACE('',(#832),#9241,.T.);
#9716=ADVANCED_FACE('',(#833),#9242,.T.);
#9717=ADVANCED_FACE('',(#834),#421,.F.);
#9718=ADVANCED_FACE('',(#835),#9243,.T.);
#9719=ADVANCED_FACE('',(#836),#9244,.T.);
#9720=ADVANCED_FACE('',(#837),#9245,.T.);
#9721=ADVANCED_FACE('',(#838),#9246,.T.);
#9722=ADVANCED_FACE('',(#839),#422,.F.);
#9723=ADVANCED_FACE('',(#840),#9247,.T.);
#9724=ADVANCED_FACE('',(#841),#423,.T.);
#9725=ADVANCED_FACE('',(#842),#9248,.T.);
#9726=ADVANCED_FACE('',(#843),#9249,.T.);
#9727=ADVANCED_FACE('',(#844),#424,.T.);
#9728=ADVANCED_FACE('',(#845),#9250,.T.);
#9729=ADVANCED_FACE('',(#846),#425,.T.);
#9730=ADVANCED_FACE('',(#847),#9251,.T.);
#9731=ADVANCED_FACE('',(#848),#9252,.T.);
#9732=ADVANCED_FACE('',(#849),#9253,.T.);
#9733=ADVANCED_FACE('',(#850),#9254,.T.);
#9734=ADVANCED_FACE('',(#851),#9255,.T.);
#9735=ADVANCED_FACE('',(#852,#79,#80,#81,#82,#83,#84,#85,#86,#87,#88,#89,
#90,#91,#92,#93,#94,#95,#96,#97,#98,#99,#100,#101,#102,#103,#104,#105,#106,
#107,#108,#109),#9256,.F.);
#9736=ADVANCED_FACE('',(#853),#9257,.T.);
#9737=ADVANCED_FACE('',(#854),#9258,.T.);
#9738=ADVANCED_FACE('',(#855,#110),#9259,.F.);
#9739=ADVANCED_FACE('',(#856),#9260,.T.);
#9740=ADVANCED_FACE('',(#857),#9261,.T.);
#9741=ADVANCED_FACE('',(#858),#139,.F.);
#9742=ADVANCED_FACE('',(#859),#9262,.T.);
#9743=ADVANCED_FACE('',(#860),#140,.F.);
#9744=ADVANCED_FACE('',(#861),#9263,.T.);
#9745=ADVANCED_FACE('',(#862),#141,.F.);
#9746=ADVANCED_FACE('',(#863),#9264,.T.);
#9747=ADVANCED_FACE('',(#864),#142,.F.);
#9748=ADVANCED_FACE('',(#865),#9265,.T.);
#9749=ADVANCED_FACE('',(#866),#9266,.T.);
#9750=ADVANCED_FACE('',(#867),#426,.F.);
#9751=ADVANCED_FACE('',(#868),#9267,.T.);
#9752=ADVANCED_FACE('',(#869),#427,.F.);
#9753=ADVANCED_FACE('',(#870,#111,#112,#113),#9268,.T.);
#9754=ADVANCED_FACE('',(#871),#9269,.T.);
#9755=ADVANCED_FACE('',(#872),#143,.F.);
#9756=ADVANCED_FACE('',(#873),#9270,.T.);
#9757=ADVANCED_FACE('',(#874),#144,.F.);
#9758=ADVANCED_FACE('',(#875),#9271,.T.);
#9759=ADVANCED_FACE('',(#876),#145,.F.);
#9760=ADVANCED_FACE('',(#877),#9272,.T.);
#9761=ADVANCED_FACE('',(#878),#146,.F.);
#9762=ADVANCED_FACE('',(#879),#9273,.T.);
#9763=ADVANCED_FACE('',(#880),#147,.F.);
#9764=ADVANCED_FACE('',(#881),#9274,.T.);
#9765=ADVANCED_FACE('',(#882),#148,.T.);
#9766=ADVANCED_FACE('',(#883),#9275,.T.);
#9767=ADVANCED_FACE('',(#884),#149,.F.);
#9768=ADVANCED_FACE('',(#885),#9276,.T.);
#9769=ADVANCED_FACE('',(#886),#150,.F.);
#9770=ADVANCED_FACE('',(#887),#428,.F.);
#9771=ADVANCED_FACE('',(#888),#9277,.T.);
#9772=ADVANCED_FACE('',(#889),#429,.F.);
#9773=ADVANCED_FACE('',(#890),#9278,.T.);
#9774=ADVANCED_FACE('',(#891),#430,.F.);
#9775=ADVANCED_FACE('',(#892),#9279,.T.);
#9776=ADVANCED_FACE('',(#893),#431,.F.);
#9777=ADVANCED_FACE('',(#894),#9280,.T.);
#9778=ADVANCED_FACE('',(#895),#9281,.T.);
#9779=ADVANCED_FACE('',(#896),#9282,.T.);
#9780=ADVANCED_FACE('',(#897),#9283,.T.);
#9781=ADVANCED_FACE('',(#898),#9284,.T.);
#9782=ADVANCED_FACE('',(#899),#9285,.T.);
#9783=ADVANCED_FACE('',(#900),#432,.F.);
#9784=ADVANCED_FACE('',(#901),#9286,.T.);
#9785=ADVANCED_FACE('',(#902),#433,.F.);
#9786=ADVANCED_FACE('',(#903),#9287,.T.);
#9787=ADVANCED_FACE('',(#904),#434,.T.);
#9788=ADVANCED_FACE('',(#905,#114,#115,#116,#117,#118,#119,#120,#121),#9288,
 .F.);
#9789=ADVANCED_FACE('',(#906),#9289,.T.);
#9790=ADVANCED_FACE('',(#907),#435,.F.);
#9791=ADVANCED_FACE('',(#908),#436,.F.);
#9792=ADVANCED_FACE('',(#909),#437,.F.);
#9793=ADVANCED_FACE('',(#910),#9290,.T.);
#9794=ADVANCED_FACE('',(#911),#9291,.T.);
#9795=ADVANCED_FACE('',(#912),#151,.T.);
#9796=ADVANCED_FACE('',(#913),#9292,.T.);
#9797=ADVANCED_FACE('',(#914),#152,.T.);
#9798=ADVANCED_FACE('',(#915),#9293,.T.);
#9799=ADVANCED_FACE('',(#916),#153,.T.);
#9800=ADVANCED_FACE('',(#917),#9294,.T.);
#9801=ADVANCED_FACE('',(#918),#154,.T.);
#9802=ADVANCED_FACE('',(#919),#438,.T.);
#9803=ADVANCED_FACE('',(#920,#122,#123),#9295,.T.);
#9804=ADVANCED_FACE('',(#921),#439,.T.);
#9805=ADVANCED_FACE('',(#922),#9296,.T.);
#9806=ADVANCED_FACE('',(#923),#9297,.F.);
#9807=ADVANCED_FACE('',(#924),#440,.F.);
#9808=ADVANCED_FACE('',(#925),#9298,.F.);
#9809=ADVANCED_FACE('',(#926),#441,.F.);
#9810=ADVANCED_FACE('',(#927),#9299,.F.);
#9811=ADVANCED_FACE('',(#928),#442,.F.);
#9812=ADVANCED_FACE('',(#929),#9300,.F.);
#9813=ADVANCED_FACE('',(#930),#443,.F.);
#9814=ADVANCED_FACE('',(#931),#444,.F.);
#9815=ADVANCED_FACE('',(#932,#124,#125),#9301,.F.);
#9816=ADVANCED_FACE('',(#933),#445,.T.);
#9817=ADVANCED_FACE('',(#934),#446,.F.);
#9818=ADVANCED_FACE('',(#935,#126),#9302,.T.);
#9819=ADVANCED_FACE('',(#936),#447,.F.);
#9820=ADVANCED_FACE('',(#937),#9303,.F.);
#9821=ADVANCED_FACE('',(#938),#448,.F.);
#9822=ADVANCED_FACE('',(#939),#9304,.F.);
#9823=ADVANCED_FACE('',(#940),#9305,.F.);
#9824=ADVANCED_FACE('',(#941),#449,.F.);
#9825=ADVANCED_FACE('',(#942),#9306,.F.);
#9826=ADVANCED_FACE('',(#943),#450,.F.);
#9827=ADVANCED_FACE('',(#944),#9307,.F.);
#9828=ADVANCED_FACE('',(#945),#451,.F.);
#9829=ADVANCED_FACE('',(#946),#9308,.F.);
#9830=ADVANCED_FACE('',(#947),#452,.F.);
#9831=ADVANCED_FACE('',(#948,#127,#128),#9309,.T.);
#9832=ADVANCED_FACE('',(#949),#453,.F.);
#9833=ADVANCED_FACE('',(#950),#9310,.F.);
#9834=ADVANCED_FACE('',(#951),#454,.F.);
#9835=ADVANCED_FACE('',(#952),#9311,.F.);
#9836=ADVANCED_FACE('',(#953),#455,.F.);
#9837=ADVANCED_FACE('',(#954),#9312,.F.);
#9838=ADVANCED_FACE('',(#955),#456,.F.);
#9839=ADVANCED_FACE('',(#956),#9313,.F.);
#9840=ADVANCED_FACE('',(#957),#9314,.T.);
#9841=ADVANCED_FACE('',(#958),#9315,.T.);
#9842=ADVANCED_FACE('',(#959),#9316,.T.);
#9843=ADVANCED_FACE('',(#960),#457,.F.);
#9844=ADVANCED_FACE('',(#961),#9317,.T.);
#9845=ADVANCED_FACE('',(#962),#458,.F.);
#9846=ADVANCED_FACE('',(#963),#9318,.T.);
#9847=ADVANCED_FACE('',(#964),#459,.T.);
#9848=ADVANCED_FACE('',(#965),#9319,.T.);
#9849=ADVANCED_FACE('',(#966),#460,.T.);
#9850=ADVANCED_FACE('',(#967),#9320,.T.);
#9851=ADVANCED_FACE('',(#968),#461,.F.);
#9852=ADVANCED_FACE('',(#969),#9321,.T.);
#9853=ADVANCED_FACE('',(#970),#462,.F.);
#9854=ADVANCED_FACE('',(#971,#129),#9322,.F.);
#9855=ADVANCED_FACE('',(#972),#155,.T.);
#9856=ADVANCED_FACE('',(#973),#9323,.T.);
#9857=ADVANCED_FACE('',(#974),#156,.T.);
#9858=ADVANCED_FACE('',(#975),#9324,.T.);
#9859=ADVANCED_FACE('',(#976),#9325,.F.);
#9860=ADVANCED_FACE('',(#977),#463,.T.);
#9861=ADVANCED_FACE('',(#978),#9326,.T.);
#9862=ADVANCED_FACE('',(#979),#9327,.F.);
#9863=ADVANCED_FACE('',(#980),#464,.T.);
#9864=ADVANCED_FACE('',(#981),#9328,.T.);
#9865=ADVANCED_FACE('',(#982),#9329,.T.);
#9866=ADVANCED_FACE('',(#983),#9330,.T.);
#9867=ADVANCED_FACE('',(#984),#9331,.T.);
#9868=ADVANCED_FACE('',(#985),#9332,.F.);
#9869=ADVANCED_FACE('',(#986),#9333,.F.);
#9870=ADVANCED_FACE('',(#987,#130),#9334,.T.);
#9871=ADVANCED_FACE('',(#988),#9335,.F.);
#9872=ADVANCED_FACE('',(#989),#9336,.F.);
#9873=ADVANCED_FACE('',(#990),#9337,.F.);
#9874=ADVANCED_FACE('',(#991),#157,.T.);
#9875=ADVANCED_FACE('',(#992),#9338,.T.);
#9876=ADVANCED_FACE('',(#993),#465,.T.);
#9877=ADVANCED_FACE('',(#994),#9339,.T.);
#9878=ADVANCED_FACE('',(#995),#158,.F.);
#9879=ADVANCED_FACE('',(#996),#159,.F.);
#9880=ADVANCED_FACE('',(#997),#9340,.T.);
#9881=ADVANCED_FACE('',(#998),#9341,.T.);
#9882=ADVANCED_FACE('',(#999),#9342,.T.);
#9883=ADVANCED_FACE('',(#1000),#9343,.T.);
#9884=ADVANCED_FACE('',(#1001),#9344,.T.);
#9885=ADVANCED_FACE('',(#1002),#466,.F.);
#9886=ADVANCED_FACE('',(#1003),#9345,.F.);
#9887=ADVANCED_FACE('',(#1004),#9346,.F.);
#9888=ADVANCED_FACE('',(#1005,#131),#9347,.T.);
#9889=ADVANCED_FACE('',(#1006),#160,.F.);
#9890=ADVANCED_FACE('',(#1007,#132),#9348,.T.);
#9891=ADVANCED_FACE('',(#1008),#467,.F.);
#9892=ADVANCED_FACE('',(#1009),#9349,.F.);
#9893=ADVANCED_FACE('',(#1010),#468,.F.);
#9894=ADVANCED_FACE('',(#1011),#9350,.F.);
#9895=ADVANCED_FACE('',(#1012),#9351,.T.);
#9896=ADVANCED_FACE('',(#1013),#9352,.T.);
#9897=ADVANCED_FACE('',(#1014),#469,.F.);
#9898=ADVANCED_FACE('',(#1015,#133),#9353,.T.);
#9899=ADVANCED_FACE('',(#1016),#470,.T.);
#9900=ADVANCED_FACE('',(#1017,#134),#9354,.T.);
#9901=ADVANCED_FACE('',(#1018),#471,.T.);
#9902=CLOSED_SHELL('',(#9355,#9356,#9357,#9358,#9359,#9360,#9361,#9362,
#9363,#9364,#9365,#9366,#9367,#9368,#9369,#9370,#9371,#9372,#9373,#9374,
#9375,#9376,#9377,#9378,#9379,#9380,#9381,#9382,#9383,#9384,#9385,#9386,
#9387,#9388,#9389,#9390,#9391,#9392,#9393,#9394,#9395,#9396,#9397,#9398,
#9399,#9400,#9401,#9402,#9403,#9404,#9405,#9406,#9407,#9408,#9409,#9410,
#9411,#9412,#9413,#9414,#9415));
#9903=CLOSED_SHELL('',(#9416,#9417,#9418,#9419,#9420,#9421,#9422,#9423,
#9424,#9425,#9426,#9427,#9428,#9429,#9430,#9431,#9432));
#9904=CLOSED_SHELL('',(#9433,#9434,#9435,#9436,#9437,#9438,#9439,#9440,
#9441,#9442,#9443,#9444,#9445,#9446,#9447,#9448,#9449,#9450,#9451,#9452,
#9453,#9454,#9455,#9456,#9457,#9458,#9459,#9460,#9461,#9462,#9463,#9464,
#9465,#9466,#9467,#9468,#9469,#9470,#9471,#9472,#9473,#9474,#9475,#9476,
#9477,#9478,#9479,#9480,#9481,#9482,#9483,#9484,#9485,#9486,#9487,#9488,
#9489,#9490,#9491,#9492,#9493,#9494,#9495,#9496,#9497,#9498,#9499,#9500,
#9501,#9502,#9503,#9504,#9505,#9506,#9507,#9508,#9509,#9510,#9511,#9512,
#9513,#9514,#9515,#9516,#9517,#9518,#9519,#9520,#9521,#9522,#9523,#9524,
#9525,#9526,#9527,#9528,#9529,#9530,#9531,#9532,#9533,#9534,#9535,#9536,
#9537,#9538,#9539,#9540,#9541,#9542,#9543,#9544,#9545,#9546,#9547,#9548,
#9549,#9550,#9551,#9552,#9553,#9554,#9555,#9556,#9557,#9558,#9559,#9560,
#9561,#9562,#9563,#9564,#9565,#9566,#9567,#9568,#9569,#9570,#9571,#9572,
#9573,#9574,#9575,#9576,#9577,#9578,#9579,#9580,#9581,#9582,#9583,#9584,
#9585,#9586,#9587,#9588,#9589,#9590,#9591,#9592,#9593,#9594,#9595,#9596,
#9597,#9598,#9599,#9600,#9601,#9602,#9603,#9604,#9605,#9606,#9607,#9608,
#9609,#9610,#9611,#9612,#9613,#9614,#9615,#9616,#9617,#9618,#9619,#9620,
#9621,#9622,#9623,#9624,#9625,#9626,#9627,#9628,#9629,#9630,#9631,#9632,
#9633,#9634,#9635,#9636,#9637,#9638,#9639,#9640,#9641,#9642,#9643,#9644,
#9645,#9646,#9647,#9648,#9649,#9650,#9651,#9652,#9653,#9654,#9655,#9656,
#9657,#9658,#9659,#9660,#9661,#9662,#9663,#9664,#9665,#9666,#9667,#9668,
#9669,#9670,#9671,#9672,#9673,#9674,#9675,#9676,#9677,#9678,#9679,#9680,
#9681,#9682,#9683,#9684,#9685,#9686,#9687,#9688,#9689,#9690,#9691,#9692,
#9693,#9694,#9695,#9696,#9697,#9698,#9699,#9700,#9701,#9702,#9703,#9704,
#9705,#9706,#9707,#9708,#9709,#9710,#9711,#9712,#9713,#9714,#9715,#9716,
#9717,#9718,#9719,#9720,#9721,#9722,#9723,#9724,#9725,#9726,#9727,#9728,
#9729,#9730,#9731,#9732,#9733,#9734,#9735));
#9905=CLOSED_SHELL('',(#9736,#9737,#9738,#9739,#9740,#9741,#9742,#9743,
#9744,#9745,#9746,#9747,#9748,#9749,#9750,#9751,#9752,#9753,#9754,#9755,
#9756,#9757,#9758,#9759,#9760,#9761,#9762,#9763,#9764,#9765,#9766,#9767,
#9768,#9769,#9770,#9771,#9772,#9773,#9774,#9775,#9776,#9777,#9778,#9779,
#9780,#9781,#9782,#9783,#9784,#9785,#9786,#9787,#9788,#9789,#9790,#9791,
#9792,#9793,#9794,#9795,#9796,#9797,#9798,#9799,#9800,#9801,#9802,#9803,
#9804,#9805,#9806,#9807,#9808,#9809,#9810,#9811,#9812,#9813,#9814,#9815,
#9816,#9817,#9818,#9819,#9820,#9821,#9822,#9823,#9824,#9825,#9826,#9827,
#9828,#9829,#9830,#9831,#9832,#9833,#9834,#9835,#9836,#9837,#9838,#9839,
#9840,#9841,#9842,#9843,#9844,#9845,#9846,#9847,#9848,#9849,#9850,#9851,
#9852,#9853,#9854));
#9906=CLOSED_SHELL('',(#9855,#9856,#9857,#9858,#9859,#9860,#9861,#9862,
#9863,#9864,#9865,#9866,#9867,#9868,#9869,#9870,#9871,#9872,#9873));
#9907=CLOSED_SHELL('',(#9874,#9875,#9876,#9877,#9878,#9879,#9880,#9881,
#9882,#9883,#9884,#9885,#9886,#9887,#9888,#9889,#9890,#9891,#9892,#9893,
#9894,#9895,#9896,#9897,#9898,#9899,#9900,#9901));
#9908=DERIVED_UNIT_ELEMENT(#9910,1.);
#9909=DERIVED_UNIT_ELEMENT(#16165,-3.);
#9910=(
MASS_UNIT()
NAMED_UNIT(*)
SI_UNIT(.KILO.,.GRAM.)
);
#9911=DERIVED_UNIT((#9908,#9909));
#9912=MEASURE_REPRESENTATION_ITEM('density measure',
POSITIVE_RATIO_MEASURE(7850.),#9911);
#9913=PROPERTY_DEFINITION_REPRESENTATION(#9918,#9915);
#9914=PROPERTY_DEFINITION_REPRESENTATION(#9919,#9916);
#9915=REPRESENTATION('material name',(#9917),#16162);
#9916=REPRESENTATION('density',(#9912),#16162);
#9917=DESCRIPTIVE_REPRESENTATION_ITEM('Stahl','Stahl');
#9918=PROPERTY_DEFINITION('material property','material name',#16172);
#9919=PROPERTY_DEFINITION('material property','density of part',#16172);
#9920=AXIS2_PLACEMENT_3D('',#13361,#10686,#10687);
#9921=AXIS2_PLACEMENT_3D('',#13362,#10688,#10689);
#9922=AXIS2_PLACEMENT_3D('',#13371,#10694,#10695);
#9923=AXIS2_PLACEMENT_3D('',#13383,#10702,#10703);
#9924=AXIS2_PLACEMENT_3D('',#13387,#10706,#10707);
#9925=AXIS2_PLACEMENT_3D('',#13390,#10708,#10709);
#9926=AXIS2_PLACEMENT_3D('',#13394,#10711,#10712);
#9927=AXIS2_PLACEMENT_3D('',#13396,#10714,#10715);
#9928=AXIS2_PLACEMENT_3D('',#13402,#10719,#10720);
#9929=AXIS2_PLACEMENT_3D('',#13404,#10721,#10722);
#9930=AXIS2_PLACEMENT_3D('',#13407,#10724,#10725);
#9931=AXIS2_PLACEMENT_3D('',#13408,#10726,#10727);
#9932=AXIS2_PLACEMENT_3D('',#13414,#10731,#10732);
#9933=AXIS2_PLACEMENT_3D('',#13416,#10733,#10734);
#9934=AXIS2_PLACEMENT_3D('',#13419,#10736,#10737);
#9935=AXIS2_PLACEMENT_3D('',#13420,#10738,#10739);
#9936=AXIS2_PLACEMENT_3D('',#13426,#10743,#10744);
#9937=AXIS2_PLACEMENT_3D('',#13428,#10745,#10746);
#9938=AXIS2_PLACEMENT_3D('',#13431,#10748,#10749);
#9939=AXIS2_PLACEMENT_3D('',#13432,#10750,#10751);
#9940=AXIS2_PLACEMENT_3D('',#13434,#10753,#10754);
#9941=AXIS2_PLACEMENT_3D('',#13437,#10755,#10756);
#9942=AXIS2_PLACEMENT_3D('',#13441,#10758,#10759);
#9943=AXIS2_PLACEMENT_3D('',#13443,#10761,#10762);
#9944=AXIS2_PLACEMENT_3D('',#13446,#10763,#10764);
#9945=AXIS2_PLACEMENT_3D('',#13450,#10766,#10767);
#9946=AXIS2_PLACEMENT_3D('',#13452,#10769,#10770);
#9947=AXIS2_PLACEMENT_3D('',#13455,#10773,#10774);
#9948=AXIS2_PLACEMENT_3D('',#13458,#10775,#10776);
#9949=AXIS2_PLACEMENT_3D('',#13462,#10778,#10779);
#9950=AXIS2_PLACEMENT_3D('',#13464,#10781,#10782);
#9951=AXIS2_PLACEMENT_3D('',#13467,#10785,#10786);
#9952=AXIS2_PLACEMENT_3D('',#13470,#10787,#10788);
#9953=AXIS2_PLACEMENT_3D('',#13474,#10790,#10791);
#9954=AXIS2_PLACEMENT_3D('',#13476,#10793,#10794);
#9955=AXIS2_PLACEMENT_3D('',#13482,#10798,#10799);
#9956=AXIS2_PLACEMENT_3D('',#13485,#10800,#10801);
#9957=AXIS2_PLACEMENT_3D('',#13489,#10803,#10804);
#9958=AXIS2_PLACEMENT_3D('',#13491,#10806,#10807);
#9959=AXIS2_PLACEMENT_3D('',#13502,#10814,#10815);
#9960=AXIS2_PLACEMENT_3D('',#13511,#10820,#10821);
#9961=AXIS2_PLACEMENT_3D('',#13513,#10822,#10823);
#9962=AXIS2_PLACEMENT_3D('',#13515,#10824,#10825);
#9963=AXIS2_PLACEMENT_3D('',#13517,#10827,#10828);
#9964=AXIS2_PLACEMENT_3D('',#13520,#10829,#10830);
#9965=AXIS2_PLACEMENT_3D('',#13524,#10832,#10833);
#9966=AXIS2_PLACEMENT_3D('',#13526,#10835,#10836);
#9967=AXIS2_PLACEMENT_3D('',#13532,#10840,#10841);
#9968=AXIS2_PLACEMENT_3D('',#13534,#10842,#10843);
#9969=AXIS2_PLACEMENT_3D('',#13536,#10844,#10845);
#9970=AXIS2_PLACEMENT_3D('',#13538,#10847,#10848);
#9971=AXIS2_PLACEMENT_3D('',#13544,#10852,#10853);
#9972=AXIS2_PLACEMENT_3D('',#13545,#10854,#10855);
#9973=AXIS2_PLACEMENT_3D('',#13546,#10856,#10857);
#9974=AXIS2_PLACEMENT_3D('',#13547,#10858,#10859);
#9975=AXIS2_PLACEMENT_3D('',#13550,#10862,#10863);
#9976=AXIS2_PLACEMENT_3D('',#13552,#10864,#10865);
#9977=AXIS2_PLACEMENT_3D('',#13555,#10867,#10868);
#9978=AXIS2_PLACEMENT_3D('',#13556,#10869,#10870);
#9979=AXIS2_PLACEMENT_3D('',#13558,#10871,#10872);
#9980=AXIS2_PLACEMENT_3D('',#13559,#10873,#10874);
#9981=AXIS2_PLACEMENT_3D('',#13561,#10875,#10876);
#9982=AXIS2_PLACEMENT_3D('',#13564,#10878,#10879);
#9983=AXIS2_PLACEMENT_3D('',#13565,#10880,#10881);
#9984=AXIS2_PLACEMENT_3D('',#13567,#10882,#10883);
#9985=AXIS2_PLACEMENT_3D('',#13568,#10884,#10885);
#9986=AXIS2_PLACEMENT_3D('',#13570,#10886,#10887);
#9987=AXIS2_PLACEMENT_3D('',#13573,#10889,#10890);
#9988=AXIS2_PLACEMENT_3D('',#13574,#10891,#10892);
#9989=AXIS2_PLACEMENT_3D('',#13576,#10893,#10894);
#9990=AXIS2_PLACEMENT_3D('',#13577,#10895,#10896);
#9991=AXIS2_PLACEMENT_3D('',#13579,#10897,#10898);
#9992=AXIS2_PLACEMENT_3D('',#13582,#10900,#10901);
#9993=AXIS2_PLACEMENT_3D('',#13583,#10902,#10903);
#9994=AXIS2_PLACEMENT_3D('',#13585,#10904,#10905);
#9995=AXIS2_PLACEMENT_3D('',#13586,#10906,#10907);
#9996=AXIS2_PLACEMENT_3D('',#13588,#10908,#10909);
#9997=AXIS2_PLACEMENT_3D('',#13590,#10911,#10912);
#9998=AXIS2_PLACEMENT_3D('',#13592,#10913,#10914);
#9999=AXIS2_PLACEMENT_3D('',#13594,#10916,#10917);
#10000=AXIS2_PLACEMENT_3D('',#13596,#10918,#10919);
#10001=AXIS2_PLACEMENT_3D('',#13598,#10921,#10922);
#10002=AXIS2_PLACEMENT_3D('',#13600,#10923,#10924);
#10003=AXIS2_PLACEMENT_3D('',#13602,#10926,#10927);
#10004=AXIS2_PLACEMENT_3D('',#13605,#10930,#10931);
#10005=AXIS2_PLACEMENT_3D('',#13607,#10932,#10933);
#10006=AXIS2_PLACEMENT_3D('',#13610,#10935,#10936);
#10007=AXIS2_PLACEMENT_3D('',#13611,#10937,#10938);
#10008=AXIS2_PLACEMENT_3D('',#13617,#10942,#10943);
#10009=AXIS2_PLACEMENT_3D('',#13619,#10944,#10945);
#10010=AXIS2_PLACEMENT_3D('',#13622,#10947,#10948);
#10011=AXIS2_PLACEMENT_3D('',#13623,#10949,#10950);
#10012=AXIS2_PLACEMENT_3D('',#13629,#10954,#10955);
#10013=AXIS2_PLACEMENT_3D('',#13631,#10956,#10957);
#10014=AXIS2_PLACEMENT_3D('',#13641,#10963,#10964);
#10015=AXIS2_PLACEMENT_3D('',#13643,#10966,#10967);
#10016=AXIS2_PLACEMENT_3D('',#13647,#10970,#10971);
#10017=AXIS2_PLACEMENT_3D('',#13651,#10974,#10975);
#10018=AXIS2_PLACEMENT_3D('',#13655,#10978,#10979);
#10019=AXIS2_PLACEMENT_3D('',#13659,#10982,#10983);
#10020=AXIS2_PLACEMENT_3D('',#13663,#10986,#10987);
#10021=AXIS2_PLACEMENT_3D('',#13665,#10989,#10990);
#10022=AXIS2_PLACEMENT_3D('',#13668,#10993,#10994);
#10023=AXIS2_PLACEMENT_3D('',#13672,#10997,#10998);
#10024=AXIS2_PLACEMENT_3D('',#13676,#11001,#11002);
#10025=AXIS2_PLACEMENT_3D('',#13679,#11004,#11005);
#10026=AXIS2_PLACEMENT_3D('',#13680,#11006,#11007);
#10027=AXIS2_PLACEMENT_3D('',#13683,#11010,#11011);
#10028=AXIS2_PLACEMENT_3D('',#13684,#11012,#11013);
#10029=AXIS2_PLACEMENT_3D('',#13685,#11014,#11015);
#10030=AXIS2_PLACEMENT_3D('',#13686,#11016,#11017);
#10031=AXIS2_PLACEMENT_3D('',#13689,#11018,#11019);
#10032=AXIS2_PLACEMENT_3D('',#13693,#11021,#11022);
#10033=AXIS2_PLACEMENT_3D('',#13695,#11024,#11025);
#10034=AXIS2_PLACEMENT_3D('',#13701,#11029,#11030);
#10035=AXIS2_PLACEMENT_3D('',#13705,#11032,#11033);
#10036=AXIS2_PLACEMENT_3D('',#13709,#11035,#11036);
#10037=AXIS2_PLACEMENT_3D('',#13713,#11038,#11039);
#10038=AXIS2_PLACEMENT_3D('',#13719,#11042,#11043);
#10039=AXIS2_PLACEMENT_3D('',#13724,#11046,#11047);
#10040=AXIS2_PLACEMENT_3D('',#13726,#11048,#11049);
#10041=AXIS2_PLACEMENT_3D('',#13727,#11050,#11051);
#10042=AXIS2_PLACEMENT_3D('',#13730,#11053,#11054);
#10043=AXIS2_PLACEMENT_3D('',#13731,#11055,#11056);
#10044=AXIS2_PLACEMENT_3D('',#13735,#11059,#11060);
#10045=AXIS2_PLACEMENT_3D('',#13738,#11061,#11062);
#10046=AXIS2_PLACEMENT_3D('',#13741,#11065,#11066);
#10047=AXIS2_PLACEMENT_3D('',#13743,#11068,#11069);
#10048=AXIS2_PLACEMENT_3D('',#13745,#11070,#11071);
#10049=AXIS2_PLACEMENT_3D('',#13747,#11073,#11074);
#10050=AXIS2_PLACEMENT_3D('',#13751,#11077,#11078);
#10051=AXIS2_PLACEMENT_3D('',#13753,#11079,#11080);
#10052=AXIS2_PLACEMENT_3D('',#13755,#11082,#11083);
#10053=AXIS2_PLACEMENT_3D('',#13759,#11086,#11087);
#10054=AXIS2_PLACEMENT_3D('',#13761,#11088,#11089);
#10055=AXIS2_PLACEMENT_3D('',#13763,#11091,#11092);
#10056=AXIS2_PLACEMENT_3D('',#13767,#11095,#11096);
#10057=AXIS2_PLACEMENT_3D('',#13769,#11097,#11098);
#10058=AXIS2_PLACEMENT_3D('',#13771,#11100,#11101);
#10059=AXIS2_PLACEMENT_3D('',#13775,#11104,#11105);
#10060=AXIS2_PLACEMENT_3D('',#13777,#11107,#11108);
#10061=AXIS2_PLACEMENT_3D('',#13778,#11109,#11110);
#10062=AXIS2_PLACEMENT_3D('',#13780,#11111,#11112);
#10063=AXIS2_PLACEMENT_3D('',#13783,#11114,#11115);
#10064=AXIS2_PLACEMENT_3D('',#13784,#11116,#11117);
#10065=AXIS2_PLACEMENT_3D('',#13793,#11122,#11123);
#10066=AXIS2_PLACEMENT_3D('',#13802,#11128,#11129);
#10067=AXIS2_PLACEMENT_3D('',#13805,#11132,#11133);
#10068=AXIS2_PLACEMENT_3D('',#13808,#11136,#11137);
#10069=AXIS2_PLACEMENT_3D('',#13814,#11141,#11142);
#10070=AXIS2_PLACEMENT_3D('',#13818,#11145,#11146);
#10071=AXIS2_PLACEMENT_3D('',#13823,#11148,#11149);
#10072=AXIS2_PLACEMENT_3D('',#13827,#11151,#11152);
#10073=AXIS2_PLACEMENT_3D('',#13831,#11154,#11155);
#10074=AXIS2_PLACEMENT_3D('',#13839,#11159,#11160);
#10075=AXIS2_PLACEMENT_3D('',#13843,#11162,#11163);
#10076=AXIS2_PLACEMENT_3D('',#13847,#11165,#11166);
#10077=AXIS2_PLACEMENT_3D('',#13855,#11170,#11171);
#10078=AXIS2_PLACEMENT_3D('',#13859,#11173,#11174);
#10079=AXIS2_PLACEMENT_3D('',#13865,#11177,#11178);
#10080=AXIS2_PLACEMENT_3D('',#13870,#11181,#11182);
#10081=AXIS2_PLACEMENT_3D('',#13920,#11207,#11208);
#10082=AXIS2_PLACEMENT_3D('',#13922,#11209,#11210);
#10083=AXIS2_PLACEMENT_3D('',#13929,#11213,#11214);
#10084=AXIS2_PLACEMENT_3D('',#13933,#11216,#11217);
#10085=AXIS2_PLACEMENT_3D('',#13937,#11219,#11220);
#10086=AXIS2_PLACEMENT_3D('',#13941,#11222,#11223);
#10087=AXIS2_PLACEMENT_3D('',#13945,#11225,#11226);
#10088=AXIS2_PLACEMENT_3D('',#13948,#11228,#11229);
#10089=AXIS2_PLACEMENT_3D('',#13950,#11230,#11231);
#10090=AXIS2_PLACEMENT_3D('',#13999,#11256,#11257);
#10091=AXIS2_PLACEMENT_3D('',#14005,#11261,#11262);
#10092=AXIS2_PLACEMENT_3D('',#14009,#11265,#11266);
#10093=AXIS2_PLACEMENT_3D('',#14013,#11269,#11270);
#10094=AXIS2_PLACEMENT_3D('',#14015,#11272,#11273);
#10095=AXIS2_PLACEMENT_3D('',#14021,#11277,#11278);
#10096=AXIS2_PLACEMENT_3D('',#14025,#11281,#11282);
#10097=AXIS2_PLACEMENT_3D('',#14031,#11286,#11287);
#10098=AXIS2_PLACEMENT_3D('',#14035,#11290,#11291);
#10099=AXIS2_PLACEMENT_3D('',#14039,#11294,#11295);
#10100=AXIS2_PLACEMENT_3D('',#14041,#11297,#11298);
#10101=AXIS2_PLACEMENT_3D('',#14047,#11302,#11303);
#10102=AXIS2_PLACEMENT_3D('',#14051,#11306,#11307);
#10103=AXIS2_PLACEMENT_3D('',#14057,#11311,#11312);
#10104=AXIS2_PLACEMENT_3D('',#14061,#11315,#11316);
#10105=AXIS2_PLACEMENT_3D('',#14065,#11319,#11320);
#10106=AXIS2_PLACEMENT_3D('',#14067,#11322,#11323);
#10107=AXIS2_PLACEMENT_3D('',#14073,#11327,#11328);
#10108=AXIS2_PLACEMENT_3D('',#14077,#11331,#11332);
#10109=AXIS2_PLACEMENT_3D('',#14083,#11336,#11337);
#10110=AXIS2_PLACEMENT_3D('',#14087,#11340,#11341);
#10111=AXIS2_PLACEMENT_3D('',#14091,#11344,#11345);
#10112=AXIS2_PLACEMENT_3D('',#14093,#11347,#11348);
#10113=AXIS2_PLACEMENT_3D('',#14099,#11352,#11353);
#10114=AXIS2_PLACEMENT_3D('',#14103,#11356,#11357);
#10115=AXIS2_PLACEMENT_3D('',#14109,#11361,#11362);
#10116=AXIS2_PLACEMENT_3D('',#14113,#11365,#11366);
#10117=AXIS2_PLACEMENT_3D('',#14117,#11369,#11370);
#10118=AXIS2_PLACEMENT_3D('',#14119,#11372,#11373);
#10119=AXIS2_PLACEMENT_3D('',#14125,#11377,#11378);
#10120=AXIS2_PLACEMENT_3D('',#14129,#11381,#11382);
#10121=AXIS2_PLACEMENT_3D('',#14135,#11386,#11387);
#10122=AXIS2_PLACEMENT_3D('',#14139,#11390,#11391);
#10123=AXIS2_PLACEMENT_3D('',#14143,#11394,#11395);
#10124=AXIS2_PLACEMENT_3D('',#14145,#11397,#11398);
#10125=AXIS2_PLACEMENT_3D('',#14151,#11402,#11403);
#10126=AXIS2_PLACEMENT_3D('',#14155,#11406,#11407);
#10127=AXIS2_PLACEMENT_3D('',#14161,#11411,#11412);
#10128=AXIS2_PLACEMENT_3D('',#14165,#11415,#11416);
#10129=AXIS2_PLACEMENT_3D('',#14169,#11419,#11420);
#10130=AXIS2_PLACEMENT_3D('',#14171,#11422,#11423);
#10131=AXIS2_PLACEMENT_3D('',#14177,#11427,#11428);
#10132=AXIS2_PLACEMENT_3D('',#14181,#11431,#11432);
#10133=AXIS2_PLACEMENT_3D('',#14187,#11436,#11437);
#10134=AXIS2_PLACEMENT_3D('',#14191,#11440,#11441);
#10135=AXIS2_PLACEMENT_3D('',#14195,#11444,#11445);
#10136=AXIS2_PLACEMENT_3D('',#14197,#11447,#11448);
#10137=AXIS2_PLACEMENT_3D('',#14203,#11452,#11453);
#10138=AXIS2_PLACEMENT_3D('',#14207,#11456,#11457);
#10139=AXIS2_PLACEMENT_3D('',#14213,#11461,#11462);
#10140=AXIS2_PLACEMENT_3D('',#14217,#11465,#11466);
#10141=AXIS2_PLACEMENT_3D('',#14221,#11469,#11470);
#10142=AXIS2_PLACEMENT_3D('',#14223,#11472,#11473);
#10143=AXIS2_PLACEMENT_3D('',#14229,#11477,#11478);
#10144=AXIS2_PLACEMENT_3D('',#14233,#11481,#11482);
#10145=AXIS2_PLACEMENT_3D('',#14239,#11486,#11487);
#10146=AXIS2_PLACEMENT_3D('',#14243,#11490,#11491);
#10147=AXIS2_PLACEMENT_3D('',#14247,#11494,#11495);
#10148=AXIS2_PLACEMENT_3D('',#14249,#11497,#11498);
#10149=AXIS2_PLACEMENT_3D('',#14255,#11502,#11503);
#10150=AXIS2_PLACEMENT_3D('',#14259,#11506,#11507);
#10151=AXIS2_PLACEMENT_3D('',#14265,#11511,#11512);
#10152=AXIS2_PLACEMENT_3D('',#14269,#11515,#11516);
#10153=AXIS2_PLACEMENT_3D('',#14273,#11519,#11520);
#10154=AXIS2_PLACEMENT_3D('',#14275,#11522,#11523);
#10155=AXIS2_PLACEMENT_3D('',#14281,#11527,#11528);
#10156=AXIS2_PLACEMENT_3D('',#14285,#11531,#11532);
#10157=AXIS2_PLACEMENT_3D('',#14291,#11536,#11537);
#10158=AXIS2_PLACEMENT_3D('',#14295,#11540,#11541);
#10159=AXIS2_PLACEMENT_3D('',#14299,#11544,#11545);
#10160=AXIS2_PLACEMENT_3D('',#14301,#11547,#11548);
#10161=AXIS2_PLACEMENT_3D('',#14307,#11552,#11553);
#10162=AXIS2_PLACEMENT_3D('',#14311,#11556,#11557);
#10163=AXIS2_PLACEMENT_3D('',#14315,#11560,#11561);
#10164=AXIS2_PLACEMENT_3D('',#14324,#11566,#11567);
#10165=AXIS2_PLACEMENT_3D('',#14330,#11571,#11572);
#10166=AXIS2_PLACEMENT_3D('',#14334,#11575,#11576);
#10167=AXIS2_PLACEMENT_3D('',#14339,#11580,#11581);
#10168=AXIS2_PLACEMENT_3D('',#14348,#11586,#11587);
#10169=AXIS2_PLACEMENT_3D('',#14354,#11591,#11592);
#10170=AXIS2_PLACEMENT_3D('',#14366,#11599,#11600);
#10171=AXIS2_PLACEMENT_3D('',#14370,#11602,#11603);
#10172=AXIS2_PLACEMENT_3D('',#14372,#11605,#11606);
#10173=AXIS2_PLACEMENT_3D('',#14384,#11613,#11614);
#10174=AXIS2_PLACEMENT_3D('',#14388,#11616,#11617);
#10175=AXIS2_PLACEMENT_3D('',#14390,#11619,#11620);
#10176=AXIS2_PLACEMENT_3D('',#14398,#11625,#11626);
#10177=AXIS2_PLACEMENT_3D('',#14401,#11627,#11628);
#10178=AXIS2_PLACEMENT_3D('',#14404,#11631,#11632);
#10179=AXIS2_PLACEMENT_3D('',#14408,#11635,#11636);
#10180=AXIS2_PLACEMENT_3D('',#14412,#11638,#11639);
#10181=AXIS2_PLACEMENT_3D('',#14414,#11641,#11642);
#10182=AXIS2_PLACEMENT_3D('',#14420,#11646,#11647);
#10183=AXIS2_PLACEMENT_3D('',#14424,#11649,#11650);
#10184=AXIS2_PLACEMENT_3D('',#14426,#11652,#11653);
#10185=AXIS2_PLACEMENT_3D('',#14430,#11656,#11657);
#10186=AXIS2_PLACEMENT_3D('',#14434,#11659,#11660);
#10187=AXIS2_PLACEMENT_3D('',#14436,#11662,#11663);
#10188=AXIS2_PLACEMENT_3D('',#14438,#11665,#11666);
#10189=AXIS2_PLACEMENT_3D('',#14444,#11670,#11671);
#10190=AXIS2_PLACEMENT_3D('',#14448,#11674,#11675);
#10191=AXIS2_PLACEMENT_3D('',#14454,#11679,#11680);
#10192=AXIS2_PLACEMENT_3D('',#14464,#11687,#11688);
#10193=AXIS2_PLACEMENT_3D('',#14468,#11691,#11692);
#10194=AXIS2_PLACEMENT_3D('',#14472,#11695,#11696);
#10195=AXIS2_PLACEMENT_3D('',#14474,#11698,#11699);
#10196=AXIS2_PLACEMENT_3D('',#14475,#11700,#11701);
#10197=AXIS2_PLACEMENT_3D('',#14479,#11704,#11705);
#10198=AXIS2_PLACEMENT_3D('',#14483,#11707,#11708);
#10199=AXIS2_PLACEMENT_3D('',#14485,#11710,#11711);
#10200=AXIS2_PLACEMENT_3D('',#14489,#11714,#11715);
#10201=AXIS2_PLACEMENT_3D('',#14493,#11717,#11718);
#10202=AXIS2_PLACEMENT_3D('',#14495,#11720,#11721);
#10203=AXIS2_PLACEMENT_3D('',#14497,#11723,#11724);
#10204=AXIS2_PLACEMENT_3D('',#14500,#11725,#11726);
#10205=AXIS2_PLACEMENT_3D('',#14503,#11729,#11730);
#10206=AXIS2_PLACEMENT_3D('',#14512,#11736,#11737);
#10207=AXIS2_PLACEMENT_3D('',#14513,#11738,#11739);
#10208=AXIS2_PLACEMENT_3D('',#14514,#11740,#11741);
#10209=AXIS2_PLACEMENT_3D('',#14516,#11743,#11744);
#10210=AXIS2_PLACEMENT_3D('',#14520,#11746,#11747);
#10211=AXIS2_PLACEMENT_3D('',#14522,#11749,#11750);
#10212=AXIS2_PLACEMENT_3D('',#14524,#11752,#11753);
#10213=AXIS2_PLACEMENT_3D('',#14530,#11757,#11758);
#10214=AXIS2_PLACEMENT_3D('',#14536,#11762,#11763);
#10215=AXIS2_PLACEMENT_3D('',#14545,#11768,#11769);
#10216=AXIS2_PLACEMENT_3D('',#14551,#11773,#11774);
#10217=AXIS2_PLACEMENT_3D('',#14557,#11778,#11779);
#10218=AXIS2_PLACEMENT_3D('',#14560,#11782,#11783);
#10219=AXIS2_PLACEMENT_3D('',#14562,#11785,#11786);
#10220=AXIS2_PLACEMENT_3D('',#14563,#11787,#11788);
#10221=AXIS2_PLACEMENT_3D('',#14567,#11791,#11792);
#10222=AXIS2_PLACEMENT_3D('',#14569,#11794,#11795);
#10223=AXIS2_PLACEMENT_3D('',#14573,#11798,#11799);
#10224=AXIS2_PLACEMENT_3D('',#14575,#11801,#11802);
#10225=AXIS2_PLACEMENT_3D('',#14579,#11805,#11806);
#10226=AXIS2_PLACEMENT_3D('',#14581,#11808,#11809);
#10227=AXIS2_PLACEMENT_3D('',#14585,#11812,#11813);
#10228=AXIS2_PLACEMENT_3D('',#14587,#11815,#11816);
#10229=AXIS2_PLACEMENT_3D('',#14591,#11819,#11820);
#10230=AXIS2_PLACEMENT_3D('',#14595,#11823,#11824);
#10231=AXIS2_PLACEMENT_3D('',#14597,#11826,#11827);
#10232=AXIS2_PLACEMENT_3D('',#14601,#11830,#11831);
#10233=AXIS2_PLACEMENT_3D('',#14605,#11834,#11835);
#10234=AXIS2_PLACEMENT_3D('',#14607,#11837,#11838);
#10235=AXIS2_PLACEMENT_3D('',#14611,#11841,#11842);
#10236=AXIS2_PLACEMENT_3D('',#14615,#11845,#11846);
#10237=AXIS2_PLACEMENT_3D('',#14617,#11848,#11849);
#10238=AXIS2_PLACEMENT_3D('',#14621,#11852,#11853);
#10239=AXIS2_PLACEMENT_3D('',#14630,#11858,#11859);
#10240=AXIS2_PLACEMENT_3D('',#14636,#11863,#11864);
#10241=AXIS2_PLACEMENT_3D('',#14642,#11868,#11869);
#10242=AXIS2_PLACEMENT_3D('',#14645,#11872,#11873);
#10243=AXIS2_PLACEMENT_3D('',#14646,#11874,#11875);
#10244=AXIS2_PLACEMENT_3D('',#14655,#11880,#11881);
#10245=AXIS2_PLACEMENT_3D('',#14661,#11885,#11886);
#10246=AXIS2_PLACEMENT_3D('',#14667,#11890,#11891);
#10247=AXIS2_PLACEMENT_3D('',#14670,#11894,#11895);
#10248=AXIS2_PLACEMENT_3D('',#14671,#11896,#11897);
#10249=AXIS2_PLACEMENT_3D('',#14680,#11902,#11903);
#10250=AXIS2_PLACEMENT_3D('',#14686,#11907,#11908);
#10251=AXIS2_PLACEMENT_3D('',#14692,#11912,#11913);
#10252=AXIS2_PLACEMENT_3D('',#14695,#11916,#11917);
#10253=AXIS2_PLACEMENT_3D('',#14696,#11918,#11919);
#10254=AXIS2_PLACEMENT_3D('',#14705,#11924,#11925);
#10255=AXIS2_PLACEMENT_3D('',#14711,#11929,#11930);
#10256=AXIS2_PLACEMENT_3D('',#14717,#11934,#11935);
#10257=AXIS2_PLACEMENT_3D('',#14720,#11938,#11939);
#10258=AXIS2_PLACEMENT_3D('',#14721,#11940,#11941);
#10259=AXIS2_PLACEMENT_3D('',#14730,#11946,#11947);
#10260=AXIS2_PLACEMENT_3D('',#14736,#11951,#11952);
#10261=AXIS2_PLACEMENT_3D('',#14742,#11956,#11957);
#10262=AXIS2_PLACEMENT_3D('',#14745,#11960,#11961);
#10263=AXIS2_PLACEMENT_3D('',#14747,#11963,#11964);
#10264=AXIS2_PLACEMENT_3D('',#14756,#11969,#11970);
#10265=AXIS2_PLACEMENT_3D('',#14762,#11974,#11975);
#10266=AXIS2_PLACEMENT_3D('',#14768,#11979,#11980);
#10267=AXIS2_PLACEMENT_3D('',#14771,#11983,#11984);
#10268=AXIS2_PLACEMENT_3D('',#14772,#11985,#11986);
#10269=AXIS2_PLACEMENT_3D('',#14781,#11991,#11992);
#10270=AXIS2_PLACEMENT_3D('',#14787,#11996,#11997);
#10271=AXIS2_PLACEMENT_3D('',#14793,#12001,#12002);
#10272=AXIS2_PLACEMENT_3D('',#14796,#12005,#12006);
#10273=AXIS2_PLACEMENT_3D('',#14798,#12008,#12009);
#10274=AXIS2_PLACEMENT_3D('',#14807,#12014,#12015);
#10275=AXIS2_PLACEMENT_3D('',#14813,#12019,#12020);
#10276=AXIS2_PLACEMENT_3D('',#14819,#12024,#12025);
#10277=AXIS2_PLACEMENT_3D('',#14822,#12028,#12029);
#10278=AXIS2_PLACEMENT_3D('',#14823,#12030,#12031);
#10279=AXIS2_PLACEMENT_3D('',#14832,#12036,#12037);
#10280=AXIS2_PLACEMENT_3D('',#14838,#12041,#12042);
#10281=AXIS2_PLACEMENT_3D('',#14844,#12046,#12047);
#10282=AXIS2_PLACEMENT_3D('',#14847,#12050,#12051);
#10283=AXIS2_PLACEMENT_3D('',#14849,#12053,#12054);
#10284=AXIS2_PLACEMENT_3D('',#14858,#12059,#12060);
#10285=AXIS2_PLACEMENT_3D('',#14864,#12064,#12065);
#10286=AXIS2_PLACEMENT_3D('',#14870,#12069,#12070);
#10287=AXIS2_PLACEMENT_3D('',#14873,#12073,#12074);
#10288=AXIS2_PLACEMENT_3D('',#14874,#12075,#12076);
#10289=AXIS2_PLACEMENT_3D('',#14883,#12081,#12082);
#10290=AXIS2_PLACEMENT_3D('',#14889,#12086,#12087);
#10291=AXIS2_PLACEMENT_3D('',#14895,#12091,#12092);
#10292=AXIS2_PLACEMENT_3D('',#14898,#12095,#12096);
#10293=AXIS2_PLACEMENT_3D('',#14900,#12098,#12099);
#10294=AXIS2_PLACEMENT_3D('',#14901,#12100,#12101);
#10295=AXIS2_PLACEMENT_3D('',#14902,#12102,#12103);
#10296=AXIS2_PLACEMENT_3D('',#14903,#12104,#12105);
#10297=AXIS2_PLACEMENT_3D('',#14904,#12106,#12107);
#10298=AXIS2_PLACEMENT_3D('',#14908,#12110,#12111);
#10299=AXIS2_PLACEMENT_3D('',#14910,#12113,#12114);
#10300=AXIS2_PLACEMENT_3D('',#14919,#12119,#12120);
#10301=AXIS2_PLACEMENT_3D('',#14925,#12124,#12125);
#10302=AXIS2_PLACEMENT_3D('',#14931,#12129,#12130);
#10303=AXIS2_PLACEMENT_3D('',#14934,#12133,#12134);
#10304=AXIS2_PLACEMENT_3D('',#14935,#12135,#12136);
#10305=AXIS2_PLACEMENT_3D('',#14944,#12141,#12142);
#10306=AXIS2_PLACEMENT_3D('',#14953,#12147,#12148);
#10307=AXIS2_PLACEMENT_3D('',#14962,#12153,#12154);
#10308=AXIS2_PLACEMENT_3D('',#14971,#12159,#12160);
#10309=AXIS2_PLACEMENT_3D('',#14980,#12165,#12166);
#10310=AXIS2_PLACEMENT_3D('',#14989,#12171,#12172);
#10311=AXIS2_PLACEMENT_3D('',#14998,#12177,#12178);
#10312=AXIS2_PLACEMENT_3D('',#15007,#12183,#12184);
#10313=AXIS2_PLACEMENT_3D('',#15016,#12189,#12190);
#10314=AXIS2_PLACEMENT_3D('',#15025,#12195,#12196);
#10315=AXIS2_PLACEMENT_3D('',#15034,#12201,#12202);
#10316=AXIS2_PLACEMENT_3D('',#15043,#12207,#12208);
#10317=AXIS2_PLACEMENT_3D('',#15052,#12213,#12214);
#10318=AXIS2_PLACEMENT_3D('',#15058,#12218,#12219);
#10319=AXIS2_PLACEMENT_3D('',#15062,#12222,#12223);
#10320=AXIS2_PLACEMENT_3D('',#15066,#12226,#12227);
#10321=AXIS2_PLACEMENT_3D('',#15068,#12229,#12230);
#10322=AXIS2_PLACEMENT_3D('',#15074,#12234,#12235);
#10323=AXIS2_PLACEMENT_3D('',#15078,#12238,#12239);
#10324=AXIS2_PLACEMENT_3D('',#15082,#12242,#12243);
#10325=AXIS2_PLACEMENT_3D('',#15084,#12245,#12246);
#10326=AXIS2_PLACEMENT_3D('',#15087,#12248,#12249);
#10327=AXIS2_PLACEMENT_3D('',#15088,#12250,#12251);
#10328=AXIS2_PLACEMENT_3D('',#15094,#12255,#12256);
#10329=AXIS2_PLACEMENT_3D('',#15098,#12259,#12260);
#10330=AXIS2_PLACEMENT_3D('',#15102,#12263,#12264);
#10331=AXIS2_PLACEMENT_3D('',#15104,#12266,#12267);
#10332=AXIS2_PLACEMENT_3D('',#15110,#12271,#12272);
#10333=AXIS2_PLACEMENT_3D('',#15114,#12275,#12276);
#10334=AXIS2_PLACEMENT_3D('',#15118,#12279,#12280);
#10335=AXIS2_PLACEMENT_3D('',#15120,#12282,#12283);
#10336=AXIS2_PLACEMENT_3D('',#15126,#12287,#12288);
#10337=AXIS2_PLACEMENT_3D('',#15130,#12291,#12292);
#10338=AXIS2_PLACEMENT_3D('',#15134,#12295,#12296);
#10339=AXIS2_PLACEMENT_3D('',#15136,#12298,#12299);
#10340=AXIS2_PLACEMENT_3D('',#15142,#12303,#12304);
#10341=AXIS2_PLACEMENT_3D('',#15146,#12307,#12308);
#10342=AXIS2_PLACEMENT_3D('',#15150,#12311,#12312);
#10343=AXIS2_PLACEMENT_3D('',#15152,#12314,#12315);
#10344=AXIS2_PLACEMENT_3D('',#15158,#12319,#12320);
#10345=AXIS2_PLACEMENT_3D('',#15162,#12323,#12324);
#10346=AXIS2_PLACEMENT_3D('',#15166,#12327,#12328);
#10347=AXIS2_PLACEMENT_3D('',#15168,#12330,#12331);
#10348=AXIS2_PLACEMENT_3D('',#15174,#12335,#12336);
#10349=AXIS2_PLACEMENT_3D('',#15178,#12339,#12340);
#10350=AXIS2_PLACEMENT_3D('',#15182,#12343,#12344);
#10351=AXIS2_PLACEMENT_3D('',#15184,#12346,#12347);
#10352=AXIS2_PLACEMENT_3D('',#15190,#12351,#12352);
#10353=AXIS2_PLACEMENT_3D('',#15194,#12355,#12356);
#10354=AXIS2_PLACEMENT_3D('',#15198,#12359,#12360);
#10355=AXIS2_PLACEMENT_3D('',#15200,#12362,#12363);
#10356=AXIS2_PLACEMENT_3D('',#15206,#12367,#12368);
#10357=AXIS2_PLACEMENT_3D('',#15210,#12371,#12372);
#10358=AXIS2_PLACEMENT_3D('',#15214,#12375,#12376);
#10359=AXIS2_PLACEMENT_3D('',#15216,#12378,#12379);
#10360=AXIS2_PLACEMENT_3D('',#15220,#12382,#12383);
#10361=AXIS2_PLACEMENT_3D('',#15224,#12386,#12387);
#10362=AXIS2_PLACEMENT_3D('',#15226,#12389,#12390);
#10363=AXIS2_PLACEMENT_3D('',#15230,#12393,#12394);
#10364=AXIS2_PLACEMENT_3D('',#15232,#12396,#12397);
#10365=AXIS2_PLACEMENT_3D('',#15235,#12399,#12400);
#10366=AXIS2_PLACEMENT_3D('',#15236,#12401,#12402);
#10367=AXIS2_PLACEMENT_3D('',#15239,#12404,#12405);
#10368=AXIS2_PLACEMENT_3D('',#15240,#12406,#12407);
#10369=AXIS2_PLACEMENT_3D('',#15246,#12411,#12412);
#10370=AXIS2_PLACEMENT_3D('',#15250,#12415,#12416);
#10371=AXIS2_PLACEMENT_3D('',#15254,#12419,#12420);
#10372=AXIS2_PLACEMENT_3D('',#15256,#12422,#12423);
#10373=AXIS2_PLACEMENT_3D('',#15262,#12427,#12428);
#10374=AXIS2_PLACEMENT_3D('',#15266,#12431,#12432);
#10375=AXIS2_PLACEMENT_3D('',#15270,#12435,#12436);
#10376=AXIS2_PLACEMENT_3D('',#15272,#12438,#12439);
#10377=AXIS2_PLACEMENT_3D('',#15278,#12443,#12444);
#10378=AXIS2_PLACEMENT_3D('',#15282,#12447,#12448);
#10379=AXIS2_PLACEMENT_3D('',#15286,#12451,#12452);
#10380=AXIS2_PLACEMENT_3D('',#15288,#12454,#12455);
#10381=AXIS2_PLACEMENT_3D('',#15291,#12457,#12458);
#10382=AXIS2_PLACEMENT_3D('',#15292,#12459,#12460);
#10383=AXIS2_PLACEMENT_3D('',#15296,#12463,#12464);
#10384=AXIS2_PLACEMENT_3D('',#15300,#12467,#12468);
#10385=AXIS2_PLACEMENT_3D('',#15304,#12471,#12472);
#10386=AXIS2_PLACEMENT_3D('',#15308,#12475,#12476);
#10387=AXIS2_PLACEMENT_3D('',#15310,#12477,#12478);
#10388=AXIS2_PLACEMENT_3D('',#15312,#12480,#12481);
#10389=AXIS2_PLACEMENT_3D('',#15314,#12483,#12484);
#10390=AXIS2_PLACEMENT_3D('',#15316,#12485,#12486);
#10391=AXIS2_PLACEMENT_3D('',#15318,#12488,#12489);
#10392=AXIS2_PLACEMENT_3D('',#15320,#12491,#12492);
#10393=AXIS2_PLACEMENT_3D('',#15322,#12494,#12495);
#10394=AXIS2_PLACEMENT_3D('',#15324,#12496,#12497);
#10395=AXIS2_PLACEMENT_3D('',#15326,#12499,#12500);
#10396=AXIS2_PLACEMENT_3D('',#15330,#12503,#12504);
#10397=AXIS2_PLACEMENT_3D('',#15332,#12505,#12506);
#10398=AXIS2_PLACEMENT_3D('',#15334,#12508,#12509);
#10399=AXIS2_PLACEMENT_3D('',#15338,#12512,#12513);
#10400=AXIS2_PLACEMENT_3D('',#15342,#12516,#12517);
#10401=AXIS2_PLACEMENT_3D('',#15344,#12519,#12520);
#10402=AXIS2_PLACEMENT_3D('',#15348,#12523,#12524);
#10403=AXIS2_PLACEMENT_3D('',#15350,#12526,#12527);
#10404=AXIS2_PLACEMENT_3D('',#15351,#12528,#12529);
#10405=AXIS2_PLACEMENT_3D('',#15360,#12534,#12535);
#10406=AXIS2_PLACEMENT_3D('',#15366,#12539,#12540);
#10407=AXIS2_PLACEMENT_3D('',#15376,#12545,#12546);
#10408=AXIS2_PLACEMENT_3D('',#15380,#12548,#12549);
#10409=AXIS2_PLACEMENT_3D('',#15384,#12551,#12552);
#10410=AXIS2_PLACEMENT_3D('',#15387,#12554,#12555);
#10411=AXIS2_PLACEMENT_3D('',#15388,#12556,#12557);
#10412=AXIS2_PLACEMENT_3D('',#15394,#12561,#12562);
#10413=AXIS2_PLACEMENT_3D('',#15400,#12566,#12567);
#10414=AXIS2_PLACEMENT_3D('',#15405,#12569,#12570);
#10415=AXIS2_PLACEMENT_3D('',#15408,#12572,#12573);
#10416=AXIS2_PLACEMENT_3D('',#15409,#12574,#12575);
#10417=AXIS2_PLACEMENT_3D('',#15415,#12579,#12580);
#10418=AXIS2_PLACEMENT_3D('',#15419,#12582,#12583);
#10419=AXIS2_PLACEMENT_3D('',#15420,#12584,#12585);
#10420=AXIS2_PLACEMENT_3D('',#15421,#12586,#12587);
#10421=AXIS2_PLACEMENT_3D('',#15427,#12591,#12592);
#10422=AXIS2_PLACEMENT_3D('',#15431,#12594,#12595);
#10423=AXIS2_PLACEMENT_3D('',#15432,#12596,#12597);
#10424=AXIS2_PLACEMENT_3D('',#15433,#12598,#12599);
#10425=AXIS2_PLACEMENT_3D('',#15439,#12603,#12604);
#10426=AXIS2_PLACEMENT_3D('',#15443,#12606,#12607);
#10427=AXIS2_PLACEMENT_3D('',#15444,#12608,#12609);
#10428=AXIS2_PLACEMENT_3D('',#15445,#12610,#12611);
#10429=AXIS2_PLACEMENT_3D('',#15448,#12614,#12615);
#10430=AXIS2_PLACEMENT_3D('',#15451,#12618,#12619);
#10431=AXIS2_PLACEMENT_3D('',#15453,#12621,#12622);
#10432=AXIS2_PLACEMENT_3D('',#15455,#12624,#12625);
#10433=AXIS2_PLACEMENT_3D('',#15457,#12627,#12628);
#10434=AXIS2_PLACEMENT_3D('',#15462,#12630,#12631);
#10435=AXIS2_PLACEMENT_3D('',#15466,#12633,#12634);
#10436=AXIS2_PLACEMENT_3D('',#15470,#12636,#12637);
#10437=AXIS2_PLACEMENT_3D('',#15473,#12639,#12640);
#10438=AXIS2_PLACEMENT_3D('',#15478,#12642,#12643);
#10439=AXIS2_PLACEMENT_3D('',#15482,#12645,#12646);
#10440=AXIS2_PLACEMENT_3D('',#15486,#12648,#12649);
#10441=AXIS2_PLACEMENT_3D('',#15490,#12651,#12652);
#10442=AXIS2_PLACEMENT_3D('',#15494,#12654,#12655);
#10443=AXIS2_PLACEMENT_3D('',#15498,#12657,#12658);
#10444=AXIS2_PLACEMENT_3D('',#15502,#12660,#12661);
#10445=AXIS2_PLACEMENT_3D('',#15505,#12663,#12664);
#10446=AXIS2_PLACEMENT_3D('',#15507,#12665,#12666);
#10447=AXIS2_PLACEMENT_3D('',#15508,#12667,#12668);
#10448=AXIS2_PLACEMENT_3D('',#15514,#12672,#12673);
#10449=AXIS2_PLACEMENT_3D('',#15516,#12674,#12675);
#10450=AXIS2_PLACEMENT_3D('',#15518,#12677,#12678);
#10451=AXIS2_PLACEMENT_3D('',#15522,#12681,#12682);
#10452=AXIS2_PLACEMENT_3D('',#15524,#12683,#12684);
#10453=AXIS2_PLACEMENT_3D('',#15526,#12686,#12687);
#10454=AXIS2_PLACEMENT_3D('',#15530,#12690,#12691);
#10455=AXIS2_PLACEMENT_3D('',#15532,#12692,#12693);
#10456=AXIS2_PLACEMENT_3D('',#15534,#12695,#12696);
#10457=AXIS2_PLACEMENT_3D('',#15538,#12699,#12700);
#10458=AXIS2_PLACEMENT_3D('',#15540,#12701,#12702);
#10459=AXIS2_PLACEMENT_3D('',#15542,#12704,#12705);
#10460=AXIS2_PLACEMENT_3D('',#15546,#12708,#12709);
#10461=AXIS2_PLACEMENT_3D('',#15548,#12710,#12711);
#10462=AXIS2_PLACEMENT_3D('',#15550,#12713,#12714);
#10463=AXIS2_PLACEMENT_3D('',#15554,#12717,#12718);
#10464=AXIS2_PLACEMENT_3D('',#15556,#12719,#12720);
#10465=AXIS2_PLACEMENT_3D('',#15558,#12722,#12723);
#10466=AXIS2_PLACEMENT_3D('',#15562,#12726,#12727);
#10467=AXIS2_PLACEMENT_3D('',#15564,#12728,#12729);
#10468=AXIS2_PLACEMENT_3D('',#15566,#12731,#12732);
#10469=AXIS2_PLACEMENT_3D('',#15570,#12735,#12736);
#10470=AXIS2_PLACEMENT_3D('',#15571,#12737,#12738);
#10471=AXIS2_PLACEMENT_3D('',#15572,#12739,#12740);
#10472=AXIS2_PLACEMENT_3D('',#15576,#12742,#12743);
#10473=AXIS2_PLACEMENT_3D('',#15578,#12745,#12746);
#10474=AXIS2_PLACEMENT_3D('',#15582,#12749,#12750);
#10475=AXIS2_PLACEMENT_3D('',#15585,#12752,#12753);
#10476=AXIS2_PLACEMENT_3D('',#15586,#12754,#12755);
#10477=AXIS2_PLACEMENT_3D('',#15590,#12758,#12759);
#10478=AXIS2_PLACEMENT_3D('',#15593,#12761,#12762);
#10479=AXIS2_PLACEMENT_3D('',#15594,#12763,#12764);
#10480=AXIS2_PLACEMENT_3D('',#15598,#12767,#12768);
#10481=AXIS2_PLACEMENT_3D('',#15601,#12770,#12771);
#10482=AXIS2_PLACEMENT_3D('',#15602,#12772,#12773);
#10483=AXIS2_PLACEMENT_3D('',#15606,#12776,#12777);
#10484=AXIS2_PLACEMENT_3D('',#15610,#12780,#12781);
#10485=AXIS2_PLACEMENT_3D('',#15614,#12784,#12785);
#10486=AXIS2_PLACEMENT_3D('',#15618,#12788,#12789);
#10487=AXIS2_PLACEMENT_3D('',#15620,#12791,#12792);
#10488=AXIS2_PLACEMENT_3D('',#15624,#12795,#12796);
#10489=AXIS2_PLACEMENT_3D('',#15626,#12798,#12799);
#10490=AXIS2_PLACEMENT_3D('',#15628,#12801,#12802);
#10491=AXIS2_PLACEMENT_3D('',#15630,#12804,#12805);
#10492=AXIS2_PLACEMENT_3D('',#15631,#12806,#12807);
#10493=AXIS2_PLACEMENT_3D('',#15635,#12809,#12810);
#10494=AXIS2_PLACEMENT_3D('',#15637,#12812,#12813);
#10495=AXIS2_PLACEMENT_3D('',#15642,#12815,#12816);
#10496=AXIS2_PLACEMENT_3D('',#15646,#12818,#12819);
#10497=AXIS2_PLACEMENT_3D('',#15650,#12821,#12822);
#10498=AXIS2_PLACEMENT_3D('',#15653,#12824,#12825);
#10499=AXIS2_PLACEMENT_3D('',#15661,#12829,#12830);
#10500=AXIS2_PLACEMENT_3D('',#15665,#12832,#12833);
#10501=AXIS2_PLACEMENT_3D('',#15669,#12835,#12836);
#10502=AXIS2_PLACEMENT_3D('',#15672,#12838,#12839);
#10503=AXIS2_PLACEMENT_3D('',#15674,#12840,#12841);
#10504=AXIS2_PLACEMENT_3D('',#15677,#12843,#12844);
#10505=AXIS2_PLACEMENT_3D('',#15679,#12845,#12846);
#10506=AXIS2_PLACEMENT_3D('',#15683,#12848,#12849);
#10507=AXIS2_PLACEMENT_3D('',#15686,#12851,#12852);
#10508=AXIS2_PLACEMENT_3D('',#15688,#12853,#12854);
#10509=AXIS2_PLACEMENT_3D('',#15690,#12855,#12856);
#10510=AXIS2_PLACEMENT_3D('',#15692,#12857,#12858);
#10511=AXIS2_PLACEMENT_3D('',#15693,#12859,#12860);
#10512=AXIS2_PLACEMENT_3D('',#15695,#12862,#12863);
#10513=AXIS2_PLACEMENT_3D('',#15696,#12864,#12865);
#10514=AXIS2_PLACEMENT_3D('',#15698,#12867,#12868);
#10515=AXIS2_PLACEMENT_3D('',#15701,#12871,#12872);
#10516=AXIS2_PLACEMENT_3D('',#15702,#12873,#12874);
#10517=AXIS2_PLACEMENT_3D('',#15708,#12878,#12879);
#10518=AXIS2_PLACEMENT_3D('',#15711,#12881,#12882);
#10519=AXIS2_PLACEMENT_3D('',#15712,#12883,#12884);
#10520=AXIS2_PLACEMENT_3D('',#15716,#12887,#12888);
#10521=AXIS2_PLACEMENT_3D('',#15719,#12890,#12891);
#10522=AXIS2_PLACEMENT_3D('',#15720,#12892,#12893);
#10523=AXIS2_PLACEMENT_3D('',#15724,#12896,#12897);
#10524=AXIS2_PLACEMENT_3D('',#15727,#12899,#12900);
#10525=AXIS2_PLACEMENT_3D('',#15728,#12901,#12902);
#10526=AXIS2_PLACEMENT_3D('',#15732,#12905,#12906);
#10527=AXIS2_PLACEMENT_3D('',#15733,#12907,#12908);
#10528=AXIS2_PLACEMENT_3D('',#15734,#12909,#12910);
#10529=AXIS2_PLACEMENT_3D('',#15738,#12912,#12913);
#10530=AXIS2_PLACEMENT_3D('',#15740,#12915,#12916);
#10531=AXIS2_PLACEMENT_3D('',#15748,#12920,#12921);
#10532=AXIS2_PLACEMENT_3D('',#15751,#12923,#12924);
#10533=AXIS2_PLACEMENT_3D('',#15756,#12926,#12927);
#10534=AXIS2_PLACEMENT_3D('',#15760,#12929,#12930);
#10535=AXIS2_PLACEMENT_3D('',#15764,#12932,#12933);
#10536=AXIS2_PLACEMENT_3D('',#15767,#12935,#12936);
#10537=AXIS2_PLACEMENT_3D('',#15768,#12937,#12938);
#10538=AXIS2_PLACEMENT_3D('',#15771,#12940,#12941);
#10539=AXIS2_PLACEMENT_3D('',#15772,#12942,#12943);
#10540=AXIS2_PLACEMENT_3D('',#15776,#12946,#12947);
#10541=AXIS2_PLACEMENT_3D('',#15782,#12951,#12952);
#10542=AXIS2_PLACEMENT_3D('',#15784,#12953,#12954);
#10543=AXIS2_PLACEMENT_3D('',#15786,#12956,#12957);
#10544=AXIS2_PLACEMENT_3D('',#15790,#12960,#12961);
#10545=AXIS2_PLACEMENT_3D('',#15792,#12962,#12963);
#10546=AXIS2_PLACEMENT_3D('',#15794,#12965,#12966);
#10547=AXIS2_PLACEMENT_3D('',#15798,#12969,#12970);
#10548=AXIS2_PLACEMENT_3D('',#15800,#12971,#12972);
#10549=AXIS2_PLACEMENT_3D('',#15802,#12974,#12975);
#10550=AXIS2_PLACEMENT_3D('',#15806,#12978,#12979);
#10551=AXIS2_PLACEMENT_3D('',#15807,#12980,#12981);
#10552=AXIS2_PLACEMENT_3D('',#15808,#12982,#12983);
#10553=AXIS2_PLACEMENT_3D('',#15811,#12985,#12986);
#10554=AXIS2_PLACEMENT_3D('',#15812,#12987,#12988);
#10555=AXIS2_PLACEMENT_3D('',#15814,#12989,#12990);
#10556=AXIS2_PLACEMENT_3D('',#15815,#12991,#12992);
#10557=AXIS2_PLACEMENT_3D('',#15817,#12993,#12994);
#10558=AXIS2_PLACEMENT_3D('',#15819,#12996,#12997);
#10559=AXIS2_PLACEMENT_3D('',#15821,#12998,#12999);
#10560=AXIS2_PLACEMENT_3D('',#15823,#13001,#13002);
#10561=AXIS2_PLACEMENT_3D('',#15824,#13003,#13004);
#10562=AXIS2_PLACEMENT_3D('',#15827,#13005,#13006);
#10563=AXIS2_PLACEMENT_3D('',#15830,#13009,#13010);
#10564=AXIS2_PLACEMENT_3D('',#15834,#13013,#13014);
#10565=AXIS2_PLACEMENT_3D('',#15836,#13015,#13016);
#10566=AXIS2_PLACEMENT_3D('',#15838,#13018,#13019);
#10567=AXIS2_PLACEMENT_3D('',#15842,#13022,#13023);
#10568=AXIS2_PLACEMENT_3D('',#15846,#13026,#13027);
#10569=AXIS2_PLACEMENT_3D('',#15848,#13028,#13029);
#10570=AXIS2_PLACEMENT_3D('',#15850,#13031,#13032);
#10571=AXIS2_PLACEMENT_3D('',#15854,#13035,#13036);
#10572=AXIS2_PLACEMENT_3D('',#15855,#13037,#13038);
#10573=AXIS2_PLACEMENT_3D('',#15856,#13039,#13040);
#10574=AXIS2_PLACEMENT_3D('',#15862,#13044,#13045);
#10575=AXIS2_PLACEMENT_3D('',#15864,#13046,#13047);
#10576=AXIS2_PLACEMENT_3D('',#15866,#13049,#13050);
#10577=AXIS2_PLACEMENT_3D('',#15870,#13053,#13054);
#10578=AXIS2_PLACEMENT_3D('',#15871,#13055,#13056);
#10579=AXIS2_PLACEMENT_3D('',#15872,#13057,#13058);
#10580=AXIS2_PLACEMENT_3D('',#15878,#13062,#13063);
#10581=AXIS2_PLACEMENT_3D('',#15881,#13065,#13066);
#10582=AXIS2_PLACEMENT_3D('',#15882,#13067,#13068);
#10583=AXIS2_PLACEMENT_3D('',#15883,#13069,#13070);
#10584=AXIS2_PLACEMENT_3D('',#15886,#13072,#13073);
#10585=AXIS2_PLACEMENT_3D('',#15887,#13074,#13075);
#10586=AXIS2_PLACEMENT_3D('',#15888,#13076,#13077);
#10587=AXIS2_PLACEMENT_3D('',#15891,#13079,#13080);
#10588=AXIS2_PLACEMENT_3D('',#15892,#13081,#13082);
#10589=AXIS2_PLACEMENT_3D('',#15893,#13083,#13084);
#10590=AXIS2_PLACEMENT_3D('',#15896,#13086,#13087);
#10591=AXIS2_PLACEMENT_3D('',#15897,#13088,#13089);
#10592=AXIS2_PLACEMENT_3D('',#15898,#13090,#13091);
#10593=AXIS2_PLACEMENT_3D('',#15900,#13093,#13094);
#10594=AXIS2_PLACEMENT_3D('',#15901,#13095,#13096);
#10595=AXIS2_PLACEMENT_3D('',#15902,#13097,#13098);
#10596=AXIS2_PLACEMENT_3D('',#15904,#13099,#13100);
#10597=AXIS2_PLACEMENT_3D('',#15906,#13102,#13103);
#10598=AXIS2_PLACEMENT_3D('',#15910,#13106,#13107);
#10599=AXIS2_PLACEMENT_3D('',#15912,#13108,#13109);
#10600=AXIS2_PLACEMENT_3D('',#15914,#13111,#13112);
#10601=AXIS2_PLACEMENT_3D('',#15918,#13115,#13116);
#10602=AXIS2_PLACEMENT_3D('',#15920,#13117,#13118);
#10603=AXIS2_PLACEMENT_3D('',#15922,#13120,#13121);
#10604=AXIS2_PLACEMENT_3D('',#15926,#13124,#13125);
#10605=AXIS2_PLACEMENT_3D('',#15927,#13126,#13127);
#10606=AXIS2_PLACEMENT_3D('',#15928,#13128,#13129);
#10607=AXIS2_PLACEMENT_3D('',#15932,#13132,#13133);
#10608=AXIS2_PLACEMENT_3D('',#15934,#13134,#13135);
#10609=AXIS2_PLACEMENT_3D('',#15936,#13137,#13138);
#10610=AXIS2_PLACEMENT_3D('',#15940,#13141,#13142);
#10611=AXIS2_PLACEMENT_3D('',#15941,#13143,#13144);
#10612=AXIS2_PLACEMENT_3D('',#15942,#13145,#13146);
#10613=AXIS2_PLACEMENT_3D('',#15943,#13147,#13148);
#10614=AXIS2_PLACEMENT_3D('',#15948,#13150,#13151);
#10615=AXIS2_PLACEMENT_3D('',#15951,#13153,#13154);
#10616=AXIS2_PLACEMENT_3D('',#15952,#13155,#13156);
#10617=AXIS2_PLACEMENT_3D('',#15958,#13160,#13161);
#10618=AXIS2_PLACEMENT_3D('',#15962,#13163,#13164);
#10619=AXIS2_PLACEMENT_3D('',#15963,#13165,#13166);
#10620=AXIS2_PLACEMENT_3D('',#15964,#13167,#13168);
#10621=AXIS2_PLACEMENT_3D('',#15967,#13171,#13172);
#10622=AXIS2_PLACEMENT_3D('',#15973,#13176,#13177);
#10623=AXIS2_PLACEMENT_3D('',#15976,#13179,#13180);
#10624=AXIS2_PLACEMENT_3D('',#15977,#13181,#13182);
#10625=AXIS2_PLACEMENT_3D('',#15978,#13183,#13184);
#10626=AXIS2_PLACEMENT_3D('',#15982,#13187,#13188);
#10627=AXIS2_PLACEMENT_3D('',#15983,#13189,#13190);
#10628=AXIS2_PLACEMENT_3D('',#15984,#13191,#13192);
#10629=AXIS2_PLACEMENT_3D('',#15993,#13197,#13198);
#10630=AXIS2_PLACEMENT_3D('',#16002,#13203,#13204);
#10631=AXIS2_PLACEMENT_3D('',#16005,#13207,#13208);
#10632=AXIS2_PLACEMENT_3D('',#16008,#13211,#13212);
#10633=AXIS2_PLACEMENT_3D('',#16014,#13216,#13217);
#10634=AXIS2_PLACEMENT_3D('',#16018,#13220,#13221);
#10635=AXIS2_PLACEMENT_3D('',#16019,#13222,#13223);
#10636=AXIS2_PLACEMENT_3D('',#16023,#13226,#13227);
#10637=AXIS2_PLACEMENT_3D('',#16025,#13229,#13230);
#10638=AXIS2_PLACEMENT_3D('',#16026,#13231,#13232);
#10639=AXIS2_PLACEMENT_3D('',#16029,#13233,#13234);
#10640=AXIS2_PLACEMENT_3D('',#16030,#13235,#13236);
#10641=AXIS2_PLACEMENT_3D('',#16033,#13238,#13239);
#10642=AXIS2_PLACEMENT_3D('',#16034,#13240,#13241);
#10643=AXIS2_PLACEMENT_3D('',#16035,#13242,#13243);
#10644=AXIS2_PLACEMENT_3D('',#16037,#13244,#13245);
#10645=AXIS2_PLACEMENT_3D('',#16039,#13247,#13248);
#10646=AXIS2_PLACEMENT_3D('',#16051,#13252,#13253);
#10647=AXIS2_PLACEMENT_3D('',#16054,#13254,#13255);
#10648=AXIS2_PLACEMENT_3D('',#16061,#13256,#13257);
#10649=AXIS2_PLACEMENT_3D('',#16066,#13258,#13259);
#10650=AXIS2_PLACEMENT_3D('',#16068,#13260,#13261);
#10651=AXIS2_PLACEMENT_3D('',#16074,#13262,#13263);
#10652=AXIS2_PLACEMENT_3D('',#16075,#13264,#13265);
#10653=AXIS2_PLACEMENT_3D('',#16084,#13270,#13271);
#10654=AXIS2_PLACEMENT_3D('',#16087,#13274,#13275);
#10655=AXIS2_PLACEMENT_3D('',#16090,#13278,#13279);
#10656=AXIS2_PLACEMENT_3D('',#16096,#13283,#13284);
#10657=AXIS2_PLACEMENT_3D('',#16099,#13287,#13288);
#10658=AXIS2_PLACEMENT_3D('',#16103,#13290,#13291);
#10659=AXIS2_PLACEMENT_3D('',#16105,#13293,#13294);
#10660=AXIS2_PLACEMENT_3D('',#16110,#13297,#13298);
#10661=AXIS2_PLACEMENT_3D('',#16112,#13300,#13301);
#10662=AXIS2_PLACEMENT_3D('',#16116,#13304,#13305);
#10663=AXIS2_PLACEMENT_3D('',#16118,#13306,#13307);
#10664=AXIS2_PLACEMENT_3D('',#16119,#13308,#13309);
#10665=AXIS2_PLACEMENT_3D('',#16122,#13310,#13311);
#10666=AXIS2_PLACEMENT_3D('',#16123,#13312,#13313);
#10667=AXIS2_PLACEMENT_3D('',#16126,#13315,#13316);
#10668=AXIS2_PLACEMENT_3D('',#16127,#13317,#13318);
#10669=AXIS2_PLACEMENT_3D('',#16128,#13319,#13320);
#10670=AXIS2_PLACEMENT_3D('',#16131,#13322,#13323);
#10671=AXIS2_PLACEMENT_3D('',#16132,#13324,#13325);
#10672=AXIS2_PLACEMENT_3D('',#16135,#13327,#13328);
#10673=AXIS2_PLACEMENT_3D('',#16141,#13332,#13333);
#10674=AXIS2_PLACEMENT_3D('',#16143,#13335,#13336);
#10675=AXIS2_PLACEMENT_3D('',#16144,#13337,#13338);
#10676=AXIS2_PLACEMENT_3D('',#16145,#13339,#13340);
#10677=AXIS2_PLACEMENT_3D('',#16146,#13341,#13342);
#10678=AXIS2_PLACEMENT_3D('',#16147,#13343,#13344);
#10679=AXIS2_PLACEMENT_3D('',#16148,#13345,#13346);
#10680=AXIS2_PLACEMENT_3D('',#16150,#13347,#13348);
#10681=AXIS2_PLACEMENT_3D('',#16152,#13349,#13350);
#10682=AXIS2_PLACEMENT_3D('',#16153,#13351,#13352);
#10683=AXIS2_PLACEMENT_3D('',#16155,#13354,#13355);
#10684=AXIS2_PLACEMENT_3D('',#16157,#13356,#13357);
#10685=AXIS2_PLACEMENT_3D('',#16158,#13358,#13359);
#10686=DIRECTION('axis',(0.,0.,1.));
#10687=DIRECTION('refdir',(1.,0.,0.));
#10688=DIRECTION('center_axis',(-3.18832842975344E-15,-0.969785348458386,
0.243959787496724));
#10689=DIRECTION('ref_axis',(0.,-0.243959787496724,-0.969785348458386));
#10690=DIRECTION('',(-2.5136869898982E-17,0.243959787496724,0.969785348458386));
#10691=DIRECTION('',(1.,-3.2664876945643E-15,8.41799497207921E-17));
#10692=DIRECTION('',(-5.41689525066775E-16,-0.243959787496724,-0.969785348458386));
#10693=DIRECTION('',(-1.,3.2664876945643E-15,-8.41799497207921E-17));
#10694=DIRECTION('center_axis',(-1.,-1.03036939640389E-16,0.));
#10695=DIRECTION('ref_axis',(-1.03036939640389E-16,1.,0.));
#10696=DIRECTION('',(0.,0.,-1.));
#10697=DIRECTION('',(-1.03036939640389E-16,1.,1.13895120371149E-17));
#10698=DIRECTION('',(0.,0.,-1.));
#10699=DIRECTION('',(1.03036939640389E-16,-1.,0.));
#10700=DIRECTION('',(0.,0.,-1.));
#10701=DIRECTION('',(-1.03001631454579E-16,0.999657324975557,-0.0261769483078732));
#10702=DIRECTION('center_axis',(3.2664876945643E-15,1.,0.));
#10703=DIRECTION('ref_axis',(1.,-3.2664876945643E-15,0.));
#10704=DIRECTION('',(0.,0.,-1.));
#10705=DIRECTION('',(1.,-3.2664876945643E-15,-1.04287656862662E-18));
#10706=DIRECTION('center_axis',(0.,0.,-1.));
#10707=DIRECTION('ref_axis',(0.707106781186549,-0.707106781186546,0.));
#10708=DIRECTION('center_axis',(0.,0.,1.));
#10709=DIRECTION('ref_axis',(0.707106781186549,-0.707106781186546,0.));
#10710=DIRECTION('',(0.,0.,1.));
#10711=DIRECTION('center_axis',(1.04287656862659E-18,-1.13895120371149E-17,
1.));
#10712=DIRECTION('ref_axis',(0.707106781186549,-0.707106781186546,0.));
#10713=DIRECTION('',(0.,0.,-1.));
#10714=DIRECTION('center_axis',(0.,-1.,0.));
#10715=DIRECTION('ref_axis',(-1.,0.,0.));
#10716=DIRECTION('',(-1.,0.,0.));
#10717=DIRECTION('',(0.,0.,-1.));
#10718=DIRECTION('',(-1.,0.,1.04287656862659E-18));
#10719=DIRECTION('center_axis',(0.,0.,-1.));
#10720=DIRECTION('ref_axis',(-0.707106781186549,-0.707106781186546,0.));
#10721=DIRECTION('center_axis',(0.,0.,1.));
#10722=DIRECTION('ref_axis',(-0.707106781186549,-0.707106781186546,0.));
#10723=DIRECTION('',(0.,0.,1.));
#10724=DIRECTION('center_axis',(1.04287656862659E-18,-1.13895120371149E-17,
1.));
#10725=DIRECTION('ref_axis',(-0.707106781186549,-0.707106781186546,0.));
#10726=DIRECTION('center_axis',(-1.,0.,0.));
#10727=DIRECTION('ref_axis',(0.,1.,0.));
#10728=DIRECTION('',(0.,1.,0.));
#10729=DIRECTION('',(0.,0.,-1.));
#10730=DIRECTION('',(0.,1.,1.13895120371149E-17));
#10731=DIRECTION('center_axis',(0.,0.,-1.));
#10732=DIRECTION('ref_axis',(-0.707106781186548,0.707106781186547,0.));
#10733=DIRECTION('center_axis',(0.,0.,1.));
#10734=DIRECTION('ref_axis',(-0.707106781186548,0.707106781186547,0.));
#10735=DIRECTION('',(0.,0.,1.));
#10736=DIRECTION('center_axis',(1.04287656862659E-18,-1.13895120371149E-17,
1.));
#10737=DIRECTION('ref_axis',(-0.707106781186548,0.707106781186547,0.));
#10738=DIRECTION('center_axis',(3.2664876945643E-15,1.,0.));
#10739=DIRECTION('ref_axis',(1.,-3.2664876945643E-15,0.));
#10740=DIRECTION('',(1.,-3.2664876945643E-15,0.));
#10741=DIRECTION('',(0.,0.,-1.));
#10742=DIRECTION('',(1.,-3.2664876945643E-15,-1.04287656862662E-18));
#10743=DIRECTION('center_axis',(0.,0.,-1.));
#10744=DIRECTION('ref_axis',(0.707106781186547,0.707106781186548,0.));
#10745=DIRECTION('center_axis',(0.,0.,1.));
#10746=DIRECTION('ref_axis',(0.707106781186547,0.707106781186548,0.));
#10747=DIRECTION('',(0.,0.,1.));
#10748=DIRECTION('center_axis',(1.04287656862659E-18,-1.13895120371149E-17,
1.));
#10749=DIRECTION('ref_axis',(0.707106781186547,0.707106781186548,0.));
#10750=DIRECTION('center_axis',(0.,0.,-1.));
#10751=DIRECTION('ref_axis',(-1.,0.,0.));
#10752=DIRECTION('',(0.,-1.,0.));
#10753=DIRECTION('center_axis',(0.,0.,-1.));
#10754=DIRECTION('ref_axis',(0.707106781186548,0.707106781186548,0.));
#10755=DIRECTION('center_axis',(1.35557617444958E-18,0.0261769483078732,
0.999657324975557));
#10756=DIRECTION('ref_axis',(9.24868815769213E-17,0.999657324975557,-0.0261769483078732));
#10757=DIRECTION('',(0.,0.,1.));
#10758=DIRECTION('center_axis',(1.04287656862659E-18,-1.13895120371149E-17,
1.));
#10759=DIRECTION('ref_axis',(0.707106781186548,0.707106781186548,0.));
#10760=DIRECTION('',(0.,0.,-1.));
#10761=DIRECTION('center_axis',(0.,0.,-1.));
#10762=DIRECTION('ref_axis',(0.707106781186548,-0.707106781186547,0.));
#10763=DIRECTION('center_axis',(1.35557617444958E-18,0.0261769483078732,
0.999657324975557));
#10764=DIRECTION('ref_axis',(1.38730322365382E-15,-0.999657324975557,0.0261769483078732));
#10765=DIRECTION('',(0.,0.,1.));
#10766=DIRECTION('center_axis',(1.04287656862659E-18,-1.13895120371149E-17,
1.));
#10767=DIRECTION('ref_axis',(0.707106781186548,-0.707106781186547,0.));
#10768=DIRECTION('',(0.,0.,-1.));
#10769=DIRECTION('center_axis',(1.,-1.70424714329259E-16,0.));
#10770=DIRECTION('ref_axis',(-1.70424714329259E-16,-1.,0.));
#10771=DIRECTION('',(-1.7036631403611E-16,-0.999657324975557,0.0261769483078732));
#10772=DIRECTION('',(-1.70424714329259E-16,-1.,-1.13895120371149E-17));
#10773=DIRECTION('center_axis',(0.,0.,-1.));
#10774=DIRECTION('ref_axis',(-0.70710678118655,-0.707106781186545,0.));
#10775=DIRECTION('center_axis',(1.35557617444958E-18,0.0261769483078732,
0.999657324975557));
#10776=DIRECTION('ref_axis',(-3.0520670920384E-15,-0.999657324975557,0.0261769483078732));
#10777=DIRECTION('',(0.,0.,1.));
#10778=DIRECTION('center_axis',(1.04287656862659E-18,-1.13895120371149E-17,
1.));
#10779=DIRECTION('ref_axis',(-0.70710678118655,-0.707106781186545,0.));
#10780=DIRECTION('',(0.,0.,-1.));
#10781=DIRECTION('center_axis',(0.,-1.,0.));
#10782=DIRECTION('ref_axis',(-1.,0.,0.));
#10783=DIRECTION('',(-1.,0.,1.35604085578298E-18));
#10784=DIRECTION('',(-1.,0.,1.04287656862659E-18));
#10785=DIRECTION('center_axis',(0.,0.,-1.));
#10786=DIRECTION('ref_axis',(0.707106781186557,0.707106781186538,0.));
#10787=DIRECTION('center_axis',(0.,0.,1.));
#10788=DIRECTION('ref_axis',(0.707106781186557,0.707106781186538,0.));
#10789=DIRECTION('',(0.,0.,1.));
#10790=DIRECTION('center_axis',(1.04287656862659E-18,-1.13895120371149E-17,
1.));
#10791=DIRECTION('ref_axis',(0.707106781186557,0.707106781186538,0.));
#10792=DIRECTION('',(0.,0.,-1.));
#10793=DIRECTION('center_axis',(6.65705511596677E-15,1.,0.));
#10794=DIRECTION('ref_axis',(1.,-6.65705511596677E-15,0.));
#10795=DIRECTION('',(1.,-6.65705511596677E-15,-1.04287656862666E-18));
#10796=DIRECTION('',(0.,0.,-1.));
#10797=DIRECTION('',(1.,-6.65705511596677E-15,0.));
#10798=DIRECTION('center_axis',(0.,0.,-1.));
#10799=DIRECTION('ref_axis',(-0.707106781186547,-0.707106781186548,0.));
#10800=DIRECTION('center_axis',(-1.04287656862659E-18,1.13895120371149E-17,
-1.));
#10801=DIRECTION('ref_axis',(-0.707106781186547,-0.707106781186548,0.));
#10802=DIRECTION('',(0.,0.,-1.));
#10803=DIRECTION('center_axis',(0.,0.,-1.));
#10804=DIRECTION('ref_axis',(-0.707106781186547,-0.707106781186548,0.));
#10805=DIRECTION('',(0.,0.,1.));
#10806=DIRECTION('center_axis',(0.,1.,0.));
#10807=DIRECTION('ref_axis',(1.,0.,0.));
#10808=DIRECTION('',(-1.,0.,0.));
#10809=DIRECTION('',(0.,0.,-1.));
#10810=DIRECTION('',(1.,0.,-1.35604085578298E-18));
#10811=DIRECTION('',(0.,0.,-1.));
#10812=DIRECTION('',(1.,0.,0.));
#10813=DIRECTION('',(1.,0.,-1.04287656862659E-18));
#10814=DIRECTION('center_axis',(0.996375071281952,-9.88493203490219E-16,
0.0850688975353828));
#10815=DIRECTION('ref_axis',(-0.0850688975353827,5.79944752785896E-8,0.99637507128195));
#10816=DIRECTION('',(0.00223494007033411,0.999654828349704,-0.0261768829314244));
#10817=DIRECTION('',(-0.0850688975353827,5.79944752785896E-8,0.99637507128195));
#10818=DIRECTION('',(-9.92089441502404E-16,-1.,0.));
#10819=DIRECTION('',(-0.0850688975353827,5.79944752785896E-8,0.99637507128195));
#10820=DIRECTION('center_axis',(0.,0.,1.));
#10821=DIRECTION('ref_axis',(-2.40612510152099E-7,0.999999999999971,0.));
#10822=DIRECTION('center_axis',(-1.35557617444958E-18,-0.0261769483078732,
-0.999657324975557));
#10823=DIRECTION('ref_axis',(-1.02351787861992E-11,0.999657324975557,-0.0261769483078729));
#10824=DIRECTION('center_axis',(0.,0.,1.));
#10825=DIRECTION('ref_axis',(-0.999999999999903,4.41122847409935E-7,0.));
#10826=DIRECTION('',(0.,0.0850688975354024,0.99637507128195));
#10827=DIRECTION('center_axis',(0.,0.,1.));
#10828=DIRECTION('ref_axis',(0.999999999999903,4.41122847409957E-7,0.));
#10829=DIRECTION('center_axis',(-1.35557617444958E-18,-0.0261769483078732,
-0.999657324975557));
#10830=DIRECTION('ref_axis',(-1.10388064253377E-11,0.999657324975557,-0.026176948307873));
#10831=DIRECTION('',(1.73983596695516E-7,0.0850688975352246,0.99637507128195));
#10832=DIRECTION('center_axis',(0.,0.,1.));
#10833=DIRECTION('ref_axis',(2.4061251015211E-7,0.999999999999971,0.));
#10834=DIRECTION('',(0.0850688975353234,-1.15989121417008E-7,0.99637507128195));
#10835=DIRECTION('center_axis',(-0.996375071281957,-1.81223821383713E-15,
0.0850688975353239));
#10836=DIRECTION('ref_axis',(0.0850688975353234,-1.15989121417007E-7,0.99637507128195));
#10837=DIRECTION('',(0.00223494007033338,-0.999654828349704,0.0261768829314244));
#10838=DIRECTION('',(-1.81883106979762E-15,1.,0.));
#10839=DIRECTION('',(0.0850688975093521,2.10526717076371E-6,0.99637507128195));
#10840=DIRECTION('center_axis',(0.,0.,1.));
#10841=DIRECTION('ref_axis',(-2.61112646051129E-5,-0.999999999659101,0.));
#10842=DIRECTION('center_axis',(-1.35557617444958E-18,-0.0261769483078732,
-0.999657324975557));
#10843=DIRECTION('ref_axis',(-5.45597904424806E-12,0.999657324975557,-0.0261769483078735));
#10844=DIRECTION('center_axis',(0.,0.,1.));
#10845=DIRECTION('ref_axis',(0.999999999659101,2.61112622434222E-5,-1.35745159932231E-22));
#10846=DIRECTION('',(-1.15989030760227E-7,-0.0850688975353234,0.99637507128195));
#10847=DIRECTION('center_axis',(-1.06363574807967E-12,0.996375071281957,
0.085068897535324));
#10848=DIRECTION('ref_axis',(-1.15989030760227E-7,-0.0850688975353234,0.99637507128195));
#10849=DIRECTION('',(-1.,-1.06989747714853E-12,2.80176074645382E-14));
#10850=DIRECTION('',(1.,1.06750537892524E-12,3.15544362088405E-30));
#10851=DIRECTION('',(-1.15989030760227E-7,-0.0850688975353234,0.99637507128195));
#10852=DIRECTION('center_axis',(0.,0.,1.));
#10853=DIRECTION('ref_axis',(-0.999999999999903,-4.41123321097881E-7,0.));
#10854=DIRECTION('center_axis',(-1.35557617444958E-18,-0.0261769483078732,
-0.999657324975557));
#10855=DIRECTION('ref_axis',(-1.17131494950662E-11,0.999657324975557,-0.0261769483078732));
#10856=DIRECTION('center_axis',(0.,0.,1.));
#10857=DIRECTION('ref_axis',(-2.4061297928851E-7,-0.999999999999971,-4.44800784244276E-18));
#10858=DIRECTION('center_axis',(0.,-0.99637507128195,0.0850688975354024));
#10859=DIRECTION('ref_axis',(0.,0.0850688975354024,0.99637507128195));
#10860=DIRECTION('',(-1.,6.01853107621011E-36,0.));
#10861=DIRECTION('',(1.,-1.15518316812021E-19,-1.35301590219914E-18));
#10862=DIRECTION('center_axis',(0.,0.,-1.));
#10863=DIRECTION('ref_axis',(1.,0.,0.));
#10864=DIRECTION('center_axis',(0.,0.,-1.));
#10865=DIRECTION('ref_axis',(1.,0.,0.));
#10866=DIRECTION('',(0.,0.,-1.));
#10867=DIRECTION('center_axis',(1.35557617444958E-18,0.0261769483078732,
0.999657324975557));
#10868=DIRECTION('ref_axis',(0.,-0.999657324975557,0.0261769483078732));
#10869=DIRECTION('center_axis',(0.,0.,-1.));
#10870=DIRECTION('ref_axis',(1.,0.,0.));
#10871=DIRECTION('center_axis',(0.,0.,-1.));
#10872=DIRECTION('ref_axis',(1.,0.,0.));
#10873=DIRECTION('center_axis',(0.,0.,-1.));
#10874=DIRECTION('ref_axis',(1.,0.,0.));
#10875=DIRECTION('center_axis',(0.,0.,-1.));
#10876=DIRECTION('ref_axis',(1.,0.,0.));
#10877=DIRECTION('',(0.,0.,-1.));
#10878=DIRECTION('center_axis',(1.35557617444958E-18,0.0261769483078732,
0.999657324975557));
#10879=DIRECTION('ref_axis',(0.,-0.999657324975557,0.0261769483078732));
#10880=DIRECTION('center_axis',(0.,0.,-1.));
#10881=DIRECTION('ref_axis',(1.,0.,0.));
#10882=DIRECTION('center_axis',(0.,0.,-1.));
#10883=DIRECTION('ref_axis',(1.,0.,0.));
#10884=DIRECTION('center_axis',(0.,0.,-1.));
#10885=DIRECTION('ref_axis',(1.,0.,0.));
#10886=DIRECTION('center_axis',(0.,0.,-1.));
#10887=DIRECTION('ref_axis',(1.,0.,0.));
#10888=DIRECTION('',(0.,0.,-1.));
#10889=DIRECTION('center_axis',(1.35557617444958E-18,0.0261769483078732,
0.999657324975557));
#10890=DIRECTION('ref_axis',(0.,-0.999657324975557,0.0261769483078732));
#10891=DIRECTION('center_axis',(0.,0.,-1.));
#10892=DIRECTION('ref_axis',(1.,0.,0.));
#10893=DIRECTION('center_axis',(0.,0.,-1.));
#10894=DIRECTION('ref_axis',(1.,0.,0.));
#10895=DIRECTION('center_axis',(0.,0.,-1.));
#10896=DIRECTION('ref_axis',(1.,0.,0.));
#10897=DIRECTION('center_axis',(0.,0.,-1.));
#10898=DIRECTION('ref_axis',(1.,0.,0.));
#10899=DIRECTION('',(0.,0.,-1.));
#10900=DIRECTION('center_axis',(1.35557617444958E-18,0.0261769483078732,
0.999657324975557));
#10901=DIRECTION('ref_axis',(0.,-0.999657324975557,0.0261769483078732));
#10902=DIRECTION('center_axis',(0.,0.,-1.));
#10903=DIRECTION('ref_axis',(1.,0.,0.));
#10904=DIRECTION('center_axis',(0.,0.,-1.));
#10905=DIRECTION('ref_axis',(1.,0.,0.));
#10906=DIRECTION('center_axis',(0.,0.,-1.));
#10907=DIRECTION('ref_axis',(1.,0.,0.));
#10908=DIRECTION('center_axis',(-1.04287656862659E-18,1.13895120371149E-17,
-1.));
#10909=DIRECTION('ref_axis',(1.,0.,0.));
#10910=DIRECTION('',(0.,0.,-1.));
#10911=DIRECTION('center_axis',(0.,0.,-1.));
#10912=DIRECTION('ref_axis',(1.,0.,0.));
#10913=DIRECTION('center_axis',(0.,0.,-1.));
#10914=DIRECTION('ref_axis',(1.,0.,0.));
#10915=DIRECTION('',(0.,0.,-1.));
#10916=DIRECTION('center_axis',(0.,0.,-1.));
#10917=DIRECTION('ref_axis',(1.,0.,0.));
#10918=DIRECTION('center_axis',(-1.04287656862659E-18,1.13895120371149E-17,
-1.));
#10919=DIRECTION('ref_axis',(1.,0.,0.));
#10920=DIRECTION('',(0.,0.,-1.));
#10921=DIRECTION('center_axis',(0.,0.,-1.));
#10922=DIRECTION('ref_axis',(1.,0.,0.));
#10923=DIRECTION('center_axis',(-1.04287656862659E-18,1.13895120371149E-17,
-1.));
#10924=DIRECTION('ref_axis',(1.,0.,0.));
#10925=DIRECTION('',(0.,0.,-1.));
#10926=DIRECTION('center_axis',(1.,0.,0.));
#10927=DIRECTION('ref_axis',(0.,-1.,0.));
#10928=DIRECTION('',(0.,-1.,0.));
#10929=DIRECTION('',(0.,-1.,-1.13895120371149E-17));
#10930=DIRECTION('center_axis',(0.,0.,-1.));
#10931=DIRECTION('ref_axis',(-0.999999988082958,-0.00015438291656732,0.));
#10932=DIRECTION('center_axis',(-1.04287656862659E-18,1.13895120371149E-17,
-1.));
#10933=DIRECTION('ref_axis',(-0.999999988082958,-0.00015438291656732,0.));
#10934=DIRECTION('',(0.,0.,-1.));
#10935=DIRECTION('center_axis',(0.,0.,-1.));
#10936=DIRECTION('ref_axis',(-0.999999988082958,-0.00015438291656732,0.));
#10937=DIRECTION('center_axis',(-1.,4.36390367267608E-14,0.));
#10938=DIRECTION('ref_axis',(4.36390367267608E-14,1.,0.));
#10939=DIRECTION('',(4.36390367267608E-14,1.,1.13895120371148E-17));
#10940=DIRECTION('',(0.,0.,-1.));
#10941=DIRECTION('',(4.36390367267608E-14,1.,0.));
#10942=DIRECTION('center_axis',(0.,0.,-1.));
#10943=DIRECTION('ref_axis',(1.,0.,0.));
#10944=DIRECTION('center_axis',(-1.04287656862659E-18,1.13895120371149E-17,
-1.));
#10945=DIRECTION('ref_axis',(1.,0.,0.));
#10946=DIRECTION('',(0.,0.,-1.));
#10947=DIRECTION('center_axis',(0.,0.,-1.));
#10948=DIRECTION('ref_axis',(1.,0.,0.));
#10949=DIRECTION('center_axis',(-4.35762537165392E-14,-1.,0.));
#10950=DIRECTION('ref_axis',(-1.,4.35762537165392E-14,0.));
#10951=DIRECTION('',(-1.,4.35762537165392E-14,1.04287656862708E-18));
#10952=DIRECTION('',(0.,0.,-1.));
#10953=DIRECTION('',(-1.,4.35762537165392E-14,0.));
#10954=DIRECTION('center_axis',(0.,0.,-1.));
#10955=DIRECTION('ref_axis',(1.,0.,0.));
#10956=DIRECTION('center_axis',(0.,0.,-1.));
#10957=DIRECTION('ref_axis',(1.,0.,0.));
#10958=DIRECTION('',(0.,-1.,0.));
#10959=DIRECTION('',(-1.,0.,0.));
#10960=DIRECTION('',(-7.16272919113303E-16,-1.,0.));
#10961=DIRECTION('',(1.,0.,0.));
#10962=DIRECTION('',(0.,-1.,0.));
#10963=DIRECTION('center_axis',(1.,0.,0.));
#10964=DIRECTION('ref_axis',(0.,-1.,0.));
#10965=DIRECTION('',(0.,-1.,-1.13895120371149E-17));
#10966=DIRECTION('center_axis',(0.,0.,-1.));
#10967=DIRECTION('ref_axis',(-1.,0.,0.));
#10968=DIRECTION('',(0.,1.,0.));
#10969=DIRECTION('',(-1.,0.,0.));
#10970=DIRECTION('center_axis',(-1.,0.,0.));
#10971=DIRECTION('ref_axis',(0.,1.,0.));
#10972=DIRECTION('',(0.,0.,-1.));
#10973=DIRECTION('',(0.,0.999657324975557,-0.0261769483078732));
#10974=DIRECTION('center_axis',(0.,-1.,0.));
#10975=DIRECTION('ref_axis',(-1.,0.,0.));
#10976=DIRECTION('',(0.,0.,-1.));
#10977=DIRECTION('',(-1.,0.,1.35604085578298E-18));
#10978=DIRECTION('center_axis',(-1.,7.16272919113303E-16,0.));
#10979=DIRECTION('ref_axis',(7.16272919113303E-16,1.,0.));
#10980=DIRECTION('',(0.,0.,-1.));
#10981=DIRECTION('',(7.16027470273238E-16,0.999657324975557,-0.0261769483078732));
#10982=DIRECTION('center_axis',(0.,1.,0.));
#10983=DIRECTION('ref_axis',(1.,0.,0.));
#10984=DIRECTION('',(0.,0.,-1.));
#10985=DIRECTION('',(1.,0.,-1.35604085578298E-18));
#10986=DIRECTION('center_axis',(1.,0.,0.));
#10987=DIRECTION('ref_axis',(0.,-1.,0.));
#10988=DIRECTION('',(0.,-0.999657324975557,0.0261769483078732));
#10989=DIRECTION('center_axis',(1.,-2.2204049717581E-15,0.));
#10990=DIRECTION('ref_axis',(-2.2204049717581E-15,-1.,0.));
#10991=DIRECTION('',(-2.21964409443013E-15,-0.999657324975557,0.0261769483078732));
#10992=DIRECTION('',(-2.2204049717581E-15,-1.,-1.13895120371149E-17));
#10993=DIRECTION('center_axis',(0.,1.,0.));
#10994=DIRECTION('ref_axis',(1.,0.,0.));
#10995=DIRECTION('',(0.,0.,-1.));
#10996=DIRECTION('',(1.,0.,-1.35604085578298E-18));
#10997=DIRECTION('center_axis',(-1.,0.,0.));
#10998=DIRECTION('ref_axis',(0.,1.,0.));
#10999=DIRECTION('',(0.,0.,-1.));
#11000=DIRECTION('',(0.,0.999657324975557,-0.0261769483078732));
#11001=DIRECTION('center_axis',(0.,0.,-1.));
#11002=DIRECTION('ref_axis',(1.,0.,0.));
#11003=DIRECTION('',(0.,0.,-1.));
#11004=DIRECTION('center_axis',(1.35557617444958E-18,0.0261769483078732,
0.999657324975557));
#11005=DIRECTION('ref_axis',(0.,-0.999657324975557,0.0261769483078732));
#11006=DIRECTION('center_axis',(-1.,0.,0.));
#11007=DIRECTION('ref_axis',(0.,1.,0.));
#11008=DIRECTION('',(0.,0.999657324975557,-0.0261769483078732));
#11009=DIRECTION('',(0.,1.,1.13895120371149E-17));
#11010=DIRECTION('center_axis',(-1.35557617444958E-18,-0.0261769483078732,
-0.999657324975557));
#11011=DIRECTION('ref_axis',(-1.,0.,1.35604085578298E-18));
#11012=DIRECTION('center_axis',(1.04287656862659E-18,-1.13895120371149E-17,
1.));
#11013=DIRECTION('ref_axis',(1.,0.,-1.04287656862659E-18));
#11014=DIRECTION('center_axis',(1.35557617444958E-18,0.0261769483078732,
0.999657324975557));
#11015=DIRECTION('ref_axis',(1.,0.,-1.35604085578298E-18));
#11016=DIRECTION('center_axis',(0.,0.,-1.));
#11017=DIRECTION('ref_axis',(0.707106781186557,0.707106781186538,0.));
#11018=DIRECTION('center_axis',(0.,0.,1.));
#11019=DIRECTION('ref_axis',(0.707106781186557,0.707106781186538,0.));
#11020=DIRECTION('',(0.,0.,1.));
#11021=DIRECTION('center_axis',(0.,0.,1.));
#11022=DIRECTION('ref_axis',(0.707106781186557,0.707106781186538,0.));
#11023=DIRECTION('',(0.,0.,-1.));
#11024=DIRECTION('center_axis',(1.,0.,0.));
#11025=DIRECTION('ref_axis',(0.,-1.,0.));
#11026=DIRECTION('',(0.,1.,0.));
#11027=DIRECTION('',(0.,0.,1.));
#11028=DIRECTION('',(0.,1.,0.));
#11029=DIRECTION('center_axis',(0.,0.,-1.));
#11030=DIRECTION('ref_axis',(1.,0.,0.));
#11031=DIRECTION('',(-1.,6.65705511596677E-15,0.));
#11032=DIRECTION('center_axis',(0.,0.,1.));
#11033=DIRECTION('ref_axis',(-0.999999988082957,-0.00015438291656732,0.));
#11034=DIRECTION('',(-4.36390367267608E-14,-1.,0.));
#11035=DIRECTION('center_axis',(0.,0.,1.));
#11036=DIRECTION('ref_axis',(1.,0.,0.));
#11037=DIRECTION('',(1.,-4.35762537165392E-14,0.));
#11038=DIRECTION('center_axis',(0.,0.,1.));
#11039=DIRECTION('ref_axis',(1.,0.,0.));
#11040=DIRECTION('',(0.,1.,0.));
#11041=DIRECTION('',(1.,0.,0.));
#11042=DIRECTION('center_axis',(0.,0.,1.));
#11043=DIRECTION('ref_axis',(0.707106781186548,-0.707106781186548,0.));
#11044=DIRECTION('',(-1.03036939640389E-16,1.,0.));
#11045=DIRECTION('',(-1.,0.,0.));
#11046=DIRECTION('center_axis',(0.,0.,-1.));
#11047=DIRECTION('ref_axis',(-0.707106781186548,-0.707106781186547,0.));
#11048=DIRECTION('center_axis',(0.,0.,1.));
#11049=DIRECTION('ref_axis',(1.,0.,0.));
#11050=DIRECTION('center_axis',(0.,0.,-1.));
#11051=DIRECTION('ref_axis',(-0.707106781186548,-0.707106781186547,0.));
#11052=DIRECTION('',(0.,0.,-1.));
#11053=DIRECTION('center_axis',(0.,0.,-1.));
#11054=DIRECTION('ref_axis',(-0.707106781186548,-0.707106781186547,0.));
#11055=DIRECTION('center_axis',(0.,1.,0.));
#11056=DIRECTION('ref_axis',(1.,0.,0.));
#11057=DIRECTION('',(0.,0.,1.));
#11058=DIRECTION('',(-1.,0.,0.));
#11059=DIRECTION('center_axis',(0.,0.,-1.));
#11060=DIRECTION('ref_axis',(0.707106781186548,-0.707106781186548,0.));
#11061=DIRECTION('center_axis',(0.,0.,1.));
#11062=DIRECTION('ref_axis',(0.707106781186548,-0.707106781186548,0.));
#11063=DIRECTION('',(0.,0.,1.));
#11064=DIRECTION('',(0.,0.,-1.));
#11065=DIRECTION('center_axis',(1.,1.03036939640389E-16,0.));
#11066=DIRECTION('ref_axis',(1.03036939640389E-16,-1.,0.));
#11067=DIRECTION('',(-1.03036939640389E-16,1.,0.));
#11068=DIRECTION('center_axis',(0.,0.,-1.));
#11069=DIRECTION('ref_axis',(1.,0.,0.));
#11070=DIRECTION('center_axis',(0.,0.,1.));
#11071=DIRECTION('ref_axis',(1.,0.,0.));
#11072=DIRECTION('',(0.,0.,1.));
#11073=DIRECTION('center_axis',(6.65705511596677E-15,1.,0.));
#11074=DIRECTION('ref_axis',(1.,-6.65705511596677E-15,0.));
#11075=DIRECTION('',(-1.,6.65705511596677E-15,0.));
#11076=DIRECTION('',(0.,0.,-1.));
#11077=DIRECTION('center_axis',(0.,0.,-1.));
#11078=DIRECTION('ref_axis',(-0.999999988082957,-0.00015438291656732,0.));
#11079=DIRECTION('center_axis',(0.,0.,1.));
#11080=DIRECTION('ref_axis',(-0.999999988082957,-0.00015438291656732,0.));
#11081=DIRECTION('',(0.,0.,-1.));
#11082=DIRECTION('center_axis',(-1.,4.36390367267608E-14,0.));
#11083=DIRECTION('ref_axis',(4.36390367267608E-14,1.,0.));
#11084=DIRECTION('',(-4.36390367267608E-14,-1.,0.));
#11085=DIRECTION('',(0.,0.,-1.));
#11086=DIRECTION('center_axis',(0.,0.,-1.));
#11087=DIRECTION('ref_axis',(1.,0.,0.));
#11088=DIRECTION('center_axis',(0.,0.,1.));
#11089=DIRECTION('ref_axis',(1.,0.,0.));
#11090=DIRECTION('',(0.,0.,-1.));
#11091=DIRECTION('center_axis',(-4.35762537165392E-14,-1.,0.));
#11092=DIRECTION('ref_axis',(-1.,4.35762537165392E-14,0.));
#11093=DIRECTION('',(1.,-4.35762537165392E-14,0.));
#11094=DIRECTION('',(0.,0.,-1.));
#11095=DIRECTION('center_axis',(0.,0.,-1.));
#11096=DIRECTION('ref_axis',(1.,0.,0.));
#11097=DIRECTION('center_axis',(0.,0.,1.));
#11098=DIRECTION('ref_axis',(1.,0.,0.));
#11099=DIRECTION('',(0.,0.,-1.));
#11100=DIRECTION('center_axis',(1.,0.,0.));
#11101=DIRECTION('ref_axis',(0.,-1.,0.));
#11102=DIRECTION('',(0.,1.,0.));
#11103=DIRECTION('',(0.,0.,-1.));
#11104=DIRECTION('center_axis',(0.,-1.,0.));
#11105=DIRECTION('ref_axis',(-1.,0.,0.));
#11106=DIRECTION('',(1.,0.,0.));
#11107=DIRECTION('center_axis',(0.,0.,-1.));
#11108=DIRECTION('ref_axis',(1.,0.,0.));
#11109=DIRECTION('center_axis',(0.,-6.12323399573677E-17,-1.));
#11110=DIRECTION('ref_axis',(1.,1.56779924558306E-16,0.));
#11111=DIRECTION('center_axis',(-2.548603366707E-34,-1.224646799147E-16,
-1.));
#11112=DIRECTION('ref_axis',(1.,1.56779924558306E-16,0.));
#11113=DIRECTION('',(0.,-6.12323399573677E-17,-1.));
#11114=DIRECTION('center_axis',(0.,0.,1.));
#11115=DIRECTION('ref_axis',(1.,1.56779924558306E-16,0.));
#11116=DIRECTION('center_axis',(1.80213472315339E-34,-0.707106781186546,
0.707106781186549));
#11117=DIRECTION('ref_axis',(1.,0.,-2.548603366707E-34));
#11118=DIRECTION('',(-1.,0.,2.548603366707E-34));
#11119=DIRECTION('',(0.577350269189626,-0.577350269189626,-0.577350269189625));
#11120=DIRECTION('',(1.,0.,-2.548603366707E-34));
#11121=DIRECTION('',(0.577350269189622,0.577350269189629,0.577350269189627));
#11122=DIRECTION('center_axis',(1.80213472315339E-34,0.707106781186546,
0.707106781186549));
#11123=DIRECTION('ref_axis',(1.,0.,-2.548603366707E-34));
#11124=DIRECTION('',(-1.,0.,2.548603366707E-34));
#11125=DIRECTION('',(-0.577350269189628,-0.577350269189626,0.577350269189624));
#11126=DIRECTION('',(1.,0.,-2.548603366707E-34));
#11127=DIRECTION('',(-0.577350269189622,0.577350269189628,-0.577350269189628));
#11128=DIRECTION('center_axis',(0.707106781186546,8.65956056235245E-17,
0.707106781186549));
#11129=DIRECTION('ref_axis',(0.707106781186549,0.,-0.707106781186546));
#11130=DIRECTION('',(0.,-1.,1.224646799147E-16));
#11131=DIRECTION('',(0.,1.,-1.224646799147E-16));
#11132=DIRECTION('center_axis',(-0.707106781186546,-1.37703317045586E-16,
0.707106781186549));
#11133=DIRECTION('ref_axis',(0.707106781186549,0.,0.707106781186546));
#11134=DIRECTION('',(-3.1720657846433E-16,1.,-1.224646799147E-16));
#11135=DIRECTION('',(3.1720657846433E-16,-1.,1.224646799147E-16));
#11136=DIRECTION('center_axis',(-1.,0.,0.));
#11137=DIRECTION('ref_axis',(0.,-1.,0.));
#11138=DIRECTION('',(0.,0.,1.));
#11139=DIRECTION('',(0.,1.,0.));
#11140=DIRECTION('',(0.,0.,-1.));
#11141=DIRECTION('center_axis',(0.,-1.,0.));
#11142=DIRECTION('ref_axis',(1.,0.,0.));
#11143=DIRECTION('',(0.,0.,1.));
#11144=DIRECTION('',(-1.,0.,0.));
#11145=DIRECTION('center_axis',(-2.548603366707E-34,-1.224646799147E-16,
-1.));
#11146=DIRECTION('ref_axis',(-1.,0.,2.548603366707E-34));
#11147=DIRECTION('',(8.40829224022366E-17,1.,-1.224646799147E-16));
#11148=DIRECTION('center_axis',(-2.548603366707E-34,-1.224646799147E-16,
-1.));
#11149=DIRECTION('ref_axis',(-0.999999999999924,-3.90995679129995E-7,0.));
#11150=DIRECTION('',(-1.,-9.20102114745969E-14,1.1268255957457E-29));
#11151=DIRECTION('center_axis',(-2.548603366707E-34,-1.224646799147E-16,
-1.));
#11152=DIRECTION('ref_axis',(-3.23283854987764E-5,-0.999999999477438,0.));
#11153=DIRECTION('',(1.73615654790414E-15,-1.,1.224646799147E-16));
#11154=DIRECTION('center_axis',(-2.548603366707E-34,-1.224646799147E-16,
-1.));
#11155=DIRECTION('ref_axis',(0.707106781186546,0.707106781186549,0.));
#11156=DIRECTION('',(1.,0.,-2.548603366707E-34));
#11157=DIRECTION('',(4.11861080315394E-16,-1.,1.224646799147E-16));
#11158=DIRECTION('',(-1.,0.,2.548603366707E-34));
#11159=DIRECTION('center_axis',(-2.548603366707E-34,-1.224646799147E-16,
-1.));
#11160=DIRECTION('ref_axis',(0.707106781186549,-0.707106781186546,0.));
#11161=DIRECTION('',(1.73615654790414E-15,-1.,1.224646799147E-16));
#11162=DIRECTION('center_axis',(-2.548603366707E-34,-1.224646799147E-16,
-1.));
#11163=DIRECTION('ref_axis',(0.999999999999924,3.90995268347829E-7,0.));
#11164=DIRECTION('',(1.,-7.34959731276968E-15,8.99811222073608E-31));
#11165=DIRECTION('center_axis',(-2.548603366707E-34,-1.224646799147E-16,
-1.));
#11166=DIRECTION('ref_axis',(-0.707106781186546,0.707106781186549,0.));
#11167=DIRECTION('',(0.,1.,-1.224646799147E-16));
#11168=DIRECTION('',(1.,0.,-2.548603366707E-34));
#11169=DIRECTION('',(0.,-1.,1.224646799147E-16));
#11170=DIRECTION('center_axis',(-2.548603366707E-34,-1.224646799147E-16,
-1.));
#11171=DIRECTION('ref_axis',(0.707106781186548,0.707106781186547,0.));
#11172=DIRECTION('',(1.,-7.34959731276968E-15,8.99811222073608E-31));
#11173=DIRECTION('center_axis',(-2.548603366707E-34,-1.224646799147E-16,
-1.));
#11174=DIRECTION('ref_axis',(0.,1.,0.));
#11175=DIRECTION('',(0.,1.,-1.224646799147E-16));
#11176=DIRECTION('',(1.,-4.9737991503207E-13,6.09112172300664E-29));
#11177=DIRECTION('center_axis',(-2.548603366707E-34,-1.224646799147E-16,
-1.));
#11178=DIRECTION('ref_axis',(-0.707106781186375,0.70710678118672,0.));
#11179=DIRECTION('',(0.,1.,-1.224646799147E-16));
#11180=DIRECTION('',(1.,0.,-2.548603366707E-34));
#11181=DIRECTION('center_axis',(-2.548603366707E-34,-1.224646799147E-16,
-1.));
#11182=DIRECTION('ref_axis',(-0.707106781186548,0.707106781186548,0.));
#11183=DIRECTION('',(-1.,0.,2.548603366707E-34));
#11184=DIRECTION('',(-3.1720657846433E-16,1.,-1.224646799147E-16));
#11185=DIRECTION('',(1.,0.,-2.548603366707E-34));
#11186=DIRECTION('',(0.,-1.,1.224646799147E-16));
#11187=DIRECTION('',(0.,-1.,1.224646799147E-16));
#11188=DIRECTION('',(-1.,0.,2.548603366707E-34));
#11189=DIRECTION('',(-3.1720657846433E-16,1.,-1.224646799147E-16));
#11190=DIRECTION('',(1.,0.,-2.548603366707E-34));
#11191=DIRECTION('',(0.,-1.,1.224646799147E-16));
#11192=DIRECTION('',(-1.,0.,2.548603366707E-34));
#11193=DIRECTION('',(-3.1720657846433E-16,1.,-1.224646799147E-16));
#11194=DIRECTION('',(1.,0.,-2.548603366707E-34));
#11195=DIRECTION('',(-1.,0.,2.548603366707E-34));
#11196=DIRECTION('',(-3.1720657846433E-16,1.,-1.224646799147E-16));
#11197=DIRECTION('',(1.,0.,-2.548603366707E-34));
#11198=DIRECTION('',(0.,-1.,1.224646799147E-16));
#11199=DIRECTION('',(-1.,0.,2.548603366707E-34));
#11200=DIRECTION('',(-3.1720657846433E-16,1.,-1.224646799147E-16));
#11201=DIRECTION('',(1.,0.,-2.548603366707E-34));
#11202=DIRECTION('',(0.,-1.,1.224646799147E-16));
#11203=DIRECTION('',(-1.,0.,2.548603366707E-34));
#11204=DIRECTION('',(-3.1720657846433E-16,1.,-1.224646799147E-16));
#11205=DIRECTION('',(1.,0.,-2.548603366707E-34));
#11206=DIRECTION('',(0.,-1.,1.224646799147E-16));
#11207=DIRECTION('center_axis',(2.548603366707E-34,1.224646799147E-16,1.));
#11208=DIRECTION('ref_axis',(-1.,0.,0.));
#11209=DIRECTION('center_axis',(2.548603366707E-34,1.224646799147E-16,1.));
#11210=DIRECTION('ref_axis',(-1.,0.,0.));
#11211=DIRECTION('',(2.27738056333367E-16,-1.,1.224646799147E-16));
#11212=DIRECTION('',(-1.,0.,2.548603366707E-34));
#11213=DIRECTION('center_axis',(2.548603366707E-34,1.224646799147E-16,1.));
#11214=DIRECTION('ref_axis',(0.,-1.,0.));
#11215=DIRECTION('',(1.,0.,-2.548603366707E-34));
#11216=DIRECTION('center_axis',(2.548603366707E-34,1.224646799147E-16,1.));
#11217=DIRECTION('ref_axis',(0.707106781186549,0.707106781186546,0.));
#11218=DIRECTION('',(0.,1.,-1.224646799147E-16));
#11219=DIRECTION('center_axis',(2.548603366707E-34,1.224646799147E-16,1.));
#11220=DIRECTION('ref_axis',(0.707106781186549,-0.707106781186546,0.));
#11221=DIRECTION('',(1.,0.,-2.548603366707E-34));
#11222=DIRECTION('center_axis',(2.548603366707E-34,1.224646799147E-16,1.));
#11223=DIRECTION('ref_axis',(-0.707106781186549,-0.707106781186546,0.));
#11224=DIRECTION('',(0.,-1.,1.224646799147E-16));
#11225=DIRECTION('center_axis',(2.548603366707E-34,1.224646799147E-16,1.));
#11226=DIRECTION('ref_axis',(-0.707106781186549,0.707106781186546,0.));
#11227=DIRECTION('',(-1.,0.,2.548603366707E-34));
#11228=DIRECTION('center_axis',(2.548603366707E-34,1.224646799147E-16,1.));
#11229=DIRECTION('ref_axis',(-1.,0.,0.));
#11230=DIRECTION('center_axis',(2.548603366707E-34,1.224646799147E-16,1.));
#11231=DIRECTION('ref_axis',(-1.,0.,0.));
#11232=DIRECTION('',(-1.,0.,2.548603366707E-34));
#11233=DIRECTION('',(-3.1720657846433E-16,1.,-1.224646799147E-16));
#11234=DIRECTION('',(1.,0.,-2.548603366707E-34));
#11235=DIRECTION('',(0.,-1.,1.224646799147E-16));
#11236=DIRECTION('',(-1.,0.,2.548603366707E-34));
#11237=DIRECTION('',(-3.1720657846433E-16,1.,-1.224646799147E-16));
#11238=DIRECTION('',(1.,0.,-2.548603366707E-34));
#11239=DIRECTION('',(0.,-1.,1.224646799147E-16));
#11240=DIRECTION('',(-1.,0.,2.548603366707E-34));
#11241=DIRECTION('',(-3.1720657846433E-16,1.,-1.224646799147E-16));
#11242=DIRECTION('',(1.,0.,-2.548603366707E-34));
#11243=DIRECTION('',(0.,-1.,1.224646799147E-16));
#11244=DIRECTION('',(0.,-1.,1.224646799147E-16));
#11245=DIRECTION('',(-1.,0.,2.548603366707E-34));
#11246=DIRECTION('',(-3.1720657846433E-16,1.,-1.224646799147E-16));
#11247=DIRECTION('',(1.,0.,-2.548603366707E-34));
#11248=DIRECTION('',(0.,-1.,1.224646799147E-16));
#11249=DIRECTION('',(-1.,0.,2.548603366707E-34));
#11250=DIRECTION('',(-3.1720657846433E-16,1.,-1.224646799147E-16));
#11251=DIRECTION('',(1.,0.,-2.548603366707E-34));
#11252=DIRECTION('',(-1.,0.,2.548603366707E-34));
#11253=DIRECTION('',(-3.1720657846433E-16,1.,-1.224646799147E-16));
#11254=DIRECTION('',(1.,0.,-2.548603366707E-34));
#11255=DIRECTION('',(0.,-1.,1.224646799147E-16));
#11256=DIRECTION('center_axis',(1.80213472315338E-34,-0.707106781186548,
0.707106781186547));
#11257=DIRECTION('ref_axis',(1.,0.,-2.548603366707E-34));
#11258=DIRECTION('',(0.577350269189628,-0.577350269189624,-0.577350269189626));
#11259=DIRECTION('',(1.,0.,-2.548603366707E-34));
#11260=DIRECTION('',(-0.577350269189612,-0.577350269189632,-0.577350269189633));
#11261=DIRECTION('center_axis',(0.707106781186546,8.65956056235245E-17,
0.707106781186549));
#11262=DIRECTION('ref_axis',(0.707106781186549,0.,-0.707106781186546));
#11263=DIRECTION('',(0.577350269189629,0.577350269189625,-0.577350269189623));
#11264=DIRECTION('',(0.,1.,-1.224646799147E-16));
#11265=DIRECTION('center_axis',(1.80213472315339E-34,0.707106781186546,
0.707106781186549));
#11266=DIRECTION('ref_axis',(1.,0.,-2.548603366707E-34));
#11267=DIRECTION('',(-0.577350269189614,0.577350269189632,-0.577350269189632));
#11268=DIRECTION('',(-1.,0.,2.548603366707E-34));
#11269=DIRECTION('center_axis',(-0.707106781186546,-1.37703317045586E-16,
0.707106781186549));
#11270=DIRECTION('ref_axis',(0.707106781186549,0.,0.707106781186546));
#11271=DIRECTION('',(3.1720657846433E-16,-1.,1.224646799147E-16));
#11272=DIRECTION('center_axis',(1.,3.1720657846433E-16,0.));
#11273=DIRECTION('ref_axis',(-3.1720657846433E-16,1.,0.));
#11274=DIRECTION('',(0.,0.,1.));
#11275=DIRECTION('',(3.1720657846433E-16,-1.,0.));
#11276=DIRECTION('',(0.,0.,1.));
#11277=DIRECTION('center_axis',(0.,1.,0.));
#11278=DIRECTION('ref_axis',(-1.,0.,0.));
#11279=DIRECTION('',(0.,0.,1.));
#11280=DIRECTION('',(1.,0.,0.));
#11281=DIRECTION('center_axis',(1.80213472315338E-34,-0.707106781186548,
0.707106781186547));
#11282=DIRECTION('ref_axis',(1.,0.,-2.548603366707E-34));
#11283=DIRECTION('',(0.577350269189626,-0.577350269189625,-0.577350269189627));
#11284=DIRECTION('',(1.,0.,-2.548603366707E-34));
#11285=DIRECTION('',(-0.577350269189608,-0.577350269189635,-0.577350269189635));
#11286=DIRECTION('center_axis',(0.707106781186548,8.65956056235243E-17,
0.707106781186547));
#11287=DIRECTION('ref_axis',(0.707106781186547,0.,-0.707106781186548));
#11288=DIRECTION('',(0.577350269189626,0.577350269189626,-0.577350269189625));
#11289=DIRECTION('',(0.,1.,-1.224646799147E-16));
#11290=DIRECTION('center_axis',(1.80213472315339E-34,0.707106781186546,
0.707106781186549));
#11291=DIRECTION('ref_axis',(1.,0.,-2.548603366707E-34));
#11292=DIRECTION('',(-0.577350269189609,0.577350269189634,-0.577350269189634));
#11293=DIRECTION('',(-1.,0.,2.548603366707E-34));
#11294=DIRECTION('center_axis',(-0.707106781186551,-1.37703317045588E-16,
0.707106781186544));
#11295=DIRECTION('ref_axis',(0.707106781186544,0.,0.707106781186551));
#11296=DIRECTION('',(3.1720657846433E-16,-1.,1.224646799147E-16));
#11297=DIRECTION('center_axis',(1.,3.1720657846433E-16,0.));
#11298=DIRECTION('ref_axis',(-3.1720657846433E-16,1.,0.));
#11299=DIRECTION('',(0.,0.,1.));
#11300=DIRECTION('',(3.1720657846433E-16,-1.,0.));
#11301=DIRECTION('',(0.,0.,1.));
#11302=DIRECTION('center_axis',(0.,1.,0.));
#11303=DIRECTION('ref_axis',(-1.,0.,0.));
#11304=DIRECTION('',(0.,0.,1.));
#11305=DIRECTION('',(1.,0.,0.));
#11306=DIRECTION('center_axis',(0.707106781186546,8.65956056235245E-17,
0.707106781186549));
#11307=DIRECTION('ref_axis',(0.707106781186549,0.,-0.707106781186546));
#11308=DIRECTION('',(0.577350269189626,0.577350269189626,-0.577350269189625));
#11309=DIRECTION('',(0.,1.,-1.224646799147E-16));
#11310=DIRECTION('',(-0.577350269189628,0.577350269189624,0.577350269189626));
#11311=DIRECTION('center_axis',(1.80213472315339E-34,0.707106781186546,
0.707106781186549));
#11312=DIRECTION('ref_axis',(1.,0.,-2.548603366707E-34));
#11313=DIRECTION('',(-0.577350269189617,0.577350269189631,-0.577350269189629));
#11314=DIRECTION('',(-1.,0.,2.548603366707E-34));
#11315=DIRECTION('center_axis',(-0.707106781186546,-1.37703317045586E-16,
0.707106781186549));
#11316=DIRECTION('ref_axis',(0.707106781186549,0.,0.707106781186546));
#11317=DIRECTION('',(3.1720657846433E-16,-1.,1.224646799147E-16));
#11318=DIRECTION('',(-0.577350269189618,-0.577350269189629,-0.577350269189631));
#11319=DIRECTION('center_axis',(1.80213472315338E-34,-0.707106781186549,
0.707106781186546));
#11320=DIRECTION('ref_axis',(1.,0.,-2.548603366707E-34));
#11321=DIRECTION('',(1.,0.,-2.548603366707E-34));
#11322=DIRECTION('center_axis',(0.,1.,0.));
#11323=DIRECTION('ref_axis',(-1.,0.,0.));
#11324=DIRECTION('',(0.,0.,1.));
#11325=DIRECTION('',(1.,0.,0.));
#11326=DIRECTION('',(0.,0.,1.));
#11327=DIRECTION('center_axis',(-1.,0.,0.));
#11328=DIRECTION('ref_axis',(0.,-1.,0.));
#11329=DIRECTION('',(0.,0.,-1.));
#11330=DIRECTION('',(0.,1.,0.));
#11331=DIRECTION('center_axis',(0.707106781186548,8.65956056235243E-17,
0.707106781186547));
#11332=DIRECTION('ref_axis',(0.707106781186547,0.,-0.707106781186548));
#11333=DIRECTION('',(0.577350269189624,0.577350269189628,-0.577350269189626));
#11334=DIRECTION('',(0.,1.,-1.224646799147E-16));
#11335=DIRECTION('',(-0.577350269189626,0.577350269189625,0.577350269189626));
#11336=DIRECTION('center_axis',(1.80213472315339E-34,0.707106781186546,
0.707106781186549));
#11337=DIRECTION('ref_axis',(1.,0.,-2.548603366707E-34));
#11338=DIRECTION('',(-0.577350269189619,0.57735026918963,-0.577350269189628));
#11339=DIRECTION('',(-1.,0.,2.548603366707E-34));
#11340=DIRECTION('center_axis',(-0.707106781186546,-1.37703317045586E-16,
0.707106781186549));
#11341=DIRECTION('ref_axis',(0.707106781186549,0.,0.707106781186546));
#11342=DIRECTION('',(3.1720657846433E-16,-1.,1.224646799147E-16));
#11343=DIRECTION('',(-0.57735026918962,-0.577350269189628,-0.577350269189629));
#11344=DIRECTION('center_axis',(1.80213472315338E-34,-0.707106781186549,
0.707106781186546));
#11345=DIRECTION('ref_axis',(1.,0.,-2.548603366707E-34));
#11346=DIRECTION('',(1.,0.,-2.548603366707E-34));
#11347=DIRECTION('center_axis',(0.,1.,0.));
#11348=DIRECTION('ref_axis',(-1.,0.,0.));
#11349=DIRECTION('',(0.,0.,1.));
#11350=DIRECTION('',(1.,0.,0.));
#11351=DIRECTION('',(0.,0.,1.));
#11352=DIRECTION('center_axis',(-1.,0.,0.));
#11353=DIRECTION('ref_axis',(0.,-1.,0.));
#11354=DIRECTION('',(0.,0.,-1.));
#11355=DIRECTION('',(0.,1.,0.));
#11356=DIRECTION('center_axis',(0.707106781186546,8.65956056235245E-17,
0.707106781186549));
#11357=DIRECTION('ref_axis',(0.707106781186549,0.,-0.707106781186546));
#11358=DIRECTION('',(0.577350269189626,0.577350269189626,-0.577350269189625));
#11359=DIRECTION('',(0.,1.,-1.224646799147E-16));
#11360=DIRECTION('',(-0.577350269189626,0.577350269189626,0.577350269189625));
#11361=DIRECTION('center_axis',(1.80213472315339E-34,0.707106781186546,
0.707106781186549));
#11362=DIRECTION('ref_axis',(1.,0.,-2.548603366707E-34));
#11363=DIRECTION('',(-0.577350269189622,0.577350269189629,-0.577350269189627));
#11364=DIRECTION('',(-1.,0.,2.548603366707E-34));
#11365=DIRECTION('center_axis',(-0.707106781186551,-1.37703317045588E-16,
0.707106781186544));
#11366=DIRECTION('ref_axis',(0.707106781186544,0.,0.707106781186551));
#11367=DIRECTION('',(3.1720657846433E-16,-1.,1.224646799147E-16));
#11368=DIRECTION('',(-0.577350269189622,-0.577350269189629,-0.577350269189627));
#11369=DIRECTION('center_axis',(1.80213472315339E-34,-0.707106781186546,
0.707106781186549));
#11370=DIRECTION('ref_axis',(1.,0.,-2.548603366707E-34));
#11371=DIRECTION('',(1.,0.,-2.548603366707E-34));
#11372=DIRECTION('center_axis',(0.,1.,0.));
#11373=DIRECTION('ref_axis',(-1.,0.,0.));
#11374=DIRECTION('',(0.,0.,1.));
#11375=DIRECTION('',(1.,0.,0.));
#11376=DIRECTION('',(0.,0.,1.));
#11377=DIRECTION('center_axis',(-1.,0.,0.));
#11378=DIRECTION('ref_axis',(0.,-1.,0.));
#11379=DIRECTION('',(0.,0.,-1.));
#11380=DIRECTION('',(0.,1.,0.));
#11381=DIRECTION('center_axis',(0.707106781186548,8.65956056235243E-17,
0.707106781186547));
#11382=DIRECTION('ref_axis',(0.707106781186547,0.,-0.707106781186548));
#11383=DIRECTION('',(0.577350269189624,0.577350269189628,-0.577350269189626));
#11384=DIRECTION('',(0.,1.,-1.224646799147E-16));
#11385=DIRECTION('',(-0.577350269189625,0.577350269189627,0.577350269189625));
#11386=DIRECTION('center_axis',(1.80213472315339E-34,0.707106781186546,
0.707106781186549));
#11387=DIRECTION('ref_axis',(1.,0.,-2.548603366707E-34));
#11388=DIRECTION('',(-0.577350269189626,0.577350269189626,-0.577350269189625));
#11389=DIRECTION('',(-1.,0.,2.548603366707E-34));
#11390=DIRECTION('center_axis',(-0.707106781186546,-1.37703317045586E-16,
0.707106781186549));
#11391=DIRECTION('ref_axis',(0.707106781186549,0.,0.707106781186546));
#11392=DIRECTION('',(3.1720657846433E-16,-1.,1.224646799147E-16));
#11393=DIRECTION('',(-0.577350269189626,-0.577350269189626,-0.577350269189625));
#11394=DIRECTION('center_axis',(1.80213472315339E-34,-0.707106781186546,
0.707106781186549));
#11395=DIRECTION('ref_axis',(1.,0.,-2.548603366707E-34));
#11396=DIRECTION('',(1.,0.,-2.548603366707E-34));
#11397=DIRECTION('center_axis',(0.,1.,0.));
#11398=DIRECTION('ref_axis',(-1.,0.,0.));
#11399=DIRECTION('',(0.,0.,1.));
#11400=DIRECTION('',(1.,0.,0.));
#11401=DIRECTION('',(0.,0.,1.));
#11402=DIRECTION('center_axis',(-1.,0.,0.));
#11403=DIRECTION('ref_axis',(0.,-1.,0.));
#11404=DIRECTION('',(0.,0.,-1.));
#11405=DIRECTION('',(0.,1.,0.));
#11406=DIRECTION('center_axis',(1.80213472315339E-34,-0.707106781186546,
0.707106781186549));
#11407=DIRECTION('ref_axis',(1.,0.,-2.548603366707E-34));
#11408=DIRECTION('',(0.577350269189626,-0.577350269189626,-0.577350269189625));
#11409=DIRECTION('',(1.,0.,-2.548603366707E-34));
#11410=DIRECTION('',(-0.577350269189641,-0.577350269189619,-0.577350269189617));
#11411=DIRECTION('center_axis',(0.707106781186546,8.65956056235245E-17,
0.707106781186549));
#11412=DIRECTION('ref_axis',(0.707106781186549,0.,-0.707106781186546));
#11413=DIRECTION('',(0.577350269189626,0.577350269189626,-0.577350269189625));
#11414=DIRECTION('',(0.,1.,-1.224646799147E-16));
#11415=DIRECTION('center_axis',(1.80213472315339E-34,0.707106781186546,
0.707106781186549));
#11416=DIRECTION('ref_axis',(1.,0.,-2.548603366707E-34));
#11417=DIRECTION('',(-0.577350269189641,0.577350269189619,-0.577350269189617));
#11418=DIRECTION('',(-1.,0.,2.548603366707E-34));
#11419=DIRECTION('center_axis',(-0.707106781186546,-1.37703317045586E-16,
0.707106781186549));
#11420=DIRECTION('ref_axis',(0.707106781186549,0.,0.707106781186546));
#11421=DIRECTION('',(3.1720657846433E-16,-1.,1.224646799147E-16));
#11422=DIRECTION('center_axis',(1.,3.1720657846433E-16,0.));
#11423=DIRECTION('ref_axis',(-3.1720657846433E-16,1.,0.));
#11424=DIRECTION('',(0.,0.,1.));
#11425=DIRECTION('',(3.1720657846433E-16,-1.,0.));
#11426=DIRECTION('',(0.,0.,1.));
#11427=DIRECTION('center_axis',(0.,1.,0.));
#11428=DIRECTION('ref_axis',(-1.,0.,0.));
#11429=DIRECTION('',(0.,0.,-1.));
#11430=DIRECTION('',(1.,0.,0.));
#11431=DIRECTION('center_axis',(1.80213472315339E-34,-0.707106781186546,
0.707106781186549));
#11432=DIRECTION('ref_axis',(1.,0.,-2.548603366707E-34));
#11433=DIRECTION('',(0.577350269189624,-0.577350269189628,-0.577350269189626));
#11434=DIRECTION('',(1.,0.,-2.548603366707E-34));
#11435=DIRECTION('',(-0.577350269189638,-0.57735026918962,-0.577350269189619));
#11436=DIRECTION('center_axis',(0.707106781186549,8.65956056235242E-17,
0.707106781186546));
#11437=DIRECTION('ref_axis',(0.707106781186546,0.,-0.707106781186549));
#11438=DIRECTION('',(0.577350269189624,0.577350269189628,-0.577350269189626));
#11439=DIRECTION('',(0.,1.,-1.224646799147E-16));
#11440=DIRECTION('center_axis',(1.80213472315339E-34,0.707106781186546,
0.707106781186549));
#11441=DIRECTION('ref_axis',(1.,0.,-2.548603366707E-34));
#11442=DIRECTION('',(-0.577350269189638,0.57735026918962,-0.577350269189619));
#11443=DIRECTION('',(-1.,0.,2.548603366707E-34));
#11444=DIRECTION('center_axis',(-0.707106781186548,-1.37703317045586E-16,
0.707106781186548));
#11445=DIRECTION('ref_axis',(0.707106781186548,0.,0.707106781186548));
#11446=DIRECTION('',(3.1720657846433E-16,-1.,1.224646799147E-16));
#11447=DIRECTION('center_axis',(1.,3.1720657846433E-16,0.));
#11448=DIRECTION('ref_axis',(-3.1720657846433E-16,1.,0.));
#11449=DIRECTION('',(0.,0.,1.));
#11450=DIRECTION('',(3.1720657846433E-16,-1.,0.));
#11451=DIRECTION('',(0.,0.,1.));
#11452=DIRECTION('center_axis',(0.,1.,0.));
#11453=DIRECTION('ref_axis',(-1.,0.,0.));
#11454=DIRECTION('',(0.,0.,-1.));
#11455=DIRECTION('',(1.,0.,0.));
#11456=DIRECTION('center_axis',(1.80213472315338E-34,-0.707106781186549,
0.707106781186546));
#11457=DIRECTION('ref_axis',(1.,0.,-2.548603366707E-34));
#11458=DIRECTION('',(0.577350269189628,-0.577350269189624,-0.577350269189626));
#11459=DIRECTION('',(1.,0.,-2.548603366707E-34));
#11460=DIRECTION('',(-0.577350269189637,-0.577350269189619,-0.577350269189621));
#11461=DIRECTION('center_axis',(0.707106781186546,8.65956056235245E-17,
0.707106781186549));
#11462=DIRECTION('ref_axis',(0.707106781186549,0.,-0.707106781186546));
#11463=DIRECTION('',(0.577350269189626,0.577350269189626,-0.577350269189625));
#11464=DIRECTION('',(0.,1.,-1.224646799147E-16));
#11465=DIRECTION('center_axis',(1.80213472315339E-34,0.707106781186546,
0.707106781186549));
#11466=DIRECTION('ref_axis',(1.,0.,-2.548603366707E-34));
#11467=DIRECTION('',(-0.577350269189636,0.577350269189622,-0.57735026918962));
#11468=DIRECTION('',(-1.,0.,2.548603366707E-34));
#11469=DIRECTION('center_axis',(-0.707106781186546,-1.37703317045586E-16,
0.707106781186549));
#11470=DIRECTION('ref_axis',(0.707106781186549,0.,0.707106781186546));
#11471=DIRECTION('',(3.1720657846433E-16,-1.,1.224646799147E-16));
#11472=DIRECTION('center_axis',(1.,3.1720657846433E-16,0.));
#11473=DIRECTION('ref_axis',(-3.1720657846433E-16,1.,0.));
#11474=DIRECTION('',(0.,0.,1.));
#11475=DIRECTION('',(3.1720657846433E-16,-1.,0.));
#11476=DIRECTION('',(0.,0.,1.));
#11477=DIRECTION('center_axis',(0.,1.,0.));
#11478=DIRECTION('ref_axis',(-1.,0.,0.));
#11479=DIRECTION('',(0.,0.,-1.));
#11480=DIRECTION('',(1.,0.,0.));
#11481=DIRECTION('center_axis',(1.80213472315338E-34,-0.707106781186549,
0.707106781186546));
#11482=DIRECTION('ref_axis',(1.,0.,-2.548603366707E-34));
#11483=DIRECTION('',(0.577350269189625,-0.577350269189625,-0.577350269189627));
#11484=DIRECTION('',(1.,0.,-2.548603366707E-34));
#11485=DIRECTION('',(-0.577350269189633,-0.577350269189621,-0.577350269189623));
#11486=DIRECTION('center_axis',(0.707106781186549,8.65956056235242E-17,
0.707106781186546));
#11487=DIRECTION('ref_axis',(0.707106781186546,0.,-0.707106781186549));
#11488=DIRECTION('',(0.577350269189624,0.577350269189628,-0.577350269189626));
#11489=DIRECTION('',(0.,1.,-1.224646799147E-16));
#11490=DIRECTION('center_axis',(1.80213472315339E-34,0.707106781186546,
0.707106781186549));
#11491=DIRECTION('ref_axis',(1.,0.,-2.548603366707E-34));
#11492=DIRECTION('',(-0.577350269189632,0.577350269189624,-0.577350269189622));
#11493=DIRECTION('',(-1.,0.,2.548603366707E-34));
#11494=DIRECTION('center_axis',(-0.707106781186548,-1.37703317045586E-16,
0.707106781186548));
#11495=DIRECTION('ref_axis',(0.707106781186548,0.,0.707106781186548));
#11496=DIRECTION('',(3.1720657846433E-16,-1.,1.224646799147E-16));
#11497=DIRECTION('center_axis',(1.,3.1720657846433E-16,0.));
#11498=DIRECTION('ref_axis',(-3.1720657846433E-16,1.,0.));
#11499=DIRECTION('',(0.,0.,1.));
#11500=DIRECTION('',(3.1720657846433E-16,-1.,0.));
#11501=DIRECTION('',(0.,0.,1.));
#11502=DIRECTION('center_axis',(0.,1.,0.));
#11503=DIRECTION('ref_axis',(-1.,0.,0.));
#11504=DIRECTION('',(0.,0.,-1.));
#11505=DIRECTION('',(1.,0.,0.));
#11506=DIRECTION('center_axis',(1.80213472315338E-34,-0.707106781186548,
0.707106781186547));
#11507=DIRECTION('ref_axis',(1.,0.,-2.548603366707E-34));
#11508=DIRECTION('',(0.577350269189627,-0.577350269189625,-0.577350269189625));
#11509=DIRECTION('',(1.,0.,-2.548603366707E-34));
#11510=DIRECTION('',(-0.577350269189627,-0.577350269189625,-0.577350269189625));
#11511=DIRECTION('center_axis',(0.707106781186546,8.65956056235245E-17,
0.707106781186549));
#11512=DIRECTION('ref_axis',(0.707106781186549,0.,-0.707106781186546));
#11513=DIRECTION('',(0.577350269189629,0.577350269189625,-0.577350269189623));
#11514=DIRECTION('',(0.,1.,-1.224646799147E-16));
#11515=DIRECTION('center_axis',(1.80213472315339E-34,0.707106781186546,
0.707106781186549));
#11516=DIRECTION('ref_axis',(1.,0.,-2.548603366707E-34));
#11517=DIRECTION('',(-0.577350269189628,0.577350269189625,-0.577350269189625));
#11518=DIRECTION('',(-1.,0.,2.548603366707E-34));
#11519=DIRECTION('center_axis',(-0.707106781186546,-1.37703317045586E-16,
0.707106781186549));
#11520=DIRECTION('ref_axis',(0.707106781186549,0.,0.707106781186546));
#11521=DIRECTION('',(3.1720657846433E-16,-1.,1.224646799147E-16));
#11522=DIRECTION('center_axis',(1.,3.1720657846433E-16,0.));
#11523=DIRECTION('ref_axis',(-3.1720657846433E-16,1.,0.));
#11524=DIRECTION('',(0.,0.,1.));
#11525=DIRECTION('',(3.1720657846433E-16,-1.,0.));
#11526=DIRECTION('',(0.,0.,1.));
#11527=DIRECTION('center_axis',(0.,1.,0.));
#11528=DIRECTION('ref_axis',(-1.,0.,0.));
#11529=DIRECTION('',(0.,0.,1.));
#11530=DIRECTION('',(1.,0.,0.));
#11531=DIRECTION('center_axis',(1.80213472315338E-34,-0.707106781186548,
0.707106781186547));
#11532=DIRECTION('ref_axis',(1.,0.,-2.548603366707E-34));
#11533=DIRECTION('',(0.577350269189625,-0.577350269189626,-0.577350269189627));
#11534=DIRECTION('',(1.,0.,-2.548603366707E-34));
#11535=DIRECTION('',(-0.577350269189626,-0.577350269189626,-0.577350269189626));
#11536=DIRECTION('center_axis',(0.707106781186549,8.65956056235242E-17,
0.707106781186546));
#11537=DIRECTION('ref_axis',(0.707106781186546,0.,-0.707106781186549));
#11538=DIRECTION('',(0.577350269189626,0.577350269189626,-0.577350269189625));
#11539=DIRECTION('',(0.,1.,-1.224646799147E-16));
#11540=DIRECTION('center_axis',(1.80213472315339E-34,0.707106781186546,
0.707106781186549));
#11541=DIRECTION('ref_axis',(1.,0.,-2.548603366707E-34));
#11542=DIRECTION('',(-0.577350269189627,0.577350269189625,-0.577350269189625));
#11543=DIRECTION('',(-1.,0.,2.548603366707E-34));
#11544=DIRECTION('center_axis',(-0.707106781186548,-1.37703317045586E-16,
0.707106781186548));
#11545=DIRECTION('ref_axis',(0.707106781186548,0.,0.707106781186548));
#11546=DIRECTION('',(3.1720657846433E-16,-1.,1.224646799147E-16));
#11547=DIRECTION('center_axis',(1.,3.1720657846433E-16,0.));
#11548=DIRECTION('ref_axis',(-3.1720657846433E-16,1.,0.));
#11549=DIRECTION('',(0.,0.,1.));
#11550=DIRECTION('',(3.1720657846433E-16,-1.,0.));
#11551=DIRECTION('',(0.,0.,1.));
#11552=DIRECTION('center_axis',(0.,1.,0.));
#11553=DIRECTION('ref_axis',(-1.,0.,0.));
#11554=DIRECTION('',(0.,0.,-1.));
#11555=DIRECTION('',(1.,0.,0.));
#11556=DIRECTION('center_axis',(0.,1.,0.));
#11557=DIRECTION('ref_axis',(-1.,0.,0.));
#11558=DIRECTION('',(1.,0.,0.));
#11559=DIRECTION('',(0.,0.,1.));
#11560=DIRECTION('center_axis',(-1.,0.,0.));
#11561=DIRECTION('ref_axis',(0.,-1.,0.));
#11562=DIRECTION('',(0.,-1.,0.));
#11563=DIRECTION('',(0.,0.,1.));
#11564=DIRECTION('',(0.,-1.,0.));
#11565=DIRECTION('',(0.,0.,1.));
#11566=DIRECTION('center_axis',(0.,-1.,0.));
#11567=DIRECTION('ref_axis',(1.,0.,0.));
#11568=DIRECTION('',(1.,0.,0.));
#11569=DIRECTION('',(1.,0.,0.));
#11570=DIRECTION('',(0.,0.,1.));
#11571=DIRECTION('center_axis',(0.,0.,1.));
#11572=DIRECTION('ref_axis',(1.,0.,0.));
#11573=DIRECTION('',(-1.,0.,0.));
#11574=DIRECTION('',(-4.11861080315394E-16,1.,0.));
#11575=DIRECTION('center_axis',(1.,4.11861080315394E-16,0.));
#11576=DIRECTION('ref_axis',(-4.11861080315394E-16,1.,0.));
#11577=DIRECTION('',(0.,0.,1.));
#11578=DIRECTION('',(0.,0.,1.));
#11579=DIRECTION('',(-4.11861080315394E-16,1.,0.));
#11580=DIRECTION('center_axis',(0.,0.,-1.));
#11581=DIRECTION('ref_axis',(-1.,0.,0.));
#11582=DIRECTION('',(0.,1.,0.));
#11583=DIRECTION('',(1.,0.,0.));
#11584=DIRECTION('',(4.89804275569922E-16,-1.,0.));
#11585=DIRECTION('',(-1.,0.,0.));
#11586=DIRECTION('center_axis',(-1.,0.,0.));
#11587=DIRECTION('ref_axis',(0.,-1.,0.));
#11588=DIRECTION('',(0.,0.,1.));
#11589=DIRECTION('',(0.,-1.,0.));
#11590=DIRECTION('',(0.,0.,1.));
#11591=DIRECTION('center_axis',(0.,-1.,0.));
#11592=DIRECTION('ref_axis',(1.,0.,0.));
#11593=DIRECTION('',(0.,0.,1.));
#11594=DIRECTION('',(1.,0.,0.));
#11595=DIRECTION('',(0.,0.,1.));
#11596=DIRECTION('',(-1.,0.,2.548603366707E-34));
#11597=DIRECTION('',(0.,0.,1.));
#11598=DIRECTION('',(1.,0.,0.));
#11599=DIRECTION('center_axis',(0.,0.,1.));
#11600=DIRECTION('ref_axis',(-0.707106781186546,0.707106781186549,0.));
#11601=DIRECTION('',(0.,0.,-1.));
#11602=DIRECTION('center_axis',(0.,0.,1.));
#11603=DIRECTION('ref_axis',(-0.707106781186546,0.707106781186549,0.));
#11604=DIRECTION('',(0.,0.,1.));
#11605=DIRECTION('center_axis',(7.34959731276968E-15,1.,0.));
#11606=DIRECTION('ref_axis',(-1.,7.34959731276968E-15,0.));
#11607=DIRECTION('',(0.,0.,1.));
#11608=DIRECTION('',(-1.,7.34959731276968E-15,0.));
#11609=DIRECTION('',(0.,0.,1.));
#11610=DIRECTION('',(1.,0.,-2.548603366707E-34));
#11611=DIRECTION('',(0.,0.,1.));
#11612=DIRECTION('',(-1.,7.34959731276968E-15,0.));
#11613=DIRECTION('center_axis',(0.,0.,1.));
#11614=DIRECTION('ref_axis',(0.707106781186548,0.707106781186547,0.));
#11615=DIRECTION('',(0.,0.,-1.));
#11616=DIRECTION('center_axis',(0.,0.,1.));
#11617=DIRECTION('ref_axis',(0.707106781186548,0.707106781186547,0.));
#11618=DIRECTION('',(0.,0.,1.));
#11619=DIRECTION('center_axis',(1.,0.,0.));
#11620=DIRECTION('ref_axis',(0.,1.,0.));
#11621=DIRECTION('',(0.,0.,-1.));
#11622=DIRECTION('',(0.,-1.,0.));
#11623=DIRECTION('',(0.,0.,1.));
#11624=DIRECTION('',(0.,1.,0.));
#11625=DIRECTION('center_axis',(0.,0.,-1.));
#11626=DIRECTION('ref_axis',(-0.707106781186548,0.707106781186548,0.));
#11627=DIRECTION('center_axis',(0.,0.,1.));
#11628=DIRECTION('ref_axis',(-0.707106781186548,0.707106781186548,0.));
#11629=DIRECTION('',(0.,0.,1.));
#11630=DIRECTION('',(0.,0.,-1.));
#11631=DIRECTION('center_axis',(0.,1.,0.));
#11632=DIRECTION('ref_axis',(1.,0.,-2.548603366707E-34));
#11633=DIRECTION('',(0.,0.,1.));
#11634=DIRECTION('',(1.,0.,-2.548603366707E-34));
#11635=DIRECTION('center_axis',(0.,0.,1.));
#11636=DIRECTION('ref_axis',(-0.707106781186375,0.70710678118672,0.));
#11637=DIRECTION('',(0.,0.,-1.));
#11638=DIRECTION('center_axis',(0.,0.,1.));
#11639=DIRECTION('ref_axis',(-0.707106781186375,0.70710678118672,0.));
#11640=DIRECTION('',(0.,0.,1.));
#11641=DIRECTION('center_axis',(4.9737991503207E-13,1.,0.));
#11642=DIRECTION('ref_axis',(-1.,4.9737991503207E-13,0.));
#11643=DIRECTION('',(0.,0.,1.));
#11644=DIRECTION('',(0.,0.,1.));
#11645=DIRECTION('',(-1.,4.9737991503207E-13,0.));
#11646=DIRECTION('center_axis',(0.,0.,1.));
#11647=DIRECTION('ref_axis',(0.707106781186546,0.707106781186549,0.));
#11648=DIRECTION('',(0.,0.,-1.));
#11649=DIRECTION('center_axis',(0.,0.,1.));
#11650=DIRECTION('ref_axis',(0.707106781186546,0.707106781186549,0.));
#11651=DIRECTION('',(0.,0.,1.));
#11652=DIRECTION('center_axis',(1.,1.73615654790414E-15,0.));
#11653=DIRECTION('ref_axis',(-1.73615654790414E-15,1.,0.));
#11654=DIRECTION('',(0.,0.,1.));
#11655=DIRECTION('',(-1.73615654790414E-15,1.,0.));
#11656=DIRECTION('center_axis',(0.,0.,1.));
#11657=DIRECTION('ref_axis',(0.707106781186549,-0.707106781186546,0.));
#11658=DIRECTION('',(0.,0.,-1.));
#11659=DIRECTION('center_axis',(0.,0.,1.));
#11660=DIRECTION('ref_axis',(0.707106781186549,-0.707106781186546,0.));
#11661=DIRECTION('',(0.,0.,1.));
#11662=DIRECTION('center_axis',(0.,-1.,0.));
#11663=DIRECTION('ref_axis',(1.,0.,0.));
#11664=DIRECTION('',(1.,0.,0.));
#11665=DIRECTION('center_axis',(0.,0.,-1.));
#11666=DIRECTION('ref_axis',(-1.,0.,0.));
#11667=DIRECTION('',(0.,1.,0.));
#11668=DIRECTION('',(0.,-1.,0.));
#11669=DIRECTION('',(-1.,0.,0.));
#11670=DIRECTION('center_axis',(0.,1.,0.));
#11671=DIRECTION('ref_axis',(1.,0.,-2.548603366707E-34));
#11672=DIRECTION('',(0.,0.,-1.));
#11673=DIRECTION('',(1.,0.,-2.548603366707E-34));
#11674=DIRECTION('center_axis',(1.,2.27738056333367E-16,0.));
#11675=DIRECTION('ref_axis',(2.27738056333367E-16,-1.,1.224646799147E-16));
#11676=DIRECTION('',(0.,0.,1.));
#11677=DIRECTION('',(2.27738056333367E-16,-1.,1.224646799147E-16));
#11678=DIRECTION('',(0.,0.,1.));
#11679=DIRECTION('center_axis',(0.,0.,-1.));
#11680=DIRECTION('ref_axis',(-1.,0.,0.));
#11681=DIRECTION('',(0.,1.,0.));
#11682=DIRECTION('',(-2.27738056333367E-16,1.,0.));
#11683=DIRECTION('',(1.,-3.35161667811368E-16,0.));
#11684=DIRECTION('',(0.,1.,-1.224646799147E-16));
#11685=DIRECTION('',(-1.,0.,0.));
#11686=DIRECTION('',(0.,-1.,0.));
#11687=DIRECTION('center_axis',(1.,0.,0.));
#11688=DIRECTION('ref_axis',(0.,1.,0.));
#11689=DIRECTION('',(0.,0.,1.));
#11690=DIRECTION('',(0.,1.,0.));
#11691=DIRECTION('center_axis',(0.,-1.,0.));
#11692=DIRECTION('ref_axis',(1.,0.,0.));
#11693=DIRECTION('',(0.,0.,1.));
#11694=DIRECTION('',(1.,0.,0.));
#11695=DIRECTION('center_axis',(-1.,0.,0.));
#11696=DIRECTION('ref_axis',(0.,-1.,0.));
#11697=DIRECTION('',(0.,-1.,0.));
#11698=DIRECTION('center_axis',(0.,0.,1.));
#11699=DIRECTION('ref_axis',(-1.,0.,0.));
#11700=DIRECTION('center_axis',(-1.,0.,0.));
#11701=DIRECTION('ref_axis',(0.,-1.,0.));
#11702=DIRECTION('',(0.,-1.,0.));
#11703=DIRECTION('',(0.,0.,1.));
#11704=DIRECTION('center_axis',(0.,0.,-1.));
#11705=DIRECTION('ref_axis',(0.707106781186549,0.707106781186546,0.));
#11706=DIRECTION('',(0.,0.,-1.));
#11707=DIRECTION('center_axis',(-2.548603366707E-34,-1.224646799147E-16,
-1.));
#11708=DIRECTION('ref_axis',(0.707106781186549,0.707106781186546,0.));
#11709=DIRECTION('',(0.,0.,1.));
#11710=DIRECTION('center_axis',(0.,-1.,0.));
#11711=DIRECTION('ref_axis',(-1.,0.,2.548603366707E-34));
#11712=DIRECTION('',(0.,0.,1.));
#11713=DIRECTION('',(-1.,0.,2.548603366707E-34));
#11714=DIRECTION('center_axis',(0.,0.,-1.));
#11715=DIRECTION('ref_axis',(0.707106781186549,-0.707106781186546,0.));
#11716=DIRECTION('',(0.,0.,-1.));
#11717=DIRECTION('center_axis',(-2.548603366707E-34,-1.224646799147E-16,
-1.));
#11718=DIRECTION('ref_axis',(0.707106781186549,-0.707106781186546,0.));
#11719=DIRECTION('',(0.,0.,1.));
#11720=DIRECTION('center_axis',(-1.,0.,0.));
#11721=DIRECTION('ref_axis',(0.,1.,-1.224646799147E-16));
#11722=DIRECTION('',(0.,1.,-1.224646799147E-16));
#11723=DIRECTION('center_axis',(0.,0.,-1.));
#11724=DIRECTION('ref_axis',(-0.707106781186549,-0.707106781186546,0.));
#11725=DIRECTION('center_axis',(-2.548603366707E-34,-1.224646799147E-16,
-1.));
#11726=DIRECTION('ref_axis',(-0.707106781186549,-0.707106781186546,0.));
#11727=DIRECTION('',(0.,0.,1.));
#11728=DIRECTION('',(0.,0.,-1.));
#11729=DIRECTION('center_axis',(1.,0.,0.));
#11730=DIRECTION('ref_axis',(0.,1.,0.));
#11731=DIRECTION('',(0.,-1.,1.224646799147E-16));
#11732=DIRECTION('',(0.,0.,1.));
#11733=DIRECTION('',(0.,1.,0.));
#11734=DIRECTION('',(0.,-1.,1.224646799147E-16));
#11735=DIRECTION('',(0.,0.,-1.));
#11736=DIRECTION('center_axis',(0.,0.,1.));
#11737=DIRECTION('ref_axis',(-0.707106781186549,0.707106781186546,0.));
#11738=DIRECTION('center_axis',(-2.548603366707E-34,-1.224646799147E-16,
-1.));
#11739=DIRECTION('ref_axis',(-0.707106781186549,0.707106781186546,0.));
#11740=DIRECTION('center_axis',(0.,1.,0.));
#11741=DIRECTION('ref_axis',(1.,0.,-2.548603366707E-34));
#11742=DIRECTION('',(1.,0.,-2.548603366707E-34));
#11743=DIRECTION('center_axis',(0.,0.,-1.));
#11744=DIRECTION('ref_axis',(0.,1.,0.));
#11745=DIRECTION('',(0.,0.,-1.));
#11746=DIRECTION('center_axis',(-2.548603366707E-34,-1.224646799147E-16,
-1.));
#11747=DIRECTION('ref_axis',(0.,1.,0.));
#11748=DIRECTION('',(0.,0.,-1.));
#11749=DIRECTION('center_axis',(-1.,0.,0.));
#11750=DIRECTION('ref_axis',(0.,1.,-1.224646799147E-16));
#11751=DIRECTION('',(0.,1.,-1.224646799147E-16));
#11752=DIRECTION('center_axis',(2.548603366707E-34,1.224646799147E-16,1.));
#11753=DIRECTION('ref_axis',(1.,0.,-2.548603366707E-34));
#11754=DIRECTION('',(1.,-7.34959731276968E-15,8.99811222073608E-31));
#11755=DIRECTION('',(0.,1.,-1.224646799147E-16));
#11756=DIRECTION('',(1.,0.,-2.548603366707E-34));
#11757=DIRECTION('center_axis',(0.,0.,-1.));
#11758=DIRECTION('ref_axis',(-1.,0.,0.));
#11759=DIRECTION('',(0.,1.,0.));
#11760=DIRECTION('',(1.,0.,0.));
#11761=DIRECTION('',(0.,1.,-1.224646799147E-16));
#11762=DIRECTION('center_axis',(0.,1.,0.));
#11763=DIRECTION('ref_axis',(-1.,0.,0.));
#11764=DIRECTION('',(-1.,0.,0.));
#11765=DIRECTION('',(0.,0.,1.));
#11766=DIRECTION('',(-1.,0.,0.));
#11767=DIRECTION('',(0.,0.,1.));
#11768=DIRECTION('center_axis',(1.,-5.67526146773241E-16,0.));
#11769=DIRECTION('ref_axis',(5.67526146773241E-16,1.,0.));
#11770=DIRECTION('',(5.67526146773241E-16,1.,0.));
#11771=DIRECTION('',(0.,0.,1.));
#11772=DIRECTION('',(5.67526146773241E-16,1.,0.));
#11773=DIRECTION('center_axis',(-1.70257844031973E-15,-1.,0.));
#11774=DIRECTION('ref_axis',(1.,-1.70257844031973E-15,0.));
#11775=DIRECTION('',(1.,-1.70257844031973E-15,0.));
#11776=DIRECTION('',(0.,0.,1.));
#11777=DIRECTION('',(1.,-1.70257844031973E-15,0.));
#11778=DIRECTION('center_axis',(-1.,0.,0.));
#11779=DIRECTION('ref_axis',(0.,-1.,0.));
#11780=DIRECTION('',(0.,-1.,0.));
#11781=DIRECTION('',(0.,-1.,0.));
#11782=DIRECTION('center_axis',(0.,0.,1.));
#11783=DIRECTION('ref_axis',(1.,0.,0.));
#11784=DIRECTION('',(3.1720657846433E-16,-1.,0.));
#11785=DIRECTION('center_axis',(1.,3.1720657846433E-16,0.));
#11786=DIRECTION('ref_axis',(-3.1720657846433E-16,1.,0.));
#11787=DIRECTION('center_axis',(-1.,0.,0.));
#11788=DIRECTION('ref_axis',(0.,-1.,0.));
#11789=DIRECTION('',(0.,0.,-1.));
#11790=DIRECTION('',(0.,1.,0.));
#11791=DIRECTION('center_axis',(0.,-1.,0.));
#11792=DIRECTION('ref_axis',(1.,0.,0.));
#11793=DIRECTION('',(-1.,0.,0.));
#11794=DIRECTION('center_axis',(-1.,0.,0.));
#11795=DIRECTION('ref_axis',(0.,-1.,0.));
#11796=DIRECTION('',(0.,0.,-1.));
#11797=DIRECTION('',(0.,1.,0.));
#11798=DIRECTION('center_axis',(0.,-1.,0.));
#11799=DIRECTION('ref_axis',(1.,0.,0.));
#11800=DIRECTION('',(-1.,0.,0.));
#11801=DIRECTION('center_axis',(-1.,0.,0.));
#11802=DIRECTION('ref_axis',(0.,-1.,0.));
#11803=DIRECTION('',(0.,0.,-1.));
#11804=DIRECTION('',(0.,1.,0.));
#11805=DIRECTION('center_axis',(0.,-1.,0.));
#11806=DIRECTION('ref_axis',(1.,0.,0.));
#11807=DIRECTION('',(-1.,0.,0.));
#11808=DIRECTION('center_axis',(-1.,0.,0.));
#11809=DIRECTION('ref_axis',(0.,-1.,0.));
#11810=DIRECTION('',(0.,0.,-1.));
#11811=DIRECTION('',(0.,1.,0.));
#11812=DIRECTION('center_axis',(0.,-1.,0.));
#11813=DIRECTION('ref_axis',(1.,0.,0.));
#11814=DIRECTION('',(-1.,0.,0.));
#11815=DIRECTION('center_axis',(0.,-1.,0.));
#11816=DIRECTION('ref_axis',(1.,0.,0.));
#11817=DIRECTION('',(0.,0.,1.));
#11818=DIRECTION('',(-1.,0.,0.));
#11819=DIRECTION('center_axis',(-1.,0.,0.));
#11820=DIRECTION('ref_axis',(0.,-1.,0.));
#11821=DIRECTION('',(0.,0.,1.));
#11822=DIRECTION('',(0.,1.,0.));
#11823=DIRECTION('center_axis',(0.,-1.,0.));
#11824=DIRECTION('ref_axis',(1.,0.,0.));
#11825=DIRECTION('',(-1.,0.,0.));
#11826=DIRECTION('center_axis',(0.,-1.,0.));
#11827=DIRECTION('ref_axis',(1.,0.,0.));
#11828=DIRECTION('',(0.,0.,1.));
#11829=DIRECTION('',(-1.,0.,0.));
#11830=DIRECTION('center_axis',(-1.,0.,0.));
#11831=DIRECTION('ref_axis',(0.,-1.,0.));
#11832=DIRECTION('',(0.,0.,1.));
#11833=DIRECTION('',(0.,1.,0.));
#11834=DIRECTION('center_axis',(0.,-1.,0.));
#11835=DIRECTION('ref_axis',(1.,0.,0.));
#11836=DIRECTION('',(-1.,0.,0.));
#11837=DIRECTION('center_axis',(0.,-1.,0.));
#11838=DIRECTION('ref_axis',(1.,0.,0.));
#11839=DIRECTION('',(0.,0.,1.));
#11840=DIRECTION('',(-1.,0.,0.));
#11841=DIRECTION('center_axis',(-1.,0.,0.));
#11842=DIRECTION('ref_axis',(0.,-1.,0.));
#11843=DIRECTION('',(0.,0.,1.));
#11844=DIRECTION('',(0.,1.,0.));
#11845=DIRECTION('center_axis',(0.,-1.,0.));
#11846=DIRECTION('ref_axis',(1.,0.,0.));
#11847=DIRECTION('',(-1.,0.,0.));
#11848=DIRECTION('center_axis',(0.,-1.,0.));
#11849=DIRECTION('ref_axis',(1.,0.,0.));
#11850=DIRECTION('',(0.,0.,1.));
#11851=DIRECTION('',(-1.,0.,0.));
#11852=DIRECTION('center_axis',(0.,1.,0.));
#11853=DIRECTION('ref_axis',(-1.,0.,0.));
#11854=DIRECTION('',(-1.,0.,0.));
#11855=DIRECTION('',(0.,0.,1.));
#11856=DIRECTION('',(-1.,0.,0.));
#11857=DIRECTION('',(0.,0.,1.));
#11858=DIRECTION('center_axis',(1.,-5.67526146773241E-16,0.));
#11859=DIRECTION('ref_axis',(5.67526146773241E-16,1.,0.));
#11860=DIRECTION('',(5.67526146773241E-16,1.,0.));
#11861=DIRECTION('',(0.,0.,1.));
#11862=DIRECTION('',(5.67526146773241E-16,1.,0.));
#11863=DIRECTION('center_axis',(-1.70257844031973E-15,-1.,0.));
#11864=DIRECTION('ref_axis',(1.,-1.70257844031973E-15,0.));
#11865=DIRECTION('',(1.,-1.70257844031973E-15,0.));
#11866=DIRECTION('',(0.,0.,1.));
#11867=DIRECTION('',(1.,-1.70257844031973E-15,0.));
#11868=DIRECTION('center_axis',(-1.,0.,0.));
#11869=DIRECTION('ref_axis',(0.,-1.,0.));
#11870=DIRECTION('',(0.,-1.,0.));
#11871=DIRECTION('',(0.,-1.,0.));
#11872=DIRECTION('center_axis',(0.,0.,1.));
#11873=DIRECTION('ref_axis',(1.,0.,0.));
#11874=DIRECTION('center_axis',(0.,1.,0.));
#11875=DIRECTION('ref_axis',(-1.,0.,0.));
#11876=DIRECTION('',(-1.,0.,0.));
#11877=DIRECTION('',(0.,0.,1.));
#11878=DIRECTION('',(-1.,0.,0.));
#11879=DIRECTION('',(0.,0.,1.));
#11880=DIRECTION('center_axis',(1.,-5.67526146773241E-16,0.));
#11881=DIRECTION('ref_axis',(5.67526146773241E-16,1.,0.));
#11882=DIRECTION('',(5.67526146773241E-16,1.,0.));
#11883=DIRECTION('',(0.,0.,1.));
#11884=DIRECTION('',(5.67526146773241E-16,1.,0.));
#11885=DIRECTION('center_axis',(-1.70257844031973E-15,-1.,0.));
#11886=DIRECTION('ref_axis',(1.,-1.70257844031973E-15,0.));
#11887=DIRECTION('',(1.,-1.70257844031973E-15,0.));
#11888=DIRECTION('',(0.,0.,1.));
#11889=DIRECTION('',(1.,-1.70257844031973E-15,0.));
#11890=DIRECTION('center_axis',(-1.,0.,0.));
#11891=DIRECTION('ref_axis',(0.,-1.,0.));
#11892=DIRECTION('',(0.,-1.,0.));
#11893=DIRECTION('',(0.,-1.,0.));
#11894=DIRECTION('center_axis',(0.,0.,1.));
#11895=DIRECTION('ref_axis',(1.,0.,0.));
#11896=DIRECTION('center_axis',(0.,1.,0.));
#11897=DIRECTION('ref_axis',(-1.,0.,0.));
#11898=DIRECTION('',(-1.,0.,0.));
#11899=DIRECTION('',(0.,0.,1.));
#11900=DIRECTION('',(-1.,0.,0.));
#11901=DIRECTION('',(0.,0.,1.));
#11902=DIRECTION('center_axis',(1.,-5.67526146773241E-16,0.));
#11903=DIRECTION('ref_axis',(5.67526146773241E-16,1.,0.));
#11904=DIRECTION('',(5.67526146773241E-16,1.,0.));
#11905=DIRECTION('',(0.,0.,1.));
#11906=DIRECTION('',(5.67526146773241E-16,1.,0.));
#11907=DIRECTION('center_axis',(-1.70257844031973E-15,-1.,0.));
#11908=DIRECTION('ref_axis',(1.,-1.70257844031973E-15,0.));
#11909=DIRECTION('',(1.,-1.70257844031973E-15,0.));
#11910=DIRECTION('',(0.,0.,1.));
#11911=DIRECTION('',(1.,-1.70257844031973E-15,0.));
#11912=DIRECTION('center_axis',(-1.,0.,0.));
#11913=DIRECTION('ref_axis',(0.,-1.,0.));
#11914=DIRECTION('',(0.,-1.,0.));
#11915=DIRECTION('',(0.,-1.,0.));
#11916=DIRECTION('center_axis',(0.,0.,1.));
#11917=DIRECTION('ref_axis',(1.,0.,0.));
#11918=DIRECTION('center_axis',(0.,1.,0.));
#11919=DIRECTION('ref_axis',(-1.,0.,0.));
#11920=DIRECTION('',(-1.,0.,0.));
#11921=DIRECTION('',(0.,0.,1.));
#11922=DIRECTION('',(-1.,0.,0.));
#11923=DIRECTION('',(0.,0.,1.));
#11924=DIRECTION('center_axis',(1.,-5.67526146773241E-16,0.));
#11925=DIRECTION('ref_axis',(5.67526146773241E-16,1.,0.));
#11926=DIRECTION('',(5.67526146773241E-16,1.,0.));
#11927=DIRECTION('',(0.,0.,1.));
#11928=DIRECTION('',(5.67526146773241E-16,1.,0.));
#11929=DIRECTION('center_axis',(-1.70257844031973E-15,-1.,0.));
#11930=DIRECTION('ref_axis',(1.,-1.70257844031973E-15,0.));
#11931=DIRECTION('',(1.,-1.70257844031973E-15,0.));
#11932=DIRECTION('',(0.,0.,1.));
#11933=DIRECTION('',(1.,-1.70257844031973E-15,0.));
#11934=DIRECTION('center_axis',(-1.,0.,0.));
#11935=DIRECTION('ref_axis',(0.,-1.,0.));
#11936=DIRECTION('',(0.,-1.,0.));
#11937=DIRECTION('',(0.,-1.,0.));
#11938=DIRECTION('center_axis',(0.,0.,1.));
#11939=DIRECTION('ref_axis',(1.,0.,0.));
#11940=DIRECTION('center_axis',(0.,1.,0.));
#11941=DIRECTION('ref_axis',(-1.,0.,0.));
#11942=DIRECTION('',(-1.,0.,0.));
#11943=DIRECTION('',(0.,0.,1.));
#11944=DIRECTION('',(-1.,0.,0.));
#11945=DIRECTION('',(0.,0.,1.));
#11946=DIRECTION('center_axis',(1.,-5.67526146773241E-16,0.));
#11947=DIRECTION('ref_axis',(5.67526146773241E-16,1.,0.));
#11948=DIRECTION('',(5.67526146773241E-16,1.,0.));
#11949=DIRECTION('',(0.,0.,1.));
#11950=DIRECTION('',(5.67526146773241E-16,1.,0.));
#11951=DIRECTION('center_axis',(-1.70257844031973E-15,-1.,0.));
#11952=DIRECTION('ref_axis',(1.,-1.70257844031973E-15,0.));
#11953=DIRECTION('',(1.,-1.70257844031973E-15,0.));
#11954=DIRECTION('',(0.,0.,1.));
#11955=DIRECTION('',(1.,-1.70257844031973E-15,0.));
#11956=DIRECTION('center_axis',(-1.,0.,0.));
#11957=DIRECTION('ref_axis',(0.,-1.,0.));
#11958=DIRECTION('',(0.,-1.,0.));
#11959=DIRECTION('',(0.,-1.,0.));
#11960=DIRECTION('center_axis',(0.,0.,1.));
#11961=DIRECTION('ref_axis',(1.,0.,0.));
#11962=DIRECTION('',(3.1720657846433E-16,-1.,0.));
#11963=DIRECTION('center_axis',(0.,1.,0.));
#11964=DIRECTION('ref_axis',(-1.,0.,0.));
#11965=DIRECTION('',(-1.,0.,0.));
#11966=DIRECTION('',(0.,0.,1.));
#11967=DIRECTION('',(-1.,0.,0.));
#11968=DIRECTION('',(0.,0.,1.));
#11969=DIRECTION('center_axis',(1.,-5.67526146773241E-16,0.));
#11970=DIRECTION('ref_axis',(5.67526146773241E-16,1.,0.));
#11971=DIRECTION('',(5.67526146773241E-16,1.,0.));
#11972=DIRECTION('',(0.,0.,1.));
#11973=DIRECTION('',(5.67526146773241E-16,1.,0.));
#11974=DIRECTION('center_axis',(-1.70257844031973E-15,-1.,0.));
#11975=DIRECTION('ref_axis',(1.,-1.70257844031973E-15,0.));
#11976=DIRECTION('',(1.,-1.70257844031973E-15,0.));
#11977=DIRECTION('',(0.,0.,1.));
#11978=DIRECTION('',(1.,-1.70257844031973E-15,0.));
#11979=DIRECTION('center_axis',(-1.,0.,0.));
#11980=DIRECTION('ref_axis',(0.,-1.,0.));
#11981=DIRECTION('',(0.,-1.,0.));
#11982=DIRECTION('',(0.,-1.,0.));
#11983=DIRECTION('center_axis',(0.,0.,1.));
#11984=DIRECTION('ref_axis',(1.,0.,0.));
#11985=DIRECTION('center_axis',(0.,1.,0.));
#11986=DIRECTION('ref_axis',(-1.,0.,0.));
#11987=DIRECTION('',(-1.,0.,0.));
#11988=DIRECTION('',(0.,0.,1.));
#11989=DIRECTION('',(-1.,0.,0.));
#11990=DIRECTION('',(0.,0.,1.));
#11991=DIRECTION('center_axis',(1.,-5.67526146773241E-16,0.));
#11992=DIRECTION('ref_axis',(5.67526146773241E-16,1.,0.));
#11993=DIRECTION('',(5.67526146773241E-16,1.,0.));
#11994=DIRECTION('',(0.,0.,1.));
#11995=DIRECTION('',(5.67526146773241E-16,1.,0.));
#11996=DIRECTION('center_axis',(-1.70257844031973E-15,-1.,0.));
#11997=DIRECTION('ref_axis',(1.,-1.70257844031973E-15,0.));
#11998=DIRECTION('',(1.,-1.70257844031973E-15,0.));
#11999=DIRECTION('',(0.,0.,1.));
#12000=DIRECTION('',(1.,-1.70257844031973E-15,0.));
#12001=DIRECTION('center_axis',(-1.,0.,0.));
#12002=DIRECTION('ref_axis',(0.,-1.,0.));
#12003=DIRECTION('',(0.,-1.,0.));
#12004=DIRECTION('',(0.,-1.,0.));
#12005=DIRECTION('center_axis',(0.,0.,1.));
#12006=DIRECTION('ref_axis',(1.,0.,0.));
#12007=DIRECTION('',(3.1720657846433E-16,-1.,0.));
#12008=DIRECTION('center_axis',(0.,1.,0.));
#12009=DIRECTION('ref_axis',(-1.,0.,0.));
#12010=DIRECTION('',(-1.,0.,0.));
#12011=DIRECTION('',(0.,0.,1.));
#12012=DIRECTION('',(-1.,0.,0.));
#12013=DIRECTION('',(0.,0.,1.));
#12014=DIRECTION('center_axis',(1.,-5.67526146773241E-16,0.));
#12015=DIRECTION('ref_axis',(5.67526146773241E-16,1.,0.));
#12016=DIRECTION('',(5.67526146773241E-16,1.,0.));
#12017=DIRECTION('',(0.,0.,1.));
#12018=DIRECTION('',(5.67526146773241E-16,1.,0.));
#12019=DIRECTION('center_axis',(-1.70257844031973E-15,-1.,0.));
#12020=DIRECTION('ref_axis',(1.,-1.70257844031973E-15,0.));
#12021=DIRECTION('',(1.,-1.70257844031973E-15,0.));
#12022=DIRECTION('',(0.,0.,1.));
#12023=DIRECTION('',(1.,-1.70257844031973E-15,0.));
#12024=DIRECTION('center_axis',(-1.,0.,0.));
#12025=DIRECTION('ref_axis',(0.,-1.,0.));
#12026=DIRECTION('',(0.,-1.,0.));
#12027=DIRECTION('',(0.,-1.,0.));
#12028=DIRECTION('center_axis',(0.,0.,1.));
#12029=DIRECTION('ref_axis',(1.,0.,0.));
#12030=DIRECTION('center_axis',(0.,1.,0.));
#12031=DIRECTION('ref_axis',(-1.,0.,0.));
#12032=DIRECTION('',(-1.,0.,0.));
#12033=DIRECTION('',(0.,0.,1.));
#12034=DIRECTION('',(-1.,0.,0.));
#12035=DIRECTION('',(0.,0.,1.));
#12036=DIRECTION('center_axis',(1.,-5.67526146773241E-16,0.));
#12037=DIRECTION('ref_axis',(5.67526146773241E-16,1.,0.));
#12038=DIRECTION('',(5.67526146773241E-16,1.,0.));
#12039=DIRECTION('',(0.,0.,1.));
#12040=DIRECTION('',(5.67526146773241E-16,1.,0.));
#12041=DIRECTION('center_axis',(-1.70257844031973E-15,-1.,0.));
#12042=DIRECTION('ref_axis',(1.,-1.70257844031973E-15,0.));
#12043=DIRECTION('',(1.,-1.70257844031973E-15,0.));
#12044=DIRECTION('',(0.,0.,1.));
#12045=DIRECTION('',(1.,-1.70257844031973E-15,0.));
#12046=DIRECTION('center_axis',(-1.,0.,0.));
#12047=DIRECTION('ref_axis',(0.,-1.,0.));
#12048=DIRECTION('',(0.,-1.,0.));
#12049=DIRECTION('',(0.,-1.,0.));
#12050=DIRECTION('center_axis',(0.,0.,1.));
#12051=DIRECTION('ref_axis',(1.,0.,0.));
#12052=DIRECTION('',(3.1720657846433E-16,-1.,0.));
#12053=DIRECTION('center_axis',(0.,1.,0.));
#12054=DIRECTION('ref_axis',(-1.,0.,0.));
#12055=DIRECTION('',(-1.,0.,0.));
#12056=DIRECTION('',(0.,0.,1.));
#12057=DIRECTION('',(-1.,0.,0.));
#12058=DIRECTION('',(0.,0.,1.));
#12059=DIRECTION('center_axis',(1.,-5.67526146773241E-16,0.));
#12060=DIRECTION('ref_axis',(5.67526146773241E-16,1.,0.));
#12061=DIRECTION('',(5.67526146773241E-16,1.,0.));
#12062=DIRECTION('',(0.,0.,1.));
#12063=DIRECTION('',(5.67526146773241E-16,1.,0.));
#12064=DIRECTION('center_axis',(-1.70257844031973E-15,-1.,0.));
#12065=DIRECTION('ref_axis',(1.,-1.70257844031973E-15,0.));
#12066=DIRECTION('',(1.,-1.70257844031973E-15,0.));
#12067=DIRECTION('',(0.,0.,1.));
#12068=DIRECTION('',(1.,-1.70257844031973E-15,0.));
#12069=DIRECTION('center_axis',(-1.,0.,0.));
#12070=DIRECTION('ref_axis',(0.,-1.,0.));
#12071=DIRECTION('',(0.,-1.,0.));
#12072=DIRECTION('',(0.,-1.,0.));
#12073=DIRECTION('center_axis',(0.,0.,1.));
#12074=DIRECTION('ref_axis',(1.,0.,0.));
#12075=DIRECTION('center_axis',(0.,1.,0.));
#12076=DIRECTION('ref_axis',(-1.,0.,0.));
#12077=DIRECTION('',(-1.,0.,0.));
#12078=DIRECTION('',(0.,0.,1.));
#12079=DIRECTION('',(-1.,0.,0.));
#12080=DIRECTION('',(0.,0.,1.));
#12081=DIRECTION('center_axis',(1.,-5.67526146773241E-16,0.));
#12082=DIRECTION('ref_axis',(5.67526146773241E-16,1.,0.));
#12083=DIRECTION('',(5.67526146773241E-16,1.,0.));
#12084=DIRECTION('',(0.,0.,1.));
#12085=DIRECTION('',(5.67526146773241E-16,1.,0.));
#12086=DIRECTION('center_axis',(-1.70257844031973E-15,-1.,0.));
#12087=DIRECTION('ref_axis',(1.,-1.70257844031973E-15,0.));
#12088=DIRECTION('',(1.,-1.70257844031973E-15,0.));
#12089=DIRECTION('',(0.,0.,1.));
#12090=DIRECTION('',(1.,-1.70257844031973E-15,0.));
#12091=DIRECTION('center_axis',(-1.,0.,0.));
#12092=DIRECTION('ref_axis',(0.,-1.,0.));
#12093=DIRECTION('',(0.,-1.,0.));
#12094=DIRECTION('',(0.,-1.,0.));
#12095=DIRECTION('center_axis',(0.,0.,1.));
#12096=DIRECTION('ref_axis',(1.,0.,0.));
#12097=DIRECTION('',(3.1720657846433E-16,-1.,0.));
#12098=DIRECTION('center_axis',(1.,3.1720657846433E-16,0.));
#12099=DIRECTION('ref_axis',(-3.1720657846433E-16,1.,0.));
#12100=DIRECTION('center_axis',(1.,3.1720657846433E-16,0.));
#12101=DIRECTION('ref_axis',(-3.1720657846433E-16,1.,0.));
#12102=DIRECTION('center_axis',(1.,3.1720657846433E-16,0.));
#12103=DIRECTION('ref_axis',(-3.1720657846433E-16,1.,0.));
#12104=DIRECTION('center_axis',(1.,3.1720657846433E-16,0.));
#12105=DIRECTION('ref_axis',(-3.1720657846433E-16,1.,0.));
#12106=DIRECTION('center_axis',(-1.,0.,0.));
#12107=DIRECTION('ref_axis',(0.,-1.,0.));
#12108=DIRECTION('',(0.,0.,1.));
#12109=DIRECTION('',(0.,1.,0.));
#12110=DIRECTION('center_axis',(0.,-1.,0.));
#12111=DIRECTION('ref_axis',(1.,0.,0.));
#12112=DIRECTION('',(-1.,0.,0.));
#12113=DIRECTION('center_axis',(0.,1.,0.));
#12114=DIRECTION('ref_axis',(-1.,0.,0.));
#12115=DIRECTION('',(-1.,0.,0.));
#12116=DIRECTION('',(0.,0.,1.));
#12117=DIRECTION('',(-1.,0.,0.));
#12118=DIRECTION('',(0.,0.,1.));
#12119=DIRECTION('center_axis',(1.,-5.67526146773241E-16,0.));
#12120=DIRECTION('ref_axis',(5.67526146773241E-16,1.,0.));
#12121=DIRECTION('',(5.67526146773241E-16,1.,0.));
#12122=DIRECTION('',(0.,0.,1.));
#12123=DIRECTION('',(5.67526146773241E-16,1.,0.));
#12124=DIRECTION('center_axis',(-1.70257844031973E-15,-1.,0.));
#12125=DIRECTION('ref_axis',(1.,-1.70257844031973E-15,0.));
#12126=DIRECTION('',(1.,-1.70257844031973E-15,0.));
#12127=DIRECTION('',(0.,0.,1.));
#12128=DIRECTION('',(1.,-1.70257844031973E-15,0.));
#12129=DIRECTION('center_axis',(-1.,0.,0.));
#12130=DIRECTION('ref_axis',(0.,-1.,0.));
#12131=DIRECTION('',(0.,-1.,0.));
#12132=DIRECTION('',(0.,-1.,0.));
#12133=DIRECTION('center_axis',(0.,0.,1.));
#12134=DIRECTION('ref_axis',(1.,0.,0.));
#12135=DIRECTION('center_axis',(0.,0.,1.));
#12136=DIRECTION('ref_axis',(1.,0.,0.));
#12137=DIRECTION('',(0.,1.,0.));
#12138=DIRECTION('',(1.,0.,0.));
#12139=DIRECTION('',(0.,-1.,0.));
#12140=DIRECTION('',(-1.,0.,0.));
#12141=DIRECTION('center_axis',(0.,0.,1.));
#12142=DIRECTION('ref_axis',(1.,0.,0.));
#12143=DIRECTION('',(0.,1.,0.));
#12144=DIRECTION('',(1.,0.,0.));
#12145=DIRECTION('',(0.,-1.,0.));
#12146=DIRECTION('',(-1.,0.,0.));
#12147=DIRECTION('center_axis',(0.,0.,1.));
#12148=DIRECTION('ref_axis',(1.,0.,0.));
#12149=DIRECTION('',(0.,1.,0.));
#12150=DIRECTION('',(1.,0.,0.));
#12151=DIRECTION('',(0.,-1.,0.));
#12152=DIRECTION('',(-1.,0.,0.));
#12153=DIRECTION('center_axis',(0.,0.,1.));
#12154=DIRECTION('ref_axis',(1.,0.,0.));
#12155=DIRECTION('',(0.,1.,0.));
#12156=DIRECTION('',(1.,0.,0.));
#12157=DIRECTION('',(0.,-1.,0.));
#12158=DIRECTION('',(-1.,0.,0.));
#12159=DIRECTION('center_axis',(0.,0.,1.));
#12160=DIRECTION('ref_axis',(1.,0.,0.));
#12161=DIRECTION('',(0.,1.,0.));
#12162=DIRECTION('',(1.,0.,0.));
#12163=DIRECTION('',(0.,-1.,0.));
#12164=DIRECTION('',(-1.,0.,0.));
#12165=DIRECTION('center_axis',(0.,0.,1.));
#12166=DIRECTION('ref_axis',(1.,0.,0.));
#12167=DIRECTION('',(0.,1.,0.));
#12168=DIRECTION('',(1.,0.,0.));
#12169=DIRECTION('',(0.,-1.,0.));
#12170=DIRECTION('',(-1.,0.,0.));
#12171=DIRECTION('center_axis',(0.,0.,1.));
#12172=DIRECTION('ref_axis',(1.,0.,0.));
#12173=DIRECTION('',(0.,1.,0.));
#12174=DIRECTION('',(1.,0.,0.));
#12175=DIRECTION('',(0.,-1.,0.));
#12176=DIRECTION('',(-1.,0.,0.));
#12177=DIRECTION('center_axis',(0.,0.,1.));
#12178=DIRECTION('ref_axis',(1.,0.,0.));
#12179=DIRECTION('',(0.,1.,0.));
#12180=DIRECTION('',(1.,0.,0.));
#12181=DIRECTION('',(0.,-1.,0.));
#12182=DIRECTION('',(-1.,0.,0.));
#12183=DIRECTION('center_axis',(0.,0.,1.));
#12184=DIRECTION('ref_axis',(1.,0.,0.));
#12185=DIRECTION('',(0.,1.,0.));
#12186=DIRECTION('',(1.,0.,0.));
#12187=DIRECTION('',(0.,-1.,0.));
#12188=DIRECTION('',(-1.,0.,0.));
#12189=DIRECTION('center_axis',(0.,0.,1.));
#12190=DIRECTION('ref_axis',(1.,0.,0.));
#12191=DIRECTION('',(0.,1.,0.));
#12192=DIRECTION('',(1.,0.,0.));
#12193=DIRECTION('',(0.,-1.,0.));
#12194=DIRECTION('',(-1.,0.,0.));
#12195=DIRECTION('center_axis',(0.,0.,1.));
#12196=DIRECTION('ref_axis',(1.,0.,0.));
#12197=DIRECTION('',(0.,1.,0.));
#12198=DIRECTION('',(1.,0.,0.));
#12199=DIRECTION('',(0.,-1.,0.));
#12200=DIRECTION('',(-1.,0.,0.));
#12201=DIRECTION('center_axis',(0.,0.,1.));
#12202=DIRECTION('ref_axis',(1.,0.,0.));
#12203=DIRECTION('',(0.,1.,0.));
#12204=DIRECTION('',(1.,0.,0.));
#12205=DIRECTION('',(0.,-1.,0.));
#12206=DIRECTION('',(-1.,0.,0.));
#12207=DIRECTION('center_axis',(0.,0.,1.));
#12208=DIRECTION('ref_axis',(1.,0.,0.));
#12209=DIRECTION('',(0.,1.,0.));
#12210=DIRECTION('',(1.,0.,0.));
#12211=DIRECTION('',(0.,-1.,0.));
#12212=DIRECTION('',(-1.,0.,0.));
#12213=DIRECTION('center_axis',(1.,0.,0.));
#12214=DIRECTION('ref_axis',(0.,1.,0.));
#12215=DIRECTION('',(0.,1.,0.));
#12216=DIRECTION('',(0.,0.,1.));
#12217=DIRECTION('',(0.,0.,1.));
#12218=DIRECTION('center_axis',(0.,1.,0.));
#12219=DIRECTION('ref_axis',(-1.,0.,0.));
#12220=DIRECTION('',(-1.,0.,0.));
#12221=DIRECTION('',(0.,0.,1.));
#12222=DIRECTION('center_axis',(-1.,0.,0.));
#12223=DIRECTION('ref_axis',(0.,-1.,0.));
#12224=DIRECTION('',(0.,-1.,0.));
#12225=DIRECTION('',(0.,0.,1.));
#12226=DIRECTION('center_axis',(0.,-1.,0.));
#12227=DIRECTION('ref_axis',(1.,0.,0.));
#12228=DIRECTION('',(1.,0.,0.));
#12229=DIRECTION('center_axis',(1.,0.,0.));
#12230=DIRECTION('ref_axis',(0.,1.,0.));
#12231=DIRECTION('',(0.,1.,0.));
#12232=DIRECTION('',(0.,0.,1.));
#12233=DIRECTION('',(0.,0.,1.));
#12234=DIRECTION('center_axis',(0.,1.,0.));
#12235=DIRECTION('ref_axis',(-1.,0.,0.));
#12236=DIRECTION('',(-1.,0.,0.));
#12237=DIRECTION('',(0.,0.,1.));
#12238=DIRECTION('center_axis',(-1.,0.,0.));
#12239=DIRECTION('ref_axis',(0.,-1.,0.));
#12240=DIRECTION('',(0.,-1.,0.));
#12241=DIRECTION('',(0.,0.,1.));
#12242=DIRECTION('center_axis',(0.,-1.,0.));
#12243=DIRECTION('ref_axis',(1.,0.,0.));
#12244=DIRECTION('',(1.,0.,0.));
#12245=DIRECTION('center_axis',(0.,0.,1.));
#12246=DIRECTION('ref_axis',(-1.,0.,0.));
#12247=DIRECTION('',(0.,0.,-1.));
#12248=DIRECTION('center_axis',(0.,0.,-1.));
#12249=DIRECTION('ref_axis',(-1.,0.,0.));
#12250=DIRECTION('center_axis',(1.,0.,0.));
#12251=DIRECTION('ref_axis',(0.,1.,0.));
#12252=DIRECTION('',(0.,1.,0.));
#12253=DIRECTION('',(0.,0.,1.));
#12254=DIRECTION('',(0.,0.,1.));
#12255=DIRECTION('center_axis',(0.,1.,0.));
#12256=DIRECTION('ref_axis',(-1.,0.,0.));
#12257=DIRECTION('',(-1.,0.,0.));
#12258=DIRECTION('',(0.,0.,1.));
#12259=DIRECTION('center_axis',(-1.,0.,0.));
#12260=DIRECTION('ref_axis',(0.,-1.,0.));
#12261=DIRECTION('',(0.,-1.,0.));
#12262=DIRECTION('',(0.,0.,1.));
#12263=DIRECTION('center_axis',(0.,-1.,0.));
#12264=DIRECTION('ref_axis',(1.,0.,0.));
#12265=DIRECTION('',(1.,0.,0.));
#12266=DIRECTION('center_axis',(1.,0.,0.));
#12267=DIRECTION('ref_axis',(0.,1.,0.));
#12268=DIRECTION('',(0.,1.,0.));
#12269=DIRECTION('',(0.,0.,1.));
#12270=DIRECTION('',(0.,0.,1.));
#12271=DIRECTION('center_axis',(0.,1.,0.));
#12272=DIRECTION('ref_axis',(-1.,0.,0.));
#12273=DIRECTION('',(-1.,0.,0.));
#12274=DIRECTION('',(0.,0.,1.));
#12275=DIRECTION('center_axis',(-1.,0.,0.));
#12276=DIRECTION('ref_axis',(0.,-1.,0.));
#12277=DIRECTION('',(0.,-1.,0.));
#12278=DIRECTION('',(0.,0.,1.));
#12279=DIRECTION('center_axis',(0.,-1.,0.));
#12280=DIRECTION('ref_axis',(1.,0.,0.));
#12281=DIRECTION('',(1.,0.,0.));
#12282=DIRECTION('center_axis',(1.,0.,0.));
#12283=DIRECTION('ref_axis',(0.,1.,0.));
#12284=DIRECTION('',(0.,1.,0.));
#12285=DIRECTION('',(0.,0.,1.));
#12286=DIRECTION('',(0.,0.,1.));
#12287=DIRECTION('center_axis',(0.,1.,0.));
#12288=DIRECTION('ref_axis',(-1.,0.,0.));
#12289=DIRECTION('',(-1.,0.,0.));
#12290=DIRECTION('',(0.,0.,1.));
#12291=DIRECTION('center_axis',(-1.,0.,0.));
#12292=DIRECTION('ref_axis',(0.,-1.,0.));
#12293=DIRECTION('',(0.,-1.,0.));
#12294=DIRECTION('',(0.,0.,1.));
#12295=DIRECTION('center_axis',(0.,-1.,0.));
#12296=DIRECTION('ref_axis',(1.,0.,0.));
#12297=DIRECTION('',(1.,0.,0.));
#12298=DIRECTION('center_axis',(1.,0.,0.));
#12299=DIRECTION('ref_axis',(0.,1.,0.));
#12300=DIRECTION('',(0.,1.,0.));
#12301=DIRECTION('',(0.,0.,1.));
#12302=DIRECTION('',(0.,0.,1.));
#12303=DIRECTION('center_axis',(0.,1.,0.));
#12304=DIRECTION('ref_axis',(-1.,0.,0.));
#12305=DIRECTION('',(-1.,0.,0.));
#12306=DIRECTION('',(0.,0.,1.));
#12307=DIRECTION('center_axis',(-1.,0.,0.));
#12308=DIRECTION('ref_axis',(0.,-1.,0.));
#12309=DIRECTION('',(0.,-1.,0.));
#12310=DIRECTION('',(0.,0.,1.));
#12311=DIRECTION('center_axis',(0.,-1.,0.));
#12312=DIRECTION('ref_axis',(1.,0.,0.));
#12313=DIRECTION('',(1.,0.,0.));
#12314=DIRECTION('center_axis',(1.,0.,0.));
#12315=DIRECTION('ref_axis',(0.,1.,0.));
#12316=DIRECTION('',(0.,1.,0.));
#12317=DIRECTION('',(0.,0.,1.));
#12318=DIRECTION('',(0.,0.,1.));
#12319=DIRECTION('center_axis',(0.,1.,0.));
#12320=DIRECTION('ref_axis',(-1.,0.,0.));
#12321=DIRECTION('',(-1.,0.,0.));
#12322=DIRECTION('',(0.,0.,1.));
#12323=DIRECTION('center_axis',(-1.,0.,0.));
#12324=DIRECTION('ref_axis',(0.,-1.,0.));
#12325=DIRECTION('',(0.,-1.,0.));
#12326=DIRECTION('',(0.,0.,1.));
#12327=DIRECTION('center_axis',(0.,-1.,0.));
#12328=DIRECTION('ref_axis',(1.,0.,0.));
#12329=DIRECTION('',(1.,0.,0.));
#12330=DIRECTION('center_axis',(1.,0.,0.));
#12331=DIRECTION('ref_axis',(0.,1.,0.));
#12332=DIRECTION('',(0.,1.,0.));
#12333=DIRECTION('',(0.,0.,1.));
#12334=DIRECTION('',(0.,0.,1.));
#12335=DIRECTION('center_axis',(0.,1.,0.));
#12336=DIRECTION('ref_axis',(-1.,0.,0.));
#12337=DIRECTION('',(-1.,0.,0.));
#12338=DIRECTION('',(0.,0.,1.));
#12339=DIRECTION('center_axis',(-1.,0.,0.));
#12340=DIRECTION('ref_axis',(0.,-1.,0.));
#12341=DIRECTION('',(0.,-1.,0.));
#12342=DIRECTION('',(0.,0.,1.));
#12343=DIRECTION('center_axis',(0.,-1.,0.));
#12344=DIRECTION('ref_axis',(1.,0.,0.));
#12345=DIRECTION('',(1.,0.,0.));
#12346=DIRECTION('center_axis',(1.,0.,0.));
#12347=DIRECTION('ref_axis',(0.,1.,0.));
#12348=DIRECTION('',(0.,1.,0.));
#12349=DIRECTION('',(0.,0.,1.));
#12350=DIRECTION('',(0.,0.,1.));
#12351=DIRECTION('center_axis',(0.,1.,0.));
#12352=DIRECTION('ref_axis',(-1.,0.,0.));
#12353=DIRECTION('',(-1.,0.,0.));
#12354=DIRECTION('',(0.,0.,1.));
#12355=DIRECTION('center_axis',(-1.,0.,0.));
#12356=DIRECTION('ref_axis',(0.,-1.,0.));
#12357=DIRECTION('',(0.,-1.,0.));
#12358=DIRECTION('',(0.,0.,1.));
#12359=DIRECTION('center_axis',(0.,-1.,0.));
#12360=DIRECTION('ref_axis',(1.,0.,0.));
#12361=DIRECTION('',(1.,0.,0.));
#12362=DIRECTION('center_axis',(1.,0.,0.));
#12363=DIRECTION('ref_axis',(0.,1.,0.));
#12364=DIRECTION('',(0.,1.,0.));
#12365=DIRECTION('',(0.,0.,1.));
#12366=DIRECTION('',(0.,0.,1.));
#12367=DIRECTION('center_axis',(0.,1.,0.));
#12368=DIRECTION('ref_axis',(-1.,0.,0.));
#12369=DIRECTION('',(-1.,0.,0.));
#12370=DIRECTION('',(0.,0.,1.));
#12371=DIRECTION('center_axis',(-1.,0.,0.));
#12372=DIRECTION('ref_axis',(0.,-1.,0.));
#12373=DIRECTION('',(0.,-1.,0.));
#12374=DIRECTION('',(0.,0.,1.));
#12375=DIRECTION('center_axis',(0.,-1.,0.));
#12376=DIRECTION('ref_axis',(1.,0.,0.));
#12377=DIRECTION('',(1.,0.,0.));
#12378=DIRECTION('center_axis',(1.,0.,0.));
#12379=DIRECTION('ref_axis',(0.,1.,0.));
#12380=DIRECTION('',(0.,1.,0.));
#12381=DIRECTION('',(0.,0.,1.));
#12382=DIRECTION('center_axis',(1.,4.89804275569922E-16,0.));
#12383=DIRECTION('ref_axis',(-4.89804275569922E-16,1.,0.));
#12384=DIRECTION('',(0.,0.,1.));
#12385=DIRECTION('',(-4.89804275569922E-16,1.,0.));
#12386=DIRECTION('center_axis',(0.,1.,0.));
#12387=DIRECTION('ref_axis',(-1.,0.,0.));
#12388=DIRECTION('',(-1.,0.,0.));
#12389=DIRECTION('center_axis',(-1.,0.,0.));
#12390=DIRECTION('ref_axis',(0.,-1.,0.));
#12391=DIRECTION('',(0.,0.,1.));
#12392=DIRECTION('',(0.,-1.,0.));
#12393=DIRECTION('center_axis',(0.,-1.,0.));
#12394=DIRECTION('ref_axis',(1.,0.,0.));
#12395=DIRECTION('',(1.,0.,0.));
#12396=DIRECTION('center_axis',(0.,0.,1.));
#12397=DIRECTION('ref_axis',(-1.,0.,0.));
#12398=DIRECTION('',(0.,0.,-1.));
#12399=DIRECTION('center_axis',(0.,0.,-1.));
#12400=DIRECTION('ref_axis',(-1.,0.,0.));
#12401=DIRECTION('center_axis',(0.,0.,1.));
#12402=DIRECTION('ref_axis',(-1.,0.,0.));
#12403=DIRECTION('',(0.,0.,-1.));
#12404=DIRECTION('center_axis',(0.,0.,-1.));
#12405=DIRECTION('ref_axis',(-1.,0.,0.));
#12406=DIRECTION('center_axis',(1.,0.,0.));
#12407=DIRECTION('ref_axis',(0.,1.,0.));
#12408=DIRECTION('',(0.,1.,0.));
#12409=DIRECTION('',(0.,0.,1.));
#12410=DIRECTION('',(0.,0.,1.));
#12411=DIRECTION('center_axis',(0.,1.,0.));
#12412=DIRECTION('ref_axis',(-1.,0.,0.));
#12413=DIRECTION('',(-1.,0.,0.));
#12414=DIRECTION('',(0.,0.,1.));
#12415=DIRECTION('center_axis',(-1.,0.,0.));
#12416=DIRECTION('ref_axis',(0.,-1.,0.));
#12417=DIRECTION('',(0.,-1.,0.));
#12418=DIRECTION('',(0.,0.,1.));
#12419=DIRECTION('center_axis',(0.,-1.,0.));
#12420=DIRECTION('ref_axis',(1.,0.,0.));
#12421=DIRECTION('',(1.,0.,0.));
#12422=DIRECTION('center_axis',(1.,0.,0.));
#12423=DIRECTION('ref_axis',(0.,1.,0.));
#12424=DIRECTION('',(0.,1.,0.));
#12425=DIRECTION('',(0.,0.,1.));
#12426=DIRECTION('',(0.,0.,1.));
#12427=DIRECTION('center_axis',(0.,1.,0.));
#12428=DIRECTION('ref_axis',(-1.,0.,0.));
#12429=DIRECTION('',(-1.,0.,0.));
#12430=DIRECTION('',(0.,0.,1.));
#12431=DIRECTION('center_axis',(-1.,0.,0.));
#12432=DIRECTION('ref_axis',(0.,-1.,0.));
#12433=DIRECTION('',(0.,-1.,0.));
#12434=DIRECTION('',(0.,0.,1.));
#12435=DIRECTION('center_axis',(0.,-1.,0.));
#12436=DIRECTION('ref_axis',(1.,0.,0.));
#12437=DIRECTION('',(1.,0.,0.));
#12438=DIRECTION('center_axis',(1.,0.,0.));
#12439=DIRECTION('ref_axis',(0.,1.,0.));
#12440=DIRECTION('',(0.,1.,0.));
#12441=DIRECTION('',(0.,0.,1.));
#12442=DIRECTION('',(0.,0.,1.));
#12443=DIRECTION('center_axis',(0.,1.,0.));
#12444=DIRECTION('ref_axis',(-1.,0.,0.));
#12445=DIRECTION('',(-1.,0.,0.));
#12446=DIRECTION('',(0.,0.,1.));
#12447=DIRECTION('center_axis',(-1.,0.,0.));
#12448=DIRECTION('ref_axis',(0.,-1.,0.));
#12449=DIRECTION('',(0.,-1.,0.));
#12450=DIRECTION('',(0.,0.,1.));
#12451=DIRECTION('center_axis',(0.,-1.,0.));
#12452=DIRECTION('ref_axis',(1.,0.,0.));
#12453=DIRECTION('',(1.,0.,0.));
#12454=DIRECTION('center_axis',(0.,0.,1.));
#12455=DIRECTION('ref_axis',(-1.,0.,0.));
#12456=DIRECTION('',(0.,0.,-1.));
#12457=DIRECTION('center_axis',(0.,0.,-1.));
#12458=DIRECTION('ref_axis',(-1.,0.,0.));
#12459=DIRECTION('center_axis',(7.34959731276968E-15,1.,0.));
#12460=DIRECTION('ref_axis',(-1.,7.34959731276968E-15,0.));
#12461=DIRECTION('',(-1.,7.34959731276968E-15,0.));
#12462=DIRECTION('',(0.,0.,1.));
#12463=DIRECTION('center_axis',(3.35161667811368E-16,1.,0.));
#12464=DIRECTION('ref_axis',(-1.,3.35161667811368E-16,0.));
#12465=DIRECTION('',(0.,0.,1.));
#12466=DIRECTION('',(-1.,3.35161667811368E-16,0.));
#12467=DIRECTION('center_axis',(-1.,-2.27738056333367E-16,0.));
#12468=DIRECTION('ref_axis',(2.27738056333367E-16,-1.,0.));
#12469=DIRECTION('',(0.,0.,1.));
#12470=DIRECTION('',(2.27738056333367E-16,-1.,0.));
#12471=DIRECTION('center_axis',(0.,1.,0.));
#12472=DIRECTION('ref_axis',(-1.,0.,0.));
#12473=DIRECTION('',(-1.,0.,0.));
#12474=DIRECTION('',(0.,0.,1.));
#12475=DIRECTION('center_axis',(0.,0.,1.));
#12476=DIRECTION('ref_axis',(0.,-1.,0.));
#12477=DIRECTION('center_axis',(0.,0.,-1.));
#12478=DIRECTION('ref_axis',(0.,-1.,0.));
#12479=DIRECTION('',(0.,0.,1.));
#12480=DIRECTION('center_axis',(0.,-1.,0.));
#12481=DIRECTION('ref_axis',(1.,0.,0.));
#12482=DIRECTION('',(1.,0.,0.));
#12483=DIRECTION('center_axis',(0.,0.,1.));
#12484=DIRECTION('ref_axis',(0.999999999999924,3.90995268347829E-7,0.));
#12485=DIRECTION('center_axis',(0.,0.,1.));
#12486=DIRECTION('ref_axis',(0.999999999999924,3.90995268347829E-7,0.));
#12487=DIRECTION('',(0.,0.,1.));
#12488=DIRECTION('center_axis',(1.,1.73615654790414E-15,0.));
#12489=DIRECTION('ref_axis',(-1.73615654790414E-15,1.,0.));
#12490=DIRECTION('',(-1.73615654790414E-15,1.,0.));
#12491=DIRECTION('center_axis',(0.,1.,0.));
#12492=DIRECTION('ref_axis',(-1.,0.,0.));
#12493=DIRECTION('',(-1.,0.,0.));
#12494=DIRECTION('center_axis',(0.,0.,1.));
#12495=DIRECTION('ref_axis',(-3.23283854987764E-5,-0.999999999477438,0.));
#12496=DIRECTION('center_axis',(0.,0.,1.));
#12497=DIRECTION('ref_axis',(-3.23283854987764E-5,-0.999999999477438,0.));
#12498=DIRECTION('',(0.,0.,1.));
#12499=DIRECTION('center_axis',(9.20102114745969E-14,-1.,0.));
#12500=DIRECTION('ref_axis',(1.,9.20102114745969E-14,0.));
#12501=DIRECTION('',(1.,9.20102114745969E-14,0.));
#12502=DIRECTION('',(0.,0.,1.));
#12503=DIRECTION('center_axis',(0.,0.,1.));
#12504=DIRECTION('ref_axis',(-0.999999999999924,-3.90995679129995E-7,0.));
#12505=DIRECTION('center_axis',(0.,0.,1.));
#12506=DIRECTION('ref_axis',(-0.999999999999924,-3.90995679129995E-7,0.));
#12507=DIRECTION('',(0.,0.,1.));
#12508=DIRECTION('center_axis',(-1.,8.40829224022366E-17,0.));
#12509=DIRECTION('ref_axis',(-8.40829224022366E-17,-1.,0.));
#12510=DIRECTION('',(0.,0.,1.));
#12511=DIRECTION('',(-8.40829224022366E-17,-1.,0.));
#12512=DIRECTION('center_axis',(0.,1.,0.));
#12513=DIRECTION('ref_axis',(-1.,0.,0.));
#12514=DIRECTION('',(0.,0.,1.));
#12515=DIRECTION('',(-1.,0.,0.));
#12516=DIRECTION('center_axis',(-1.,0.,0.));
#12517=DIRECTION('ref_axis',(0.,-1.,0.));
#12518=DIRECTION('',(0.,-1.,0.));
#12519=DIRECTION('center_axis',(0.,1.,0.));
#12520=DIRECTION('ref_axis',(-1.,0.,0.));
#12521=DIRECTION('',(0.,0.,1.));
#12522=DIRECTION('',(-1.,0.,0.));
#12523=DIRECTION('center_axis',(-1.,0.,0.));
#12524=DIRECTION('ref_axis',(0.,-1.,0.));
#12525=DIRECTION('',(0.,-1.,0.));
#12526=DIRECTION('center_axis',(0.,0.,1.));
#12527=DIRECTION('ref_axis',(-1.,0.,0.));
#12528=DIRECTION('center_axis',(0.,-0.948683298050514,-0.316227766016837));
#12529=DIRECTION('ref_axis',(0.,0.316227766016837,-0.948683298050514));
#12530=DIRECTION('',(-0.301511344577764,-0.301511344577763,0.904534033733291));
#12531=DIRECTION('',(1.,0.,0.));
#12532=DIRECTION('',(-0.301511344577758,0.301511344577763,-0.904534033733293));
#12533=DIRECTION('',(-1.,0.,0.));
#12534=DIRECTION('center_axis',(0.707106781186546,-0.707106781186549,0.));
#12535=DIRECTION('ref_axis',(0.,0.,-1.));
#12536=DIRECTION('',(0.,0.,-1.));
#12537=DIRECTION('',(0.707106781186549,0.707106781186546,-8.31199660051516E-39));
#12538=DIRECTION('',(0.,0.,1.));
#12539=DIRECTION('center_axis',(0.,0.,1.));
#12540=DIRECTION('ref_axis',(1.,0.,0.));
#12541=DIRECTION('',(0.,-1.,0.));
#12542=DIRECTION('',(1.,0.,0.));
#12543=DIRECTION('',(0.,1.,0.));
#12544=DIRECTION('',(1.,0.,0.));
#12545=DIRECTION('center_axis',(0.,0.,-1.));
#12546=DIRECTION('ref_axis',(0.707106781186547,-0.707106781186547,0.));
#12547=DIRECTION('',(0.,1.,0.));
#12548=DIRECTION('center_axis',(0.,0.,-1.));
#12549=DIRECTION('ref_axis',(0.707106781186547,0.707106781186547,0.));
#12550=DIRECTION('',(-1.,0.,0.));
#12551=DIRECTION('center_axis',(0.,0.,-1.));
#12552=DIRECTION('ref_axis',(-0.707106781186547,0.707106781186547,0.));
#12553=DIRECTION('',(0.,-1.,0.));
#12554=DIRECTION('center_axis',(0.,0.,-1.));
#12555=DIRECTION('ref_axis',(-0.707106781186547,-0.707106781186547,0.));
#12556=DIRECTION('center_axis',(0.,0.948683298050514,-0.316227766016837));
#12557=DIRECTION('ref_axis',(0.,0.316227766016837,0.948683298050514));
#12558=DIRECTION('',(0.301511344577763,0.301511344577763,0.904534033733291));
#12559=DIRECTION('',(-1.,0.,0.));
#12560=DIRECTION('',(0.301511344577764,-0.301511344577763,-0.904534033733291));
#12561=DIRECTION('center_axis',(-0.707106781186548,0.707106781186548,0.));
#12562=DIRECTION('ref_axis',(0.,0.,1.));
#12563=DIRECTION('',(0.,0.,-1.));
#12564=DIRECTION('',(-0.707106781186548,-0.707106781186548,8.31199660051514E-39));
#12565=DIRECTION('',(0.,0.,1.));
#12566=DIRECTION('center_axis',(0.,0.,1.));
#12567=DIRECTION('ref_axis',(0.707106781186548,0.707106781186548,0.));
#12568=DIRECTION('',(0.,-0.70710678118655,-0.707106781186545));
#12569=DIRECTION('center_axis',(0.,0.,-1.));
#12570=DIRECTION('ref_axis',(0.707106781186548,0.707106781186548,0.));
#12571=DIRECTION('',(0.707106781186545,0.,0.70710678118655));
#12572=DIRECTION('center_axis',(0.,0.,1.));
#12573=DIRECTION('ref_axis',(0.707106781186547,0.707106781186547,0.));
#12574=DIRECTION('center_axis',(0.,-0.70710678118655,0.707106781186545));
#12575=DIRECTION('ref_axis',(1.,0.,0.));
#12576=DIRECTION('',(-1.,0.,0.));
#12577=DIRECTION('',(0.,-0.707106781186545,-0.70710678118655));
#12578=DIRECTION('',(1.,0.,0.));
#12579=DIRECTION('center_axis',(0.,0.,1.));
#12580=DIRECTION('ref_axis',(-0.707106781186548,0.707106781186548,0.));
#12581=DIRECTION('',(0.707106781186548,0.,-0.707106781186548));
#12582=DIRECTION('center_axis',(0.,0.,-1.));
#12583=DIRECTION('ref_axis',(-0.707106781186548,0.707106781186548,0.));
#12584=DIRECTION('center_axis',(0.,0.,1.));
#12585=DIRECTION('ref_axis',(-0.707106781186547,0.707106781186547,0.));
#12586=DIRECTION('center_axis',(0.707106781186548,0.,0.707106781186548));
#12587=DIRECTION('ref_axis',(0.707106781186548,0.,-0.707106781186548));
#12588=DIRECTION('',(0.,-1.,0.));
#12589=DIRECTION('',(0.707106781186548,0.,-0.707106781186548));
#12590=DIRECTION('',(0.,1.,0.));
#12591=DIRECTION('center_axis',(0.,0.,1.));
#12592=DIRECTION('ref_axis',(-0.707106781186547,-0.707106781186547,0.));
#12593=DIRECTION('',(0.,0.70710678118655,-0.707106781186545));
#12594=DIRECTION('center_axis',(0.,0.,-1.));
#12595=DIRECTION('ref_axis',(-0.707106781186548,-0.707106781186548,0.));
#12596=DIRECTION('center_axis',(0.,0.,1.));
#12597=DIRECTION('ref_axis',(-0.707106781186547,-0.707106781186547,0.));
#12598=DIRECTION('center_axis',(0.,0.707106781186548,0.707106781186548));
#12599=DIRECTION('ref_axis',(1.,0.,0.));
#12600=DIRECTION('',(1.,0.,0.));
#12601=DIRECTION('',(0.,0.707106781186548,-0.707106781186548));
#12602=DIRECTION('',(-1.,0.,0.));
#12603=DIRECTION('center_axis',(0.,0.,1.));
#12604=DIRECTION('ref_axis',(0.707106781186547,-0.707106781186547,0.));
#12605=DIRECTION('',(-0.707106781186553,0.,-0.707106781186542));
#12606=DIRECTION('center_axis',(0.,0.,-1.));
#12607=DIRECTION('ref_axis',(0.707106781186548,-0.707106781186548,0.));
#12608=DIRECTION('center_axis',(0.,0.,1.));
#12609=DIRECTION('ref_axis',(0.707106781186547,-0.707106781186547,0.));
#12610=DIRECTION('center_axis',(-0.707106781186548,0.,0.707106781186548));
#12611=DIRECTION('ref_axis',(0.707106781186548,0.,0.707106781186548));
#12612=DIRECTION('',(0.,1.,0.));
#12613=DIRECTION('',(0.,-1.,0.));
#12614=DIRECTION('center_axis',(0.,1.,0.));
#12615=DIRECTION('ref_axis',(-1.,0.,0.));
#12616=DIRECTION('',(0.,0.,1.));
#12617=DIRECTION('',(0.,0.,-1.));
#12618=DIRECTION('center_axis',(0.,0.,1.));
#12619=DIRECTION('ref_axis',(0.707106781186547,-0.707106781186547,0.));
#12620=DIRECTION('',(0.,0.,-1.));
#12621=DIRECTION('center_axis',(-1.,0.,0.));
#12622=DIRECTION('ref_axis',(0.,-1.,0.));
#12623=DIRECTION('',(0.,0.,1.));
#12624=DIRECTION('center_axis',(0.,0.,1.));
#12625=DIRECTION('ref_axis',(0.707106781186547,0.707106781186547,0.));
#12626=DIRECTION('',(0.,0.,-1.));
#12627=DIRECTION('center_axis',(0.,0.,1.));
#12628=DIRECTION('ref_axis',(1.,0.,0.));
#12629=DIRECTION('',(1.81883106979762E-15,-1.,0.));
#12630=DIRECTION('center_axis',(0.,0.,-1.));
#12631=DIRECTION('ref_axis',(0.999999999999903,4.41122845132578E-7,0.));
#12632=DIRECTION('',(1.,-2.44894098981817E-15,0.));
#12633=DIRECTION('center_axis',(0.,0.,-1.));
#12634=DIRECTION('ref_axis',(-2.40612512429478E-7,0.999999999999971,0.));
#12635=DIRECTION('',(1.0747635616276E-15,1.,0.));
#12636=DIRECTION('center_axis',(0.,0.,-1.));
#12637=DIRECTION('ref_axis',(-0.999999999999903,-4.41123321104853E-7,0.));
#12638=DIRECTION('',(-1.,-1.89384830169824E-12,0.));
#12639=DIRECTION('center_axis',(0.,0.,-1.));
#12640=DIRECTION('ref_axis',(-2.61112646062516E-5,-0.999999999659101,0.));
#12641=DIRECTION('',(0.,1.,0.));
#12642=DIRECTION('center_axis',(0.,0.,1.));
#12643=DIRECTION('ref_axis',(0.923879532511287,-0.382683432365089,0.));
#12644=DIRECTION('',(0.707106781186548,0.707106781186547,0.));
#12645=DIRECTION('center_axis',(0.,0.,1.));
#12646=DIRECTION('ref_axis',(0.382683432365089,-0.923879532511287,0.));
#12647=DIRECTION('',(1.,1.554117969729E-16,0.));
#12648=DIRECTION('center_axis',(0.,0.,1.));
#12649=DIRECTION('ref_axis',(-0.382683432365089,-0.923879532511287,0.));
#12650=DIRECTION('',(0.707106781186548,-0.707106781186547,0.));
#12651=DIRECTION('center_axis',(0.,0.,1.));
#12652=DIRECTION('ref_axis',(-0.923879532511286,-0.382683432365091,0.));
#12653=DIRECTION('',(5.43941289405151E-16,-1.,0.));
#12654=DIRECTION('center_axis',(0.,0.,1.));
#12655=DIRECTION('ref_axis',(-0.707106781186547,0.707106781186548,0.));
#12656=DIRECTION('',(-1.,5.82794238648375E-16,0.));
#12657=DIRECTION('center_axis',(0.,0.,-1.));
#12658=DIRECTION('ref_axis',(0.707106781186547,-0.707106781186547,0.));
#12659=DIRECTION('',(0.,-1.,0.));
#12660=DIRECTION('center_axis',(0.,0.,1.));
#12661=DIRECTION('ref_axis',(-0.707106781186548,0.707106781186548,0.));
#12662=DIRECTION('',(-1.,0.,0.));
#12663=DIRECTION('center_axis',(0.,0.,1.));
#12664=DIRECTION('ref_axis',(0.707106781186548,0.707106781186548,0.));
#12665=DIRECTION('center_axis',(0.,0.,-1.));
#12666=DIRECTION('ref_axis',(1.,1.56779924558306E-16,0.));
#12667=DIRECTION('center_axis',(-0.707106781186549,0.,0.707106781186546));
#12668=DIRECTION('ref_axis',(0.707106781186546,0.,0.707106781186549));
#12669=DIRECTION('',(0.707106781186546,0.,0.707106781186549));
#12670=DIRECTION('',(-0.707106781186546,0.,-0.707106781186549));
#12671=DIRECTION('',(0.,-1.,0.));
#12672=DIRECTION('center_axis',(0.,0.,1.));
#12673=DIRECTION('ref_axis',(0.923879532511287,-0.382683432365089,0.));
#12674=DIRECTION('center_axis',(0.,0.,-1.));
#12675=DIRECTION('ref_axis',(0.923879532511287,-0.382683432365089,0.));
#12676=DIRECTION('',(0.500000000000001,-0.500000000000007,0.707106781186542));
#12677=DIRECTION('center_axis',(-0.500000000000006,0.500000000000008,0.707106781186538));
#12678=DIRECTION('ref_axis',(0.816496580927719,0.,0.577350269189636));
#12679=DIRECTION('',(0.499999999999993,-0.499999999999993,0.707106781186557));
#12680=DIRECTION('',(-0.707106781186548,-0.707106781186547,0.));
#12681=DIRECTION('center_axis',(0.,0.,1.));
#12682=DIRECTION('ref_axis',(0.382683432365089,-0.923879532511287,0.));
#12683=DIRECTION('center_axis',(0.,0.,-1.));
#12684=DIRECTION('ref_axis',(0.382683432365089,-0.923879532511287,0.));
#12685=DIRECTION('',(0.,-0.707106781186546,0.707106781186549));
#12686=DIRECTION('center_axis',(-1.09892735515925E-16,0.707106781186549,
0.707106781186546));
#12687=DIRECTION('ref_axis',(1.,0.,1.55411796972901E-16));
#12688=DIRECTION('',(6.28036983473511E-15,-0.707106781186546,0.707106781186549));
#12689=DIRECTION('',(-1.,-1.554117969729E-16,0.));
#12690=DIRECTION('center_axis',(0.,0.,1.));
#12691=DIRECTION('ref_axis',(-0.382683432365089,-0.923879532511287,0.));
#12692=DIRECTION('center_axis',(0.,0.,-1.));
#12693=DIRECTION('ref_axis',(-0.382683432365089,-0.923879532511287,0.));
#12694=DIRECTION('',(-0.499999999999999,-0.499999999999999,0.707106781186549));
#12695=DIRECTION('center_axis',(0.500000000000002,0.500000000000003,0.707106781186544));
#12696=DIRECTION('ref_axis',(0.816496580927724,0.,-0.577350269189629));
#12697=DIRECTION('',(-0.499999999999995,-0.500000000000001,0.707106781186551));
#12698=DIRECTION('',(-0.707106781186548,0.707106781186547,0.));
#12699=DIRECTION('center_axis',(0.,0.,1.));
#12700=DIRECTION('ref_axis',(-0.923879532511286,-0.382683432365091,0.));
#12701=DIRECTION('center_axis',(0.,0.,-1.));
#12702=DIRECTION('ref_axis',(-0.923879532511286,-0.382683432365091,0.));
#12703=DIRECTION('',(-0.707106781186549,0.,0.707106781186546));
#12704=DIRECTION('center_axis',(0.707106781186549,3.84624574305737E-16,
0.707106781186546));
#12705=DIRECTION('ref_axis',(0.707106781186546,0.,-0.707106781186549));
#12706=DIRECTION('',(-0.707106781186546,2.5268675506942E-15,0.707106781186549));
#12707=DIRECTION('',(-5.43941289405151E-16,1.,0.));
#12708=DIRECTION('center_axis',(0.,0.,1.));
#12709=DIRECTION('ref_axis',(-0.707106781186547,0.707106781186548,0.));
#12710=DIRECTION('center_axis',(0.,0.,-1.));
#12711=DIRECTION('ref_axis',(-0.707106781186547,0.707106781186548,0.));
#12712=DIRECTION('',(0.,0.707106781186548,0.707106781186547));
#12713=DIRECTION('center_axis',(-4.12097758184717E-16,-0.707106781186548,
0.707106781186547));
#12714=DIRECTION('ref_axis',(1.,0.,5.82794238648376E-16));
#12715=DIRECTION('',(0.,0.707106781186547,0.707106781186548));
#12716=DIRECTION('',(1.,-5.82794238648375E-16,0.));
#12717=DIRECTION('center_axis',(0.,0.,-1.));
#12718=DIRECTION('ref_axis',(0.707106781186547,-0.707106781186547,0.));
#12719=DIRECTION('center_axis',(0.,0.,1.));
#12720=DIRECTION('ref_axis',(0.707106781186547,-0.707106781186547,0.));
#12721=DIRECTION('',(-0.707106781186549,0.,0.707106781186546));
#12722=DIRECTION('center_axis',(0.707106781186548,0.,0.707106781186548));
#12723=DIRECTION('ref_axis',(0.707106781186548,0.,-0.707106781186548));
#12724=DIRECTION('',(-0.707106781186547,0.,0.707106781186547));
#12725=DIRECTION('',(0.,1.,0.));
#12726=DIRECTION('center_axis',(0.,0.,1.));
#12727=DIRECTION('ref_axis',(-0.707106781186548,0.707106781186548,0.));
#12728=DIRECTION('center_axis',(0.,0.,-1.));
#12729=DIRECTION('ref_axis',(-0.707106781186548,0.707106781186548,0.));
#12730=DIRECTION('',(0.,0.707106781186546,0.707106781186549));
#12731=DIRECTION('center_axis',(0.,-0.707106781186549,0.707106781186546));
#12732=DIRECTION('ref_axis',(1.,0.,0.));
#12733=DIRECTION('',(0.,0.707106781186546,0.707106781186549));
#12734=DIRECTION('',(1.,0.,0.));
#12735=DIRECTION('center_axis',(0.,0.,1.));
#12736=DIRECTION('ref_axis',(0.707106781186548,0.707106781186548,0.));
#12737=DIRECTION('center_axis',(0.,0.,-1.));
#12738=DIRECTION('ref_axis',(0.707106781186548,0.707106781186548,0.));
#12739=DIRECTION('center_axis',(0.,0.,1.));
#12740=DIRECTION('ref_axis',(-0.923879532511286,-0.382683432365091,0.));
#12741=DIRECTION('',(0.,0.,-1.));
#12742=DIRECTION('center_axis',(-1.17549435082218E-38,5.185374182438E-45,
-1.));
#12743=DIRECTION('ref_axis',(-0.923879532511286,-0.382683432365091,0.));
#12744=DIRECTION('',(0.,0.,1.));
#12745=DIRECTION('center_axis',(0.707106781186547,0.707106781186548,0.));
#12746=DIRECTION('ref_axis',(-0.707106781186548,0.707106781186547,0.));
#12747=DIRECTION('',(0.,0.,1.));
#12748=DIRECTION('',(-0.707106781186548,0.707106781186547,8.31200393374165E-39));
#12749=DIRECTION('center_axis',(0.,0.,1.));
#12750=DIRECTION('ref_axis',(-0.382683432365089,-0.923879532511287,0.));
#12751=DIRECTION('',(0.,0.,-1.));
#12752=DIRECTION('center_axis',(-1.17549435082218E-38,5.185374182438E-45,
-1.));
#12753=DIRECTION('ref_axis',(-0.382683432365089,-0.923879532511287,0.));
#12754=DIRECTION('center_axis',(-1.554117969729E-16,1.,0.));
#12755=DIRECTION('ref_axis',(-1.,-1.554117969729E-16,-1.42617468241734E-51));
#12756=DIRECTION('',(0.,0.,1.));
#12757=DIRECTION('',(-1.,-1.554117969729E-16,1.17549435082218E-38));
#12758=DIRECTION('center_axis',(0.,0.,1.));
#12759=DIRECTION('ref_axis',(0.382683432365089,-0.923879532511287,0.));
#12760=DIRECTION('',(0.,0.,-1.));
#12761=DIRECTION('center_axis',(-1.17549435082218E-38,5.185374182438E-45,
-1.));
#12762=DIRECTION('ref_axis',(0.382683432365089,-0.923879532511287,0.));
#12763=DIRECTION('center_axis',(-0.707106781186547,0.707106781186548,0.));
#12764=DIRECTION('ref_axis',(-0.707106781186548,-0.707106781186547,0.));
#12765=DIRECTION('',(0.,0.,1.));
#12766=DIRECTION('',(-0.707106781186548,-0.707106781186547,8.31199660051516E-39));
#12767=DIRECTION('center_axis',(0.,0.,1.));
#12768=DIRECTION('ref_axis',(0.923879532511287,-0.382683432365089,0.));
#12769=DIRECTION('',(0.,0.,-1.));
#12770=DIRECTION('center_axis',(-1.17549435082218E-38,5.185374182438E-45,
-1.));
#12771=DIRECTION('ref_axis',(0.923879532511287,-0.382683432365089,0.));
#12772=DIRECTION('center_axis',(-1.,0.,0.));
#12773=DIRECTION('ref_axis',(0.,-1.,-4.27852404725202E-51));
#12774=DIRECTION('',(0.,0.,1.));
#12775=DIRECTION('',(0.,-1.,-5.185374182438E-45));
#12776=DIRECTION('center_axis',(1.,5.43941289405151E-16,0.));
#12777=DIRECTION('ref_axis',(-5.43941289405151E-16,1.,0.));
#12778=DIRECTION('',(-5.43941289405151E-16,1.,5.185374188832E-45));
#12779=DIRECTION('',(0.,0.,-1.));
#12780=DIRECTION('center_axis',(0.,-1.,0.));
#12781=DIRECTION('ref_axis',(1.,0.,0.));
#12782=DIRECTION('',(-1.,0.,1.17549435082218E-38));
#12783=DIRECTION('',(0.,0.,-1.));
#12784=DIRECTION('center_axis',(-0.707106781186554,-0.707106781186541,0.));
#12785=DIRECTION('ref_axis',(0.,0.,1.));
#12786=DIRECTION('',(0.707106781186541,-0.707106781186554,-8.31200393374157E-39));
#12787=DIRECTION('',(0.,0.,1.));
#12788=DIRECTION('center_axis',(-1.,0.,0.));
#12789=DIRECTION('ref_axis',(0.,-1.,0.));
#12790=DIRECTION('',(0.,-1.,-5.185374182438E-45));
#12791=DIRECTION('center_axis',(1.,0.,0.));
#12792=DIRECTION('ref_axis',(0.,1.,0.));
#12793=DIRECTION('',(0.,0.,1.));
#12794=DIRECTION('',(0.,1.,5.185374182438E-45));
#12795=DIRECTION('center_axis',(0.,0.,1.));
#12796=DIRECTION('ref_axis',(-0.707106781186547,-0.707106781186547,0.));
#12797=DIRECTION('',(0.,0.,1.));
#12798=DIRECTION('center_axis',(1.,0.,0.));
#12799=DIRECTION('ref_axis',(0.,1.,0.));
#12800=DIRECTION('',(0.,0.,-1.));
#12801=DIRECTION('center_axis',(0.,0.,1.));
#12802=DIRECTION('ref_axis',(-0.707106781186547,0.707106781186547,0.));
#12803=DIRECTION('',(0.,0.,1.));
#12804=DIRECTION('center_axis',(0.,-1.,0.));
#12805=DIRECTION('ref_axis',(1.,0.,0.));
#12806=DIRECTION('center_axis',(0.,0.,1.));
#12807=DIRECTION('ref_axis',(0.707106781186547,-0.707106781186547,0.));
#12808=DIRECTION('',(0.,0.,-1.));
#12809=DIRECTION('center_axis',(1.17549435082218E-38,-5.185374182438E-45,
1.));
#12810=DIRECTION('ref_axis',(0.707106781186547,-0.707106781186547,0.));
#12811=DIRECTION('',(0.,0.,1.));
#12812=DIRECTION('center_axis',(1.17549435082218E-38,-5.185374182438E-45,
1.));
#12813=DIRECTION('ref_axis',(-1.,0.,1.17549435082218E-38));
#12814=DIRECTION('',(-1.24799538644142E-12,-1.,-5.18535951232273E-45));
#12815=DIRECTION('center_axis',(-1.17549435082218E-38,5.185374182438E-45,
-1.));
#12816=DIRECTION('ref_axis',(-2.98415123998899E-5,-0.999999999554742,0.));
#12817=DIRECTION('',(-1.,-9.18935951426356E-14,1.17549435082218E-38));
#12818=DIRECTION('center_axis',(-1.17549435082218E-38,5.185374182438E-45,
-1.));
#12819=DIRECTION('ref_axis',(-0.999999999999935,-3.60919102698978E-7,0.));
#12820=DIRECTION('',(2.97959537981503E-12,1.,5.18533915746263E-45));
#12821=DIRECTION('center_axis',(-1.17549435082218E-38,5.185374182438E-45,
-1.));
#12822=DIRECTION('ref_axis',(-2.22103863622164E-7,0.999999999999975,0.));
#12823=DIRECTION('',(1.,-8.07926763481808E-15,-1.17549435082218E-38));
#12824=DIRECTION('center_axis',(-1.17549435082218E-38,5.185374182438E-45,
-1.));
#12825=DIRECTION('ref_axis',(0.999999999999935,3.60918720099345E-7,0.));
#12826=DIRECTION('',(-0.707106781186549,0.707106781186546,8.31200393374166E-39));
#12827=DIRECTION('',(-1.,0.,1.17549435082218E-38));
#12828=DIRECTION('',(0.,-1.,-5.185374182438E-45));
#12829=DIRECTION('center_axis',(1.17549435082218E-38,-5.185374182438E-45,
1.));
#12830=DIRECTION('ref_axis',(-1.,0.,0.));
#12831=DIRECTION('',(1.,0.,-1.17549435082218E-38));
#12832=DIRECTION('center_axis',(1.17549435082218E-38,-5.185374182438E-45,
1.));
#12833=DIRECTION('ref_axis',(0.,-1.,0.));
#12834=DIRECTION('',(0.,1.,5.185374182438E-45));
#12835=DIRECTION('center_axis',(1.17549435082218E-38,-5.185374182438E-45,
1.));
#12836=DIRECTION('ref_axis',(1.,0.,0.));
#12837=DIRECTION('',(-1.,0.,1.17549435082218E-38));
#12838=DIRECTION('center_axis',(1.17549435082218E-38,-5.185374182438E-45,
1.));
#12839=DIRECTION('ref_axis',(0.,1.,0.));
#12840=DIRECTION('center_axis',(1.17549435082218E-38,-5.185374182438E-45,
1.));
#12841=DIRECTION('ref_axis',(1.,1.56779924558306E-16,0.));
#12842=DIRECTION('',(1.,-5.82794238648375E-16,-1.17549435082218E-38));
#12843=DIRECTION('center_axis',(-1.17549435082218E-38,5.185374182438E-45,
-1.));
#12844=DIRECTION('ref_axis',(-0.707106781186547,0.707106781186548,0.));
#12845=DIRECTION('center_axis',(-1.17549435082218E-38,5.185374182438E-45,
-1.));
#12846=DIRECTION('ref_axis',(0.707106781186547,0.707106781186547,0.));
#12847=DIRECTION('',(1.,0.,-1.17549435082218E-38));
#12848=DIRECTION('center_axis',(-1.17549435082218E-38,5.185374182438E-45,
-1.));
#12849=DIRECTION('ref_axis',(-0.707106781186547,0.707106781186547,0.));
#12850=DIRECTION('',(0.,1.,5.185374182438E-45));
#12851=DIRECTION('center_axis',(1.17549435082218E-38,-5.185374182438E-45,
1.));
#12852=DIRECTION('ref_axis',(-1.,0.,0.));
#12853=DIRECTION('center_axis',(1.17549435082218E-38,-5.185374182438E-45,
1.));
#12854=DIRECTION('ref_axis',(-1.,0.,0.));
#12855=DIRECTION('center_axis',(1.17549435082218E-38,-5.185374182438E-45,
1.));
#12856=DIRECTION('ref_axis',(-1.,0.,0.));
#12857=DIRECTION('center_axis',(1.17549435082218E-38,-5.185374182438E-45,
1.));
#12858=DIRECTION('ref_axis',(-1.,0.,0.));
#12859=DIRECTION('center_axis',(-5.82794238648375E-16,-1.,0.));
#12860=DIRECTION('ref_axis',(1.,-5.82794238648375E-16,0.));
#12861=DIRECTION('',(0.,0.,1.));
#12862=DIRECTION('center_axis',(0.,0.,1.));
#12863=DIRECTION('ref_axis',(-0.707106781186547,0.707106781186548,0.));
#12864=DIRECTION('center_axis',(0.,0.,1.));
#12865=DIRECTION('ref_axis',(0.707106781186547,0.707106781186547,0.));
#12866=DIRECTION('',(0.,0.,-1.));
#12867=DIRECTION('center_axis',(0.,0.,1.));
#12868=DIRECTION('ref_axis',(-0.707106781186547,0.707106781186547,0.));
#12869=DIRECTION('',(0.,0.,-1.));
#12870=DIRECTION('',(0.,0.,1.));
#12871=DIRECTION('center_axis',(0.,-1.,0.));
#12872=DIRECTION('ref_axis',(1.,0.,8.55704809450403E-51));
#12873=DIRECTION('center_axis',(0.707106781186549,1.28610778328669E-15,
0.707106781186546));
#12874=DIRECTION('ref_axis',(0.707106781186546,0.,-0.707106781186549));
#12875=DIRECTION('',(-0.707106781186549,0.,0.707106781186546));
#12876=DIRECTION('',(0.707106781159905,6.28036983497173E-15,-0.70710678121319));
#12877=DIRECTION('',(-1.81883106979762E-15,1.,0.));
#12878=DIRECTION('center_axis',(0.,0.,-1.));
#12879=DIRECTION('ref_axis',(0.999999999999903,4.41122845132578E-7,0.));
#12880=DIRECTION('',(-1.70138735830081E-7,-0.707106781186526,0.707106781186548));
#12881=DIRECTION('center_axis',(0.,0.,1.));
#12882=DIRECTION('ref_axis',(0.999999999999903,4.41122845132578E-7,0.));
#12883=DIRECTION('center_axis',(1.73166278062613E-15,0.707106781186549,
0.707106781186546));
#12884=DIRECTION('ref_axis',(1.,0.,-2.44894098981818E-15));
#12885=DIRECTION('',(0.,-0.707106781186546,0.707106781186549));
#12886=DIRECTION('',(-1.,2.44894098981817E-15,0.));
#12887=DIRECTION('center_axis',(0.,0.,-1.));
#12888=DIRECTION('ref_axis',(-2.40612512429478E-7,0.999999999999971,0.));
#12889=DIRECTION('',(0.707106781186477,-3.11920961258611E-7,0.707106781186549));
#12890=DIRECTION('center_axis',(0.,0.,1.));
#12891=DIRECTION('ref_axis',(-2.40612512429478E-7,0.999999999999971,0.));
#12892=DIRECTION('center_axis',(-0.707106781186546,7.59972602599083E-16,
0.707106781186549));
#12893=DIRECTION('ref_axis',(0.707106781186549,0.,0.707106781186546));
#12894=DIRECTION('',(0.707106781186549,0.,0.707106781186546));
#12895=DIRECTION('',(-1.0747635616276E-15,-1.,0.));
#12896=DIRECTION('center_axis',(0.,0.,-1.));
#12897=DIRECTION('ref_axis',(-0.999999999999903,-4.41123321104854E-7,0.));
#12898=DIRECTION('',(1.70139068684438E-7,0.707106781208322,0.707106781164752));
#12899=DIRECTION('center_axis',(0.,0.,1.));
#12900=DIRECTION('ref_axis',(-0.999999999999903,-4.41123321104854E-7,0.));
#12901=DIRECTION('center_axis',(1.33915297666946E-12,-0.707106781186549,
0.707106781186546));
#12902=DIRECTION('ref_axis',(1.,0.,-1.89384830169825E-12));
#12903=DIRECTION('',(-1.33771877479858E-12,0.707106781186546,0.707106781186549));
#12904=DIRECTION('',(1.,1.89384830169824E-12,0.));
#12905=DIRECTION('center_axis',(0.,0.,-1.));
#12906=DIRECTION('ref_axis',(-2.61112646062516E-5,-0.999999999659101,0.));
#12907=DIRECTION('center_axis',(0.,0.,1.));
#12908=DIRECTION('ref_axis',(-2.61112646062516E-5,-0.999999999659101,0.));
#12909=DIRECTION('center_axis',(0.,0.,-1.));
#12910=DIRECTION('ref_axis',(-2.40612512429478E-7,0.999999999999971,0.));
#12911=DIRECTION('',(0.,0.,1.));
#12912=DIRECTION('center_axis',(0.,0.,1.));
#12913=DIRECTION('ref_axis',(-0.999999999999903,4.41122847409935E-7,0.));
#12914=DIRECTION('',(0.,0.,1.));
#12915=DIRECTION('center_axis',(2.44894098981817E-15,1.,0.));
#12916=DIRECTION('ref_axis',(1.,-2.44894098981817E-15,-4.10355147459517E-46));
#12917=DIRECTION('',(0.,0.,1.));
#12918=DIRECTION('',(-1.,6.01853107621011E-36,0.));
#12919=DIRECTION('',(1.,-2.44894098981817E-15,1.38777814565633E-16));
#12920=DIRECTION('center_axis',(-2.44894098981817E-15,-1.,0.));
#12921=DIRECTION('ref_axis',(-8.39819005367491E-7,0.,0.999999999999647));
#12922=DIRECTION('',(-1.,2.44894098981817E-15,0.));
#12923=DIRECTION('center_axis',(-2.44894098981817E-15,-1.,0.));
#12924=DIRECTION('ref_axis',(-1.67970685372771E-6,0.,-0.999999999998589));
#12925=DIRECTION('',(0.,0.,1.));
#12926=DIRECTION('center_axis',(-2.44894098981817E-15,-1.,0.));
#12927=DIRECTION('ref_axis',(0.,0.,1.));
#12928=DIRECTION('',(-1.,2.44894098981817E-15,0.));
#12929=DIRECTION('center_axis',(-2.44894098981817E-15,-1.,0.));
#12930=DIRECTION('ref_axis',(-1.,0.,-3.51336400197835E-16));
#12931=DIRECTION('',(0.,0.,-1.));
#12932=DIRECTION('center_axis',(2.44894098981817E-15,1.,0.));
#12933=DIRECTION('ref_axis',(-0.707106781186547,0.,-0.707106781186548));
#12934=DIRECTION('',(1.,-2.44894098981817E-15,0.));
#12935=DIRECTION('center_axis',(2.44894098981817E-15,1.,0.));
#12936=DIRECTION('ref_axis',(0.707106781186548,0.,-0.707106781186547));
#12937=DIRECTION('center_axis',(0.,0.,-1.));
#12938=DIRECTION('ref_axis',(0.999999999999903,4.41122845132578E-7,0.));
#12939=DIRECTION('',(0.,0.,1.));
#12940=DIRECTION('center_axis',(0.,0.,1.));
#12941=DIRECTION('ref_axis',(2.4061251015211E-7,0.999999999999971,0.));
#12942=DIRECTION('center_axis',(1.,1.81883106979762E-15,0.));
#12943=DIRECTION('ref_axis',(1.81883106979762E-15,-1.,0.));
#12944=DIRECTION('',(0.,0.,1.));
#12945=DIRECTION('',(-1.81883106979762E-15,1.,0.));
#12946=DIRECTION('center_axis',(1.,0.,0.));
#12947=DIRECTION('ref_axis',(0.,1.,1.69906891113798E-34));
#12948=DIRECTION('',(0.,-1.,6.12323399573677E-17));
#12949=DIRECTION('',(0.,0.,1.));
#12950=DIRECTION('',(0.,0.,1.));
#12951=DIRECTION('center_axis',(0.,0.,1.));
#12952=DIRECTION('ref_axis',(0.,-1.,0.));
#12953=DIRECTION('center_axis',(0.,-6.12323399573677E-17,-1.));
#12954=DIRECTION('ref_axis',(0.,-1.,0.));
#12955=DIRECTION('',(0.,0.,1.));
#12956=DIRECTION('center_axis',(0.,-1.,0.));
#12957=DIRECTION('ref_axis',(1.,0.,0.));
#12958=DIRECTION('',(-1.,0.,0.));
#12959=DIRECTION('',(0.,0.,1.));
#12960=DIRECTION('center_axis',(0.,0.,1.));
#12961=DIRECTION('ref_axis',(-1.,0.,0.));
#12962=DIRECTION('center_axis',(0.,-6.12323399573677E-17,-1.));
#12963=DIRECTION('ref_axis',(-1.,0.,0.));
#12964=DIRECTION('',(0.,0.,1.));
#12965=DIRECTION('center_axis',(-1.,0.,0.));
#12966=DIRECTION('ref_axis',(0.,-1.,0.));
#12967=DIRECTION('',(0.,1.,-6.12323399573677E-17));
#12968=DIRECTION('',(0.,0.,1.));
#12969=DIRECTION('center_axis',(0.,0.,1.));
#12970=DIRECTION('ref_axis',(0.,1.,0.));
#12971=DIRECTION('center_axis',(0.,-6.12323399573677E-17,-1.));
#12972=DIRECTION('ref_axis',(0.,1.,0.));
#12973=DIRECTION('',(0.,0.,1.));
#12974=DIRECTION('center_axis',(0.,1.,0.));
#12975=DIRECTION('ref_axis',(-1.,0.,0.));
#12976=DIRECTION('',(1.,0.,0.));
#12977=DIRECTION('',(0.,0.,1.));
#12978=DIRECTION('center_axis',(0.,0.,1.));
#12979=DIRECTION('ref_axis',(1.,0.,0.));
#12980=DIRECTION('center_axis',(0.,-6.12323399573677E-17,-1.));
#12981=DIRECTION('ref_axis',(1.,0.,0.));
#12982=DIRECTION('center_axis',(0.,-6.12323399573677E-17,-1.));
#12983=DIRECTION('ref_axis',(1.,1.56779924558306E-16,0.));
#12984=DIRECTION('',(0.,-6.12323399573677E-17,-1.));
#12985=DIRECTION('center_axis',(0.,-6.12323399573677E-17,-1.));
#12986=DIRECTION('ref_axis',(1.,0.,0.));
#12987=DIRECTION('center_axis',(0.,-6.12323399573677E-17,-1.));
#12988=DIRECTION('ref_axis',(-1.,0.,0.));
#12989=DIRECTION('center_axis',(0.,-6.12323399573677E-17,-1.));
#12990=DIRECTION('ref_axis',(1.,0.,0.));
#12991=DIRECTION('center_axis',(0.,-6.12323399573677E-17,-1.));
#12992=DIRECTION('ref_axis',(1.,1.56779924558306E-16,0.));
#12993=DIRECTION('center_axis',(0.,0.,1.));
#12994=DIRECTION('ref_axis',(1.,1.56779924558306E-16,0.));
#12995=DIRECTION('',(0.,-6.12323399573677E-17,-1.));
#12996=DIRECTION('center_axis',(0.,-6.12323399573677E-17,-1.));
#12997=DIRECTION('ref_axis',(1.,1.56779924558306E-16,0.));
#12998=DIRECTION('center_axis',(0.,0.,-1.));
#12999=DIRECTION('ref_axis',(1.,1.56779924558306E-16,0.));
#13000=DIRECTION('',(0.,-6.12323399573677E-17,-1.));
#13001=DIRECTION('center_axis',(0.,0.,1.));
#13002=DIRECTION('ref_axis',(1.,0.,0.));
#13003=DIRECTION('center_axis',(0.,1.,0.));
#13004=DIRECTION('ref_axis',(-0.707106781186547,0.,-0.707106781186548));
#13005=DIRECTION('center_axis',(-8.07926763481808E-15,-1.,0.));
#13006=DIRECTION('ref_axis',(-0.707106781186547,0.,-0.707106781186548));
#13007=DIRECTION('',(0.,1.,0.));
#13008=DIRECTION('',(0.,-1.,0.));
#13009=DIRECTION('center_axis',(0.,0.,-1.));
#13010=DIRECTION('ref_axis',(1.,0.,0.));
#13011=DIRECTION('',(-1.,8.07926763481808E-15,0.));
#13012=DIRECTION('',(0.,-1.,0.));
#13013=DIRECTION('center_axis',(0.,1.,0.));
#13014=DIRECTION('ref_axis',(0.707106781186548,0.,-0.707106781186547));
#13015=DIRECTION('center_axis',(-8.07926763481808E-15,-1.,0.));
#13016=DIRECTION('ref_axis',(0.707106781186548,0.,-0.707106781186547));
#13017=DIRECTION('',(0.,1.,0.));
#13018=DIRECTION('center_axis',(1.,0.,0.));
#13019=DIRECTION('ref_axis',(0.,-5.33041811211609E-48,1.));
#13020=DIRECTION('',(0.,0.,-1.));
#13021=DIRECTION('',(0.,-1.,0.));
#13022=DIRECTION('center_axis',(-1.,0.,0.));
#13023=DIRECTION('ref_axis',(0.,1.67047794380762E-48,-1.));
#13024=DIRECTION('',(0.,-1.,0.));
#13025=DIRECTION('',(0.,0.,1.));
#13026=DIRECTION('center_axis',(0.,-1.,0.));
#13027=DIRECTION('ref_axis',(-1.,0.,-3.51336400197835E-16));
#13028=DIRECTION('center_axis',(8.07926763481808E-15,1.,0.));
#13029=DIRECTION('ref_axis',(-1.,0.,-3.51336400197835E-16));
#13030=DIRECTION('',(0.,-1.,0.));
#13031=DIRECTION('center_axis',(0.,0.,1.));
#13032=DIRECTION('ref_axis',(-1.,0.,0.));
#13033=DIRECTION('',(1.,-8.07926763481808E-15,0.));
#13034=DIRECTION('',(0.,-1.,0.));
#13035=DIRECTION('center_axis',(0.,-1.,0.));
#13036=DIRECTION('ref_axis',(0.,0.,1.));
#13037=DIRECTION('center_axis',(8.07926763481808E-15,1.,0.));
#13038=DIRECTION('ref_axis',(0.,0.,1.));
#13039=DIRECTION('center_axis',(1.38777814565633E-16,0.,-1.));
#13040=DIRECTION('ref_axis',(1.,-3.28265683680856E-49,1.38777814565633E-16));
#13041=DIRECTION('',(-1.,8.07926763481808E-15,-1.38777814565633E-16));
#13042=DIRECTION('',(0.,-1.,0.));
#13043=DIRECTION('',(0.,-1.,0.));
#13044=DIRECTION('center_axis',(0.,-1.,0.));
#13045=DIRECTION('ref_axis',(-1.67970685372771E-6,0.,-0.999999999998589));
#13046=DIRECTION('center_axis',(8.07926763481808E-15,1.,0.));
#13047=DIRECTION('ref_axis',(-1.67970685372771E-6,0.,-0.999999999998589));
#13048=DIRECTION('',(0.,-1.,0.));
#13049=DIRECTION('center_axis',(0.,0.,1.));
#13050=DIRECTION('ref_axis',(-1.,9.88698575622406E-50,0.));
#13051=DIRECTION('',(1.,-8.07926763481808E-15,0.));
#13052=DIRECTION('',(0.,-1.,0.));
#13053=DIRECTION('center_axis',(0.,-1.,0.));
#13054=DIRECTION('ref_axis',(1.,0.,-7.59555074750788E-11));
#13055=DIRECTION('center_axis',(8.07926763481808E-15,1.,0.));
#13056=DIRECTION('ref_axis',(-8.39819005367491E-7,0.,0.999999999999647));
#13057=DIRECTION('center_axis',(-8.07926763481808E-15,-1.,0.));
#13058=DIRECTION('ref_axis',(-1.,8.07926763481808E-15,-3.16838875589733E-48));
#13059=DIRECTION('',(-1.,8.07926763481808E-15,1.04287656862668E-18));
#13060=DIRECTION('',(0.,0.,-1.));
#13061=DIRECTION('',(0.,0.,-1.));
#13062=DIRECTION('center_axis',(0.,0.,1.));
#13063=DIRECTION('ref_axis',(-1.,0.,0.));
#13064=DIRECTION('',(0.,0.,1.));
#13065=DIRECTION('center_axis',(0.,0.,1.));
#13066=DIRECTION('ref_axis',(-1.,0.,0.));
#13067=DIRECTION('center_axis',(0.,0.,1.));
#13068=DIRECTION('ref_axis',(-1.,0.,0.));
#13069=DIRECTION('center_axis',(0.,0.,1.));
#13070=DIRECTION('ref_axis',(-1.,0.,0.));
#13071=DIRECTION('',(0.,0.,1.));
#13072=DIRECTION('center_axis',(0.,0.,1.));
#13073=DIRECTION('ref_axis',(-1.,0.,0.));
#13074=DIRECTION('center_axis',(0.,0.,1.));
#13075=DIRECTION('ref_axis',(-1.,0.,0.));
#13076=DIRECTION('center_axis',(0.,0.,1.));
#13077=DIRECTION('ref_axis',(-1.,0.,0.));
#13078=DIRECTION('',(0.,0.,1.));
#13079=DIRECTION('center_axis',(0.,0.,1.));
#13080=DIRECTION('ref_axis',(-1.,0.,0.));
#13081=DIRECTION('center_axis',(0.,0.,1.));
#13082=DIRECTION('ref_axis',(-1.,0.,0.));
#13083=DIRECTION('center_axis',(0.,0.,1.));
#13084=DIRECTION('ref_axis',(-1.,0.,0.));
#13085=DIRECTION('',(0.,0.,1.));
#13086=DIRECTION('center_axis',(0.,0.,1.));
#13087=DIRECTION('ref_axis',(-1.,0.,0.));
#13088=DIRECTION('center_axis',(0.,0.,1.));
#13089=DIRECTION('ref_axis',(-1.,0.,0.));
#13090=DIRECTION('center_axis',(0.707106781186546,0.707106781186549,0.));
#13091=DIRECTION('ref_axis',(0.,0.,-1.));
#13092=DIRECTION('',(0.,0.,-1.));
#13093=DIRECTION('center_axis',(0.,1.,0.));
#13094=DIRECTION('ref_axis',(-1.,0.,0.));
#13095=DIRECTION('center_axis',(1.,0.,0.));
#13096=DIRECTION('ref_axis',(0.,1.,0.));
#13097=DIRECTION('center_axis',(0.,0.,-1.));
#13098=DIRECTION('ref_axis',(0.999999999999935,3.60918720099345E-7,0.));
#13099=DIRECTION('center_axis',(1.04287656862659E-18,-1.13895120371149E-17,
1.));
#13100=DIRECTION('ref_axis',(0.999999999999935,3.60918720099345E-7,0.));
#13101=DIRECTION('',(0.,0.,-1.));
#13102=DIRECTION('center_axis',(-1.,1.24799538644142E-12,0.));
#13103=DIRECTION('ref_axis',(1.24799538644142E-12,1.,5.19324808995962E-54));
#13104=DIRECTION('',(1.24799538644142E-12,1.,1.13895120371136E-17));
#13105=DIRECTION('',(0.,0.,-1.));
#13106=DIRECTION('center_axis',(0.,0.,-1.));
#13107=DIRECTION('ref_axis',(-2.98415123998899E-5,-0.999999999554742,0.));
#13108=DIRECTION('center_axis',(1.04287656862659E-18,-1.13895120371149E-17,
1.));
#13109=DIRECTION('ref_axis',(-2.98415123998899E-5,-0.999999999554742,0.));
#13110=DIRECTION('',(0.,0.,-1.));
#13111=DIRECTION('center_axis',(-1.,1.0747635616276E-15,0.));
#13112=DIRECTION('ref_axis',(1.0747635616276E-15,1.,4.26731421680192E-40));
#13113=DIRECTION('',(-9.92089441502404E-16,-1.,0.));
#13114=DIRECTION('',(0.,0.,1.));
#13115=DIRECTION('center_axis',(0.,0.,-1.));
#13116=DIRECTION('ref_axis',(-0.999999999999903,-4.41123321104853E-7,0.));
#13117=DIRECTION('center_axis',(0.,0.,1.));
#13118=DIRECTION('ref_axis',(-2.4061297928851E-7,-0.999999999999971,-4.44800784244276E-18));
#13119=DIRECTION('',(0.,0.,1.));
#13120=DIRECTION('center_axis',(1.89384830169824E-12,-1.,0.));
#13121=DIRECTION('ref_axis',(-1.,-1.89384830169824E-12,0.));
#13122=DIRECTION('',(1.,1.06750537892524E-12,3.15544362088405E-30));
#13123=DIRECTION('',(0.,0.,1.));
#13124=DIRECTION('center_axis',(0.,0.,-1.));
#13125=DIRECTION('ref_axis',(-2.61112646062516E-5,-0.999999999659101,0.));
#13126=DIRECTION('center_axis',(0.,0.,1.));
#13127=DIRECTION('ref_axis',(0.999999999659101,2.61112622434222E-5,-1.35745159932231E-22));
#13128=DIRECTION('center_axis',(-9.18935951426356E-14,1.,0.));
#13129=DIRECTION('ref_axis',(1.,9.18935951426356E-14,0.));
#13130=DIRECTION('',(1.,9.18935951426356E-14,-1.04287656862554E-18));
#13131=DIRECTION('',(0.,0.,-1.));
#13132=DIRECTION('center_axis',(0.,0.,-1.));
#13133=DIRECTION('ref_axis',(-0.999999999999935,-3.60919102698978E-7,0.));
#13134=DIRECTION('center_axis',(1.04287656862659E-18,-1.13895120371149E-17,
1.));
#13135=DIRECTION('ref_axis',(-0.999999999999935,-3.60919102698978E-7,0.));
#13136=DIRECTION('',(0.,0.,-1.));
#13137=DIRECTION('center_axis',(1.,-2.97959537981503E-12,0.));
#13138=DIRECTION('ref_axis',(-2.97959537981503E-12,-1.,-4.84094463523908E-34));
#13139=DIRECTION('',(-2.97959537981503E-12,-1.,-1.13895120371118E-17));
#13140=DIRECTION('',(0.,0.,-1.));
#13141=DIRECTION('center_axis',(0.,0.,-1.));
#13142=DIRECTION('ref_axis',(-2.22103863622164E-7,0.999999999999975,0.));
#13143=DIRECTION('center_axis',(1.04287656862659E-18,-1.13895120371149E-17,
1.));
#13144=DIRECTION('ref_axis',(-2.22103863622164E-7,0.999999999999975,0.));
#13145=DIRECTION('center_axis',(1.04287656862659E-18,-1.13895120371149E-17,
1.));
#13146=DIRECTION('ref_axis',(1.,0.,-1.04287656862659E-18));
#13147=DIRECTION('center_axis',(0.,-1.,0.));
#13148=DIRECTION('ref_axis',(0.,-1.14986105000588E-49,1.));
#13149=DIRECTION('',(0.,0.70710678118655,0.707106781186545));
#13150=DIRECTION('center_axis',(0.,-1.,-2.50505443036996E-49));
#13151=DIRECTION('ref_axis',(0.,-2.50505443036996E-49,1.));
#13152=DIRECTION('',(0.,-0.70710678118655,0.707106781186545));
#13153=DIRECTION('center_axis',(0.,1.,2.50505443036996E-49));
#13154=DIRECTION('ref_axis',(0.,0.,1.));
#13155=DIRECTION('center_axis',(0.,0.707106781186545,-0.70710678118655));
#13156=DIRECTION('ref_axis',(-1.,0.,0.));
#13157=DIRECTION('',(0.,0.70710678118655,0.707106781186545));
#13158=DIRECTION('',(1.,0.,0.));
#13159=DIRECTION('',(-1.,0.,0.));
#13160=DIRECTION('center_axis',(0.,-1.,0.));
#13161=DIRECTION('ref_axis',(0.,1.14986105000588E-49,-1.));
#13162=DIRECTION('',(0.,0.70710678118655,-0.707106781186545));
#13163=DIRECTION('center_axis',(0.,-1.,-2.50505443036996E-49));
#13164=DIRECTION('ref_axis',(0.,2.50505443036996E-49,-1.));
#13165=DIRECTION('center_axis',(0.,1.,2.50505443036996E-49));
#13166=DIRECTION('ref_axis',(0.,0.,-1.));
#13167=DIRECTION('center_axis',(0.,0.707106781186545,0.70710678118655));
#13168=DIRECTION('ref_axis',(1.,0.,0.));
#13169=DIRECTION('',(-1.,0.,0.));
#13170=DIRECTION('',(1.,0.,0.));
#13171=DIRECTION('center_axis',(0.,0.,1.));
#13172=DIRECTION('ref_axis',(-1.,2.40372989135265E-49,0.));
#13173=DIRECTION('',(0.,-1.,0.));
#13174=DIRECTION('',(1.,-8.07926763481808E-15,0.));
#13175=DIRECTION('',(0.,1.,0.));
#13176=DIRECTION('center_axis',(0.,-1.,0.));
#13177=DIRECTION('ref_axis',(0.,0.,1.));
#13178=DIRECTION('',(0.,-1.,0.));
#13179=DIRECTION('center_axis',(-8.07926763481808E-15,-1.,0.));
#13180=DIRECTION('ref_axis',(0.,0.,1.));
#13181=DIRECTION('center_axis',(0.,1.,2.50505443036996E-49));
#13182=DIRECTION('ref_axis',(-1.,0.,0.));
#13183=DIRECTION('center_axis',(0.,0.,-1.));
#13184=DIRECTION('ref_axis',(1.,-2.40372989135265E-49,0.));
#13185=DIRECTION('',(0.,-1.,0.));
#13186=DIRECTION('',(-1.,8.07926763481808E-15,0.));
#13187=DIRECTION('center_axis',(0.,-1.,0.));
#13188=DIRECTION('ref_axis',(0.,0.,-1.));
#13189=DIRECTION('center_axis',(-8.07926763481808E-15,-1.,0.));
#13190=DIRECTION('ref_axis',(0.,0.,-1.));
#13191=DIRECTION('center_axis',(-0.707106781186537,-0.707106781186558,0.));
#13192=DIRECTION('ref_axis',(0.,0.,1.));
#13193=DIRECTION('',(0.,0.,1.));
#13194=DIRECTION('',(-0.577350269189633,0.577350269189616,-0.577350269189629));
#13195=DIRECTION('',(0.,0.,-1.));
#13196=DIRECTION('',(0.577350269189633,-0.577350269189616,-0.577350269189629));
#13197=DIRECTION('center_axis',(0.707106781186548,-0.707106781186548,0.));
#13198=DIRECTION('ref_axis',(0.,0.,-1.));
#13199=DIRECTION('',(0.,0.,1.));
#13200=DIRECTION('',(-0.577350269189627,-0.577350269189627,0.577350269189623));
#13201=DIRECTION('',(0.,0.,-1.));
#13202=DIRECTION('',(-0.577350269189633,-0.577350269189616,-0.577350269189629));
#13203=DIRECTION('center_axis',(-5.71290493160084E-15,-0.707106781186545,
-0.70710678118655));
#13204=DIRECTION('ref_axis',(-1.,0.,8.07926763481802E-15));
#13205=DIRECTION('',(-1.,8.07926763481808E-15,0.));
#13206=DIRECTION('',(1.,-8.07926763481808E-15,0.));
#13207=DIRECTION('center_axis',(-5.71290493160093E-15,-0.707106781186556,
0.707106781186539));
#13208=DIRECTION('ref_axis',(1.,0.,8.07926763481827E-15));
#13209=DIRECTION('',(1.,-8.07926763481808E-15,0.));
#13210=DIRECTION('',(-1.,8.07926763481808E-15,0.));
#13211=DIRECTION('center_axis',(0.,0.,1.));
#13212=DIRECTION('ref_axis',(-1.,0.,0.));
#13213=DIRECTION('',(0.,-1.,0.));
#13214=DIRECTION('',(-1.,2.44894098981817E-15,0.));
#13215=DIRECTION('',(0.,-1.,0.));
#13216=DIRECTION('center_axis',(-1.,0.,0.));
#13217=DIRECTION('ref_axis',(0.,-7.00969774159758E-18,-1.));
#13218=DIRECTION('',(0.,-1.,0.));
#13219=DIRECTION('',(0.,0.,-1.));
#13220=DIRECTION('center_axis',(-8.07926763481808E-15,-1.,0.));
#13221=DIRECTION('ref_axis',(-1.,8.07926763481808E-15,-3.16838875589733E-48));
#13222=DIRECTION('center_axis',(0.,1.,2.50505443036996E-49));
#13223=DIRECTION('ref_axis',(-1.,0.,0.));
#13224=DIRECTION('',(1.,-2.44894098981817E-15,0.));
#13225=DIRECTION('',(0.,0.,1.));
#13226=DIRECTION('center_axis',(0.,0.,-1.));
#13227=DIRECTION('ref_axis',(1.,0.,0.));
#13228=DIRECTION('',(0.,-1.,0.));
#13229=DIRECTION('center_axis',(1.,0.,0.));
#13230=DIRECTION('ref_axis',(0.,3.5048488708004E-18,1.));
#13231=DIRECTION('center_axis',(0.,0.,-1.));
#13232=DIRECTION('ref_axis',(-1.,4.09956181384796E-17,-1.23002623704273E-33));
#13233=DIRECTION('center_axis',(0.,6.12323399573677E-17,1.));
#13234=DIRECTION('ref_axis',(-1.,4.09956181384796E-17,0.));
#13235=DIRECTION('center_axis',(0.,6.12323399573677E-17,1.));
#13236=DIRECTION('ref_axis',(-1.,4.09956181384796E-17,0.));
#13237=DIRECTION('',(-0.707106781186547,1.15583885208202E-16,0.707106781186547));
#13238=DIRECTION('center_axis',(0.,-6.12323399573677E-17,-1.));
#13239=DIRECTION('ref_axis',(-1.,4.09956181384796E-17,-2.51025762661781E-33));
#13240=DIRECTION('center_axis',(0.,6.12323399573677E-17,1.));
#13241=DIRECTION('ref_axis',(1.,0.,0.));
#13242=DIRECTION('center_axis',(0.,-6.12323399573677E-17,-1.));
#13243=DIRECTION('ref_axis',(1.,-4.09956181384796E-17,0.));
#13244=DIRECTION('center_axis',(0.,-6.12323399573677E-17,-1.));
#13245=DIRECTION('ref_axis',(1.,0.,0.));
#13246=DIRECTION('',(0.,6.12323399573677E-17,1.));
#13247=DIRECTION('center_axis',(-0.707106781186548,-4.32978028117747E-17,
-0.707106781186548));
#13248=DIRECTION('ref_axis',(-0.707106781186548,0.,0.707106781186548));
#13249=DIRECTION('',(2.64006033679008E-32,1.,-6.12323399573677E-17));
#13250=DIRECTION('',(-2.64006033679008E-32,-1.,6.12323399573677E-17));
#13251=DIRECTION('',(-0.577350269189626,0.577350269189626,0.577350269189625));
#13252=DIRECTION('center_axis',(0.,0.,-1.));
#13253=DIRECTION('ref_axis',(-1.,4.09956181384796E-17,-1.36427044924881E-33));
#13254=DIRECTION('center_axis',(0.,-6.12323399573677E-17,-1.));
#13255=DIRECTION('ref_axis',(-1.,4.09956181384796E-17,-2.51025762661781E-33));
#13256=DIRECTION('center_axis',(0.,6.12323399573677E-17,1.));
#13257=DIRECTION('ref_axis',(-1.,4.09956181384796E-17,0.));
#13258=DIRECTION('center_axis',(0.,0.,-1.));
#13259=DIRECTION('ref_axis',(1.,-4.09956181384796E-17,1.36427044924881E-33));
#13260=DIRECTION('center_axis',(0.,6.12323399573677E-17,1.));
#13261=DIRECTION('ref_axis',(1.,-4.09956181384796E-17,0.));
#13262=DIRECTION('center_axis',(0.,-6.12323399573677E-17,-1.));
#13263=DIRECTION('ref_axis',(1.,-4.09956181384796E-17,2.51025762661781E-33));
#13264=DIRECTION('center_axis',(0.,-0.707106781186547,-0.707106781186548));
#13265=DIRECTION('ref_axis',(-1.,0.,0.));
#13266=DIRECTION('',(1.,0.,0.));
#13267=DIRECTION('',(-0.577350269189626,-0.577350269189626,0.577350269189625));
#13268=DIRECTION('',(-1.,0.,0.));
#13269=DIRECTION('',(-0.577350269189626,0.577350269189626,-0.577350269189625));
#13270=DIRECTION('center_axis',(-0.707106781186548,-4.32978028117747E-17,
-0.707106781186548));
#13271=DIRECTION('ref_axis',(-0.707106781186548,0.,0.707106781186548));
#13272=DIRECTION('',(2.64006033679008E-32,1.,-6.12323399573677E-17));
#13273=DIRECTION('',(-2.64006033679008E-32,-1.,6.12323399573677E-17));
#13274=DIRECTION('center_axis',(0.707106781186549,-4.32978028117747E-17,
-0.707106781186547));
#13275=DIRECTION('ref_axis',(-0.707106781186547,0.,-0.707106781186549));
#13276=DIRECTION('',(5.28012067358016E-32,1.,-6.12323399573677E-17));
#13277=DIRECTION('',(-5.28012067358016E-32,-1.,6.12323399573677E-17));
#13278=DIRECTION('center_axis',(0.707106781186549,-4.32978028117747E-17,
-0.707106781186547));
#13279=DIRECTION('ref_axis',(-0.707106781186547,0.,-0.707106781186549));
#13280=DIRECTION('',(5.28012067358016E-32,1.,-6.12323399573677E-17));
#13281=DIRECTION('',(-5.28012067358016E-32,-1.,6.12323399573677E-17));
#13282=DIRECTION('',(-0.577350269189626,-0.577350269189626,-0.577350269189625));
#13283=DIRECTION('center_axis',(0.,0.707106781186547,-0.707106781186548));
#13284=DIRECTION('ref_axis',(-1.,0.,0.));
#13285=DIRECTION('',(-1.,0.,0.));
#13286=DIRECTION('',(1.,0.,0.));
#13287=DIRECTION('center_axis',(0.,-6.12323399573677E-17,-1.));
#13288=DIRECTION('ref_axis',(-1.,-8.14690617762557E-17,2.47828366007366E-33));
#13289=DIRECTION('',(0.,6.12323399573677E-17,1.));
#13290=DIRECTION('center_axis',(0.,-6.12323399573677E-17,-1.));
#13291=DIRECTION('ref_axis',(1.,0.,0.));
#13292=DIRECTION('',(0.,-6.12323399573677E-17,-1.));
#13293=DIRECTION('center_axis',(-1.,0.,-8.62309145339927E-16));
#13294=DIRECTION('ref_axis',(8.62309145339927E-16,-6.12323399573677E-17,
-1.));
#13295=DIRECTION('',(-5.28012067358016E-32,-1.,6.12323399573677E-17));
#13296=DIRECTION('',(-8.62309145339927E-16,6.12323399573677E-17,1.));
#13297=DIRECTION('center_axis',(1.,0.,8.62309145339927E-16));
#13298=DIRECTION('ref_axis',(1.21948928829808E-15,0.707106781186548,0.707106781186548));
#13299=DIRECTION('',(8.62309145339927E-16,-6.12323399573677E-17,-1.));
#13300=DIRECTION('center_axis',(0.,1.,0.));
#13301=DIRECTION('ref_axis',(0.,0.,1.));
#13302=DIRECTION('',(4.31154572669964E-16,-6.12323399573678E-17,-1.));
#13303=DIRECTION('',(1.,0.,-1.30614473485313E-15));
#13304=DIRECTION('center_axis',(0.,-6.12323399573677E-17,-1.));
#13305=DIRECTION('ref_axis',(-1.,0.,0.));
#13306=DIRECTION('center_axis',(0.,-6.12323399573677E-17,-1.));
#13307=DIRECTION('ref_axis',(1.,-4.09956181384796E-17,0.));
#13308=DIRECTION('center_axis',(0.,0.,-1.));
#13309=DIRECTION('ref_axis',(-1.,4.09956181384796E-17,-1.28900543445085E-33));
#13310=DIRECTION('center_axis',(0.,6.12323399573677E-17,1.));
#13311=DIRECTION('ref_axis',(-1.,4.09956181384796E-17,0.));
#13312=DIRECTION('center_axis',(0.,6.12323399573677E-17,1.));
#13313=DIRECTION('ref_axis',(-1.,4.09956181384796E-17,0.));
#13314=DIRECTION('',(0.707106781186549,5.76073260388963E-17,-0.707106781186546));
#13315=DIRECTION('center_axis',(0.,-6.12323399573677E-17,-1.));
#13316=DIRECTION('ref_axis',(-1.,4.09956181384796E-17,-2.51025762661781E-33));
#13317=DIRECTION('center_axis',(0.,-6.12323399573677E-17,-1.));
#13318=DIRECTION('ref_axis',(-1.,0.,0.));
#13319=DIRECTION('center_axis',(0.,-6.12323399573677E-17,-1.));
#13320=DIRECTION('ref_axis',(1.,-4.09956181384796E-17,0.));
#13321=DIRECTION('',(0.,6.12323399573677E-17,1.));
#13322=DIRECTION('center_axis',(0.,-6.12323399573677E-17,-1.));
#13323=DIRECTION('ref_axis',(1.,0.,0.));
#13324=DIRECTION('center_axis',(1.,0.,4.31154572669964E-16));
#13325=DIRECTION('ref_axis',(-4.31154572669964E-16,6.12323399573678E-17,
1.));
#13326=DIRECTION('',(-4.31154572669964E-16,6.12323399573678E-17,1.));
#13327=DIRECTION('center_axis',(-1.,0.,-4.31154572669964E-16));
#13328=DIRECTION('ref_axis',(1.21948928829808E-15,-0.707106781186548,0.707106781186548));
#13329=DIRECTION('',(0.,-6.12323399573677E-17,-1.));
#13330=DIRECTION('',(2.64006033679008E-32,1.,-6.12323399573677E-17));
#13331=DIRECTION('',(0.,6.12323399573677E-17,1.));
#13332=DIRECTION('center_axis',(1.,0.,-1.30614473485313E-15));
#13333=DIRECTION('ref_axis',(1.21948928829808E-15,0.707106781186548,0.707106781186548));
#13334=DIRECTION('',(-1.,0.,1.30614473485313E-15));
#13335=DIRECTION('center_axis',(0.,-1.,0.));
#13336=DIRECTION('ref_axis',(0.,0.,-1.));
#13337=DIRECTION('center_axis',(0.,-6.12323399573677E-17,-1.));
#13338=DIRECTION('ref_axis',(-1.,0.,0.));
#13339=DIRECTION('center_axis',(0.,-6.12323399573677E-17,-1.));
#13340=DIRECTION('ref_axis',(1.,0.,0.));
#13341=DIRECTION('center_axis',(0.,-6.12323399573677E-17,-1.));
#13342=DIRECTION('ref_axis',(-1.,0.,0.));
#13343=DIRECTION('center_axis',(0.,-6.12323399573677E-17,-1.));
#13344=DIRECTION('ref_axis',(1.,-4.09956181384796E-17,0.));
#13345=DIRECTION('center_axis',(0.,-6.12323399573677E-17,-1.));
#13346=DIRECTION('ref_axis',(-1.,0.,0.));
#13347=DIRECTION('center_axis',(0.,-6.12323399573677E-17,-1.));
#13348=DIRECTION('ref_axis',(1.,0.,0.));
#13349=DIRECTION('center_axis',(0.,-6.12323399573677E-17,-1.));
#13350=DIRECTION('ref_axis',(1.,0.,0.));
#13351=DIRECTION('center_axis',(0.,-6.12323399573677E-17,-1.));
#13352=DIRECTION('ref_axis',(1.,-4.09956181384796E-17,0.));
#13353=DIRECTION('',(0.,6.12323399573677E-17,1.));
#13354=DIRECTION('center_axis',(0.,-6.12323399573677E-17,-1.));
#13355=DIRECTION('ref_axis',(-1.,0.,0.));
#13356=DIRECTION('center_axis',(0.,-6.12323399573677E-17,-1.));
#13357=DIRECTION('ref_axis',(1.,0.,0.));
#13358=DIRECTION('center_axis',(0.,-6.12323399573677E-17,-1.));
#13359=DIRECTION('ref_axis',(1.,-4.09956181384796E-17,0.));
#13360=DIRECTION('',(0.,6.12323399573677E-17,1.));
#13361=CARTESIAN_POINT('',(0.,0.,0.));
#13362=CARTESIAN_POINT('Origin',(9.30937500000159,55.6158333375122,-9.85991689168609));
#13363=CARTESIAN_POINT('',(20.1187500000023,55.1160046750243,-11.8468284175322));
#13364=CARTESIAN_POINT('',(20.1187500000024,56.1156619999999,-7.87300536584003));
#13365=CARTESIAN_POINT('',(20.1187500000023,56.0828806986744,-8.00331711129228));
#13366=CARTESIAN_POINT('',(33.4812499999977,55.1160046750243,-11.8468284175322));
#13367=CARTESIAN_POINT('',(9.30937500000158,55.1160046750244,-11.8468284175322));
#13368=CARTESIAN_POINT('',(33.4812499999977,56.1156619999998,-7.87300536584003));
#13369=CARTESIAN_POINT('',(33.4812499999977,56.7970794357657,-5.16424482718488));
#13370=CARTESIAN_POINT('',(9.30937500000159,56.1156619999999,-7.87300536584003));
#13371=CARTESIAN_POINT('Origin',(20.1187500000023,32.1155879999994,0.));
#13372=CARTESIAN_POINT('',(20.1187500000024,56.1156619999999,0.));
#13373=CARTESIAN_POINT('',(20.1187500000024,56.1156619999999,0.));
#13374=CARTESIAN_POINT('',(20.1187500000023,47.1155879999994,0.));
#13375=CARTESIAN_POINT('',(20.1187500000023,16.0578099756704,-9.13754781672791E-16));
#13376=CARTESIAN_POINT('',(20.1187500000023,47.1155879999994,-1.));
#13377=CARTESIAN_POINT('',(20.1187500000023,47.1155879999994,0.));
#13378=CARTESIAN_POINT('',(20.1187500000023,32.1155879999994,-1.));
#13379=CARTESIAN_POINT('',(20.1187500000023,35.8655879999994,-1.));
#13380=CARTESIAN_POINT('',(20.1187500000023,32.1155879999994,-11.2445413104213));
#13381=CARTESIAN_POINT('',(20.1187500000023,32.1155879999994,0.));
#13382=CARTESIAN_POINT('',(20.1187500000023,16.9237775186552,-10.8467297526629));
#13383=CARTESIAN_POINT('Origin',(20.1187500000024,56.1156619999999,0.));
#13384=CARTESIAN_POINT('',(33.4812499999977,56.1156619999998,0.));
#13385=CARTESIAN_POINT('',(33.4812499999977,56.1156619999998,0.));
#13386=CARTESIAN_POINT('',(10.0593768276951,56.1156619999999,-4.47024709284254E-16));
#13387=CARTESIAN_POINT('Origin',(4.,50.3155879999994,0.));
#13388=CARTESIAN_POINT('',(4.,48.3155879999994,-1.));
#13389=CARTESIAN_POINT('',(6.,50.3155879999994,-1.));
#13390=CARTESIAN_POINT('Origin',(4.,50.3155879999994,-1.));
#13391=CARTESIAN_POINT('',(4.,48.3155879999994,-5.29544563883564E-16));
#13392=CARTESIAN_POINT('',(4.,48.3155879999994,0.));
#13393=CARTESIAN_POINT('',(6.,50.3155879999994,-5.08851292946588E-16));
#13394=CARTESIAN_POINT('Origin',(4.,50.3155879999994,-1.07566366861727E-15));
#13395=CARTESIAN_POINT('',(6.,50.3155879999994,0.));
#13396=CARTESIAN_POINT('Origin',(6.,48.3155879999994,0.));
#13397=CARTESIAN_POINT('',(-4.,48.3155879999994,-1.));
#13398=CARTESIAN_POINT('',(6.,48.3155879999994,-1.));
#13399=CARTESIAN_POINT('',(-4.,48.3155879999994,-5.21201551334552E-16));
#13400=CARTESIAN_POINT('',(-4.,48.3155879999994,0.));
#13401=CARTESIAN_POINT('',(3.00000182769382,48.3155879999994,-5.28501689220997E-16));
#13402=CARTESIAN_POINT('Origin',(-4.,50.3155879999994,0.));
#13403=CARTESIAN_POINT('',(-6.,50.3155879999994,-1.));
#13404=CARTESIAN_POINT('Origin',(-4.,50.3155879999994,-1.));
#13405=CARTESIAN_POINT('',(-6.,50.3155879999994,-4.96336774123069E-16));
#13406=CARTESIAN_POINT('',(-6.,50.3155879999994,0.));
#13407=CARTESIAN_POINT('Origin',(-4.,50.3155879999994,-1.07566366861727E-15));
#13408=CARTESIAN_POINT('Origin',(-6.,48.3155879999994,0.));
#13409=CARTESIAN_POINT('',(-6.,54.115662,-1.));
#13410=CARTESIAN_POINT('',(-6.,56.115662,-1.));
#13411=CARTESIAN_POINT('',(-6.,54.115662,-4.53055785558135E-16));
#13412=CARTESIAN_POINT('',(-6.,54.115662,0.));
#13413=CARTESIAN_POINT('',(-6.,24.1578099756704,-7.94261101795343E-16));
#13414=CARTESIAN_POINT('Origin',(-4.,54.115662,0.));
#13415=CARTESIAN_POINT('',(-3.99999999999999,56.115662,-1.));
#13416=CARTESIAN_POINT('Origin',(-4.,54.115662,-1.));
#13417=CARTESIAN_POINT('',(-3.99999999999999,56.115662,-4.32362514621159E-16));
#13418=CARTESIAN_POINT('',(-3.99999999999999,56.115662,0.));
#13419=CARTESIAN_POINT('Origin',(-4.,54.115662,-1.07566366861727E-15));
#13420=CARTESIAN_POINT('Origin',(-6.,56.115662,0.));
#13421=CARTESIAN_POINT('',(4.00000000000001,56.1156619999999,-1.));
#13422=CARTESIAN_POINT('',(38.08125,56.1156619999998,-1.));
#13423=CARTESIAN_POINT('',(4.00000000000001,56.1156619999999,-4.40705527170172E-16));
#13424=CARTESIAN_POINT('',(4.00000000000001,56.1156619999999,0.));
#13425=CARTESIAN_POINT('',(-2.99999817230609,56.115662,-4.33405393095844E-16));
#13426=CARTESIAN_POINT('Origin',(4.,54.1156619999999,0.));
#13427=CARTESIAN_POINT('',(6.,54.1156619999999,-1.));
#13428=CARTESIAN_POINT('Origin',(4.,54.1156619999999,-1.));
#13429=CARTESIAN_POINT('',(6.,54.1156619999999,-4.65570304381654E-16));
#13430=CARTESIAN_POINT('',(6.,54.1156619999999,0.));
#13431=CARTESIAN_POINT('Origin',(4.,54.1156619999999,-1.07566366861727E-15));
#13432=CARTESIAN_POINT('Origin',(0.,52.2156249999997,-1.));
#13433=CARTESIAN_POINT('',(6.,56.115662,-1.));
#13434=CARTESIAN_POINT('Origin',(33.4812499999977,49.1155879999994,0.));
#13435=CARTESIAN_POINT('',(36.4812499999977,49.1155879999994,-11.6897019770975));
#13436=CARTESIAN_POINT('',(33.4812499999977,52.1155879999994,-11.7682597418051));
#13437=CARTESIAN_POINT('Origin',(33.4812499999977,49.1155879999994,-11.6897019770975));
#13438=CARTESIAN_POINT('',(36.4812499999977,49.1155879999994,-5.54306888798572E-16));
#13439=CARTESIAN_POINT('',(36.4812499999977,49.1155879999994,0.));
#13440=CARTESIAN_POINT('',(33.4812499999977,52.1155879999994,0.));
#13441=CARTESIAN_POINT('Origin',(33.4812499999977,49.1155879999994,-1.07566366861727E-15));
#13442=CARTESIAN_POINT('',(33.4812499999977,52.1155879999994,0.));
#13443=CARTESIAN_POINT('Origin',(33.4812499999976,-49.1155879999994,0.));
#13444=CARTESIAN_POINT('',(33.4812499999976,-52.1155879999994,-9.03887034200498));
#13445=CARTESIAN_POINT('',(36.4812499999976,-49.1155879999994,-9.11742810671254));
#13446=CARTESIAN_POINT('Origin',(33.4812499999976,-49.1155879999994,-9.11742810671254));
#13447=CARTESIAN_POINT('',(33.4812499999976,-52.1155879999994,-1.70415195667597E-15));
#13448=CARTESIAN_POINT('',(33.4812499999976,-52.1155879999994,0.));
#13449=CARTESIAN_POINT('',(36.4812499999976,-49.1155879999994,-1.67311205027051E-15));
#13450=CARTESIAN_POINT('Origin',(33.4812499999976,-49.1155879999994,-1.07566366861727E-15));
#13451=CARTESIAN_POINT('',(36.4812499999976,-49.1155879999994,0.));
#13452=CARTESIAN_POINT('Origin',(36.4812499999977,52.1155879999994,0.));
#13453=CARTESIAN_POINT('',(36.4812499999977,26.9169251924281,-11.1084095338776));
#13454=CARTESIAN_POINT('',(36.4812499999977,26.0578099756704,-8.1692372915579E-16));
#13455=CARTESIAN_POINT('Origin',(-33.4812499999977,-49.1155879999994,0.));
#13456=CARTESIAN_POINT('',(-36.4812499999977,-49.1155879999994,-9.11742810671254));
#13457=CARTESIAN_POINT('',(-33.4812499999977,-52.1155879999994,-9.03887034200498));
#13458=CARTESIAN_POINT('Origin',(-33.4812499999977,-49.1155879999994,-9.11742810671254));
#13459=CARTESIAN_POINT('',(-36.4812499999977,-49.1155879999994,-1.5970211686321E-15));
#13460=CARTESIAN_POINT('',(-36.4812499999977,-49.1155879999994,0.));
#13461=CARTESIAN_POINT('',(-33.4812499999977,-52.1155879999994,-1.63431833444932E-15));
#13462=CARTESIAN_POINT('Origin',(-33.4812499999977,-49.1155879999994,-1.07566366861727E-15));
#13463=CARTESIAN_POINT('',(-33.4812499999977,-52.1155879999994,0.));
#13464=CARTESIAN_POINT('Origin',(36.4812499999976,-52.1155879999994,0.));
#13465=CARTESIAN_POINT('',(17.4906249999991,-52.1155879999994,-9.03887034200498));
#13466=CARTESIAN_POINT('',(18.2406268276926,-52.1155879999994,-1.68825786787831E-15));
#13467=CARTESIAN_POINT('Origin',(-17.8,51.9156619999999,0.));
#13468=CARTESIAN_POINT('',(-17.3,51.9156619999999,-1.));
#13469=CARTESIAN_POINT('',(-17.8,52.4156619999999,-1.));
#13470=CARTESIAN_POINT('Origin',(-17.8,51.9156619999999,-1.));
#13471=CARTESIAN_POINT('',(-17.3,51.9156619999999,-4.66328206814309E-16));
#13472=CARTESIAN_POINT('',(-17.3,51.9156619999999,0.));
#13473=CARTESIAN_POINT('',(-17.8,52.4156619999999,-4.60112012511438E-16));
#13474=CARTESIAN_POINT('Origin',(-17.8,51.9156619999999,-1.07566366861727E-15));
#13475=CARTESIAN_POINT('',(-17.8,52.4156619999999,0.));
#13476=CARTESIAN_POINT('Origin',(-39.98125,52.415662,0.));
#13477=CARTESIAN_POINT('',(-39.98125,52.4156619999994,0.));
#13478=CARTESIAN_POINT('',(-19.990623172306,52.4156619999999,-4.57827462934349E-16));
#13479=CARTESIAN_POINT('',(-39.98125,52.4156619999994,-1.));
#13480=CARTESIAN_POINT('',(-39.98125,52.4156619999994,0.));
#13481=CARTESIAN_POINT('',(-17.3,52.4156619999999,-1.));
#13482=CARTESIAN_POINT('Origin',(-12.9,51.5155879999994,0.));
#13483=CARTESIAN_POINT('',(-12.9,47.1155879999994,-5.25587364318313E-16));
#13484=CARTESIAN_POINT('',(-17.3,51.5155879999994,-4.7088485445305E-16));
#13485=CARTESIAN_POINT('Origin',(-12.9,51.5155879999994,-1.07566366861727E-15));
#13486=CARTESIAN_POINT('',(-17.3,51.5155879999994,-1.));
#13487=CARTESIAN_POINT('',(-17.3,51.5155879999994,0.));
#13488=CARTESIAN_POINT('',(-12.9,47.1155879999994,-1.));
#13489=CARTESIAN_POINT('Origin',(-12.9,51.5155879999994,-1.));
#13490=CARTESIAN_POINT('',(-12.9,47.1155879999994,0.));
#13491=CARTESIAN_POINT('Origin',(-39.4812499999964,47.1155879999994,0.));
#13492=CARTESIAN_POINT('',(-39.4812499999964,47.1155879999994,-1.));
#13493=CARTESIAN_POINT('',(-27.2312500014855,47.1155879999994,-1.));
#13494=CARTESIAN_POINT('',(-39.4812499999964,47.1155879999994,-11.6373301339591));
#13495=CARTESIAN_POINT('',(-39.4812499999964,47.1155879999994,0.));
#13496=CARTESIAN_POINT('',(17.0187500000036,47.1155879999994,-11.6373301339591));
#13497=CARTESIAN_POINT('',(-20.4906249999979,47.1155879999994,-11.6373301339591));
#13498=CARTESIAN_POINT('',(17.0187500000036,47.1155879999994,-1.));
#13499=CARTESIAN_POINT('',(17.0187500000036,47.1155879999994,0.));
#13500=CARTESIAN_POINT('',(17.0187500000036,47.1155879999994,-1.));
#13501=CARTESIAN_POINT('',(8.50937682769564,47.1155879999994,-5.47914701760813E-16));
#13502=CARTESIAN_POINT('Origin',(-40.88125,53.7156620320816,-12.8838225269586));
#13503=CARTESIAN_POINT('',(-41.1276953066094,-53.7155893638898,-9.99731562427043));
#13504=CARTESIAN_POINT('',(-40.8875099928877,53.7156620363493,-12.8105019475167));
#13505=CARTESIAN_POINT('',(-40.9477853360022,26.7554143882877,-12.1045230171187));
#13506=CARTESIAN_POINT('',(-41.9812500000615,-53.7155887819914,-2.22044606107655E-15));
#13507=CARTESIAN_POINT('',(-41.9812499999998,-53.7155887819914,0.));
#13508=CARTESIAN_POINT('',(-41.9812499999997,53.7156627819905,0.));
#13509=CARTESIAN_POINT('',(-41.9812499999997,53.7156627819905,0.));
#13510=CARTESIAN_POINT('',(-41.9812499999997,53.7156627819905,0.));
#13511=CARTESIAN_POINT('Origin',(-38.081249061611,53.715661061611,-6.44191126347928));
#13512=CARTESIAN_POINT('',(-38.08125,56.515662,-12.8838225269586));
#13513=CARTESIAN_POINT('Origin',(-38.081249061611,53.7093870396392,-12.810337630945));
#13514=CARTESIAN_POINT('',(-38.08125,57.6156619999998,0.));
#13515=CARTESIAN_POINT('Origin',(-38.081249061611,53.715661061611,0.));
#13516=CARTESIAN_POINT('',(-38.08125,57.615662,0.));
#13517=CARTESIAN_POINT('Origin',(38.081249061611,53.715661061611,-6.44191126347928));
#13518=CARTESIAN_POINT('',(38.0812479457695,56.515661999928,-12.8838225269586));
#13519=CARTESIAN_POINT('',(40.8875099882503,53.7156640777768,-12.8105020009734));
#13520=CARTESIAN_POINT('Origin',(38.081249061611,53.7093870396394,-12.810337630945));
#13521=CARTESIAN_POINT('',(38.08125,57.6156619999998,0.));
#13522=CARTESIAN_POINT('',(38.0812501954984,57.6156619999257,0.));
#13523=CARTESIAN_POINT('',(41.9812499999995,53.7156627819905,0.));
#13524=CARTESIAN_POINT('Origin',(38.081249061611,53.715661061611,0.));
#13525=CARTESIAN_POINT('',(41.9812499999256,53.7156625864922,0.));
#13526=CARTESIAN_POINT('Origin',(40.8812499999268,-53.7155622538939,-12.8838225269586));
#13527=CARTESIAN_POINT('',(41.1276952967658,-53.7155848773061,-9.99731574175576));
#13528=CARTESIAN_POINT('',(41.0677950716661,-26.9231219497514,-10.6989010746221));
#13529=CARTESIAN_POINT('',(41.9812499999999,-53.7155637537131,-2.22044604925031E-15));
#13530=CARTESIAN_POINT('',(41.9812499999999,-53.7155637537131,-2.22044604925031E-15));
#13531=CARTESIAN_POINT('',(41.9812499999258,-53.7155637537139,0.));
#13532=CARTESIAN_POINT('Origin',(38.081327585617,-53.71566558561,-6.44191126347928));
#13533=CARTESIAN_POINT('',(38.0812269082004,-56.7688595386098,-9.91736293094567));
#13534=CARTESIAN_POINT('Origin',(38.081327585617,-53.7224764202209,-9.9971352803535));
#13535=CARTESIAN_POINT('',(38.0812257537109,-57.6155879999175,2.76463755084279E-26));
#13536=CARTESIAN_POINT('Origin',(38.081327585617,-53.71566558561,0.));
#13537=CARTESIAN_POINT('',(38.0812257537101,-57.6155879999188,0.));
#13538=CARTESIAN_POINT('Origin',(-38.081248500182,-56.5155880000011,-12.8838225269586));
#13539=CARTESIAN_POINT('',(-38.0812488455106,-56.7688595386912,-9.91736293094354));
#13540=CARTESIAN_POINT('',(-19.0406224223002,-56.7688595386709,-9.91736293094407));
#13541=CARTESIAN_POINT('',(-38.08125,-57.6155879999988,-2.22044604925031E-15));
#13542=CARTESIAN_POINT('',(-38.08125,-57.6155879999988,-2.22044604925031E-15));
#13543=CARTESIAN_POINT('',(-38.0812500000008,-57.6155880000001,0.));
#13544=CARTESIAN_POINT('Origin',(-38.08124906161,-53.71558706161,-6.44191126347928));
#13545=CARTESIAN_POINT('Origin',(-38.08124906161,-53.7223980713835,-9.99713733199001));
#13546=CARTESIAN_POINT('Origin',(-38.08124906161,-53.71558706161,-2.22044604925031E-15));
#13547=CARTESIAN_POINT('Origin',(0.,56.515662,-12.8838225269586));
#13548=CARTESIAN_POINT('',(38.08125,57.6156619999998,0.));
#13549=CARTESIAN_POINT('',(1.82776038193616E-6,56.515662,-12.8838225269586));
#13550=CARTESIAN_POINT('Origin',(-37.95,5.915662,-2.1));
#13551=CARTESIAN_POINT('',(-39.95,5.915662,-2.1));
#13552=CARTESIAN_POINT('Origin',(-37.95,5.915662,-2.1));
#13553=CARTESIAN_POINT('',(-39.95,5.915662,-11.5588148955577));
#13554=CARTESIAN_POINT('',(-39.95,5.915662,-2.1));
#13555=CARTESIAN_POINT('Origin',(-37.95,5.915662,-11.5588148955577));
#13556=CARTESIAN_POINT('Origin',(-37.95,5.915662,-2.1));
#13557=CARTESIAN_POINT('',(-39.15,5.915662,-2.1));
#13558=CARTESIAN_POINT('Origin',(-37.95,5.915662,-2.1));
#13559=CARTESIAN_POINT('Origin',(38.1,53.715662,-2.1));
#13560=CARTESIAN_POINT('',(36.1,53.715662,-2.1));
#13561=CARTESIAN_POINT('Origin',(38.1,53.715662,-2.1));
#13562=CARTESIAN_POINT('',(36.1,53.715662,-12.8105019465649));
#13563=CARTESIAN_POINT('',(36.1,53.715662,-2.1));
#13564=CARTESIAN_POINT('Origin',(38.1,53.715662,-12.8105019465649));
#13565=CARTESIAN_POINT('Origin',(38.1,53.715662,-2.1));
#13566=CARTESIAN_POINT('',(36.9,53.715662,-2.1));
#13567=CARTESIAN_POINT('Origin',(38.1,53.715662,-2.1));
#13568=CARTESIAN_POINT('Origin',(-38.1,-53.734338,-2.1));
#13569=CARTESIAN_POINT('',(-40.1,-53.734338,-2.1));
#13570=CARTESIAN_POINT('Origin',(-38.1,-53.734338,-2.1));
#13571=CARTESIAN_POINT('',(-40.1,-53.734338,-9.99682467395571));
#13572=CARTESIAN_POINT('',(-40.1,-53.734338,-2.1));
#13573=CARTESIAN_POINT('Origin',(-38.1,-53.734338,-9.99682467395571));
#13574=CARTESIAN_POINT('Origin',(-38.1,-53.734338,-2.1));
#13575=CARTESIAN_POINT('',(-39.3,-53.734338,-2.1));
#13576=CARTESIAN_POINT('Origin',(-38.1,-53.734338,-2.1));
#13577=CARTESIAN_POINT('Origin',(38.1,-53.734338,-2.1));
#13578=CARTESIAN_POINT('',(36.1,-53.734338,-2.1));
#13579=CARTESIAN_POINT('Origin',(38.1,-53.734338,-2.1));
#13580=CARTESIAN_POINT('',(36.1,-53.734338,-9.99682467395571));
#13581=CARTESIAN_POINT('',(36.1,-53.734338,-2.1));
#13582=CARTESIAN_POINT('Origin',(38.1,-53.734338,-9.99682467395571));
#13583=CARTESIAN_POINT('Origin',(38.1,-53.734338,-2.1));
#13584=CARTESIAN_POINT('',(36.9,-53.734338,-2.1));
#13585=CARTESIAN_POINT('Origin',(38.1,-53.734338,-2.1));
#13586=CARTESIAN_POINT('Origin',(38.1,53.715662,0.));
#13587=CARTESIAN_POINT('',(36.9,53.715662,0.));
#13588=CARTESIAN_POINT('Origin',(38.1,53.715662,-1.07566366861727E-15));
#13589=CARTESIAN_POINT('',(36.9,53.715662,0.));
#13590=CARTESIAN_POINT('Origin',(-37.95,5.915662,0.));
#13591=CARTESIAN_POINT('',(-39.15,5.915662,-1.));
#13592=CARTESIAN_POINT('Origin',(-37.95,5.915662,-1.));
#13593=CARTESIAN_POINT('',(-39.15,5.915662,0.));
#13594=CARTESIAN_POINT('Origin',(-38.1,-53.734338,0.));
#13595=CARTESIAN_POINT('',(-39.3,-53.734338,0.));
#13596=CARTESIAN_POINT('Origin',(-38.1,-53.734338,-1.07566366861727E-15));
#13597=CARTESIAN_POINT('',(-39.3,-53.734338,0.));
#13598=CARTESIAN_POINT('Origin',(38.1,-53.734338,0.));
#13599=CARTESIAN_POINT('',(36.9,-53.734338,0.));
#13600=CARTESIAN_POINT('Origin',(38.1,-53.734338,-1.07566366861727E-15));
#13601=CARTESIAN_POINT('',(36.9,-53.734338,0.));
#13602=CARTESIAN_POINT('Origin',(-17.3,52.4156619999999,0.));
#13603=CARTESIAN_POINT('',(-17.3,52.4156619999999,-1.));
#13604=CARTESIAN_POINT('',(-17.3,26.2078469756706,-7.59127675481829E-16));
#13605=CARTESIAN_POINT('Origin',(-39.98132717954,51.915739179544,0.));
#13606=CARTESIAN_POINT('',(-40.4812499999954,51.915662,0.));
#13607=CARTESIAN_POINT('Origin',(-39.98132717954,51.915739179544,-1.07566366861727E-15));
#13608=CARTESIAN_POINT('',(-40.4812499999954,51.915662,-1.));
#13609=CARTESIAN_POINT('',(-40.4812499999954,51.915662,0.));
#13610=CARTESIAN_POINT('Origin',(-39.98132717954,51.915739179544,-1.));
#13611=CARTESIAN_POINT('Origin',(-40.4812499999974,5.915662,0.));
#13612=CARTESIAN_POINT('',(-40.4812499999995,5.915662,0.));
#13613=CARTESIAN_POINT('',(-40.4812499999975,2.95784697567155,-9.99758647888266E-16));
#13614=CARTESIAN_POINT('',(-40.4812499999995,5.915662,-1.));
#13615=CARTESIAN_POINT('',(-40.4812499999995,5.915662,0.));
#13616=CARTESIAN_POINT('',(-40.4812499999954,51.915662,-1.));
#13617=CARTESIAN_POINT('Origin',(-37.95,5.915662,0.));
#13618=CARTESIAN_POINT('',(-39.4187500000025,3.8541091871936,0.));
#13619=CARTESIAN_POINT('Origin',(-37.95,5.915662,-1.07566366861727E-15));
#13620=CARTESIAN_POINT('',(-39.4187500000025,3.8541091871936,-1.));
#13621=CARTESIAN_POINT('',(-39.4187500000025,3.8541091871936,0.));
#13622=CARTESIAN_POINT('Origin',(-37.95,5.915662,-1.));
#13623=CARTESIAN_POINT('Origin',(-36.4812499999977,3.85410918719347,0.));
#13624=CARTESIAN_POINT('',(-36.4812499999977,3.85410918719347,0.));
#13625=CARTESIAN_POINT('',(-18.2406231723049,3.85410918719268,-1.0127448872319E-15));
#13626=CARTESIAN_POINT('',(-36.4812499999977,3.85410918719347,-1.));
#13627=CARTESIAN_POINT('',(-36.4812499999977,3.85410918719347,0.));
#13628=CARTESIAN_POINT('',(-36.4812499999977,3.85410918719347,-1.));
#13629=CARTESIAN_POINT('Origin',(-14.9812500029747,28.1348855965752,-1.));
#13630=CARTESIAN_POINT('',(-35.4187500000005,5.915662,-1.));
#13631=CARTESIAN_POINT('Origin',(-37.95,5.915662,-1.));
#13632=CARTESIAN_POINT('',(-35.4187500000005,9.0155880000007,-1.));
#13633=CARTESIAN_POINT('',(-35.4187500000005,17.0252737982876,-1.));
#13634=CARTESIAN_POINT('',(10.5187500000036,9.0155880000007,-1.));
#13635=CARTESIAN_POINT('',(-25.2000000014876,9.0155880000007,-1.));
#13636=CARTESIAN_POINT('',(10.5187500000036,12.1155879999994,-1.));
#13637=CARTESIAN_POINT('',(10.5187500000036,18.575236798288,-1.));
#13638=CARTESIAN_POINT('',(-39.4812499999964,12.1155879999994,-1.));
#13639=CARTESIAN_POINT('',(-2.23125000148552,12.1155879999994,-1.));
#13640=CARTESIAN_POINT('',(-39.4812499999964,20.1252367982873,-1.));
#13641=CARTESIAN_POINT('Origin',(6.,56.115662,0.));
#13642=CARTESIAN_POINT('',(6.,28.0578469756706,-7.62356102262165E-16));
#13643=CARTESIAN_POINT('Origin',(18.568750000003,39.6155879999994,-1.));
#13644=CARTESIAN_POINT('',(17.0187500000036,32.1155879999994,-1.));
#13645=CARTESIAN_POINT('',(17.0187500000036,43.3655879999994,-1.));
#13646=CARTESIAN_POINT('',(17.7937500000033,32.1155879999994,-1.));
#13647=CARTESIAN_POINT('Origin',(-39.4812499999964,12.1155879999994,0.));
#13648=CARTESIAN_POINT('',(-39.4812499999964,12.1155879999994,-10.7208228790376));
#13649=CARTESIAN_POINT('',(-39.4812499999964,12.1155879999994,0.));
#13650=CARTESIAN_POINT('',(-39.4812499999964,6.93062984488234,-10.5850499714482));
#13651=CARTESIAN_POINT('Origin',(10.5187500000036,12.1155879999994,0.));
#13652=CARTESIAN_POINT('',(10.5187500000036,12.1155879999994,-10.7208228790376));
#13653=CARTESIAN_POINT('',(10.5187500000036,12.1155879999994,0.));
#13654=CARTESIAN_POINT('',(4.50937500000214,12.1155879999994,-10.7208228790376));
#13655=CARTESIAN_POINT('Origin',(10.5187500000036,9.0155880000007,0.));
#13656=CARTESIAN_POINT('',(10.5187500000036,9.0155880000007,-10.6396465221731));
#13657=CARTESIAN_POINT('',(10.5187500000036,9.0155880000007,0.));
#13658=CARTESIAN_POINT('',(10.5187500000036,5.38169195544819,-10.5444896053599));
#13659=CARTESIAN_POINT('Origin',(17.0187500000036,32.1155879999994,0.));
#13660=CARTESIAN_POINT('',(17.0187500000036,32.1155879999994,-11.2445413104213));
#13661=CARTESIAN_POINT('',(17.0187500000036,32.1155879999994,0.));
#13662=CARTESIAN_POINT('',(7.75937500000214,32.1155879999994,-11.2445413104213));
#13663=CARTESIAN_POINT('Origin',(17.0187500000036,47.1155879999994,0.));
#13664=CARTESIAN_POINT('',(17.0187500000036,24.4186382739849,-11.0429895885739));
#13665=CARTESIAN_POINT('Origin',(33.4812499999977,56.1156619999998,0.));
#13666=CARTESIAN_POINT('',(33.4812499999976,28.9155917018292,-11.1607464583358));
#13667=CARTESIAN_POINT('',(33.4812499999976,28.0578469756706,-7.91015653963734E-16));
#13668=CARTESIAN_POINT('Origin',(-35.4187500000005,9.0155880000007,0.));
#13669=CARTESIAN_POINT('',(-35.4187500000005,9.0155880000007,-10.6396465221731));
#13670=CARTESIAN_POINT('',(-35.4187500000005,9.0155880000007,0.));
#13671=CARTESIAN_POINT('',(-18.4593749999999,9.0155880000007,-10.6396465221731));
#13672=CARTESIAN_POINT('Origin',(-35.4187500000005,5.915662,0.));
#13673=CARTESIAN_POINT('',(-35.4187500000005,5.915662,-10.5584721030668));
#13674=CARTESIAN_POINT('',(-35.4187500000005,5.915662,0.));
#13675=CARTESIAN_POINT('',(-35.4187500000005,3.83279104065944,-10.5039302074868));
#13676=CARTESIAN_POINT('Origin',(-37.95,5.915662,0.));
#13677=CARTESIAN_POINT('',(-36.4812499999977,3.85410918719347,-10.5044884428));
#13678=CARTESIAN_POINT('',(-36.4812499999977,3.85410918719347,0.));
#13679=CARTESIAN_POINT('Origin',(-37.95,5.915662,-10.5584721030668));
#13680=CARTESIAN_POINT('Origin',(-36.4812499999977,-52.1155879999994,0.));
#13681=CARTESIAN_POINT('',(-36.4812499999977,-25.1629515065219,-9.74464996730599));
#13682=CARTESIAN_POINT('',(-36.4812499999977,-26.057778024329,-1.33440396436469E-15));
#13683=CARTESIAN_POINT('Origin',(-1.49999999999936,2.02621394830811,-10.4566233214378));
#13684=CARTESIAN_POINT('Origin',(3.6553876424919E-6,3.19513413282735E-5,
-1.07566366861727E-15));
#13685=CARTESIAN_POINT('Origin',(3.65552076386777E-6,-0.298385281423436,
-11.3960943408191));
#13686=CARTESIAN_POINT('Origin',(-17.8,51.9156619999999,0.));
#13687=CARTESIAN_POINT('',(-17.4,51.9156619999999,-0.8));
#13688=CARTESIAN_POINT('',(-17.8,52.3156619999999,-0.8));
#13689=CARTESIAN_POINT('Origin',(-17.8,51.9156619999999,-0.8));
#13690=CARTESIAN_POINT('',(-17.8,52.3156619999999,0.));
#13691=CARTESIAN_POINT('',(-17.8,52.3156619999999,0.));
#13692=CARTESIAN_POINT('',(-17.4,51.9156619999999,0.));
#13693=CARTESIAN_POINT('Origin',(-17.8,51.9156619999999,0.));
#13694=CARTESIAN_POINT('',(-17.4,51.9156619999999,0.));
#13695=CARTESIAN_POINT('Origin',(-17.4,52.4156619999999,0.));
#13696=CARTESIAN_POINT('',(-17.4,51.5155879999994,0.));
#13697=CARTESIAN_POINT('',(-17.4,40.2752737982875,0.));
#13698=CARTESIAN_POINT('',(-17.4,51.5155879999994,-0.8));
#13699=CARTESIAN_POINT('',(-17.4,51.5155879999994,0.));
#13700=CARTESIAN_POINT('',(-17.4,40.2752737982875,-0.8));
#13701=CARTESIAN_POINT('Origin',(-10.1812500029753,28.1348855965752,0.));
#13702=CARTESIAN_POINT('',(-39.98125,52.3156619999994,0.));
#13703=CARTESIAN_POINT('',(-25.0812500014876,52.3156619999999,0.));
#13704=CARTESIAN_POINT('',(-40.3812499999954,51.915662,0.));
#13705=CARTESIAN_POINT('Origin',(-39.98132717954,51.915739179544,0.));
#13706=CARTESIAN_POINT('',(-40.3812499999995,5.91566199999999,0.));
#13707=CARTESIAN_POINT('',(-40.3812499999969,17.0252737982883,0.));
#13708=CARTESIAN_POINT('',(-39.3864146772673,3.9541091871936,0.));
#13709=CARTESIAN_POINT('Origin',(-37.95,5.915662,0.));
#13710=CARTESIAN_POINT('',(-36.5135853227329,3.95410918719347,0.));
#13711=CARTESIAN_POINT('',(-23.331250001487,3.9541091871929,0.));
#13712=CARTESIAN_POINT('',(-35.5187500000005,5.915662,0.));
#13713=CARTESIAN_POINT('Origin',(-37.95,5.915662,0.));
#13714=CARTESIAN_POINT('',(-35.5187500000005,9.1155880000007,0.));
#13715=CARTESIAN_POINT('',(-35.5187500000005,18.575236798288,0.));
#13716=CARTESIAN_POINT('',(15.7187500000023,9.1155880000007,0.));
#13717=CARTESIAN_POINT('',(4.96874999851351,9.1155880000007,0.));
#13718=CARTESIAN_POINT('',(20.0187500000023,13.4155880000007,0.));
#13719=CARTESIAN_POINT('Origin',(15.7187500000023,13.4155880000007,0.));
#13720=CARTESIAN_POINT('',(20.0187500000023,47.0155879999994,0.));
#13721=CARTESIAN_POINT('',(20.0187500000023,37.6252367982873,0.));
#13722=CARTESIAN_POINT('',(-12.9,47.0155879999994,0.));
#13723=CARTESIAN_POINT('',(-13.7406250014877,47.0155879999994,0.));
#13724=CARTESIAN_POINT('Origin',(-12.9,51.5155879999994,0.));
#13725=CARTESIAN_POINT('',(-39.15,5.915662,0.));
#13726=CARTESIAN_POINT('Origin',(-37.95,5.915662,0.));
#13727=CARTESIAN_POINT('Origin',(-12.9,51.5155879999994,0.));
#13728=CARTESIAN_POINT('',(-12.9,47.0155879999994,-0.8));
#13729=CARTESIAN_POINT('',(-12.9,47.0155879999994,0.));
#13730=CARTESIAN_POINT('Origin',(-12.9,51.5155879999994,-0.8));
#13731=CARTESIAN_POINT('Origin',(-17.3,47.0155879999994,0.));
#13732=CARTESIAN_POINT('',(20.0187500000023,47.0155879999994,-0.8));
#13733=CARTESIAN_POINT('',(20.0187500000023,47.0155879999994,0.));
#13734=CARTESIAN_POINT('',(-13.7406250014877,47.0155879999994,-0.8));
#13735=CARTESIAN_POINT('Origin',(15.7187500000023,13.4155880000007,0.));
#13736=CARTESIAN_POINT('',(15.7187500000023,9.1155880000007,-0.8));
#13737=CARTESIAN_POINT('',(20.0187500000023,13.4155880000007,-0.8));
#13738=CARTESIAN_POINT('Origin',(15.7187500000023,13.4155880000007,-0.8));
#13739=CARTESIAN_POINT('',(20.0187500000023,13.4155880000007,0.));
#13740=CARTESIAN_POINT('',(15.7187500000023,9.1155880000007,0.));
#13741=CARTESIAN_POINT('Origin',(20.0187500000023,47.1155879999994,0.));
#13742=CARTESIAN_POINT('',(20.0187500000023,37.6252367982873,-0.8));
#13743=CARTESIAN_POINT('Origin',(-37.95,5.915662,0.));
#13744=CARTESIAN_POINT('',(-39.15,5.915662,-0.8));
#13745=CARTESIAN_POINT('Origin',(-37.95,5.915662,-0.8));
#13746=CARTESIAN_POINT('',(-39.15,5.915662,0.));
#13747=CARTESIAN_POINT('Origin',(-39.98125,52.315662,0.));
#13748=CARTESIAN_POINT('',(-39.98125,52.3156619999994,-0.8));
#13749=CARTESIAN_POINT('',(-25.0812500014876,52.3156619999999,-0.8));
#13750=CARTESIAN_POINT('',(-39.98125,52.3156619999994,0.));
#13751=CARTESIAN_POINT('Origin',(-39.98132717954,51.915739179544,0.));
#13752=CARTESIAN_POINT('',(-40.3812499999954,51.915662,-0.8));
#13753=CARTESIAN_POINT('Origin',(-39.98132717954,51.915739179544,-0.8));
#13754=CARTESIAN_POINT('',(-40.3812499999954,51.915662,0.));
#13755=CARTESIAN_POINT('Origin',(-40.3812499999974,5.91566199999999,0.));
#13756=CARTESIAN_POINT('',(-40.3812499999995,5.91566199999999,-0.8));
#13757=CARTESIAN_POINT('',(-40.3812499999969,17.0252737982883,-0.8));
#13758=CARTESIAN_POINT('',(-40.3812499999995,5.915662,0.));
#13759=CARTESIAN_POINT('Origin',(-37.95,5.915662,0.));
#13760=CARTESIAN_POINT('',(-39.3864146772673,3.9541091871936,-0.8));
#13761=CARTESIAN_POINT('Origin',(-37.95,5.915662,-0.8));
#13762=CARTESIAN_POINT('',(-39.3864146772673,3.9541091871936,0.));
#13763=CARTESIAN_POINT('Origin',(-36.4812499999977,3.95410918719347,0.));
#13764=CARTESIAN_POINT('',(-36.5135853227329,3.95410918719347,-0.8));
#13765=CARTESIAN_POINT('',(-23.331250001487,3.9541091871929,-0.8));
#13766=CARTESIAN_POINT('',(-36.5135853227329,3.95410918719347,0.));
#13767=CARTESIAN_POINT('Origin',(-37.95,5.915662,0.));
#13768=CARTESIAN_POINT('',(-35.5187500000005,5.915662,-0.8));
#13769=CARTESIAN_POINT('Origin',(-37.95,5.915662,-0.8));
#13770=CARTESIAN_POINT('',(-35.5187500000005,5.915662,0.));
#13771=CARTESIAN_POINT('Origin',(-35.5187500000005,9.0155880000007,0.));
#13772=CARTESIAN_POINT('',(-35.5187500000005,9.1155880000007,-0.8));
#13773=CARTESIAN_POINT('',(-35.5187500000005,18.575236798288,-0.8));
#13774=CARTESIAN_POINT('',(-35.5187500000005,9.1155880000007,0.));
#13775=CARTESIAN_POINT('Origin',(20.1187500000023,9.1155880000007,0.));
#13776=CARTESIAN_POINT('',(4.96874999851351,9.1155880000007,-0.8));
#13777=CARTESIAN_POINT('Origin',(-10.1812500029753,28.1348855965752,-0.8));
#13778=CARTESIAN_POINT('Origin',(-14.12875,29.768162,5.67751968503899));
#13779=CARTESIAN_POINT('',(-18.48875,29.768162,6.62751968503899));
#13780=CARTESIAN_POINT('Origin',(-14.12875,29.768162,6.62751968503899));
#13781=CARTESIAN_POINT('',(-18.48875,29.768162,4.72751968503899));
#13782=CARTESIAN_POINT('',(-18.48875,29.768162,5.67751968503899));
#13783=CARTESIAN_POINT('Origin',(-14.12875,29.768162,4.72751968503899));
#13784=CARTESIAN_POINT('Origin',(17.7875000003135,20.115662,6.45251968503899));
#13785=CARTESIAN_POINT('',(35.925,20.290662,6.62751968503899));
#13786=CARTESIAN_POINT('',(21.225,20.290662,6.62751968503899));
#13787=CARTESIAN_POINT('',(17.7875000003135,20.290662,6.62751968503899));
#13788=CARTESIAN_POINT('',(21.575,19.940662,6.27751968503899));
#13789=CARTESIAN_POINT('',(21.225,20.290662,6.62751968503899));
#13790=CARTESIAN_POINT('',(35.575,19.940662,6.27751968503899));
#13791=CARTESIAN_POINT('',(17.7875000003135,19.940662,6.27751968503899));
#13792=CARTESIAN_POINT('',(35.575,19.940662,6.27751968503899));
#13793=CARTESIAN_POINT('Origin',(10.7875000003135,5.76566199999999,6.45251968503899));
#13794=CARTESIAN_POINT('',(35.575,5.94066199999999,6.27751968503899));
#13795=CARTESIAN_POINT('',(21.575,5.94066199999999,6.27751968503899));
#13796=CARTESIAN_POINT('',(10.7875000003135,5.94066199999999,6.27751968503899));
#13797=CARTESIAN_POINT('',(21.225,5.59066199999999,6.62751968503899));
#13798=CARTESIAN_POINT('',(21.575,5.94066199999999,6.27751968503899));
#13799=CARTESIAN_POINT('',(35.925,5.59066199999999,6.62751968503899));
#13800=CARTESIAN_POINT('',(10.7875000003135,5.59066199999999,6.62751968503899));
#13801=CARTESIAN_POINT('',(35.925,5.59066199999999,6.62751968503899));
#13802=CARTESIAN_POINT('Origin',(21.4,0.445349499688268,6.45251968503899));
#13803=CARTESIAN_POINT('',(21.225,0.445349499688268,6.62751968503899));
#13804=CARTESIAN_POINT('',(21.575,0.445349499688268,6.27751968503899));
#13805=CARTESIAN_POINT('Origin',(35.75,-6.55465050031173,6.45251968503899));
#13806=CARTESIAN_POINT('',(35.925,-6.55465050031173,6.627519685039));
#13807=CARTESIAN_POINT('',(35.575,-6.55465050031173,6.277519685039));
#13808=CARTESIAN_POINT('Origin',(21.575,0.890661999999995,1.6));
#13809=CARTESIAN_POINT('',(21.575,5.94066199999999,5.3));
#13810=CARTESIAN_POINT('',(21.575,5.94066199999999,1.6));
#13811=CARTESIAN_POINT('',(21.575,19.940662,5.3));
#13812=CARTESIAN_POINT('',(21.575,16.440662,5.3));
#13813=CARTESIAN_POINT('',(21.575,19.940662,1.6));
#13814=CARTESIAN_POINT('Origin',(21.575,5.94066199999999,1.6));
#13815=CARTESIAN_POINT('',(35.575,5.94066199999999,5.3));
#13816=CARTESIAN_POINT('',(35.575,5.94066199999999,1.6));
#13817=CARTESIAN_POINT('',(25.075,5.94066199999999,5.3));
#13818=CARTESIAN_POINT('Origin',(6.27045082524091E-10,3.69993765403242E-5,
6.62751968503899));
#13819=CARTESIAN_POINT('',(-40.48125,38.915662,6.62751968503899));
#13820=CARTESIAN_POINT('',(-40.48125,-53.715588,6.627519685039));
#13821=CARTESIAN_POINT('',(-40.48125,16.5078494996883,6.62751968503899));
#13822=CARTESIAN_POINT('',(-38.08125,-56.115588,6.627519685039));
#13823=CARTESIAN_POINT('Origin',(-38.08124906161,-53.71558706161,6.62751968503899));
#13824=CARTESIAN_POINT('',(38.08125,-56.115587999993,6.627519685039));
#13825=CARTESIAN_POINT('',(-19.0406249996839,-56.1155879999983,6.627519685039));
#13826=CARTESIAN_POINT('',(40.48125,-53.715588,6.627519685039));
#13827=CARTESIAN_POINT('Origin',(38.081327585617,-53.71566558561,6.62751968503899));
#13828=CARTESIAN_POINT('',(40.4812499999999,29.9144120000002,6.62751968503899));
#13829=CARTESIAN_POINT('',(40.48125,-26.8577755003117,6.627519685039));
#13830=CARTESIAN_POINT('',(38.4812499999999,31.9144120000001,6.62751968503899));
#13831=CARTESIAN_POINT('Origin',(38.4812499999999,29.9144120000001,6.62751968503899));
#13832=CARTESIAN_POINT('',(37.3187500000002,31.9144120000001,6.62751968503899));
#13833=CARTESIAN_POINT('',(20.2406250003134,31.9144120000001,6.62751968503899));
#13834=CARTESIAN_POINT('',(37.3187500000001,42.6969119999999,6.62751968503899));
#13835=CARTESIAN_POINT('',(37.3187500000002,15.9572244996884,6.62751968503899));
#13836=CARTESIAN_POINT('',(38.4812499999998,42.6969119999999,6.62751968503899));
#13837=CARTESIAN_POINT('',(18.6593750003136,42.6969119999999,6.62751968503899));
#13838=CARTESIAN_POINT('',(40.4812499999998,44.6969119999999,6.62751968503899));
#13839=CARTESIAN_POINT('Origin',(38.4812499999998,44.6969119999999,6.62751968503899));
#13840=CARTESIAN_POINT('',(40.4812499999998,53.715662,6.62751968503899));
#13841=CARTESIAN_POINT('',(40.4812499999999,21.3484744996883,6.62751968503899));
#13842=CARTESIAN_POINT('',(38.08125,56.1156619999998,6.62751968503899));
#13843=CARTESIAN_POINT('Origin',(38.081249061611,53.715661061611,6.62751968503899));
#13844=CARTESIAN_POINT('',(7.30000000000001,56.1156620000001,6.62751968503899));
#13845=CARTESIAN_POINT('',(19.0406250003137,56.115662,6.62751968503899));
#13846=CARTESIAN_POINT('',(5.3,54.1156620000001,6.62751968503899));
#13847=CARTESIAN_POINT('Origin',(7.3,54.1156620000001,6.62751968503899));
#13848=CARTESIAN_POINT('',(5.3,47.8656620000001,6.62751968503899));
#13849=CARTESIAN_POINT('',(5.3,28.0578494996883,6.62751968503899));
#13850=CARTESIAN_POINT('',(-5.3,47.8656620000001,6.62751968503899));
#13851=CARTESIAN_POINT('',(-2.64999999968648,47.8656620000001,6.62751968503899));
#13852=CARTESIAN_POINT('',(-5.3,54.1156620000002,6.62751968503899));
#13853=CARTESIAN_POINT('',(-5.3,18.3078494996883,6.62751968503899));
#13854=CARTESIAN_POINT('',(-7.29999999999999,56.1156620000002,6.62751968503899));
#13855=CARTESIAN_POINT('Origin',(-7.3,54.1156620000002,6.62751968503899));
#13856=CARTESIAN_POINT('',(-15.7999999999932,56.115662,6.62751968503899));
#13857=CARTESIAN_POINT('',(-2.64999999968627,56.1156620000001,6.62751968503899));
#13858=CARTESIAN_POINT('',(-16.7999999999932,55.115662,6.62751968503899));
#13859=CARTESIAN_POINT('Origin',(-15.7999999999932,55.115662,6.62751968503899));
#13860=CARTESIAN_POINT('',(-16.7999999999932,52.4156619999999,6.62751968503899));
#13861=CARTESIAN_POINT('',(-16.7999999999932,25.6828494996883,6.62751968503899));
#13862=CARTESIAN_POINT('',(-24.1812499999995,52.4156620000036,6.62751968503899));
#13863=CARTESIAN_POINT('',(-8.39999999967005,52.4156619999957,6.62751968503899));
#13864=CARTESIAN_POINT('',(-25.18125,51.4156620000036,6.62751968503899));
#13865=CARTESIAN_POINT('Origin',(-24.18125,51.4156620000036,6.62751968503899));
#13866=CARTESIAN_POINT('',(-25.18125,39.915662,6.62751968503899));
#13867=CARTESIAN_POINT('',(-25.18125,26.2078494996883,6.62751968503899));
#13868=CARTESIAN_POINT('',(-39.48125,39.915662,6.62751968503899));
#13869=CARTESIAN_POINT('',(-20.2406249996865,39.915662,6.62751968503899));
#13870=CARTESIAN_POINT('Origin',(-39.48125,38.915662,6.62751968503899));
#13871=CARTESIAN_POINT('',(16.875,1.240662,6.62751968503899));
#13872=CARTESIAN_POINT('',(2.17499999999999,1.24066199999999,6.62751968503899));
#13873=CARTESIAN_POINT('',(-1.26249999968649,1.240662,6.62751968503899));
#13874=CARTESIAN_POINT('',(16.875,-13.459338,6.627519685039));
#13875=CARTESIAN_POINT('',(16.875,-25.6046505003117,6.627519685039));
#13876=CARTESIAN_POINT('',(2.17499999999999,-13.459338,6.627519685039));
#13877=CARTESIAN_POINT('',(-8.26249999968649,-13.459338,6.627519685039));
#13878=CARTESIAN_POINT('',(2.17499999999999,-18.6046505003117,6.627519685039));
#13879=CARTESIAN_POINT('',(2.17499999999999,-17.809338,6.627519685039));
#13880=CARTESIAN_POINT('',(2.17499999999999,-32.509338,6.627519685039));
#13881=CARTESIAN_POINT('',(2.17499999999999,-18.6046505003117,6.627519685039));
#13882=CARTESIAN_POINT('',(16.875,-17.809338,6.627519685039));
#13883=CARTESIAN_POINT('',(-1.26249999968649,-17.809338,6.627519685039));
#13884=CARTESIAN_POINT('',(16.875,-32.509338,6.627519685039));
#13885=CARTESIAN_POINT('',(16.875,-25.6046505003117,6.627519685039));
#13886=CARTESIAN_POINT('',(-8.26249999968649,-32.509338,6.627519685039));
#13887=CARTESIAN_POINT('',(2.17499999999999,-36.859338,6.627519685039));
#13888=CARTESIAN_POINT('',(2.17499999999999,-51.559338,6.627519685039));
#13889=CARTESIAN_POINT('',(2.17499999999999,-18.6046505003117,6.627519685039));
#13890=CARTESIAN_POINT('',(16.875,-36.859338,6.627519685039));
#13891=CARTESIAN_POINT('',(-1.26249999968649,-36.859338,6.627519685039));
#13892=CARTESIAN_POINT('',(16.875,-51.559338,6.627519685039));
#13893=CARTESIAN_POINT('',(16.875,-25.6046505003117,6.627519685039));
#13894=CARTESIAN_POINT('',(-8.26249999968649,-51.559338,6.627519685039));
#13895=CARTESIAN_POINT('',(-2.17500000000001,-36.859338,6.627519685039));
#13896=CARTESIAN_POINT('',(-16.875,-36.859338,6.627519685039));
#13897=CARTESIAN_POINT('',(-1.26249999968649,-36.859338,6.627519685039));
#13898=CARTESIAN_POINT('',(-2.175,-51.559338,6.627519685039));
#13899=CARTESIAN_POINT('',(-2.17500000000001,-6.55465050031173,6.627519685039));
#13900=CARTESIAN_POINT('',(-16.875,-51.559338,6.627519685039));
#13901=CARTESIAN_POINT('',(-8.26249999968649,-51.559338,6.627519685039));
#13902=CARTESIAN_POINT('',(-16.875,0.445349499688268,6.62751968503899));
#13903=CARTESIAN_POINT('',(-2.17500000000001,-17.809338,6.627519685039));
#13904=CARTESIAN_POINT('',(-16.875,-17.809338,6.627519685039));
#13905=CARTESIAN_POINT('',(-1.26249999968649,-17.809338,6.627519685039));
#13906=CARTESIAN_POINT('',(-2.17500000000001,-32.509338,6.627519685039));
#13907=CARTESIAN_POINT('',(-2.17500000000001,-6.55465050031173,6.627519685039));
#13908=CARTESIAN_POINT('',(-16.875,-32.509338,6.627519685039));
#13909=CARTESIAN_POINT('',(-8.26249999968649,-32.509338,6.627519685039));
#13910=CARTESIAN_POINT('',(-16.875,0.445349499688268,6.62751968503899));
#13911=CARTESIAN_POINT('',(-2.17500000000002,1.240662,6.62751968503899));
#13912=CARTESIAN_POINT('',(-16.875,1.240662,6.62751968503899));
#13913=CARTESIAN_POINT('',(-1.26249999968649,1.240662,6.62751968503899));
#13914=CARTESIAN_POINT('',(-2.17500000000001,-13.459338,6.627519685039));
#13915=CARTESIAN_POINT('',(-2.17500000000001,-6.55465050031173,6.627519685039));
#13916=CARTESIAN_POINT('',(-16.875,-13.459338,6.627519685039));
#13917=CARTESIAN_POINT('',(-8.26249999968649,-13.459338,6.627519685039));
#13918=CARTESIAN_POINT('',(-16.875,0.445349499688268,6.62751968503899));
#13919=CARTESIAN_POINT('',(-36.9,-53.734338,6.62751968503899));
#13920=CARTESIAN_POINT('Origin',(-38.1,-53.734338,6.62751968503899));
#13921=CARTESIAN_POINT('',(39.3,-53.734338,6.62751968503899));
#13922=CARTESIAN_POINT('Origin',(38.1,-53.734338,6.62751968503899));
#13923=CARTESIAN_POINT('',(21.2,54.215662,6.62751968503899));
#13924=CARTESIAN_POINT('',(21.2,50.215662,6.62751968503899));
#13925=CARTESIAN_POINT('',(21.2,28.0578494996883,6.62751968503899));
#13926=CARTESIAN_POINT('',(29.3,54.215662,6.62751968503899));
#13927=CARTESIAN_POINT('',(10.6000000003135,54.215662,6.62751968503899));
#13928=CARTESIAN_POINT('',(29.3,50.215662,6.62751968503899));
#13929=CARTESIAN_POINT('Origin',(29.3,52.215662,6.62751968503899));
#13930=CARTESIAN_POINT('',(14.6500000003135,50.215662,6.62751968503899));
#13931=CARTESIAN_POINT('',(-11.4500000000068,50.365662,6.62751968503899));
#13932=CARTESIAN_POINT('',(-12.4500000000068,51.365662,6.62751968503899));
#13933=CARTESIAN_POINT('Origin',(-12.4500000000068,50.365662,6.62751968503899));
#13934=CARTESIAN_POINT('',(-11.4500000000068,48.865662,6.62751968503899));
#13935=CARTESIAN_POINT('',(-11.4500000000068,23.9328494996883,6.62751968503899));
#13936=CARTESIAN_POINT('',(-12.4500000000068,47.865662,6.62751968503899));
#13937=CARTESIAN_POINT('Origin',(-12.4500000000068,48.865662,6.62751968503899));
#13938=CARTESIAN_POINT('',(-15.7999999999932,47.865662,6.62751968503899));
#13939=CARTESIAN_POINT('',(-8.39999999968309,47.865662,6.62751968503899));
#13940=CARTESIAN_POINT('',(-16.7999999999932,48.865662,6.62751968503899));
#13941=CARTESIAN_POINT('Origin',(-15.7999999999932,48.865662,6.62751968503899));
#13942=CARTESIAN_POINT('',(-16.7999999999932,50.365662,6.62751968503899));
#13943=CARTESIAN_POINT('',(-16.7999999999932,23.3078494996883,6.62751968503899));
#13944=CARTESIAN_POINT('',(-15.7999999999932,51.365662,6.62751968503899));
#13945=CARTESIAN_POINT('Origin',(-15.7999999999932,50.365662,6.62751968503899));
#13946=CARTESIAN_POINT('',(-5.72499999968986,51.365662,6.62751968503899));
#13947=CARTESIAN_POINT('',(-36.75,5.915662,6.62751968503899));
#13948=CARTESIAN_POINT('Origin',(-37.95,5.915662,6.62751968503899));
#13949=CARTESIAN_POINT('',(39.3,53.715662,6.62751968503899));
#13950=CARTESIAN_POINT('Origin',(38.1,53.715662,6.62751968503899));
#13951=CARTESIAN_POINT('',(35.925,1.240662,6.62751968503899));
#13952=CARTESIAN_POINT('',(21.225,1.240662,6.62751968503899));
#13953=CARTESIAN_POINT('',(-1.26249999968649,1.240662,6.62751968503899));
#13954=CARTESIAN_POINT('',(35.925,-13.459338,6.627519685039));
#13955=CARTESIAN_POINT('',(35.925,-6.55465050031173,6.627519685039));
#13956=CARTESIAN_POINT('',(21.225,-13.459338,6.627519685039));
#13957=CARTESIAN_POINT('',(-8.26249999968649,-13.459338,6.627519685039));
#13958=CARTESIAN_POINT('',(21.225,0.445349499688268,6.62751968503899));
#13959=CARTESIAN_POINT('',(35.925,-17.809338,6.627519685039));
#13960=CARTESIAN_POINT('',(21.225,-17.809338,6.627519685039));
#13961=CARTESIAN_POINT('',(-1.26249999968649,-17.809338,6.627519685039));
#13962=CARTESIAN_POINT('',(35.925,-32.509338,6.627519685039));
#13963=CARTESIAN_POINT('',(35.925,-6.55465050031173,6.627519685039));
#13964=CARTESIAN_POINT('',(21.225,-32.509338,6.627519685039));
#13965=CARTESIAN_POINT('',(-8.26249999968649,-32.509338,6.627519685039));
#13966=CARTESIAN_POINT('',(21.225,0.445349499688268,6.62751968503899));
#13967=CARTESIAN_POINT('',(35.925,-36.859338,6.627519685039));
#13968=CARTESIAN_POINT('',(21.225,-36.859338,6.627519685039));
#13969=CARTESIAN_POINT('',(-1.26249999968649,-36.859338,6.627519685039));
#13970=CARTESIAN_POINT('',(35.925,-51.559338,6.627519685039));
#13971=CARTESIAN_POINT('',(35.925,-6.55465050031173,6.627519685039));
#13972=CARTESIAN_POINT('',(21.225,-51.559338,6.627519685039));
#13973=CARTESIAN_POINT('',(-8.26249999968649,-51.559338,6.627519685039));
#13974=CARTESIAN_POINT('',(21.225,0.445349499688268,6.62751968503899));
#13975=CARTESIAN_POINT('',(-35.925,-36.859338,6.627519685039));
#13976=CARTESIAN_POINT('',(-35.925,-51.559338,6.627519685039));
#13977=CARTESIAN_POINT('',(-35.925,-18.6046505003117,6.627519685039));
#13978=CARTESIAN_POINT('',(-21.225,-36.859338,6.627519685039));
#13979=CARTESIAN_POINT('',(-1.26249999968649,-36.859338,6.627519685039));
#13980=CARTESIAN_POINT('',(-21.225,-51.559338,6.627519685039));
#13981=CARTESIAN_POINT('',(-21.225,-25.6046505003117,6.627519685039));
#13982=CARTESIAN_POINT('',(-8.26249999968649,-51.559338,6.627519685039));
#13983=CARTESIAN_POINT('',(-35.925,-17.809338,6.627519685039));
#13984=CARTESIAN_POINT('',(-35.925,-32.509338,6.627519685039));
#13985=CARTESIAN_POINT('',(-35.925,-18.6046505003117,6.627519685039));
#13986=CARTESIAN_POINT('',(-21.225,-17.809338,6.627519685039));
#13987=CARTESIAN_POINT('',(-1.26249999968649,-17.809338,6.627519685039));
#13988=CARTESIAN_POINT('',(-21.225,-32.509338,6.627519685039));
#13989=CARTESIAN_POINT('',(-21.225,-25.6046505003117,6.627519685039));
#13990=CARTESIAN_POINT('',(-8.26249999968649,-32.509338,6.627519685039));
#13991=CARTESIAN_POINT('',(-21.225,1.240662,6.62751968503899));
#13992=CARTESIAN_POINT('',(-35.925,1.24066199999999,6.62751968503899));
#13993=CARTESIAN_POINT('',(-1.26249999968649,1.240662,6.62751968503899));
#13994=CARTESIAN_POINT('',(-21.225,-13.459338,6.627519685039));
#13995=CARTESIAN_POINT('',(-21.225,-25.6046505003117,6.627519685039));
#13996=CARTESIAN_POINT('',(-35.925,-13.459338,6.627519685039));
#13997=CARTESIAN_POINT('',(-8.26249999968649,-13.459338,6.627519685039));
#13998=CARTESIAN_POINT('',(-35.925,-18.6046505003117,6.627519685039));
#13999=CARTESIAN_POINT('Origin',(-1.26249999968649,1.065662,6.45251968503899));
#14000=CARTESIAN_POINT('',(-35.575,0.890661999999995,6.27751968503899));
#14001=CARTESIAN_POINT('',(-35.925,1.24066199999999,6.62751968503899));
#14002=CARTESIAN_POINT('',(-21.575,0.890661999999995,6.27751968503899));
#14003=CARTESIAN_POINT('',(-1.26249999968649,0.890661999999995,6.27751968503899));
#14004=CARTESIAN_POINT('',(-21.225,1.240662,6.62751968503899));
#14005=CARTESIAN_POINT('Origin',(-35.75,-18.6046505003117,6.452519685039));
#14006=CARTESIAN_POINT('',(-35.575,-13.109338,6.277519685039));
#14007=CARTESIAN_POINT('',(-35.925,-13.459338,6.627519685039));
#14008=CARTESIAN_POINT('',(-35.575,-18.6046505003117,6.277519685039));
#14009=CARTESIAN_POINT('Origin',(-8.26249999968649,-13.284338,6.452519685039));
#14010=CARTESIAN_POINT('',(-21.575,-13.109338,6.277519685039));
#14011=CARTESIAN_POINT('',(-21.225,-13.459338,6.627519685039));
#14012=CARTESIAN_POINT('',(-8.26249999968649,-13.109338,6.277519685039));
#14013=CARTESIAN_POINT('Origin',(-21.4,-25.6046505003117,6.452519685039));
#14014=CARTESIAN_POINT('',(-21.575,-25.6046505003117,6.277519685039));
#14015=CARTESIAN_POINT('Origin',(-21.575,-51.209338,1.6));
#14016=CARTESIAN_POINT('',(-21.575,0.890661999999995,5.3));
#14017=CARTESIAN_POINT('',(-21.575,0.890661999999995,1.6));
#14018=CARTESIAN_POINT('',(-21.575,-13.109338,5.3));
#14019=CARTESIAN_POINT('',(-21.575,-9.60933800000001,5.3));
#14020=CARTESIAN_POINT('',(-21.575,-13.109338,1.6));
#14021=CARTESIAN_POINT('Origin',(-2.52500000000002,0.890661999999995,1.6));
#14022=CARTESIAN_POINT('',(-35.575,0.890661999999995,5.3));
#14023=CARTESIAN_POINT('',(-35.575,0.890661999999995,1.6));
#14024=CARTESIAN_POINT('',(-25.075,0.890661999999995,5.3));
#14025=CARTESIAN_POINT('Origin',(-1.26249999968649,1.065662,6.45251968503899));
#14026=CARTESIAN_POINT('',(2.52499999999999,0.890661999999995,6.27751968503899));
#14027=CARTESIAN_POINT('',(2.17499999999999,1.24066199999999,6.62751968503899));
#14028=CARTESIAN_POINT('',(16.525,0.890661999999995,6.27751968503899));
#14029=CARTESIAN_POINT('',(-1.26249999968649,0.890661999999995,6.27751968503899));
#14030=CARTESIAN_POINT('',(16.875,1.240662,6.62751968503899));
#14031=CARTESIAN_POINT('Origin',(2.34999999999999,-18.6046505003117,6.452519685039));
#14032=CARTESIAN_POINT('',(2.52499999999999,-13.109338,6.277519685039));
#14033=CARTESIAN_POINT('',(2.17499999999999,-13.459338,6.627519685039));
#14034=CARTESIAN_POINT('',(2.52499999999999,-18.6046505003117,6.277519685039));
#14035=CARTESIAN_POINT('Origin',(-8.26249999968649,-13.284338,6.452519685039));
#14036=CARTESIAN_POINT('',(16.525,-13.109338,6.277519685039));
#14037=CARTESIAN_POINT('',(16.875,-13.459338,6.627519685039));
#14038=CARTESIAN_POINT('',(-8.26249999968649,-13.109338,6.277519685039));
#14039=CARTESIAN_POINT('Origin',(16.7,-25.6046505003117,6.452519685039));
#14040=CARTESIAN_POINT('',(16.525,-25.6046505003117,6.277519685039));
#14041=CARTESIAN_POINT('Origin',(16.525,-51.209338,1.6));
#14042=CARTESIAN_POINT('',(16.525,0.890661999999995,5.3));
#14043=CARTESIAN_POINT('',(16.525,0.890661999999995,1.6));
#14044=CARTESIAN_POINT('',(16.525,-13.109338,5.3));
#14045=CARTESIAN_POINT('',(16.525,-9.60933800000001,5.3));
#14046=CARTESIAN_POINT('',(16.525,-13.109338,1.6));
#14047=CARTESIAN_POINT('Origin',(-2.52500000000002,0.890661999999995,1.6));
#14048=CARTESIAN_POINT('',(2.52499999999999,0.890661999999995,5.3));
#14049=CARTESIAN_POINT('',(2.52499999999999,0.890661999999995,1.6));
#14050=CARTESIAN_POINT('',(13.025,0.890661999999995,5.3));
#14051=CARTESIAN_POINT('Origin',(-35.75,-18.6046505003117,6.452519685039));
#14052=CARTESIAN_POINT('',(-35.575,-32.159338,6.277519685039));
#14053=CARTESIAN_POINT('',(-35.925,-32.509338,6.627519685039));
#14054=CARTESIAN_POINT('',(-35.575,-18.159338,6.277519685039));
#14055=CARTESIAN_POINT('',(-35.575,-18.6046505003117,6.277519685039));
#14056=CARTESIAN_POINT('',(-35.575,-18.159338,6.277519685039));
#14057=CARTESIAN_POINT('Origin',(-8.26249999968649,-32.334338,6.452519685039));
#14058=CARTESIAN_POINT('',(-21.575,-32.159338,6.277519685039));
#14059=CARTESIAN_POINT('',(-21.225,-32.509338,6.627519685039));
#14060=CARTESIAN_POINT('',(-8.26249999968649,-32.159338,6.277519685039));
#14061=CARTESIAN_POINT('Origin',(-21.4,-25.6046505003117,6.452519685039));
#14062=CARTESIAN_POINT('',(-21.575,-18.159338,6.277519685039));
#14063=CARTESIAN_POINT('',(-21.575,-25.6046505003117,6.277519685039));
#14064=CARTESIAN_POINT('',(-21.225,-17.809338,6.627519685039));
#14065=CARTESIAN_POINT('Origin',(-1.26249999968649,-17.984338,6.452519685039));
#14066=CARTESIAN_POINT('',(-1.26249999968649,-18.159338,6.277519685039));
#14067=CARTESIAN_POINT('Origin',(-2.52500000000002,-18.159338,1.6));
#14068=CARTESIAN_POINT('',(-35.575,-18.159338,5.3));
#14069=CARTESIAN_POINT('',(-35.575,-18.159338,1.6));
#14070=CARTESIAN_POINT('',(-21.575,-18.159338,5.3));
#14071=CARTESIAN_POINT('',(-25.075,-18.159338,5.3));
#14072=CARTESIAN_POINT('',(-21.575,-18.159338,1.6));
#14073=CARTESIAN_POINT('Origin',(-35.575,-37.209338,1.6));
#14074=CARTESIAN_POINT('',(-35.575,-32.159338,5.3));
#14075=CARTESIAN_POINT('',(-35.575,-32.159338,1.6));
#14076=CARTESIAN_POINT('',(-35.575,-21.659338,5.3));
#14077=CARTESIAN_POINT('Origin',(2.34999999999999,-18.6046505003117,6.452519685039));
#14078=CARTESIAN_POINT('',(2.52499999999999,-32.159338,6.277519685039));
#14079=CARTESIAN_POINT('',(2.17499999999999,-32.509338,6.627519685039));
#14080=CARTESIAN_POINT('',(2.52499999999999,-18.159338,6.277519685039));
#14081=CARTESIAN_POINT('',(2.52499999999999,-18.6046505003117,6.277519685039));
#14082=CARTESIAN_POINT('',(2.52499999999999,-18.159338,6.277519685039));
#14083=CARTESIAN_POINT('Origin',(-8.26249999968649,-32.334338,6.452519685039));
#14084=CARTESIAN_POINT('',(16.525,-32.159338,6.277519685039));
#14085=CARTESIAN_POINT('',(16.875,-32.509338,6.627519685039));
#14086=CARTESIAN_POINT('',(-8.26249999968649,-32.159338,6.277519685039));
#14087=CARTESIAN_POINT('Origin',(16.7,-25.6046505003117,6.452519685039));
#14088=CARTESIAN_POINT('',(16.525,-18.159338,6.277519685039));
#14089=CARTESIAN_POINT('',(16.525,-25.6046505003117,6.277519685039));
#14090=CARTESIAN_POINT('',(16.875,-17.809338,6.627519685039));
#14091=CARTESIAN_POINT('Origin',(-1.26249999968649,-17.984338,6.452519685039));
#14092=CARTESIAN_POINT('',(-1.26249999968649,-18.159338,6.277519685039));
#14093=CARTESIAN_POINT('Origin',(-2.52500000000002,-18.159338,1.6));
#14094=CARTESIAN_POINT('',(2.52499999999999,-18.159338,5.3));
#14095=CARTESIAN_POINT('',(2.52499999999999,-18.159338,1.6));
#14096=CARTESIAN_POINT('',(16.525,-18.159338,5.3));
#14097=CARTESIAN_POINT('',(13.025,-18.159338,5.3));
#14098=CARTESIAN_POINT('',(16.525,-18.159338,1.6));
#14099=CARTESIAN_POINT('Origin',(2.52499999999999,-37.209338,1.6));
#14100=CARTESIAN_POINT('',(2.52499999999999,-32.159338,5.3));
#14101=CARTESIAN_POINT('',(2.52499999999999,-32.159338,1.6));
#14102=CARTESIAN_POINT('',(2.52499999999999,-21.659338,5.3));
#14103=CARTESIAN_POINT('Origin',(-35.75,-18.6046505003117,6.452519685039));
#14104=CARTESIAN_POINT('',(-35.575,-51.209338,6.277519685039));
#14105=CARTESIAN_POINT('',(-35.925,-51.559338,6.627519685039));
#14106=CARTESIAN_POINT('',(-35.575,-37.209338,6.277519685039));
#14107=CARTESIAN_POINT('',(-35.575,-18.6046505003117,6.277519685039));
#14108=CARTESIAN_POINT('',(-35.575,-37.209338,6.277519685039));
#14109=CARTESIAN_POINT('Origin',(-8.26249999968649,-51.384338,6.452519685039));
#14110=CARTESIAN_POINT('',(-21.575,-51.209338,6.277519685039));
#14111=CARTESIAN_POINT('',(-21.225,-51.559338,6.627519685039));
#14112=CARTESIAN_POINT('',(-8.26249999968649,-51.209338,6.277519685039));
#14113=CARTESIAN_POINT('Origin',(-21.4,-25.6046505003117,6.452519685039));
#14114=CARTESIAN_POINT('',(-21.575,-37.209338,6.277519685039));
#14115=CARTESIAN_POINT('',(-21.575,-25.6046505003117,6.277519685039));
#14116=CARTESIAN_POINT('',(-21.225,-36.859338,6.627519685039));
#14117=CARTESIAN_POINT('Origin',(-1.26249999968649,-37.034338,6.452519685039));
#14118=CARTESIAN_POINT('',(-1.26249999968649,-37.209338,6.277519685039));
#14119=CARTESIAN_POINT('Origin',(-2.52500000000002,-37.209338,1.6));
#14120=CARTESIAN_POINT('',(-35.575,-37.209338,5.3));
#14121=CARTESIAN_POINT('',(-35.575,-37.209338,1.6));
#14122=CARTESIAN_POINT('',(-21.575,-37.209338,5.3));
#14123=CARTESIAN_POINT('',(-25.075,-37.209338,5.3));
#14124=CARTESIAN_POINT('',(-21.575,-37.209338,1.6));
#14125=CARTESIAN_POINT('Origin',(-35.575,-37.209338,1.6));
#14126=CARTESIAN_POINT('',(-35.575,-51.209338,5.3));
#14127=CARTESIAN_POINT('',(-35.575,-51.209338,1.6));
#14128=CARTESIAN_POINT('',(-35.575,-40.709338,5.3));
#14129=CARTESIAN_POINT('Origin',(2.34999999999999,-18.6046505003117,6.452519685039));
#14130=CARTESIAN_POINT('',(2.52499999999999,-51.209338,6.277519685039));
#14131=CARTESIAN_POINT('',(2.17499999999999,-51.559338,6.627519685039));
#14132=CARTESIAN_POINT('',(2.52499999999999,-37.209338,6.277519685039));
#14133=CARTESIAN_POINT('',(2.52499999999999,-18.6046505003117,6.277519685039));
#14134=CARTESIAN_POINT('',(2.52499999999999,-37.209338,6.277519685039));
#14135=CARTESIAN_POINT('Origin',(-8.26249999968649,-51.384338,6.452519685039));
#14136=CARTESIAN_POINT('',(16.525,-51.209338,6.277519685039));
#14137=CARTESIAN_POINT('',(16.875,-51.559338,6.627519685039));
#14138=CARTESIAN_POINT('',(-8.26249999968649,-51.209338,6.277519685039));
#14139=CARTESIAN_POINT('Origin',(16.7,-25.6046505003117,6.452519685039));
#14140=CARTESIAN_POINT('',(16.525,-37.209338,6.277519685039));
#14141=CARTESIAN_POINT('',(16.525,-25.6046505003117,6.277519685039));
#14142=CARTESIAN_POINT('',(16.875,-36.859338,6.627519685039));
#14143=CARTESIAN_POINT('Origin',(-1.26249999968649,-37.034338,6.452519685039));
#14144=CARTESIAN_POINT('',(-1.26249999968649,-37.209338,6.277519685039));
#14145=CARTESIAN_POINT('Origin',(-2.52500000000002,-37.209338,1.6));
#14146=CARTESIAN_POINT('',(2.52499999999999,-37.209338,5.3));
#14147=CARTESIAN_POINT('',(2.52499999999999,-37.209338,1.6));
#14148=CARTESIAN_POINT('',(16.525,-37.209338,5.3));
#14149=CARTESIAN_POINT('',(13.025,-37.209338,5.3));
#14150=CARTESIAN_POINT('',(16.525,-37.209338,1.6));
#14151=CARTESIAN_POINT('Origin',(2.52499999999999,-37.209338,1.6));
#14152=CARTESIAN_POINT('',(2.52499999999999,-51.209338,5.3));
#14153=CARTESIAN_POINT('',(2.52499999999999,-51.209338,1.6));
#14154=CARTESIAN_POINT('',(2.52499999999999,-40.709338,5.3));
#14155=CARTESIAN_POINT('Origin',(-1.26249999968649,-37.034338,6.452519685039));
#14156=CARTESIAN_POINT('',(21.575,-37.209338,6.277519685039));
#14157=CARTESIAN_POINT('',(21.225,-36.859338,6.627519685039));
#14158=CARTESIAN_POINT('',(35.575,-37.209338,6.277519685039));
#14159=CARTESIAN_POINT('',(-1.26249999968649,-37.209338,6.277519685039));
#14160=CARTESIAN_POINT('',(35.925,-36.859338,6.627519685039));
#14161=CARTESIAN_POINT('Origin',(21.4,0.445349499688268,6.45251968503899));
#14162=CARTESIAN_POINT('',(21.575,-51.209338,6.277519685039));
#14163=CARTESIAN_POINT('',(21.225,-51.559338,6.627519685039));
#14164=CARTESIAN_POINT('',(21.575,0.445349499688268,6.27751968503899));
#14165=CARTESIAN_POINT('Origin',(-8.26249999968649,-51.384338,6.452519685039));
#14166=CARTESIAN_POINT('',(35.575,-51.209338,6.277519685039));
#14167=CARTESIAN_POINT('',(35.925,-51.559338,6.627519685039));
#14168=CARTESIAN_POINT('',(-8.26249999968649,-51.209338,6.277519685039));
#14169=CARTESIAN_POINT('Origin',(35.75,-6.55465050031173,6.45251968503899));
#14170=CARTESIAN_POINT('',(35.575,-6.55465050031173,6.277519685039));
#14171=CARTESIAN_POINT('Origin',(35.575,-13.109338,1.6));
#14172=CARTESIAN_POINT('',(35.575,-37.209338,5.3));
#14173=CARTESIAN_POINT('',(35.575,-37.209338,1.6));
#14174=CARTESIAN_POINT('',(35.575,-51.209338,5.3));
#14175=CARTESIAN_POINT('',(35.575,-47.709338,5.3));
#14176=CARTESIAN_POINT('',(35.575,-51.209338,1.6));
#14177=CARTESIAN_POINT('Origin',(-2.52500000000002,-37.209338,1.6));
#14178=CARTESIAN_POINT('',(21.575,-37.209338,5.3));
#14179=CARTESIAN_POINT('',(21.575,-37.209338,1.6));
#14180=CARTESIAN_POINT('',(32.075,-37.209338,5.3));
#14181=CARTESIAN_POINT('Origin',(-1.26249999968649,-37.034338,6.452519685039));
#14182=CARTESIAN_POINT('',(-16.525,-37.209338,6.277519685039));
#14183=CARTESIAN_POINT('',(-16.875,-36.859338,6.627519685039));
#14184=CARTESIAN_POINT('',(-2.52500000000002,-37.209338,6.277519685039));
#14185=CARTESIAN_POINT('',(-1.26249999968649,-37.209338,6.277519685039));
#14186=CARTESIAN_POINT('',(-2.17500000000001,-36.859338,6.627519685039));
#14187=CARTESIAN_POINT('Origin',(-16.7,0.445349499688268,6.45251968503899));
#14188=CARTESIAN_POINT('',(-16.525,-51.209338,6.277519685039));
#14189=CARTESIAN_POINT('',(-16.875,-51.559338,6.627519685039));
#14190=CARTESIAN_POINT('',(-16.525,0.445349499688268,6.27751968503899));
#14191=CARTESIAN_POINT('Origin',(-8.26249999968649,-51.384338,6.452519685039));
#14192=CARTESIAN_POINT('',(-2.52500000000001,-51.209338,6.277519685039));
#14193=CARTESIAN_POINT('',(-2.175,-51.559338,6.627519685039));
#14194=CARTESIAN_POINT('',(-8.26249999968649,-51.209338,6.277519685039));
#14195=CARTESIAN_POINT('Origin',(-2.35000000000001,-6.55465050031173,6.45251968503899));
#14196=CARTESIAN_POINT('',(-2.52500000000002,-6.55465050031173,6.277519685039));
#14197=CARTESIAN_POINT('Origin',(-2.52500000000001,-13.109338,1.6));
#14198=CARTESIAN_POINT('',(-2.52500000000002,-37.209338,5.3));
#14199=CARTESIAN_POINT('',(-2.52500000000002,-37.209338,1.6));
#14200=CARTESIAN_POINT('',(-2.52500000000001,-51.209338,5.3));
#14201=CARTESIAN_POINT('',(-2.52500000000001,-47.709338,5.3));
#14202=CARTESIAN_POINT('',(-2.52500000000001,-51.209338,1.6));
#14203=CARTESIAN_POINT('Origin',(-2.52500000000002,-37.209338,1.6));
#14204=CARTESIAN_POINT('',(-16.525,-37.209338,5.3));
#14205=CARTESIAN_POINT('',(-16.525,-37.209338,1.6));
#14206=CARTESIAN_POINT('',(-6.02500000000001,-37.209338,5.3));
#14207=CARTESIAN_POINT('Origin',(-1.26249999968649,-17.984338,6.452519685039));
#14208=CARTESIAN_POINT('',(21.575,-18.159338,6.277519685039));
#14209=CARTESIAN_POINT('',(21.225,-17.809338,6.627519685039));
#14210=CARTESIAN_POINT('',(35.575,-18.159338,6.277519685039));
#14211=CARTESIAN_POINT('',(-1.26249999968649,-18.159338,6.277519685039));
#14212=CARTESIAN_POINT('',(35.925,-17.809338,6.627519685039));
#14213=CARTESIAN_POINT('Origin',(21.4,0.445349499688268,6.45251968503899));
#14214=CARTESIAN_POINT('',(21.575,-32.159338,6.277519685039));
#14215=CARTESIAN_POINT('',(21.225,-32.509338,6.627519685039));
#14216=CARTESIAN_POINT('',(21.575,0.445349499688268,6.27751968503899));
#14217=CARTESIAN_POINT('Origin',(-8.26249999968649,-32.334338,6.452519685039));
#14218=CARTESIAN_POINT('',(35.575,-32.159338,6.277519685039));
#14219=CARTESIAN_POINT('',(35.925,-32.509338,6.627519685039));
#14220=CARTESIAN_POINT('',(-8.26249999968649,-32.159338,6.277519685039));
#14221=CARTESIAN_POINT('Origin',(35.75,-6.55465050031173,6.45251968503899));
#14222=CARTESIAN_POINT('',(35.575,-6.55465050031173,6.277519685039));
#14223=CARTESIAN_POINT('Origin',(35.575,-13.109338,1.6));
#14224=CARTESIAN_POINT('',(35.575,-18.159338,5.3));
#14225=CARTESIAN_POINT('',(35.575,-18.159338,1.6));
#14226=CARTESIAN_POINT('',(35.575,-32.159338,5.3));
#14227=CARTESIAN_POINT('',(35.575,-28.659338,5.3));
#14228=CARTESIAN_POINT('',(35.575,-32.159338,1.6));
#14229=CARTESIAN_POINT('Origin',(-2.52500000000002,-18.159338,1.6));
#14230=CARTESIAN_POINT('',(21.575,-18.159338,5.3));
#14231=CARTESIAN_POINT('',(21.575,-18.159338,1.6));
#14232=CARTESIAN_POINT('',(32.075,-18.159338,5.3));
#14233=CARTESIAN_POINT('Origin',(-1.26249999968649,-17.984338,6.452519685039));
#14234=CARTESIAN_POINT('',(-16.525,-18.159338,6.277519685039));
#14235=CARTESIAN_POINT('',(-16.875,-17.809338,6.627519685039));
#14236=CARTESIAN_POINT('',(-2.52500000000002,-18.159338,6.277519685039));
#14237=CARTESIAN_POINT('',(-1.26249999968649,-18.159338,6.277519685039));
#14238=CARTESIAN_POINT('',(-2.17500000000001,-17.809338,6.627519685039));
#14239=CARTESIAN_POINT('Origin',(-16.7,0.445349499688268,6.45251968503899));
#14240=CARTESIAN_POINT('',(-16.525,-32.159338,6.277519685039));
#14241=CARTESIAN_POINT('',(-16.875,-32.509338,6.627519685039));
#14242=CARTESIAN_POINT('',(-16.525,0.445349499688268,6.27751968503899));
#14243=CARTESIAN_POINT('Origin',(-8.26249999968649,-32.334338,6.452519685039));
#14244=CARTESIAN_POINT('',(-2.52500000000001,-32.159338,6.277519685039));
#14245=CARTESIAN_POINT('',(-2.17500000000001,-32.509338,6.627519685039));
#14246=CARTESIAN_POINT('',(-8.26249999968649,-32.159338,6.277519685039));
#14247=CARTESIAN_POINT('Origin',(-2.35000000000001,-6.55465050031173,6.45251968503899));
#14248=CARTESIAN_POINT('',(-2.52500000000002,-6.55465050031173,6.277519685039));
#14249=CARTESIAN_POINT('Origin',(-2.52500000000001,-13.109338,1.6));
#14250=CARTESIAN_POINT('',(-2.52500000000002,-18.159338,5.3));
#14251=CARTESIAN_POINT('',(-2.52500000000002,-18.159338,1.6));
#14252=CARTESIAN_POINT('',(-2.52500000000001,-32.159338,5.3));
#14253=CARTESIAN_POINT('',(-2.52500000000001,-28.659338,5.3));
#14254=CARTESIAN_POINT('',(-2.52500000000001,-32.159338,1.6));
#14255=CARTESIAN_POINT('Origin',(-2.52500000000002,-18.159338,1.6));
#14256=CARTESIAN_POINT('',(-16.525,-18.159338,5.3));
#14257=CARTESIAN_POINT('',(-16.525,-18.159338,1.6));
#14258=CARTESIAN_POINT('',(-6.02500000000001,-18.159338,5.3));
#14259=CARTESIAN_POINT('Origin',(-1.26249999968649,1.065662,6.45251968503899));
#14260=CARTESIAN_POINT('',(21.575,0.890661999999995,6.27751968503899));
#14261=CARTESIAN_POINT('',(21.225,1.240662,6.62751968503899));
#14262=CARTESIAN_POINT('',(35.575,0.890661999999995,6.27751968503899));
#14263=CARTESIAN_POINT('',(-1.26249999968649,0.890661999999995,6.27751968503899));
#14264=CARTESIAN_POINT('',(35.925,1.240662,6.62751968503899));
#14265=CARTESIAN_POINT('Origin',(21.4,0.445349499688268,6.45251968503899));
#14266=CARTESIAN_POINT('',(21.575,-13.109338,6.277519685039));
#14267=CARTESIAN_POINT('',(21.225,-13.459338,6.627519685039));
#14268=CARTESIAN_POINT('',(21.575,0.445349499688268,6.27751968503899));
#14269=CARTESIAN_POINT('Origin',(-8.26249999968649,-13.284338,6.452519685039));
#14270=CARTESIAN_POINT('',(35.575,-13.109338,6.277519685039));
#14271=CARTESIAN_POINT('',(35.925,-13.459338,6.627519685039));
#14272=CARTESIAN_POINT('',(-8.26249999968649,-13.109338,6.277519685039));
#14273=CARTESIAN_POINT('Origin',(35.75,-6.55465050031173,6.45251968503899));
#14274=CARTESIAN_POINT('',(35.575,-6.55465050031173,6.277519685039));
#14275=CARTESIAN_POINT('Origin',(35.575,-13.109338,1.6));
#14276=CARTESIAN_POINT('',(35.575,0.890661999999995,5.3));
#14277=CARTESIAN_POINT('',(35.575,0.890661999999995,1.6));
#14278=CARTESIAN_POINT('',(35.575,-13.109338,5.3));
#14279=CARTESIAN_POINT('',(35.575,-9.60933800000001,5.3));
#14280=CARTESIAN_POINT('',(35.575,-13.109338,1.6));
#14281=CARTESIAN_POINT('Origin',(-2.52500000000002,0.890661999999995,1.6));
#14282=CARTESIAN_POINT('',(21.575,0.890661999999995,5.3));
#14283=CARTESIAN_POINT('',(21.575,0.890661999999995,1.6));
#14284=CARTESIAN_POINT('',(32.075,0.890661999999995,5.3));
#14285=CARTESIAN_POINT('Origin',(-1.26249999968649,1.065662,6.45251968503899));
#14286=CARTESIAN_POINT('',(-16.525,0.890661999999995,6.27751968503899));
#14287=CARTESIAN_POINT('',(-16.875,1.240662,6.62751968503899));
#14288=CARTESIAN_POINT('',(-2.52500000000002,0.890661999999995,6.27751968503899));
#14289=CARTESIAN_POINT('',(-1.26249999968649,0.890661999999995,6.27751968503899));
#14290=CARTESIAN_POINT('',(-2.17500000000002,1.240662,6.62751968503899));
#14291=CARTESIAN_POINT('Origin',(-16.7,0.445349499688268,6.45251968503899));
#14292=CARTESIAN_POINT('',(-16.525,-13.109338,6.277519685039));
#14293=CARTESIAN_POINT('',(-16.875,-13.459338,6.627519685039));
#14294=CARTESIAN_POINT('',(-16.525,0.445349499688268,6.27751968503899));
#14295=CARTESIAN_POINT('Origin',(-8.26249999968649,-13.284338,6.452519685039));
#14296=CARTESIAN_POINT('',(-2.52500000000001,-13.109338,6.277519685039));
#14297=CARTESIAN_POINT('',(-2.17500000000001,-13.459338,6.627519685039));
#14298=CARTESIAN_POINT('',(-8.26249999968649,-13.109338,6.277519685039));
#14299=CARTESIAN_POINT('Origin',(-2.35000000000001,-6.55465050031173,6.45251968503899));
#14300=CARTESIAN_POINT('',(-2.52500000000002,-6.55465050031173,6.277519685039));
#14301=CARTESIAN_POINT('Origin',(-2.52500000000001,-13.109338,1.6));
#14302=CARTESIAN_POINT('',(-2.52500000000002,0.890661999999995,5.3));
#14303=CARTESIAN_POINT('',(-2.52500000000002,0.890661999999995,1.6));
#14304=CARTESIAN_POINT('',(-2.52500000000001,-13.109338,5.3));
#14305=CARTESIAN_POINT('',(-2.52500000000001,-9.60933800000001,5.3));
#14306=CARTESIAN_POINT('',(-2.52500000000001,-13.109338,1.6));
#14307=CARTESIAN_POINT('Origin',(-2.52500000000002,0.890661999999995,1.6));
#14308=CARTESIAN_POINT('',(-16.525,0.890661999999995,5.3));
#14309=CARTESIAN_POINT('',(-16.525,0.890661999999995,1.6));
#14310=CARTESIAN_POINT('',(-6.02500000000001,0.890661999999995,5.3));
#14311=CARTESIAN_POINT('Origin',(35.575,19.940662,1.6));
#14312=CARTESIAN_POINT('',(35.575,19.940662,5.3));
#14313=CARTESIAN_POINT('',(32.075,19.940662,5.3));
#14314=CARTESIAN_POINT('',(35.575,19.940662,1.6));
#14315=CARTESIAN_POINT('Origin',(34.9,42.6969119999999,1.6));
#14316=CARTESIAN_POINT('',(34.9,42.6969119999999,1.7));
#14317=CARTESIAN_POINT('',(34.9,37.9844120000001,1.7));
#14318=CARTESIAN_POINT('',(34.9,21.3484744996882,1.7));
#14319=CARTESIAN_POINT('',(34.9,42.6969119999999,3.1));
#14320=CARTESIAN_POINT('',(34.9,42.6969119999999,1.6));
#14321=CARTESIAN_POINT('',(34.9,37.9844120000001,3.1));
#14322=CARTESIAN_POINT('',(34.9,42.6969119999999,3.1));
#14323=CARTESIAN_POINT('',(34.9,37.9844120000001,1.6));
#14324=CARTESIAN_POINT('Origin',(34.9,37.9844120000001,1.6));
#14325=CARTESIAN_POINT('',(37.3187500000001,37.9844120000001,1.7));
#14326=CARTESIAN_POINT('',(17.4500000003135,37.9844120000001,1.7));
#14327=CARTESIAN_POINT('',(37.3187500000001,37.9844120000001,3.1));
#14328=CARTESIAN_POINT('',(34.9,37.9844120000001,3.1));
#14329=CARTESIAN_POINT('',(37.3187500000001,37.9844120000001,1.6));
#14330=CARTESIAN_POINT('Origin',(36.1093750000001,40.340662,3.1));
#14331=CARTESIAN_POINT('',(37.3187500000001,42.6969119999999,3.1));
#14332=CARTESIAN_POINT('',(37.3187500000001,42.6969119999999,3.1));
#14333=CARTESIAN_POINT('',(37.3187500000002,36.1275370000001,3.1));
#14334=CARTESIAN_POINT('Origin',(37.3187500000002,31.9144120000001,1.6));
#14335=CARTESIAN_POINT('',(37.3187500000001,42.6969119999999,1.6));
#14336=CARTESIAN_POINT('',(37.3187500000002,31.9144120000001,1.7));
#14337=CARTESIAN_POINT('',(37.3187500000002,31.9144120000001,1.6));
#14338=CARTESIAN_POINT('',(37.3187500000002,15.9572244996884,1.7));
#14339=CARTESIAN_POINT('Origin',(-14.12875,29.768162,4.72751968503899));
#14340=CARTESIAN_POINT('',(-8.62875,22.968162,4.72751968503899));
#14341=CARTESIAN_POINT('',(-8.62875,36.568162,4.72751968503899));
#14342=CARTESIAN_POINT('',(-8.62875,33.168162,4.72751968503899));
#14343=CARTESIAN_POINT('',(-19.62875,22.968162,4.72751968503899));
#14344=CARTESIAN_POINT('',(-11.37875,22.968162,4.72751968503899));
#14345=CARTESIAN_POINT('',(-19.62875,36.568162,4.72751968503899));
#14346=CARTESIAN_POINT('',(-19.62875,26.368162,4.72751968503899));
#14347=CARTESIAN_POINT('',(-16.87875,36.568162,4.72751968503899));
#14348=CARTESIAN_POINT('Origin',(-8.62875,36.568162,1.6));
#14349=CARTESIAN_POINT('',(-8.62875,36.568162,1.7));
#14350=CARTESIAN_POINT('',(-8.62875,36.568162,1.6));
#14351=CARTESIAN_POINT('',(-8.62875,22.968162,1.7));
#14352=CARTESIAN_POINT('',(-8.62875,18.2840994996883,1.7));
#14353=CARTESIAN_POINT('',(-8.62875,22.968162,1.6));
#14354=CARTESIAN_POINT('Origin',(-19.62875,36.568162,1.6));
#14355=CARTESIAN_POINT('',(-19.62875,36.568162,1.7));
#14356=CARTESIAN_POINT('',(-19.62875,36.568162,1.6));
#14357=CARTESIAN_POINT('',(-16.02875,36.568162,1.7));
#14358=CARTESIAN_POINT('',(-9.81437499968648,36.568162,1.7));
#14359=CARTESIAN_POINT('',(-16.02875,36.568162,3.22751968503899));
#14360=CARTESIAN_POINT('',(-16.02875,36.568162,1.6));
#14361=CARTESIAN_POINT('',(-12.42875,36.568162,3.22751968503899));
#14362=CARTESIAN_POINT('',(-15.12875,36.568162,3.22751968503899));
#14363=CARTESIAN_POINT('',(-12.42875,36.568162,1.7));
#14364=CARTESIAN_POINT('',(-12.42875,36.568162,1.6));
#14365=CARTESIAN_POINT('',(-9.81437499968648,36.568162,1.7));
#14366=CARTESIAN_POINT('Origin',(7.3,54.1156620000001,1.6));
#14367=CARTESIAN_POINT('',(7.30000000000001,56.1156620000001,1.7));
#14368=CARTESIAN_POINT('',(7.30000000000001,56.1156620000001,1.6));
#14369=CARTESIAN_POINT('',(5.3,54.1156620000001,1.7));
#14370=CARTESIAN_POINT('Origin',(7.3,54.1156620000001,1.7));
#14371=CARTESIAN_POINT('',(5.3,54.1156620000001,1.6));
#14372=CARTESIAN_POINT('Origin',(38.08125,56.1156619999998,1.6));
#14373=CARTESIAN_POINT('',(38.08125,56.1156619999998,1.7));
#14374=CARTESIAN_POINT('',(38.08125,56.1156619999998,1.6));
#14375=CARTESIAN_POINT('',(21.2,56.115662,1.7));
#14376=CARTESIAN_POINT('',(19.0406250003137,56.115662,1.7));
#14377=CARTESIAN_POINT('',(21.2,56.115662,3.72751968503899));
#14378=CARTESIAN_POINT('',(21.2,56.115662,1.6));
#14379=CARTESIAN_POINT('',(12.25895,56.115662,3.72751968503899));
#14380=CARTESIAN_POINT('',(14.575,56.115662,3.72751968503899));
#14381=CARTESIAN_POINT('',(12.25895,56.115662,1.7));
#14382=CARTESIAN_POINT('',(12.25895,56.115662,1.6));
#14383=CARTESIAN_POINT('',(23.4303625,56.1156619999999,1.7));
#14384=CARTESIAN_POINT('Origin',(-7.3,54.1156620000002,1.6));
#14385=CARTESIAN_POINT('',(-5.3,54.1156620000002,1.7));
#14386=CARTESIAN_POINT('',(-5.3,54.1156620000002,1.6));
#14387=CARTESIAN_POINT('',(-7.29999999999999,56.1156620000002,1.7));
#14388=CARTESIAN_POINT('Origin',(-7.3,54.1156620000002,1.7));
#14389=CARTESIAN_POINT('',(-7.29999999999999,56.1156620000002,1.6));
#14390=CARTESIAN_POINT('Origin',(-5.3,36.6156620000001,1.6));
#14391=CARTESIAN_POINT('',(-5.3,47.8656620000001,3.72751968503899));
#14392=CARTESIAN_POINT('',(-5.3,47.8656620000001,4.16375984251949));
#14393=CARTESIAN_POINT('',(-5.3,36.6156620000001,3.72751968503899));
#14394=CARTESIAN_POINT('',(-5.3,41.4906620000001,3.72751968503899));
#14395=CARTESIAN_POINT('',(-5.3,36.6156620000001,1.7));
#14396=CARTESIAN_POINT('',(-5.3,36.6156620000001,1.6));
#14397=CARTESIAN_POINT('',(-5.3,18.3078494996883,1.7));
#14398=CARTESIAN_POINT('Origin',(-39.48125,38.915662,4.16375984251949));
#14399=CARTESIAN_POINT('',(-39.48125,39.915662,3.22751968503899));
#14400=CARTESIAN_POINT('',(-40.48125,38.915662,3.22751968503899));
#14401=CARTESIAN_POINT('Origin',(-39.48125,38.915662,3.22751968503899));
#14402=CARTESIAN_POINT('',(-40.48125,38.915662,4.16375984251949));
#14403=CARTESIAN_POINT('',(-39.48125,39.915662,4.16375984251949));
#14404=CARTESIAN_POINT('Origin',(-40.48125,39.915662,6.72751968503899));
#14405=CARTESIAN_POINT('',(-25.18125,39.915662,3.22751968503899));
#14406=CARTESIAN_POINT('',(-25.18125,39.915662,4.16375984251949));
#14407=CARTESIAN_POINT('',(-29.00625,39.915662,3.22751968503899));
#14408=CARTESIAN_POINT('Origin',(-24.18125,51.4156620000036,1.6));
#14409=CARTESIAN_POINT('',(-24.1812499999995,52.4156620000036,1.7));
#14410=CARTESIAN_POINT('',(-24.1812499999995,52.4156620000036,1.6));
#14411=CARTESIAN_POINT('',(-25.18125,51.4156620000036,1.7));
#14412=CARTESIAN_POINT('Origin',(-24.18125,51.4156620000036,1.7));
#14413=CARTESIAN_POINT('',(-25.18125,51.4156620000036,1.6));
#14414=CARTESIAN_POINT('Origin',(-16.7999999999932,52.4156619999999,1.6));
#14415=CARTESIAN_POINT('',(-16.7999999999932,52.4156619999999,3.22751968503899));
#14416=CARTESIAN_POINT('',(-16.7999999999932,52.4156619999999,1.6));
#14417=CARTESIAN_POINT('',(-16.7999999999932,52.4156619999999,1.7));
#14418=CARTESIAN_POINT('',(-16.7999999999932,52.4156619999999,1.6));
#14419=CARTESIAN_POINT('',(-8.39999999967005,52.4156619999957,1.7));
#14420=CARTESIAN_POINT('Origin',(38.4812499999999,29.9144120000001,1.6));
#14421=CARTESIAN_POINT('',(40.4812499999999,29.9144120000002,1.7));
#14422=CARTESIAN_POINT('',(40.4812499999999,29.9144120000002,1.6));
#14423=CARTESIAN_POINT('',(38.4812499999999,31.9144120000001,1.7));
#14424=CARTESIAN_POINT('Origin',(38.4812499999999,29.9144120000001,1.7));
#14425=CARTESIAN_POINT('',(38.4812499999999,31.9144120000001,1.6));
#14426=CARTESIAN_POINT('Origin',(40.48125,-53.715588,1.6));
#14427=CARTESIAN_POINT('',(40.48125,-53.715588,1.7));
#14428=CARTESIAN_POINT('',(40.48125,-53.715588,1.6));
#14429=CARTESIAN_POINT('',(40.48125,-26.8577755003117,1.7));
#14430=CARTESIAN_POINT('Origin',(38.4812499999998,44.6969119999999,1.6));
#14431=CARTESIAN_POINT('',(38.4812499999998,42.6969119999999,1.7));
#14432=CARTESIAN_POINT('',(38.4812499999998,42.6969119999999,1.6));
#14433=CARTESIAN_POINT('',(40.4812499999998,44.6969119999999,1.7));
#14434=CARTESIAN_POINT('Origin',(38.4812499999998,44.6969119999999,1.7));
#14435=CARTESIAN_POINT('',(40.4812499999998,44.6969119999999,1.6));
#14436=CARTESIAN_POINT('Origin',(37.3187500000001,42.6969119999999,1.6));
#14437=CARTESIAN_POINT('',(18.6593750003136,42.6969119999999,1.7));
#14438=CARTESIAN_POINT('Origin',(-14.22875,39.168162,3.22751968503899));
#14439=CARTESIAN_POINT('',(-12.42875,41.768162,3.22751968503899));
#14440=CARTESIAN_POINT('',(-12.42875,40.468162,3.22751968503899));
#14441=CARTESIAN_POINT('',(-16.02875,41.768162,3.22751968503899));
#14442=CARTESIAN_POINT('',(-16.02875,37.868162,3.22751968503899));
#14443=CARTESIAN_POINT('',(-15.12875,41.768162,3.22751968503899));
#14444=CARTESIAN_POINT('Origin',(-5.3,47.8656620000001,6.72751968503899));
#14445=CARTESIAN_POINT('',(5.3,47.8656620000001,3.72751968503899));
#14446=CARTESIAN_POINT('',(5.3,47.8656620000001,6.72751968503899));
#14447=CARTESIAN_POINT('',(6.625,47.8656620000001,3.72751968503899));
#14448=CARTESIAN_POINT('Origin',(21.2,56.115662,6.72751968503899));
#14449=CARTESIAN_POINT('',(21.2,50.215662,3.72751968503899));
#14450=CARTESIAN_POINT('',(21.2,50.215662,1.6));
#14451=CARTESIAN_POINT('',(21.2,54.215662,3.72751968503899));
#14452=CARTESIAN_POINT('',(21.2,41.4906620000001,3.72751968503899));
#14453=CARTESIAN_POINT('',(21.2,54.215662,1.6));
#14454=CARTESIAN_POINT('Origin',(7.95,46.3656620000001,3.72751968503899));
#14455=CARTESIAN_POINT('',(21.2,51.240662,3.72751968503899));
#14456=CARTESIAN_POINT('',(21.2,36.6156620000001,3.72751968503899));
#14457=CARTESIAN_POINT('',(21.2,48.290662,3.72751968503899));
#14458=CARTESIAN_POINT('',(14.575,36.6156620000001,3.72751968503899));
#14459=CARTESIAN_POINT('',(5.3,51.3156620000002,3.72751968503899));
#14460=CARTESIAN_POINT('',(5.3,48.8406620000001,3.72751968503899));
#14461=CARTESIAN_POINT('',(12.25895,51.3156620000002,3.72751968503899));
#14462=CARTESIAN_POINT('',(6.625,51.3156620000002,3.72751968503899));
#14463=CARTESIAN_POINT('',(12.25895,48.8406620000001,3.72751968503899));
#14464=CARTESIAN_POINT('Origin',(12.25895,51.3156620000002,1.6));
#14465=CARTESIAN_POINT('',(12.25895,51.3156620000002,1.7));
#14466=CARTESIAN_POINT('',(12.25895,51.3156620000002,1.6));
#14467=CARTESIAN_POINT('',(12.25895,52.5156620000001,1.7));
#14468=CARTESIAN_POINT('Origin',(5.3,51.3156620000002,1.6));
#14469=CARTESIAN_POINT('',(5.3,51.3156620000002,1.7));
#14470=CARTESIAN_POINT('',(5.3,51.3156620000002,1.6));
#14471=CARTESIAN_POINT('',(7.0397375,51.3156620000002,1.7));
#14472=CARTESIAN_POINT('Origin',(5.3,56.1156620000001,1.6));
#14473=CARTESIAN_POINT('',(5.3,54.9156620000001,1.7));
#14474=CARTESIAN_POINT('Origin',(8.779475,53.7156620000001,1.7));
#14475=CARTESIAN_POINT('Origin',(21.2,56.115662,1.6));
#14476=CARTESIAN_POINT('',(21.2,54.215662,1.7));
#14477=CARTESIAN_POINT('',(21.2,28.0578494996883,1.7));
#14478=CARTESIAN_POINT('',(21.2,54.215662,1.6));
#14479=CARTESIAN_POINT('Origin',(-12.4500000000068,50.365662,6.72751968503899));
#14480=CARTESIAN_POINT('',(-12.4500000000068,51.365662,3.22751968503899));
#14481=CARTESIAN_POINT('',(-12.4500000000068,51.365662,6.72751968503899));
#14482=CARTESIAN_POINT('',(-11.4500000000068,50.365662,3.22751968503899));
#14483=CARTESIAN_POINT('Origin',(-12.4500000000068,50.365662,3.22751968503899));
#14484=CARTESIAN_POINT('',(-11.4500000000068,50.365662,6.72751968503899));
#14485=CARTESIAN_POINT('Origin',(-11.4500000000068,51.365662,6.72751968503899));
#14486=CARTESIAN_POINT('',(-15.7999999999932,51.365662,3.22751968503899));
#14487=CARTESIAN_POINT('',(-15.7999999999932,51.365662,4.16375984251949));
#14488=CARTESIAN_POINT('',(-15.2999999999932,51.365662,3.22751968503899));
#14489=CARTESIAN_POINT('Origin',(-12.4500000000068,48.865662,6.72751968503899));
#14490=CARTESIAN_POINT('',(-11.4500000000068,48.865662,3.22751968503899));
#14491=CARTESIAN_POINT('',(-11.4500000000068,48.865662,6.72751968503899));
#14492=CARTESIAN_POINT('',(-12.4500000000068,47.865662,3.22751968503899));
#14493=CARTESIAN_POINT('Origin',(-12.4500000000068,48.865662,3.22751968503899));
#14494=CARTESIAN_POINT('',(-12.4500000000068,47.865662,6.72751968503899));
#14495=CARTESIAN_POINT('Origin',(-11.4500000000068,47.865662,6.72751968503899));
#14496=CARTESIAN_POINT('',(-11.4500000000068,51.3656620000001,3.22751968503899));
#14497=CARTESIAN_POINT('Origin',(-15.7999999999932,48.865662,4.16375984251949));
#14498=CARTESIAN_POINT('',(-15.7999999999932,47.865662,3.22751968503899));
#14499=CARTESIAN_POINT('',(-16.7999999999932,48.865662,3.22751968503899));
#14500=CARTESIAN_POINT('Origin',(-15.7999999999932,48.865662,3.22751968503899));
#14501=CARTESIAN_POINT('',(-16.7999999999932,48.865662,4.16375984251949));
#14502=CARTESIAN_POINT('',(-15.7999999999932,47.865662,4.16375984251949));
#14503=CARTESIAN_POINT('Origin',(-16.7999999999932,46.615662,1.6));
#14504=CARTESIAN_POINT('',(-16.7999999999932,46.615662,3.22751968503899));
#14505=CARTESIAN_POINT('',(-16.7999999999932,48.9906620000001,3.22751968503899));
#14506=CARTESIAN_POINT('',(-16.7999999999932,46.615662,1.7));
#14507=CARTESIAN_POINT('',(-16.7999999999932,46.615662,1.6));
#14508=CARTESIAN_POINT('',(-16.7999999999932,23.3078494996883,1.7));
#14509=CARTESIAN_POINT('',(-16.7999999999932,50.365662,3.22751968503899));
#14510=CARTESIAN_POINT('',(-16.7999999999932,48.9906620000001,3.22751968503899));
#14511=CARTESIAN_POINT('',(-16.7999999999932,50.365662,4.16375984251949));
#14512=CARTESIAN_POINT('Origin',(-15.7999999999932,50.365662,4.16375984251949));
#14513=CARTESIAN_POINT('Origin',(-15.7999999999932,50.365662,3.22751968503899));
#14514=CARTESIAN_POINT('Origin',(-16.7999999999932,47.865662,6.72751968503899));
#14515=CARTESIAN_POINT('',(-12.625,47.865662,3.22751968503899));
#14516=CARTESIAN_POINT('Origin',(-15.7999999999932,55.115662,6.72751968503899));
#14517=CARTESIAN_POINT('',(-15.7999999999932,56.115662,3.22751968503899));
#14518=CARTESIAN_POINT('',(-15.7999999999932,56.115662,6.72751968503899));
#14519=CARTESIAN_POINT('',(-16.7999999999932,55.115662,3.22751968503899));
#14520=CARTESIAN_POINT('Origin',(-15.7999999999932,55.115662,3.22751968503899));
#14521=CARTESIAN_POINT('',(-16.7999999999932,55.115662,6.72751968503899));
#14522=CARTESIAN_POINT('Origin',(-16.7999999999932,51.365662,6.72751968503899));
#14523=CARTESIAN_POINT('',(-16.7999999999932,53.2406620000001,3.22751968503899));
#14524=CARTESIAN_POINT('Origin',(-13.7999999999932,51.3656620000001,3.22751968503899));
#14525=CARTESIAN_POINT('',(-10.7999999999932,56.115662,3.22751968503899));
#14526=CARTESIAN_POINT('',(-12.2999999999932,56.1156620000002,3.22751968503899));
#14527=CARTESIAN_POINT('',(-10.7999999999932,46.615662,3.22751968503899));
#14528=CARTESIAN_POINT('',(-10.7999999999932,53.7406620000001,3.22751968503899));
#14529=CARTESIAN_POINT('',(-12.2999999999932,46.615662,3.22751968503899));
#14530=CARTESIAN_POINT('Origin',(-32.83125,36.465662,3.22751968503899));
#14531=CARTESIAN_POINT('',(-25.18125,33.015662,3.22751968503899));
#14532=CARTESIAN_POINT('',(-25.18125,44.440662,3.22751968503899));
#14533=CARTESIAN_POINT('',(-40.48125,33.015662,3.22751968503899));
#14534=CARTESIAN_POINT('',(-29.00625,33.015662,3.22751968503899));
#14535=CARTESIAN_POINT('',(-40.48125,38.190662,3.22751968503899));
#14536=CARTESIAN_POINT('Origin',(36.4,20.765662,1.6));
#14537=CARTESIAN_POINT('',(36.4,20.765662,1.7));
#14538=CARTESIAN_POINT('',(20.75,20.765662,1.7));
#14539=CARTESIAN_POINT('',(18.2000000003135,20.765662,1.7));
#14540=CARTESIAN_POINT('',(36.4,20.765662,5.3));
#14541=CARTESIAN_POINT('',(36.4,20.765662,1.6));
#14542=CARTESIAN_POINT('',(20.75,20.765662,5.3));
#14543=CARTESIAN_POINT('',(36.4,20.765662,5.3));
#14544=CARTESIAN_POINT('',(20.75,20.765662,1.6));
#14545=CARTESIAN_POINT('Origin',(36.4,5.11566199999995,1.6));
#14546=CARTESIAN_POINT('',(36.4,5.11566199999995,1.7));
#14547=CARTESIAN_POINT('',(36.4,2.55784949968824,1.7));
#14548=CARTESIAN_POINT('',(36.4,5.11566199999995,5.3));
#14549=CARTESIAN_POINT('',(36.4,5.11566199999995,1.6));
#14550=CARTESIAN_POINT('',(36.4,5.11566199999995,5.3));
#14551=CARTESIAN_POINT('Origin',(20.75,5.11566199999998,1.6));
#14552=CARTESIAN_POINT('',(20.75,5.11566199999998,1.7));
#14553=CARTESIAN_POINT('',(10.3750000003135,5.115662,1.7));
#14554=CARTESIAN_POINT('',(20.75,5.11566199999998,5.3));
#14555=CARTESIAN_POINT('',(20.75,5.11566199999998,1.6));
#14556=CARTESIAN_POINT('',(20.75,5.11566199999998,5.3));
#14557=CARTESIAN_POINT('Origin',(20.75,20.765662,1.6));
#14558=CARTESIAN_POINT('',(20.75,10.3828494996883,1.7));
#14559=CARTESIAN_POINT('',(20.75,20.765662,5.3));
#14560=CARTESIAN_POINT('Origin',(28.575,12.940662,5.3));
#14561=CARTESIAN_POINT('',(35.575,9.44066199999999,5.3));
#14562=CARTESIAN_POINT('Origin',(35.575,-13.109338,1.6));
#14563=CARTESIAN_POINT('Origin',(-35.575,-37.209338,1.6));
#14564=CARTESIAN_POINT('',(-35.575,-13.109338,5.3));
#14565=CARTESIAN_POINT('',(-35.575,-13.109338,1.6));
#14566=CARTESIAN_POINT('',(-35.575,-2.60933800000001,5.3));
#14567=CARTESIAN_POINT('Origin',(-16.525,-13.109338,1.6));
#14568=CARTESIAN_POINT('',(-32.075,-13.109338,5.3));
#14569=CARTESIAN_POINT('Origin',(-16.525,0.890661999999995,1.6));
#14570=CARTESIAN_POINT('',(-16.525,-13.109338,5.3));
#14571=CARTESIAN_POINT('',(-16.525,-13.109338,1.6));
#14572=CARTESIAN_POINT('',(-16.525,-2.60933800000001,5.3));
#14573=CARTESIAN_POINT('Origin',(-16.525,-13.109338,1.6));
#14574=CARTESIAN_POINT('',(-13.025,-13.109338,5.3));
#14575=CARTESIAN_POINT('Origin',(2.52499999999999,-37.209338,1.6));
#14576=CARTESIAN_POINT('',(2.52499999999999,-13.109338,5.3));
#14577=CARTESIAN_POINT('',(2.52499999999999,-13.109338,1.6));
#14578=CARTESIAN_POINT('',(2.52499999999999,-2.60933800000001,5.3));
#14579=CARTESIAN_POINT('Origin',(-16.525,-13.109338,1.6));
#14580=CARTESIAN_POINT('',(6.02499999999999,-13.109338,5.3));
#14581=CARTESIAN_POINT('Origin',(21.575,0.890661999999995,1.6));
#14582=CARTESIAN_POINT('',(21.575,-13.109338,5.3));
#14583=CARTESIAN_POINT('',(21.575,-13.109338,1.6));
#14584=CARTESIAN_POINT('',(21.575,-2.60933800000001,5.3));
#14585=CARTESIAN_POINT('Origin',(-16.525,-13.109338,1.6));
#14586=CARTESIAN_POINT('',(25.075,-13.109338,5.3));
#14587=CARTESIAN_POINT('Origin',(-16.525,-32.159338,1.6));
#14588=CARTESIAN_POINT('',(-21.575,-32.159338,5.3));
#14589=CARTESIAN_POINT('',(-21.575,-32.159338,1.6));
#14590=CARTESIAN_POINT('',(-32.075,-32.159338,5.3));
#14591=CARTESIAN_POINT('Origin',(-16.525,0.890661999999995,1.6));
#14592=CARTESIAN_POINT('',(-16.525,-32.159338,5.3));
#14593=CARTESIAN_POINT('',(-16.525,-32.159338,1.6));
#14594=CARTESIAN_POINT('',(-16.525,-21.659338,5.3));
#14595=CARTESIAN_POINT('Origin',(-16.525,-32.159338,1.6));
#14596=CARTESIAN_POINT('',(-13.025,-32.159338,5.3));
#14597=CARTESIAN_POINT('Origin',(-16.525,-32.159338,1.6));
#14598=CARTESIAN_POINT('',(16.525,-32.159338,5.3));
#14599=CARTESIAN_POINT('',(16.525,-32.159338,1.6));
#14600=CARTESIAN_POINT('',(6.02499999999999,-32.159338,5.3));
#14601=CARTESIAN_POINT('Origin',(21.575,0.890661999999995,1.6));
#14602=CARTESIAN_POINT('',(21.575,-32.159338,5.3));
#14603=CARTESIAN_POINT('',(21.575,-32.159338,1.6));
#14604=CARTESIAN_POINT('',(21.575,-21.659338,5.3));
#14605=CARTESIAN_POINT('Origin',(-16.525,-32.159338,1.6));
#14606=CARTESIAN_POINT('',(25.075,-32.159338,5.3));
#14607=CARTESIAN_POINT('Origin',(-16.525,-51.209338,1.6));
#14608=CARTESIAN_POINT('',(-21.575,-51.209338,5.3));
#14609=CARTESIAN_POINT('',(-21.575,-51.209338,1.6));
#14610=CARTESIAN_POINT('',(-32.075,-51.209338,5.3));
#14611=CARTESIAN_POINT('Origin',(-16.525,0.890661999999995,1.6));
#14612=CARTESIAN_POINT('',(-16.525,-51.209338,5.3));
#14613=CARTESIAN_POINT('',(-16.525,-51.209338,1.6));
#14614=CARTESIAN_POINT('',(-16.525,-40.709338,5.3));
#14615=CARTESIAN_POINT('Origin',(-16.525,-51.209338,1.6));
#14616=CARTESIAN_POINT('',(-13.025,-51.209338,5.3));
#14617=CARTESIAN_POINT('Origin',(-16.525,-51.209338,1.6));
#14618=CARTESIAN_POINT('',(16.525,-51.209338,5.3));
#14619=CARTESIAN_POINT('',(16.525,-51.209338,1.6));
#14620=CARTESIAN_POINT('',(6.02499999999999,-51.209338,5.3));
#14621=CARTESIAN_POINT('Origin',(-20.75,1.71566200000001,1.6));
#14622=CARTESIAN_POINT('',(-20.75,1.71566200000001,1.7));
#14623=CARTESIAN_POINT('',(-36.4,1.71566200000001,1.7));
#14624=CARTESIAN_POINT('',(-10.3749999996865,1.71566200000001,1.7));
#14625=CARTESIAN_POINT('',(-20.75,1.71566200000001,5.3));
#14626=CARTESIAN_POINT('',(-20.75,1.71566200000001,1.6));
#14627=CARTESIAN_POINT('',(-36.4,1.71566200000001,5.3));
#14628=CARTESIAN_POINT('',(-20.75,1.71566200000001,5.3));
#14629=CARTESIAN_POINT('',(-36.4,1.71566200000001,1.6));
#14630=CARTESIAN_POINT('Origin',(-20.75,-13.934338,1.6));
#14631=CARTESIAN_POINT('',(-20.75,-13.934338,1.7));
#14632=CARTESIAN_POINT('',(-20.75,-6.96715050031175,1.7));
#14633=CARTESIAN_POINT('',(-20.75,-13.934338,5.3));
#14634=CARTESIAN_POINT('',(-20.75,-13.934338,1.6));
#14635=CARTESIAN_POINT('',(-20.75,-13.934338,5.3));
#14636=CARTESIAN_POINT('Origin',(-36.4,-13.934338,1.6));
#14637=CARTESIAN_POINT('',(-36.4,-13.934338,1.7));
#14638=CARTESIAN_POINT('',(-18.1999999996865,-13.9343380000001,1.7));
#14639=CARTESIAN_POINT('',(-36.4,-13.934338,5.3));
#14640=CARTESIAN_POINT('',(-36.4,-13.934338,1.6));
#14641=CARTESIAN_POINT('',(-36.4,-13.934338,5.3));
#14642=CARTESIAN_POINT('Origin',(-36.4,1.71566200000001,1.6));
#14643=CARTESIAN_POINT('',(-36.4,0.857849499688275,1.7));
#14644=CARTESIAN_POINT('',(-36.4,1.71566200000001,5.3));
#14645=CARTESIAN_POINT('Origin',(-28.575,-6.10933800000002,5.3));
#14646=CARTESIAN_POINT('Origin',(-1.69999999999999,1.71566200000001,1.6));
#14647=CARTESIAN_POINT('',(-1.69999999999999,1.71566200000001,1.7));
#14648=CARTESIAN_POINT('',(-17.35,1.71566200000001,1.7));
#14649=CARTESIAN_POINT('',(-0.849999999686475,1.71566200000001,1.7));
#14650=CARTESIAN_POINT('',(-1.69999999999999,1.71566200000001,5.3));
#14651=CARTESIAN_POINT('',(-1.69999999999999,1.71566200000001,1.6));
#14652=CARTESIAN_POINT('',(-17.35,1.71566200000001,5.3));
#14653=CARTESIAN_POINT('',(-1.69999999999999,1.71566200000001,5.3));
#14654=CARTESIAN_POINT('',(-17.35,1.71566200000001,1.6));
#14655=CARTESIAN_POINT('Origin',(-1.7,-13.934338,1.6));
#14656=CARTESIAN_POINT('',(-1.7,-13.934338,1.7));
#14657=CARTESIAN_POINT('',(-1.7,-6.96715050031175,1.7));
#14658=CARTESIAN_POINT('',(-1.7,-13.934338,5.3));
#14659=CARTESIAN_POINT('',(-1.7,-13.934338,1.6));
#14660=CARTESIAN_POINT('',(-1.7,-13.934338,5.3));
#14661=CARTESIAN_POINT('Origin',(-17.35,-13.934338,1.6));
#14662=CARTESIAN_POINT('',(-17.35,-13.934338,1.7));
#14663=CARTESIAN_POINT('',(-8.6749999996865,-13.934338,1.7));
#14664=CARTESIAN_POINT('',(-17.35,-13.934338,5.3));
#14665=CARTESIAN_POINT('',(-17.35,-13.934338,1.6));
#14666=CARTESIAN_POINT('',(-17.35,-13.934338,5.3));
#14667=CARTESIAN_POINT('Origin',(-17.35,1.71566200000001,1.6));
#14668=CARTESIAN_POINT('',(-17.35,0.857849499688275,1.7));
#14669=CARTESIAN_POINT('',(-17.35,1.71566200000001,5.3));
#14670=CARTESIAN_POINT('Origin',(-9.52500000000001,-6.10933800000002,5.3));
#14671=CARTESIAN_POINT('Origin',(17.35,1.71566200000001,1.6));
#14672=CARTESIAN_POINT('',(17.35,1.71566200000001,1.7));
#14673=CARTESIAN_POINT('',(1.69999999999998,1.71566200000001,1.7));
#14674=CARTESIAN_POINT('',(8.67500000031353,1.71566200000001,1.7));
#14675=CARTESIAN_POINT('',(17.35,1.71566200000001,5.3));
#14676=CARTESIAN_POINT('',(17.35,1.71566200000001,1.6));
#14677=CARTESIAN_POINT('',(1.69999999999998,1.71566200000001,5.3));
#14678=CARTESIAN_POINT('',(17.35,1.71566200000001,5.3));
#14679=CARTESIAN_POINT('',(1.69999999999998,1.71566200000001,1.6));
#14680=CARTESIAN_POINT('Origin',(17.35,-13.934338,1.6));
#14681=CARTESIAN_POINT('',(17.35,-13.934338,1.7));
#14682=CARTESIAN_POINT('',(17.35,-6.96715050031176,1.7));
#14683=CARTESIAN_POINT('',(17.35,-13.934338,5.3));
#14684=CARTESIAN_POINT('',(17.35,-13.934338,1.6));
#14685=CARTESIAN_POINT('',(17.35,-13.934338,5.3));
#14686=CARTESIAN_POINT('Origin',(1.69999999999998,-13.934338,1.6));
#14687=CARTESIAN_POINT('',(1.69999999999998,-13.934338,1.7));
#14688=CARTESIAN_POINT('',(0.850000000313502,-13.934338,1.7));
#14689=CARTESIAN_POINT('',(1.69999999999998,-13.934338,5.3));
#14690=CARTESIAN_POINT('',(1.69999999999998,-13.934338,1.6));
#14691=CARTESIAN_POINT('',(1.69999999999998,-13.934338,5.3));
#14692=CARTESIAN_POINT('Origin',(1.69999999999998,1.71566200000001,1.6));
#14693=CARTESIAN_POINT('',(1.69999999999998,0.857849499688275,1.7));
#14694=CARTESIAN_POINT('',(1.69999999999998,1.71566200000001,5.3));
#14695=CARTESIAN_POINT('Origin',(9.525,-6.10933800000002,5.3));
#14696=CARTESIAN_POINT('Origin',(36.4,1.71566200000001,1.6));
#14697=CARTESIAN_POINT('',(36.4,1.71566200000001,1.7));
#14698=CARTESIAN_POINT('',(20.75,1.71566200000001,1.7));
#14699=CARTESIAN_POINT('',(18.2000000003135,1.71566200000001,1.7));
#14700=CARTESIAN_POINT('',(36.4,1.71566200000001,5.3));
#14701=CARTESIAN_POINT('',(36.4,1.71566200000001,1.6));
#14702=CARTESIAN_POINT('',(20.75,1.71566200000001,5.3));
#14703=CARTESIAN_POINT('',(36.4,1.71566200000001,5.3));
#14704=CARTESIAN_POINT('',(20.75,1.71566200000001,1.6));
#14705=CARTESIAN_POINT('Origin',(36.4,-13.934338,1.6));
#14706=CARTESIAN_POINT('',(36.4,-13.934338,1.7));
#14707=CARTESIAN_POINT('',(36.4,-6.96715050031176,1.7));
#14708=CARTESIAN_POINT('',(36.4,-13.934338,5.3));
#14709=CARTESIAN_POINT('',(36.4,-13.934338,1.6));
#14710=CARTESIAN_POINT('',(36.4,-13.934338,5.3));
#14711=CARTESIAN_POINT('Origin',(20.75,-13.934338,1.6));
#14712=CARTESIAN_POINT('',(20.75,-13.934338,1.7));
#14713=CARTESIAN_POINT('',(10.3750000003135,-13.934338,1.7));
#14714=CARTESIAN_POINT('',(20.75,-13.934338,5.3));
#14715=CARTESIAN_POINT('',(20.75,-13.934338,1.6));
#14716=CARTESIAN_POINT('',(20.75,-13.934338,5.3));
#14717=CARTESIAN_POINT('Origin',(20.75,1.71566200000001,1.6));
#14718=CARTESIAN_POINT('',(20.75,0.857849499688275,1.7));
#14719=CARTESIAN_POINT('',(20.75,1.71566200000001,5.3));
#14720=CARTESIAN_POINT('Origin',(28.575,-6.10933800000002,5.3));
#14721=CARTESIAN_POINT('Origin',(-20.75,-17.334338,1.6));
#14722=CARTESIAN_POINT('',(-20.75,-17.334338,1.7));
#14723=CARTESIAN_POINT('',(-36.4,-17.334338,1.7));
#14724=CARTESIAN_POINT('',(-10.3749999996865,-17.334338,1.7));
#14725=CARTESIAN_POINT('',(-20.75,-17.334338,5.3));
#14726=CARTESIAN_POINT('',(-20.75,-17.334338,1.6));
#14727=CARTESIAN_POINT('',(-36.4,-17.334338,5.3));
#14728=CARTESIAN_POINT('',(-20.75,-17.334338,5.3));
#14729=CARTESIAN_POINT('',(-36.4,-17.334338,1.6));
#14730=CARTESIAN_POINT('Origin',(-20.75,-32.9843380000001,1.6));
#14731=CARTESIAN_POINT('',(-20.75,-32.9843380000001,1.7));
#14732=CARTESIAN_POINT('',(-20.75,-16.4921505003117,1.7));
#14733=CARTESIAN_POINT('',(-20.75,-32.9843380000001,5.3));
#14734=CARTESIAN_POINT('',(-20.75,-32.9843380000001,1.6));
#14735=CARTESIAN_POINT('',(-20.75,-32.9843380000001,5.3));
#14736=CARTESIAN_POINT('Origin',(-36.4,-32.984338,1.6));
#14737=CARTESIAN_POINT('',(-36.4,-32.984338,1.7));
#14738=CARTESIAN_POINT('',(-18.1999999996865,-32.9843380000001,1.7));
#14739=CARTESIAN_POINT('',(-36.4,-32.984338,5.3));
#14740=CARTESIAN_POINT('',(-36.4,-32.984338,1.6));
#14741=CARTESIAN_POINT('',(-36.4,-32.984338,5.3));
#14742=CARTESIAN_POINT('Origin',(-36.4,-17.334338,1.6));
#14743=CARTESIAN_POINT('',(-36.4,-8.66715050031173,1.7));
#14744=CARTESIAN_POINT('',(-36.4,-17.334338,5.3));
#14745=CARTESIAN_POINT('Origin',(-28.575,-25.159338,5.3));
#14746=CARTESIAN_POINT('',(-21.575,-28.659338,5.3));
#14747=CARTESIAN_POINT('Origin',(-1.69999999999999,-17.334338,1.6));
#14748=CARTESIAN_POINT('',(-1.69999999999999,-17.334338,1.7));
#14749=CARTESIAN_POINT('',(-17.35,-17.334338,1.7));
#14750=CARTESIAN_POINT('',(-0.849999999686475,-17.334338,1.7));
#14751=CARTESIAN_POINT('',(-1.69999999999999,-17.334338,5.3));
#14752=CARTESIAN_POINT('',(-1.69999999999999,-17.334338,1.6));
#14753=CARTESIAN_POINT('',(-17.35,-17.334338,5.3));
#14754=CARTESIAN_POINT('',(-1.69999999999999,-17.334338,5.3));
#14755=CARTESIAN_POINT('',(-17.35,-17.334338,1.6));
#14756=CARTESIAN_POINT('Origin',(-1.7,-32.9843380000001,1.6));
#14757=CARTESIAN_POINT('',(-1.7,-32.9843380000001,1.7));
#14758=CARTESIAN_POINT('',(-1.69999999999999,-16.4921505003118,1.7));
#14759=CARTESIAN_POINT('',(-1.7,-32.9843380000001,5.3));
#14760=CARTESIAN_POINT('',(-1.7,-32.9843380000001,1.6));
#14761=CARTESIAN_POINT('',(-1.7,-32.9843380000001,5.3));
#14762=CARTESIAN_POINT('Origin',(-17.35,-32.984338,1.6));
#14763=CARTESIAN_POINT('',(-17.35,-32.984338,1.7));
#14764=CARTESIAN_POINT('',(-8.67499999968652,-32.984338,1.7));
#14765=CARTESIAN_POINT('',(-17.35,-32.984338,5.3));
#14766=CARTESIAN_POINT('',(-17.35,-32.984338,1.6));
#14767=CARTESIAN_POINT('',(-17.35,-32.984338,5.3));
#14768=CARTESIAN_POINT('Origin',(-17.35,-17.334338,1.6));
#14769=CARTESIAN_POINT('',(-17.35,-8.66715050031173,1.7));
#14770=CARTESIAN_POINT('',(-17.35,-17.334338,5.3));
#14771=CARTESIAN_POINT('Origin',(-9.52500000000001,-25.159338,5.3));
#14772=CARTESIAN_POINT('Origin',(17.35,-17.334338,1.6));
#14773=CARTESIAN_POINT('',(17.35,-17.334338,1.7));
#14774=CARTESIAN_POINT('',(1.69999999999998,-17.334338,1.7));
#14775=CARTESIAN_POINT('',(8.67500000031353,-17.334338,1.7));
#14776=CARTESIAN_POINT('',(17.35,-17.334338,5.3));
#14777=CARTESIAN_POINT('',(17.35,-17.334338,1.6));
#14778=CARTESIAN_POINT('',(1.69999999999998,-17.334338,5.3));
#14779=CARTESIAN_POINT('',(17.35,-17.334338,5.3));
#14780=CARTESIAN_POINT('',(1.69999999999998,-17.334338,1.6));
#14781=CARTESIAN_POINT('Origin',(17.35,-32.9843380000001,1.6));
#14782=CARTESIAN_POINT('',(17.35,-32.9843380000001,1.7));
#14783=CARTESIAN_POINT('',(17.35,-16.4921505003118,1.7));
#14784=CARTESIAN_POINT('',(17.35,-32.9843380000001,5.3));
#14785=CARTESIAN_POINT('',(17.35,-32.9843380000001,1.6));
#14786=CARTESIAN_POINT('',(17.35,-32.9843380000001,5.3));
#14787=CARTESIAN_POINT('Origin',(1.69999999999998,-32.984338,1.6));
#14788=CARTESIAN_POINT('',(1.69999999999998,-32.984338,1.7));
#14789=CARTESIAN_POINT('',(0.850000000313485,-32.984338,1.7));
#14790=CARTESIAN_POINT('',(1.69999999999998,-32.984338,5.3));
#14791=CARTESIAN_POINT('',(1.69999999999998,-32.984338,1.6));
#14792=CARTESIAN_POINT('',(1.69999999999998,-32.984338,5.3));
#14793=CARTESIAN_POINT('Origin',(1.69999999999998,-17.334338,1.6));
#14794=CARTESIAN_POINT('',(1.69999999999998,-8.66715050031173,1.7));
#14795=CARTESIAN_POINT('',(1.69999999999998,-17.334338,5.3));
#14796=CARTESIAN_POINT('Origin',(9.525,-25.159338,5.3));
#14797=CARTESIAN_POINT('',(16.525,-28.659338,5.3));
#14798=CARTESIAN_POINT('Origin',(36.4,-17.334338,1.6));
#14799=CARTESIAN_POINT('',(36.4,-17.334338,1.7));
#14800=CARTESIAN_POINT('',(20.75,-17.334338,1.7));
#14801=CARTESIAN_POINT('',(18.2000000003135,-17.334338,1.7));
#14802=CARTESIAN_POINT('',(36.4,-17.334338,5.3));
#14803=CARTESIAN_POINT('',(36.4,-17.334338,1.6));
#14804=CARTESIAN_POINT('',(20.75,-17.334338,5.3));
#14805=CARTESIAN_POINT('',(36.4,-17.334338,5.3));
#14806=CARTESIAN_POINT('',(20.75,-17.334338,1.6));
#14807=CARTESIAN_POINT('Origin',(36.4,-32.9843380000001,1.6));
#14808=CARTESIAN_POINT('',(36.4,-32.9843380000001,1.7));
#14809=CARTESIAN_POINT('',(36.4,-16.4921505003118,1.7));
#14810=CARTESIAN_POINT('',(36.4,-32.9843380000001,5.3));
#14811=CARTESIAN_POINT('',(36.4,-32.9843380000001,1.6));
#14812=CARTESIAN_POINT('',(36.4,-32.9843380000001,5.3));
#14813=CARTESIAN_POINT('Origin',(20.75,-32.984338,1.6));
#14814=CARTESIAN_POINT('',(20.75,-32.984338,1.7));
#14815=CARTESIAN_POINT('',(10.3750000003135,-32.984338,1.7));
#14816=CARTESIAN_POINT('',(20.75,-32.984338,5.3));
#14817=CARTESIAN_POINT('',(20.75,-32.984338,1.6));
#14818=CARTESIAN_POINT('',(20.75,-32.984338,5.3));
#14819=CARTESIAN_POINT('Origin',(20.75,-17.334338,1.6));
#14820=CARTESIAN_POINT('',(20.75,-8.66715050031173,1.7));
#14821=CARTESIAN_POINT('',(20.75,-17.334338,5.3));
#14822=CARTESIAN_POINT('Origin',(28.575,-25.159338,5.3));
#14823=CARTESIAN_POINT('Origin',(-20.75,-36.384338,1.6));
#14824=CARTESIAN_POINT('',(-20.75,-36.384338,1.7));
#14825=CARTESIAN_POINT('',(-36.4,-36.384338,1.7));
#14826=CARTESIAN_POINT('',(-10.3749999996865,-36.384338,1.7));
#14827=CARTESIAN_POINT('',(-20.75,-36.384338,5.3));
#14828=CARTESIAN_POINT('',(-20.75,-36.384338,1.6));
#14829=CARTESIAN_POINT('',(-36.4,-36.384338,5.3));
#14830=CARTESIAN_POINT('',(-20.75,-36.384338,5.3));
#14831=CARTESIAN_POINT('',(-36.4,-36.384338,1.6));
#14832=CARTESIAN_POINT('Origin',(-20.75,-52.0343380000001,1.6));
#14833=CARTESIAN_POINT('',(-20.75,-52.0343380000001,1.7));
#14834=CARTESIAN_POINT('',(-20.75,-26.0171505003118,1.7));
#14835=CARTESIAN_POINT('',(-20.75,-52.0343380000001,5.3));
#14836=CARTESIAN_POINT('',(-20.75,-52.0343380000001,1.6));
#14837=CARTESIAN_POINT('',(-20.75,-52.0343380000001,5.3));
#14838=CARTESIAN_POINT('Origin',(-36.4,-52.034338,1.6));
#14839=CARTESIAN_POINT('',(-36.4,-52.034338,1.7));
#14840=CARTESIAN_POINT('',(-18.1999999996865,-52.0343380000001,1.7));
#14841=CARTESIAN_POINT('',(-36.4,-52.034338,5.3));
#14842=CARTESIAN_POINT('',(-36.4,-52.034338,1.6));
#14843=CARTESIAN_POINT('',(-36.4,-52.034338,5.3));
#14844=CARTESIAN_POINT('Origin',(-36.4,-36.384338,1.6));
#14845=CARTESIAN_POINT('',(-36.4,-18.1921505003117,1.7));
#14846=CARTESIAN_POINT('',(-36.4,-36.384338,5.3));
#14847=CARTESIAN_POINT('Origin',(-28.575,-44.209338,5.3));
#14848=CARTESIAN_POINT('',(-21.575,-47.709338,5.3));
#14849=CARTESIAN_POINT('Origin',(-1.69999999999999,-36.384338,1.6));
#14850=CARTESIAN_POINT('',(-1.69999999999999,-36.384338,1.7));
#14851=CARTESIAN_POINT('',(-17.35,-36.384338,1.7));
#14852=CARTESIAN_POINT('',(-0.849999999686475,-36.384338,1.7));
#14853=CARTESIAN_POINT('',(-1.69999999999999,-36.384338,5.3));
#14854=CARTESIAN_POINT('',(-1.69999999999999,-36.384338,1.6));
#14855=CARTESIAN_POINT('',(-17.35,-36.384338,5.3));
#14856=CARTESIAN_POINT('',(-1.69999999999999,-36.384338,5.3));
#14857=CARTESIAN_POINT('',(-17.35,-36.384338,1.6));
#14858=CARTESIAN_POINT('Origin',(-1.7,-52.0343380000001,1.6));
#14859=CARTESIAN_POINT('',(-1.7,-52.0343380000001,1.7));
#14860=CARTESIAN_POINT('',(-1.69999999999999,-26.0171505003118,1.7));
#14861=CARTESIAN_POINT('',(-1.7,-52.0343380000001,5.3));
#14862=CARTESIAN_POINT('',(-1.7,-52.0343380000001,1.6));
#14863=CARTESIAN_POINT('',(-1.7,-52.0343380000001,5.3));
#14864=CARTESIAN_POINT('Origin',(-17.35,-52.034338,1.6));
#14865=CARTESIAN_POINT('',(-17.35,-52.034338,1.7));
#14866=CARTESIAN_POINT('',(-8.67499999968653,-52.034338,1.7));
#14867=CARTESIAN_POINT('',(-17.35,-52.034338,5.3));
#14868=CARTESIAN_POINT('',(-17.35,-52.034338,1.6));
#14869=CARTESIAN_POINT('',(-17.35,-52.034338,5.3));
#14870=CARTESIAN_POINT('Origin',(-17.35,-36.384338,1.6));
#14871=CARTESIAN_POINT('',(-17.35,-18.1921505003117,1.7));
#14872=CARTESIAN_POINT('',(-17.35,-36.384338,5.3));
#14873=CARTESIAN_POINT('Origin',(-9.52500000000001,-44.209338,5.3));
#14874=CARTESIAN_POINT('Origin',(17.35,-36.384338,1.6));
#14875=CARTESIAN_POINT('',(17.35,-36.384338,1.7));
#14876=CARTESIAN_POINT('',(1.69999999999998,-36.384338,1.7));
#14877=CARTESIAN_POINT('',(8.67500000031353,-36.384338,1.7));
#14878=CARTESIAN_POINT('',(17.35,-36.384338,5.3));
#14879=CARTESIAN_POINT('',(17.35,-36.384338,1.6));
#14880=CARTESIAN_POINT('',(1.69999999999998,-36.384338,5.3));
#14881=CARTESIAN_POINT('',(17.35,-36.384338,5.3));
#14882=CARTESIAN_POINT('',(1.69999999999998,-36.384338,1.6));
#14883=CARTESIAN_POINT('Origin',(17.35,-52.0343380000001,1.6));
#14884=CARTESIAN_POINT('',(17.35,-52.0343380000001,1.7));
#14885=CARTESIAN_POINT('',(17.35,-26.0171505003118,1.7));
#14886=CARTESIAN_POINT('',(17.35,-52.0343380000001,5.3));
#14887=CARTESIAN_POINT('',(17.35,-52.0343380000001,1.6));
#14888=CARTESIAN_POINT('',(17.35,-52.0343380000001,5.3));
#14889=CARTESIAN_POINT('Origin',(1.69999999999998,-52.034338,1.6));
#14890=CARTESIAN_POINT('',(1.69999999999998,-52.034338,1.7));
#14891=CARTESIAN_POINT('',(0.850000000313469,-52.034338,1.7));
#14892=CARTESIAN_POINT('',(1.69999999999998,-52.034338,5.3));
#14893=CARTESIAN_POINT('',(1.69999999999998,-52.034338,1.6));
#14894=CARTESIAN_POINT('',(1.69999999999998,-52.034338,5.3));
#14895=CARTESIAN_POINT('Origin',(1.69999999999998,-36.384338,1.6));
#14896=CARTESIAN_POINT('',(1.69999999999998,-18.1921505003117,1.7));
#14897=CARTESIAN_POINT('',(1.69999999999998,-36.384338,5.3));
#14898=CARTESIAN_POINT('Origin',(9.525,-44.209338,5.3));
#14899=CARTESIAN_POINT('',(16.525,-47.709338,5.3));
#14900=CARTESIAN_POINT('Origin',(-21.575,-51.209338,1.6));
#14901=CARTESIAN_POINT('Origin',(16.525,-51.209338,1.6));
#14902=CARTESIAN_POINT('Origin',(-21.575,-51.209338,1.6));
#14903=CARTESIAN_POINT('Origin',(16.525,-51.209338,1.6));
#14904=CARTESIAN_POINT('Origin',(21.575,0.890661999999995,1.6));
#14905=CARTESIAN_POINT('',(21.575,-51.209338,5.3));
#14906=CARTESIAN_POINT('',(21.575,-51.209338,1.6));
#14907=CARTESIAN_POINT('',(21.575,-40.709338,5.3));
#14908=CARTESIAN_POINT('Origin',(-16.525,-51.209338,1.6));
#14909=CARTESIAN_POINT('',(25.075,-51.209338,5.3));
#14910=CARTESIAN_POINT('Origin',(36.4,-36.384338,1.6));
#14911=CARTESIAN_POINT('',(36.4,-36.384338,1.7));
#14912=CARTESIAN_POINT('',(20.75,-36.384338,1.7));
#14913=CARTESIAN_POINT('',(18.2000000003135,-36.384338,1.7));
#14914=CARTESIAN_POINT('',(36.4,-36.384338,5.3));
#14915=CARTESIAN_POINT('',(36.4,-36.384338,1.6));
#14916=CARTESIAN_POINT('',(20.75,-36.384338,5.3));
#14917=CARTESIAN_POINT('',(36.4,-36.384338,5.3));
#14918=CARTESIAN_POINT('',(20.75,-36.384338,1.6));
#14919=CARTESIAN_POINT('Origin',(36.4,-52.0343380000001,1.6));
#14920=CARTESIAN_POINT('',(36.4,-52.0343380000001,1.7));
#14921=CARTESIAN_POINT('',(36.4,-26.0171505003118,1.7));
#14922=CARTESIAN_POINT('',(36.4,-52.0343380000001,5.3));
#14923=CARTESIAN_POINT('',(36.4,-52.0343380000001,1.6));
#14924=CARTESIAN_POINT('',(36.4,-52.0343380000001,5.3));
#14925=CARTESIAN_POINT('Origin',(20.75,-52.034338,1.6));
#14926=CARTESIAN_POINT('',(20.75,-52.034338,1.7));
#14927=CARTESIAN_POINT('',(10.3750000003135,-52.034338,1.7));
#14928=CARTESIAN_POINT('',(20.75,-52.034338,5.3));
#14929=CARTESIAN_POINT('',(20.75,-52.034338,1.6));
#14930=CARTESIAN_POINT('',(20.75,-52.034338,5.3));
#14931=CARTESIAN_POINT('Origin',(20.75,-36.384338,1.6));
#14932=CARTESIAN_POINT('',(20.75,-18.1921505003117,1.7));
#14933=CARTESIAN_POINT('',(20.75,-36.384338,5.3));
#14934=CARTESIAN_POINT('Origin',(28.575,-44.209338,5.3));
#14935=CARTESIAN_POINT('Origin',(6.27045082524091E-10,3.69993765358956E-5,
3.4));
#14936=CARTESIAN_POINT('',(-1.1,-4.93433799999998,3.4));
#14937=CARTESIAN_POINT('',(-1.1,-0.43433799999999,3.4));
#14938=CARTESIAN_POINT('',(-1.1,-4.93433799999998,3.4));
#14939=CARTESIAN_POINT('',(1.1,-0.43433799999999,3.4));
#14940=CARTESIAN_POINT('',(-1.1,-0.43433799999999,3.4));
#14941=CARTESIAN_POINT('',(1.1,-4.93433799999998,3.4));
#14942=CARTESIAN_POINT('',(1.1,-0.43433799999999,3.4));
#14943=CARTESIAN_POINT('',(1.1,-4.93433799999998,3.4));
#14944=CARTESIAN_POINT('Origin',(6.27045082524091E-10,3.69993765358956E-5,
3.4));
#14945=CARTESIAN_POINT('',(37.,-4.93433799999998,3.4));
#14946=CARTESIAN_POINT('',(37.,-0.43433799999999,3.4));
#14947=CARTESIAN_POINT('',(37.,-4.93433799999998,3.4));
#14948=CARTESIAN_POINT('',(39.2,-0.43433799999999,3.4));
#14949=CARTESIAN_POINT('',(37.,-0.43433799999999,3.4));
#14950=CARTESIAN_POINT('',(39.2,-4.93433799999998,3.4));
#14951=CARTESIAN_POINT('',(39.2,-0.43433799999999,3.4));
#14952=CARTESIAN_POINT('',(39.2,-4.93433799999998,3.4));
#14953=CARTESIAN_POINT('Origin',(6.27045082524091E-10,3.69993765358956E-5,
3.4));
#14954=CARTESIAN_POINT('',(-1.1,-23.984338,3.4));
#14955=CARTESIAN_POINT('',(-1.1,-19.484338,3.4));
#14956=CARTESIAN_POINT('',(-1.1,-23.984338,3.4));
#14957=CARTESIAN_POINT('',(1.1,-19.484338,3.4));
#14958=CARTESIAN_POINT('',(-1.1,-19.484338,3.4));
#14959=CARTESIAN_POINT('',(1.1,-23.984338,3.4));
#14960=CARTESIAN_POINT('',(1.1,-19.484338,3.4));
#14961=CARTESIAN_POINT('',(1.1,-23.984338,3.4));
#14962=CARTESIAN_POINT('Origin',(6.27045082524091E-10,3.69993765358956E-5,
3.4));
#14963=CARTESIAN_POINT('',(17.95,-43.034338,3.4));
#14964=CARTESIAN_POINT('',(17.95,-38.534338,3.4));
#14965=CARTESIAN_POINT('',(17.95,-43.034338,3.4));
#14966=CARTESIAN_POINT('',(20.15,-38.534338,3.4));
#14967=CARTESIAN_POINT('',(17.95,-38.534338,3.4));
#14968=CARTESIAN_POINT('',(20.15,-43.034338,3.4));
#14969=CARTESIAN_POINT('',(20.15,-38.534338,3.4));
#14970=CARTESIAN_POINT('',(20.15,-43.034338,3.4));
#14971=CARTESIAN_POINT('Origin',(6.27045082524091E-10,3.69993765358956E-5,
3.4));
#14972=CARTESIAN_POINT('',(-20.15,-43.034338,3.4));
#14973=CARTESIAN_POINT('',(-20.15,-38.534338,3.4));
#14974=CARTESIAN_POINT('',(-20.15,-43.034338,3.4));
#14975=CARTESIAN_POINT('',(-17.95,-38.534338,3.4));
#14976=CARTESIAN_POINT('',(-20.15,-38.534338,3.4));
#14977=CARTESIAN_POINT('',(-17.95,-43.034338,3.4));
#14978=CARTESIAN_POINT('',(-17.95,-38.534338,3.4));
#14979=CARTESIAN_POINT('',(-17.95,-43.034338,3.4));
#14980=CARTESIAN_POINT('Origin',(6.27045082524091E-10,3.69993765358956E-5,
3.4));
#14981=CARTESIAN_POINT('',(-20.15,-4.93433799999998,3.4));
#14982=CARTESIAN_POINT('',(-20.15,-0.43433799999999,3.4));
#14983=CARTESIAN_POINT('',(-20.15,-4.93433799999998,3.4));
#14984=CARTESIAN_POINT('',(-17.95,-0.43433799999999,3.4));
#14985=CARTESIAN_POINT('',(-20.15,-0.43433799999999,3.4));
#14986=CARTESIAN_POINT('',(-17.95,-4.93433799999998,3.4));
#14987=CARTESIAN_POINT('',(-17.95,-0.43433799999999,3.4));
#14988=CARTESIAN_POINT('',(-17.95,-4.93433799999998,3.4));
#14989=CARTESIAN_POINT('Origin',(6.27045082524091E-10,3.69993765358956E-5,
3.4));
#14990=CARTESIAN_POINT('',(-1.1,-43.034338,3.4));
#14991=CARTESIAN_POINT('',(-1.1,-38.534338,3.4));
#14992=CARTESIAN_POINT('',(-1.1,-43.034338,3.4));
#14993=CARTESIAN_POINT('',(1.1,-38.534338,3.4));
#14994=CARTESIAN_POINT('',(-1.1,-38.534338,3.4));
#14995=CARTESIAN_POINT('',(1.1,-43.034338,3.4));
#14996=CARTESIAN_POINT('',(1.1,-38.534338,3.4));
#14997=CARTESIAN_POINT('',(1.1,-43.034338,3.4));
#14998=CARTESIAN_POINT('Origin',(6.27045082524091E-10,3.69993765358956E-5,
3.4));
#14999=CARTESIAN_POINT('',(17.95,-4.93433799999998,3.4));
#15000=CARTESIAN_POINT('',(17.95,-0.43433799999999,3.4));
#15001=CARTESIAN_POINT('',(17.95,-4.93433799999998,3.4));
#15002=CARTESIAN_POINT('',(20.15,-0.43433799999999,3.4));
#15003=CARTESIAN_POINT('',(17.95,-0.43433799999999,3.4));
#15004=CARTESIAN_POINT('',(20.15,-4.93433799999998,3.4));
#15005=CARTESIAN_POINT('',(20.15,-0.43433799999999,3.4));
#15006=CARTESIAN_POINT('',(20.15,-4.93433799999998,3.4));
#15007=CARTESIAN_POINT('Origin',(6.27045082524091E-10,3.69993765358956E-5,
3.4));
#15008=CARTESIAN_POINT('',(37.,-23.984338,3.4));
#15009=CARTESIAN_POINT('',(37.,-19.484338,3.4));
#15010=CARTESIAN_POINT('',(37.,-23.984338,3.4));
#15011=CARTESIAN_POINT('',(39.2,-19.484338,3.4));
#15012=CARTESIAN_POINT('',(37.,-19.484338,3.4));
#15013=CARTESIAN_POINT('',(39.2,-23.984338,3.4));
#15014=CARTESIAN_POINT('',(39.2,-19.484338,3.4));
#15015=CARTESIAN_POINT('',(39.2,-23.984338,3.4));
#15016=CARTESIAN_POINT('Origin',(6.27045082524091E-10,3.69993765358956E-5,
3.4));
#15017=CARTESIAN_POINT('',(37.,14.115662,3.4));
#15018=CARTESIAN_POINT('',(37.,18.615662,3.4));
#15019=CARTESIAN_POINT('',(37.,14.115662,3.4));
#15020=CARTESIAN_POINT('',(39.2,18.615662,3.4));
#15021=CARTESIAN_POINT('',(37.,18.615662,3.4));
#15022=CARTESIAN_POINT('',(39.2,14.115662,3.4));
#15023=CARTESIAN_POINT('',(39.2,18.615662,3.4));
#15024=CARTESIAN_POINT('',(39.2,14.115662,3.4));
#15025=CARTESIAN_POINT('Origin',(6.27045082524091E-10,3.69993765358956E-5,
3.4));
#15026=CARTESIAN_POINT('',(17.95,-23.984338,3.4));
#15027=CARTESIAN_POINT('',(17.95,-19.484338,3.4));
#15028=CARTESIAN_POINT('',(17.95,-23.984338,3.4));
#15029=CARTESIAN_POINT('',(20.15,-19.484338,3.4));
#15030=CARTESIAN_POINT('',(17.95,-19.484338,3.4));
#15031=CARTESIAN_POINT('',(20.15,-23.984338,3.4));
#15032=CARTESIAN_POINT('',(20.15,-19.484338,3.4));
#15033=CARTESIAN_POINT('',(20.15,-23.984338,3.4));
#15034=CARTESIAN_POINT('Origin',(6.27045082524091E-10,3.69993765358956E-5,
3.4));
#15035=CARTESIAN_POINT('',(-20.15,-23.984338,3.4));
#15036=CARTESIAN_POINT('',(-20.15,-19.484338,3.4));
#15037=CARTESIAN_POINT('',(-20.15,-23.984338,3.4));
#15038=CARTESIAN_POINT('',(-17.95,-19.484338,3.4));
#15039=CARTESIAN_POINT('',(-20.15,-19.484338,3.4));
#15040=CARTESIAN_POINT('',(-17.95,-23.984338,3.4));
#15041=CARTESIAN_POINT('',(-17.95,-19.484338,3.4));
#15042=CARTESIAN_POINT('',(-17.95,-23.984338,3.4));
#15043=CARTESIAN_POINT('Origin',(6.27045082524091E-10,3.69993765358956E-5,
3.4));
#15044=CARTESIAN_POINT('',(37.,-43.034338,3.4));
#15045=CARTESIAN_POINT('',(37.,-38.534338,3.4));
#15046=CARTESIAN_POINT('',(37.,-43.034338,3.4));
#15047=CARTESIAN_POINT('',(39.2,-38.534338,3.4));
#15048=CARTESIAN_POINT('',(37.,-38.534338,3.4));
#15049=CARTESIAN_POINT('',(39.2,-43.034338,3.4));
#15050=CARTESIAN_POINT('',(39.2,-38.534338,3.4));
#15051=CARTESIAN_POINT('',(39.2,-43.034338,3.4));
#15052=CARTESIAN_POINT('Origin',(37.,-43.034338,1.6));
#15053=CARTESIAN_POINT('',(37.,-43.034338,1.7));
#15054=CARTESIAN_POINT('',(37.,-38.534338,1.7));
#15055=CARTESIAN_POINT('',(37.,-21.5171505003117,1.7));
#15056=CARTESIAN_POINT('',(37.,-38.534338,1.6));
#15057=CARTESIAN_POINT('',(37.,-43.034338,1.6));
#15058=CARTESIAN_POINT('Origin',(39.2,-43.034338,1.6));
#15059=CARTESIAN_POINT('',(39.2,-43.034338,1.7));
#15060=CARTESIAN_POINT('',(19.6000000003135,-43.034338,1.7));
#15061=CARTESIAN_POINT('',(39.2,-43.034338,1.6));
#15062=CARTESIAN_POINT('Origin',(39.2,-38.534338,1.6));
#15063=CARTESIAN_POINT('',(39.2,-38.534338,1.7));
#15064=CARTESIAN_POINT('',(39.2,-19.2671505003117,1.7));
#15065=CARTESIAN_POINT('',(39.2,-38.534338,1.6));
#15066=CARTESIAN_POINT('Origin',(37.,-38.534338,1.6));
#15067=CARTESIAN_POINT('',(18.5000000003135,-38.534338,1.7));
#15068=CARTESIAN_POINT('Origin',(-20.15,-23.984338,1.6));
#15069=CARTESIAN_POINT('',(-20.15,-23.984338,1.7));
#15070=CARTESIAN_POINT('',(-20.15,-19.484338,1.7));
#15071=CARTESIAN_POINT('',(-20.15,-11.9921505003117,1.7));
#15072=CARTESIAN_POINT('',(-20.15,-19.484338,1.6));
#15073=CARTESIAN_POINT('',(-20.15,-23.984338,1.6));
#15074=CARTESIAN_POINT('Origin',(-17.95,-23.984338,1.6));
#15075=CARTESIAN_POINT('',(-17.95,-23.984338,1.7));
#15076=CARTESIAN_POINT('',(-8.97499999968648,-23.984338,1.7));
#15077=CARTESIAN_POINT('',(-17.95,-23.984338,1.6));
#15078=CARTESIAN_POINT('Origin',(-17.95,-19.484338,1.6));
#15079=CARTESIAN_POINT('',(-17.95,-19.484338,1.7));
#15080=CARTESIAN_POINT('',(-17.95,-9.74215050031173,1.7));
#15081=CARTESIAN_POINT('',(-17.95,-19.484338,1.6));
#15082=CARTESIAN_POINT('Origin',(-20.15,-19.484338,1.6));
#15083=CARTESIAN_POINT('',(-10.0749999996865,-19.484338,1.7));
#15084=CARTESIAN_POINT('Origin',(-37.95,5.915662,1.6));
#15085=CARTESIAN_POINT('',(-36.75,5.915662,1.7));
#15086=CARTESIAN_POINT('',(-36.75,5.915662,1.6));
#15087=CARTESIAN_POINT('Origin',(-37.95,5.915662,1.7));
#15088=CARTESIAN_POINT('Origin',(17.95,-23.984338,1.6));
#15089=CARTESIAN_POINT('',(17.95,-23.984338,1.7));
#15090=CARTESIAN_POINT('',(17.95,-19.484338,1.7));
#15091=CARTESIAN_POINT('',(17.95,-11.9921505003117,1.7));
#15092=CARTESIAN_POINT('',(17.95,-19.484338,1.6));
#15093=CARTESIAN_POINT('',(17.95,-23.984338,1.6));
#15094=CARTESIAN_POINT('Origin',(20.15,-23.984338,1.6));
#15095=CARTESIAN_POINT('',(20.15,-23.984338,1.7));
#15096=CARTESIAN_POINT('',(10.0750000003135,-23.984338,1.7));
#15097=CARTESIAN_POINT('',(20.15,-23.984338,1.6));
#15098=CARTESIAN_POINT('Origin',(20.15,-19.484338,1.6));
#15099=CARTESIAN_POINT('',(20.15,-19.484338,1.7));
#15100=CARTESIAN_POINT('',(20.15,-9.74215050031173,1.7));
#15101=CARTESIAN_POINT('',(20.15,-19.484338,1.6));
#15102=CARTESIAN_POINT('Origin',(17.95,-19.484338,1.6));
#15103=CARTESIAN_POINT('',(8.97500000031352,-19.484338,1.7));
#15104=CARTESIAN_POINT('Origin',(37.,14.115662,1.6));
#15105=CARTESIAN_POINT('',(37.,14.115662,1.7));
#15106=CARTESIAN_POINT('',(37.,18.615662,1.7));
#15107=CARTESIAN_POINT('',(37.,7.05784949968828,1.7));
#15108=CARTESIAN_POINT('',(37.,18.615662,1.6));
#15109=CARTESIAN_POINT('',(37.,14.115662,1.6));
#15110=CARTESIAN_POINT('Origin',(39.2,14.115662,1.6));
#15111=CARTESIAN_POINT('',(39.2,14.115662,1.7));
#15112=CARTESIAN_POINT('',(19.6000000003135,14.115662,1.7));
#15113=CARTESIAN_POINT('',(39.2,14.115662,1.6));
#15114=CARTESIAN_POINT('Origin',(39.2,18.615662,1.6));
#15115=CARTESIAN_POINT('',(39.2,18.615662,1.7));
#15116=CARTESIAN_POINT('',(39.2,9.30784949968828,1.7));
#15117=CARTESIAN_POINT('',(39.2,18.615662,1.6));
#15118=CARTESIAN_POINT('Origin',(37.,18.615662,1.6));
#15119=CARTESIAN_POINT('',(18.5000000003135,18.615662,1.7));
#15120=CARTESIAN_POINT('Origin',(37.,-23.984338,1.6));
#15121=CARTESIAN_POINT('',(37.,-23.984338,1.7));
#15122=CARTESIAN_POINT('',(37.,-19.484338,1.7));
#15123=CARTESIAN_POINT('',(37.,-11.9921505003117,1.7));
#15124=CARTESIAN_POINT('',(37.,-19.484338,1.6));
#15125=CARTESIAN_POINT('',(37.,-23.984338,1.6));
#15126=CARTESIAN_POINT('Origin',(39.2,-23.984338,1.6));
#15127=CARTESIAN_POINT('',(39.2,-23.984338,1.7));
#15128=CARTESIAN_POINT('',(19.6000000003135,-23.984338,1.7));
#15129=CARTESIAN_POINT('',(39.2,-23.984338,1.6));
#15130=CARTESIAN_POINT('Origin',(39.2,-19.484338,1.6));
#15131=CARTESIAN_POINT('',(39.2,-19.484338,1.7));
#15132=CARTESIAN_POINT('',(39.2,-9.74215050031173,1.7));
#15133=CARTESIAN_POINT('',(39.2,-19.484338,1.6));
#15134=CARTESIAN_POINT('Origin',(37.,-19.484338,1.6));
#15135=CARTESIAN_POINT('',(18.5000000003135,-19.484338,1.7));
#15136=CARTESIAN_POINT('Origin',(17.95,-4.93433799999998,1.6));
#15137=CARTESIAN_POINT('',(17.95,-4.93433799999998,1.7));
#15138=CARTESIAN_POINT('',(17.95,-0.43433799999999,1.7));
#15139=CARTESIAN_POINT('',(17.95,-2.46715050031172,1.7));
#15140=CARTESIAN_POINT('',(17.95,-0.43433799999999,1.6));
#15141=CARTESIAN_POINT('',(17.95,-4.93433799999998,1.6));
#15142=CARTESIAN_POINT('Origin',(20.15,-4.93433799999998,1.6));
#15143=CARTESIAN_POINT('',(20.15,-4.93433799999998,1.7));
#15144=CARTESIAN_POINT('',(10.0750000003135,-4.93433799999998,1.7));
#15145=CARTESIAN_POINT('',(20.15,-4.93433799999998,1.6));
#15146=CARTESIAN_POINT('Origin',(20.15,-0.43433799999999,1.6));
#15147=CARTESIAN_POINT('',(20.15,-0.43433799999999,1.7));
#15148=CARTESIAN_POINT('',(20.15,-0.217150500311725,1.7));
#15149=CARTESIAN_POINT('',(20.15,-0.43433799999999,1.6));
#15150=CARTESIAN_POINT('Origin',(17.95,-0.43433799999999,1.6));
#15151=CARTESIAN_POINT('',(8.97500000031352,-0.43433799999999,1.7));
#15152=CARTESIAN_POINT('Origin',(-1.1,-43.034338,1.6));
#15153=CARTESIAN_POINT('',(-1.1,-43.034338,1.7));
#15154=CARTESIAN_POINT('',(-1.1,-38.534338,1.7));
#15155=CARTESIAN_POINT('',(-1.1,-21.5171505003117,1.7));
#15156=CARTESIAN_POINT('',(-1.1,-38.534338,1.6));
#15157=CARTESIAN_POINT('',(-1.1,-43.034338,1.6));
#15158=CARTESIAN_POINT('Origin',(1.1,-43.034338,1.6));
#15159=CARTESIAN_POINT('',(1.1,-43.034338,1.7));
#15160=CARTESIAN_POINT('',(0.550000000313524,-43.034338,1.7));
#15161=CARTESIAN_POINT('',(1.1,-43.034338,1.6));
#15162=CARTESIAN_POINT('Origin',(1.1,-38.534338,1.6));
#15163=CARTESIAN_POINT('',(1.1,-38.534338,1.7));
#15164=CARTESIAN_POINT('',(1.1,-19.2671505003117,1.7));
#15165=CARTESIAN_POINT('',(1.1,-38.534338,1.6));
#15166=CARTESIAN_POINT('Origin',(-1.1,-38.534338,1.6));
#15167=CARTESIAN_POINT('',(-0.549999999686479,-38.534338,1.7));
#15168=CARTESIAN_POINT('Origin',(-20.15,-4.93433799999998,1.6));
#15169=CARTESIAN_POINT('',(-20.15,-4.93433799999998,1.7));
#15170=CARTESIAN_POINT('',(-20.15,-0.43433799999999,1.7));
#15171=CARTESIAN_POINT('',(-20.15,-2.46715050031172,1.7));
#15172=CARTESIAN_POINT('',(-20.15,-0.43433799999999,1.6));
#15173=CARTESIAN_POINT('',(-20.15,-4.93433799999998,1.6));
#15174=CARTESIAN_POINT('Origin',(-17.95,-4.93433799999998,1.6));
#15175=CARTESIAN_POINT('',(-17.95,-4.93433799999998,1.7));
#15176=CARTESIAN_POINT('',(-8.97499999968648,-4.93433799999998,1.7));
#15177=CARTESIAN_POINT('',(-17.95,-4.93433799999998,1.6));
#15178=CARTESIAN_POINT('Origin',(-17.95,-0.43433799999999,1.6));
#15179=CARTESIAN_POINT('',(-17.95,-0.43433799999999,1.7));
#15180=CARTESIAN_POINT('',(-17.95,-0.217150500311725,1.7));
#15181=CARTESIAN_POINT('',(-17.95,-0.43433799999999,1.6));
#15182=CARTESIAN_POINT('Origin',(-20.15,-0.43433799999999,1.6));
#15183=CARTESIAN_POINT('',(-10.0749999996865,-0.43433799999999,1.7));
#15184=CARTESIAN_POINT('Origin',(-20.15,-43.034338,1.6));
#15185=CARTESIAN_POINT('',(-20.15,-43.034338,1.7));
#15186=CARTESIAN_POINT('',(-20.15,-38.534338,1.7));
#15187=CARTESIAN_POINT('',(-20.15,-21.5171505003117,1.7));
#15188=CARTESIAN_POINT('',(-20.15,-38.534338,1.6));
#15189=CARTESIAN_POINT('',(-20.15,-43.034338,1.6));
#15190=CARTESIAN_POINT('Origin',(-17.95,-43.034338,1.6));
#15191=CARTESIAN_POINT('',(-17.95,-43.034338,1.7));
#15192=CARTESIAN_POINT('',(-8.97499999968648,-43.034338,1.7));
#15193=CARTESIAN_POINT('',(-17.95,-43.034338,1.6));
#15194=CARTESIAN_POINT('Origin',(-17.95,-38.534338,1.6));
#15195=CARTESIAN_POINT('',(-17.95,-38.534338,1.7));
#15196=CARTESIAN_POINT('',(-17.95,-19.2671505003117,1.7));
#15197=CARTESIAN_POINT('',(-17.95,-38.534338,1.6));
#15198=CARTESIAN_POINT('Origin',(-20.15,-38.534338,1.6));
#15199=CARTESIAN_POINT('',(-10.0749999996865,-38.534338,1.7));
#15200=CARTESIAN_POINT('Origin',(17.95,-43.034338,1.6));
#15201=CARTESIAN_POINT('',(17.95,-43.034338,1.7));
#15202=CARTESIAN_POINT('',(17.95,-38.534338,1.7));
#15203=CARTESIAN_POINT('',(17.95,-21.5171505003117,1.7));
#15204=CARTESIAN_POINT('',(17.95,-38.534338,1.6));
#15205=CARTESIAN_POINT('',(17.95,-43.034338,1.6));
#15206=CARTESIAN_POINT('Origin',(20.15,-43.034338,1.6));
#15207=CARTESIAN_POINT('',(20.15,-43.034338,1.7));
#15208=CARTESIAN_POINT('',(10.0750000003135,-43.034338,1.7));
#15209=CARTESIAN_POINT('',(20.15,-43.034338,1.6));
#15210=CARTESIAN_POINT('Origin',(20.15,-38.534338,1.6));
#15211=CARTESIAN_POINT('',(20.15,-38.534338,1.7));
#15212=CARTESIAN_POINT('',(20.15,-19.2671505003117,1.7));
#15213=CARTESIAN_POINT('',(20.15,-38.534338,1.6));
#15214=CARTESIAN_POINT('Origin',(17.95,-38.534338,1.6));
#15215=CARTESIAN_POINT('',(8.97500000031352,-38.534338,1.7));
#15216=CARTESIAN_POINT('Origin',(-16.02875,36.568162,1.6));
#15217=CARTESIAN_POINT('',(-16.02875,41.768162,1.7));
#15218=CARTESIAN_POINT('',(-16.02875,18.2840994996883,1.7));
#15219=CARTESIAN_POINT('',(-16.02875,41.768162,1.6));
#15220=CARTESIAN_POINT('Origin',(-19.62875,22.968162,1.6));
#15221=CARTESIAN_POINT('',(-19.62875,22.968162,1.7));
#15222=CARTESIAN_POINT('',(-19.62875,22.968162,1.6));
#15223=CARTESIAN_POINT('',(-19.62875,11.4840994996883,1.7));
#15224=CARTESIAN_POINT('Origin',(-8.62875,22.968162,1.6));
#15225=CARTESIAN_POINT('',(-4.31437499968648,22.968162,1.7));
#15226=CARTESIAN_POINT('Origin',(-12.42875,41.768162,1.6));
#15227=CARTESIAN_POINT('',(-12.42875,41.768162,1.7));
#15228=CARTESIAN_POINT('',(-12.42875,41.768162,1.6));
#15229=CARTESIAN_POINT('',(-12.42875,20.8840994996883,1.7));
#15230=CARTESIAN_POINT('Origin',(-16.02875,41.768162,1.6));
#15231=CARTESIAN_POINT('',(-8.01437499968648,41.768162,1.7));
#15232=CARTESIAN_POINT('Origin',(-38.1,-53.734338,1.6));
#15233=CARTESIAN_POINT('',(-36.9,-53.734338,1.7));
#15234=CARTESIAN_POINT('',(-36.9,-53.734338,1.6));
#15235=CARTESIAN_POINT('Origin',(-38.1,-53.734338,1.7));
#15236=CARTESIAN_POINT('Origin',(38.1,-53.734338,1.6));
#15237=CARTESIAN_POINT('',(39.3,-53.734338,1.7));
#15238=CARTESIAN_POINT('',(39.3,-53.734338,1.6));
#15239=CARTESIAN_POINT('Origin',(38.1,-53.734338,1.7));
#15240=CARTESIAN_POINT('Origin',(-1.1,-23.984338,1.6));
#15241=CARTESIAN_POINT('',(-1.1,-23.984338,1.7));
#15242=CARTESIAN_POINT('',(-1.1,-19.484338,1.7));
#15243=CARTESIAN_POINT('',(-1.1,-11.9921505003117,1.7));
#15244=CARTESIAN_POINT('',(-1.1,-19.484338,1.6));
#15245=CARTESIAN_POINT('',(-1.1,-23.984338,1.6));
#15246=CARTESIAN_POINT('Origin',(1.1,-23.984338,1.6));
#15247=CARTESIAN_POINT('',(1.1,-23.984338,1.7));
#15248=CARTESIAN_POINT('',(0.550000000313524,-23.984338,1.7));
#15249=CARTESIAN_POINT('',(1.1,-23.984338,1.6));
#15250=CARTESIAN_POINT('Origin',(1.1,-19.484338,1.6));
#15251=CARTESIAN_POINT('',(1.1,-19.484338,1.7));
#15252=CARTESIAN_POINT('',(1.1,-9.74215050031173,1.7));
#15253=CARTESIAN_POINT('',(1.1,-19.484338,1.6));
#15254=CARTESIAN_POINT('Origin',(-1.1,-19.484338,1.6));
#15255=CARTESIAN_POINT('',(-0.549999999686479,-19.484338,1.7));
#15256=CARTESIAN_POINT('Origin',(37.,-4.93433799999998,1.6));
#15257=CARTESIAN_POINT('',(37.,-4.93433799999998,1.7));
#15258=CARTESIAN_POINT('',(37.,-0.43433799999999,1.7));
#15259=CARTESIAN_POINT('',(37.,-2.46715050031172,1.7));
#15260=CARTESIAN_POINT('',(37.,-0.43433799999999,1.6));
#15261=CARTESIAN_POINT('',(37.,-4.93433799999998,1.6));
#15262=CARTESIAN_POINT('Origin',(39.2,-4.93433799999998,1.6));
#15263=CARTESIAN_POINT('',(39.2,-4.93433799999998,1.7));
#15264=CARTESIAN_POINT('',(19.6000000003135,-4.93433799999998,1.7));
#15265=CARTESIAN_POINT('',(39.2,-4.93433799999998,1.6));
#15266=CARTESIAN_POINT('Origin',(39.2,-0.43433799999999,1.6));
#15267=CARTESIAN_POINT('',(39.2,-0.43433799999999,1.7));
#15268=CARTESIAN_POINT('',(39.2,-0.217150500311725,1.7));
#15269=CARTESIAN_POINT('',(39.2,-0.43433799999999,1.6));
#15270=CARTESIAN_POINT('Origin',(37.,-0.43433799999999,1.6));
#15271=CARTESIAN_POINT('',(18.5000000003135,-0.43433799999999,1.7));
#15272=CARTESIAN_POINT('Origin',(-1.1,-4.93433799999998,1.6));
#15273=CARTESIAN_POINT('',(-1.1,-4.93433799999998,1.7));
#15274=CARTESIAN_POINT('',(-1.1,-0.43433799999999,1.7));
#15275=CARTESIAN_POINT('',(-1.1,-2.46715050031172,1.7));
#15276=CARTESIAN_POINT('',(-1.1,-0.43433799999999,1.6));
#15277=CARTESIAN_POINT('',(-1.1,-4.93433799999998,1.6));
#15278=CARTESIAN_POINT('Origin',(1.1,-4.93433799999998,1.6));
#15279=CARTESIAN_POINT('',(1.1,-4.93433799999998,1.7));
#15280=CARTESIAN_POINT('',(0.550000000313524,-4.93433799999998,1.7));
#15281=CARTESIAN_POINT('',(1.1,-4.93433799999998,1.6));
#15282=CARTESIAN_POINT('Origin',(1.1,-0.43433799999999,1.6));
#15283=CARTESIAN_POINT('',(1.1,-0.43433799999999,1.7));
#15284=CARTESIAN_POINT('',(1.1,-0.217150500311725,1.7));
#15285=CARTESIAN_POINT('',(1.1,-0.43433799999999,1.6));
#15286=CARTESIAN_POINT('Origin',(-1.1,-0.43433799999999,1.6));
#15287=CARTESIAN_POINT('',(-0.549999999686479,-0.43433799999999,1.7));
#15288=CARTESIAN_POINT('Origin',(38.1,53.715662,1.6));
#15289=CARTESIAN_POINT('',(39.3,53.715662,1.7));
#15290=CARTESIAN_POINT('',(39.3,53.715662,1.6));
#15291=CARTESIAN_POINT('Origin',(38.1,53.715662,1.7));
#15292=CARTESIAN_POINT('Origin',(-5.3,56.1156620000001,1.6));
#15293=CARTESIAN_POINT('',(-10.7999999999932,56.115662,1.7));
#15294=CARTESIAN_POINT('',(-2.64999999968627,56.1156620000001,1.7));
#15295=CARTESIAN_POINT('',(-10.7999999999932,56.115662,1.6));
#15296=CARTESIAN_POINT('Origin',(21.2,36.6156620000001,1.6));
#15297=CARTESIAN_POINT('',(21.2,36.6156620000001,1.7));
#15298=CARTESIAN_POINT('',(21.2,36.6156620000001,1.6));
#15299=CARTESIAN_POINT('',(10.6000000003135,36.6156620000001,1.7));
#15300=CARTESIAN_POINT('Origin',(21.2,50.215662,1.6));
#15301=CARTESIAN_POINT('',(21.2,50.215662,1.7));
#15302=CARTESIAN_POINT('',(21.2,50.215662,1.6));
#15303=CARTESIAN_POINT('',(21.2,25.1078494996883,1.7));
#15304=CARTESIAN_POINT('Origin',(29.3,50.215662,1.6));
#15305=CARTESIAN_POINT('',(29.3,50.215662,1.7));
#15306=CARTESIAN_POINT('',(14.6500000003135,50.215662,1.7));
#15307=CARTESIAN_POINT('',(29.3,50.215662,1.6));
#15308=CARTESIAN_POINT('Origin',(29.3,52.215662,1.6));
#15309=CARTESIAN_POINT('',(29.3,54.215662,1.7));
#15310=CARTESIAN_POINT('Origin',(29.3,52.215662,1.7));
#15311=CARTESIAN_POINT('',(29.3,54.215662,1.6));
#15312=CARTESIAN_POINT('Origin',(21.2,54.215662,1.6));
#15313=CARTESIAN_POINT('',(10.6000000003135,54.215662,1.7));
#15314=CARTESIAN_POINT('Origin',(38.081249061611,53.715661061611,1.6));
#15315=CARTESIAN_POINT('',(40.4812499999998,53.715662,1.7));
#15316=CARTESIAN_POINT('Origin',(38.081249061611,53.715661061611,1.7));
#15317=CARTESIAN_POINT('',(40.4812499999998,53.715662,1.6));
#15318=CARTESIAN_POINT('Origin',(40.4812499999998,42.6969119999999,1.6));
#15319=CARTESIAN_POINT('',(40.4812499999999,21.3484744996883,1.7));
#15320=CARTESIAN_POINT('Origin',(40.4812499999998,31.9144120000001,1.6));
#15321=CARTESIAN_POINT('',(20.2406250003134,31.9144120000001,1.7));
#15322=CARTESIAN_POINT('Origin',(38.081327585617,-53.71566558561,1.6));
#15323=CARTESIAN_POINT('',(38.08125,-56.115587999993,1.7));
#15324=CARTESIAN_POINT('Origin',(38.081327585617,-53.71566558561,1.7));
#15325=CARTESIAN_POINT('',(38.08125,-56.115587999993,1.6));
#15326=CARTESIAN_POINT('Origin',(-38.08125,-56.115588,1.6));
#15327=CARTESIAN_POINT('',(-38.08125,-56.115588,1.7));
#15328=CARTESIAN_POINT('',(-19.0406249996839,-56.1155879999983,1.7));
#15329=CARTESIAN_POINT('',(-38.08125,-56.115588,1.6));
#15330=CARTESIAN_POINT('Origin',(-38.08124906161,-53.71558706161,1.6));
#15331=CARTESIAN_POINT('',(-40.48125,-53.715588,1.7));
#15332=CARTESIAN_POINT('Origin',(-38.08124906161,-53.71558706161,1.7));
#15333=CARTESIAN_POINT('',(-40.48125,-53.715588,1.6));
#15334=CARTESIAN_POINT('Origin',(-40.48125,33.015662,1.6));
#15335=CARTESIAN_POINT('',(-40.48125,33.015662,1.7));
#15336=CARTESIAN_POINT('',(-40.48125,33.015662,1.6));
#15337=CARTESIAN_POINT('',(-40.48125,16.5078494996883,1.7));
#15338=CARTESIAN_POINT('Origin',(-25.18125,33.015662,1.6));
#15339=CARTESIAN_POINT('',(-25.18125,33.015662,1.7));
#15340=CARTESIAN_POINT('',(-25.18125,33.015662,1.6));
#15341=CARTESIAN_POINT('',(-12.5906249996865,33.015662,1.7));
#15342=CARTESIAN_POINT('Origin',(-25.18125,52.415662,1.6));
#15343=CARTESIAN_POINT('',(-25.18125,26.2078494996883,1.7));
#15344=CARTESIAN_POINT('Origin',(-10.7999999999932,46.615662,1.6));
#15345=CARTESIAN_POINT('',(-10.7999999999932,46.615662,1.7));
#15346=CARTESIAN_POINT('',(-10.7999999999932,46.615662,1.6));
#15347=CARTESIAN_POINT('',(-5.39999999968309,46.615662,1.7));
#15348=CARTESIAN_POINT('Origin',(-10.7999999999932,56.115662,1.6));
#15349=CARTESIAN_POINT('',(-10.7999999999932,28.0578494996883,1.7));
#15350=CARTESIAN_POINT('Origin',(6.27045082524091E-10,3.69993765403365E-5,
1.7));
#15351=CARTESIAN_POINT('Origin',(6.40000000031354,51.255662,10.675));
#15352=CARTESIAN_POINT('',(13.3,51.505662,9.925));
#15353=CARTESIAN_POINT('',(12.8,51.005662,11.425));
#15354=CARTESIAN_POINT('',(13.2860200429635,51.4916820429635,9.96693987110956));
#15355=CARTESIAN_POINT('',(40.0999999999999,51.505662,9.925));
#15356=CARTESIAN_POINT('',(6.40000000031354,51.505662,9.925));
#15357=CARTESIAN_POINT('',(40.5999999999999,51.005662,11.425));
#15358=CARTESIAN_POINT('',(38.2685254116105,53.3371365883895,4.43057623483151));
#15359=CARTESIAN_POINT('',(6.40000000031354,51.005662,11.425));
#15360=CARTESIAN_POINT('Origin',(13.05,51.255662,6.727519685039));
#15361=CARTESIAN_POINT('',(12.8,51.005662,7.027519685039));
#15362=CARTESIAN_POINT('',(12.8,51.005662,6.727519685039));
#15363=CARTESIAN_POINT('',(13.3,51.505662,7.027519685039));
#15364=CARTESIAN_POINT('',(-3.02640624999912,35.179255750001,7.027519685039));
#15365=CARTESIAN_POINT('',(13.3,51.505662,6.727519685039));
#15366=CARTESIAN_POINT('Origin',(6.27080609660879E-10,3.69993765092502E-5,
11.425));
#15367=CARTESIAN_POINT('',(40.5999999999999,23.4056620000001,11.425));
#15368=CARTESIAN_POINT('',(40.5999999999999,25.8528494996883,11.425));
#15369=CARTESIAN_POINT('',(12.8,23.4056620000001,11.425));
#15370=CARTESIAN_POINT('',(20.3000000003135,23.4056620000001,11.425));
#15371=CARTESIAN_POINT('',(12.8,11.4528494996883,11.425));
#15372=CARTESIAN_POINT('',(25.4,25.505662,11.425));
#15373=CARTESIAN_POINT('',(31.75,25.505662,11.425));
#15374=CARTESIAN_POINT('',(17.6250000003135,25.505662,11.425));
#15375=CARTESIAN_POINT('',(35.05,28.805662,11.425));
#15376=CARTESIAN_POINT('Origin',(31.75,28.805662,11.425));
#15377=CARTESIAN_POINT('',(35.05,46.005662,11.425));
#15378=CARTESIAN_POINT('',(35.05,25.1528494996883,11.425));
#15379=CARTESIAN_POINT('',(31.75,49.305662,11.425));
#15380=CARTESIAN_POINT('Origin',(31.75,46.005662,11.425));
#15381=CARTESIAN_POINT('',(25.4,49.305662,11.425));
#15382=CARTESIAN_POINT('',(10.9500000003135,49.305662,11.425));
#15383=CARTESIAN_POINT('',(22.1,46.005662,11.425));
#15384=CARTESIAN_POINT('Origin',(25.4,46.005662,11.425));
#15385=CARTESIAN_POINT('',(22.1,28.805662,11.425));
#15386=CARTESIAN_POINT('',(22.1,12.1528494996883,11.425));
#15387=CARTESIAN_POINT('Origin',(25.4,28.805662,11.425));
#15388=CARTESIAN_POINT('Origin',(20.3000000003135,23.1556620000001,10.675));
#15389=CARTESIAN_POINT('',(40.0999999999999,22.9056620000001,9.925));
#15390=CARTESIAN_POINT('',(38.9003435934286,21.7060055934288,6.32603078028599));
#15391=CARTESIAN_POINT('',(13.3,22.9056620000001,9.925));
#15392=CARTESIAN_POINT('',(20.3000000003135,22.9056620000001,9.925));
#15393=CARTESIAN_POINT('',(13.9178382247817,22.2878237752184,8.07148532565502));
#15394=CARTESIAN_POINT('Origin',(40.3499999999999,23.1556620000001,6.727519685039));
#15395=CARTESIAN_POINT('',(40.5999999999999,23.4056620000001,7.027519685039));
#15396=CARTESIAN_POINT('',(40.5999999999999,23.4056620000001,6.727519685039));
#15397=CARTESIAN_POINT('',(40.0999999999999,22.9056620000001,7.027519685039));
#15398=CARTESIAN_POINT('',(24.4735937500008,7.27925575000098,7.027519685039));
#15399=CARTESIAN_POINT('',(40.0999999999999,22.9056620000001,6.727519685039));
#15400=CARTESIAN_POINT('Origin',(31.75,46.005662,12.125));
#15401=CARTESIAN_POINT('',(31.75,49.905662,12.425));
#15402=CARTESIAN_POINT('',(31.75,49.305662,11.825));
#15403=CARTESIAN_POINT('',(31.75,49.905662,12.425));
#15404=CARTESIAN_POINT('',(35.05,46.005662,11.825));
#15405=CARTESIAN_POINT('Origin',(31.75,46.005662,11.825));
#15406=CARTESIAN_POINT('',(35.65,46.005662,12.425));
#15407=CARTESIAN_POINT('',(35.05,46.005662,11.825));
#15408=CARTESIAN_POINT('Origin',(31.75,46.005662,12.425));
#15409=CARTESIAN_POINT('Origin',(10.9500000003135,49.605662,12.125));
#15410=CARTESIAN_POINT('',(25.4,49.905662,12.425));
#15411=CARTESIAN_POINT('',(10.9500000003135,49.905662,12.425));
#15412=CARTESIAN_POINT('',(25.4,49.305662,11.825));
#15413=CARTESIAN_POINT('',(25.4,49.905662,12.425));
#15414=CARTESIAN_POINT('',(10.9500000003135,49.305662,11.825));
#15415=CARTESIAN_POINT('Origin',(25.4,46.005662,12.125));
#15416=CARTESIAN_POINT('',(21.5,46.005662,12.425));
#15417=CARTESIAN_POINT('',(22.1,46.005662,11.825));
#15418=CARTESIAN_POINT('',(21.5,46.005662,12.425));
#15419=CARTESIAN_POINT('Origin',(25.4,46.005662,11.825));
#15420=CARTESIAN_POINT('Origin',(25.4,46.005662,12.425));
#15421=CARTESIAN_POINT('Origin',(21.8,12.1528494996883,12.125));
#15422=CARTESIAN_POINT('',(21.5,28.805662,12.425));
#15423=CARTESIAN_POINT('',(21.5,12.1528494996883,12.425));
#15424=CARTESIAN_POINT('',(22.1,28.805662,11.825));
#15425=CARTESIAN_POINT('',(21.5,28.805662,12.425));
#15426=CARTESIAN_POINT('',(22.1,12.1528494996883,11.825));
#15427=CARTESIAN_POINT('Origin',(25.4,28.805662,12.125));
#15428=CARTESIAN_POINT('',(25.4,24.905662,12.425));
#15429=CARTESIAN_POINT('',(25.4,25.505662,11.825));
#15430=CARTESIAN_POINT('',(25.4,24.905662,12.425));
#15431=CARTESIAN_POINT('Origin',(25.4,28.805662,11.825));
#15432=CARTESIAN_POINT('Origin',(25.4,28.805662,12.425));
#15433=CARTESIAN_POINT('Origin',(17.6250000003135,25.205662,12.125));
#15434=CARTESIAN_POINT('',(31.75,24.905662,12.425));
#15435=CARTESIAN_POINT('',(17.6250000003135,24.905662,12.425));
#15436=CARTESIAN_POINT('',(31.75,25.505662,11.825));
#15437=CARTESIAN_POINT('',(31.75,24.905662,12.425));
#15438=CARTESIAN_POINT('',(17.6250000003135,25.505662,11.825));
#15439=CARTESIAN_POINT('Origin',(31.75,28.805662,12.125));
#15440=CARTESIAN_POINT('',(35.65,28.805662,12.425));
#15441=CARTESIAN_POINT('',(35.05,28.805662,11.825));
#15442=CARTESIAN_POINT('',(35.65,28.805662,12.425));
#15443=CARTESIAN_POINT('Origin',(31.75,28.805662,11.825));
#15444=CARTESIAN_POINT('Origin',(31.75,28.805662,12.425));
#15445=CARTESIAN_POINT('Origin',(35.35,25.1528494996883,12.125));
#15446=CARTESIAN_POINT('',(35.65,25.1528494996883,12.425));
#15447=CARTESIAN_POINT('',(35.05,25.1528494996883,11.825));
#15448=CARTESIAN_POINT('Origin',(35.25,25.505662,11.425));
#15449=CARTESIAN_POINT('',(31.75,25.505662,11.425));
#15450=CARTESIAN_POINT('',(25.4,25.505662,11.425));
#15451=CARTESIAN_POINT('Origin',(31.75,28.805662,11.425));
#15452=CARTESIAN_POINT('',(35.05,28.805662,11.425));
#15453=CARTESIAN_POINT('Origin',(35.05,50.305662,11.425));
#15454=CARTESIAN_POINT('',(35.05,46.005662,11.425));
#15455=CARTESIAN_POINT('Origin',(31.75,46.005662,11.425));
#15456=CARTESIAN_POINT('',(31.75,49.305662,11.425));
#15457=CARTESIAN_POINT('Origin',(6.27080609660879E-10,3.69993765092502E-5,
12.425));
#15458=CARTESIAN_POINT('',(40.9812499999997,53.7156625864929,12.425));
#15459=CARTESIAN_POINT('',(40.9812499999999,-53.7155637537131,12.425));
#15460=CARTESIAN_POINT('',(40.9812499999997,26.8578497929347,12.425));
#15461=CARTESIAN_POINT('',(38.0812497593875,56.6156619999999,12.425));
#15462=CARTESIAN_POINT('Origin',(38.081249061611,53.715661061611,12.425));
#15463=CARTESIAN_POINT('',(-38.08125,56.615662,12.425));
#15464=CARTESIAN_POINT('',(-19.0406249996864,56.615662,12.425));
#15465=CARTESIAN_POINT('',(-40.9812499999998,53.7156623408677,12.425));
#15466=CARTESIAN_POINT('Origin',(-38.081249061611,53.715661061611,12.425));
#15467=CARTESIAN_POINT('',(-40.9812499999998,-53.7155887819914,12.425));
#15468=CARTESIAN_POINT('',(-40.9812499999998,-26.8577758913074,12.425));
#15469=CARTESIAN_POINT('',(-38.0812497593879,-56.6155880000001,12.425));
#15470=CARTESIAN_POINT('Origin',(-38.08124906161,-53.71558706161,12.425));
#15471=CARTESIAN_POINT('',(38.081225753709,-56.6155879999175,12.425));
#15472=CARTESIAN_POINT('',(19.0406128772216,-56.6155879999536,12.425));
#15473=CARTESIAN_POINT('Origin',(38.081327585617,-53.71566558561,12.425));
#15474=CARTESIAN_POINT('',(38.6,-48.3975847631853,12.425));
#15475=CARTESIAN_POINT('',(38.6,19.165662,12.425));
#15476=CARTESIAN_POINT('',(38.6,11.2328494996883,12.425));
#15477=CARTESIAN_POINT('',(36.989087296526,-52.2866720597113,12.425));
#15478=CARTESIAN_POINT('Origin',(33.1,-48.3975847631853,12.425));
#15479=CARTESIAN_POINT('',(36.6523340597113,-52.623425296526,12.425));
#15480=CARTESIAN_POINT('',(41.5457257843568,-47.7300335718805,12.425));
#15481=CARTESIAN_POINT('',(32.7632467631853,-54.234338,12.425));
#15482=CARTESIAN_POINT('Origin',(32.7632467631853,-48.734338,12.425));
#15483=CARTESIAN_POINT('',(-32.7632467631853,-54.234338,12.425));
#15484=CARTESIAN_POINT('',(17.4171572878389,-54.234338,12.425));
#15485=CARTESIAN_POINT('',(-36.6523340597113,-52.623425296526,12.425));
#15486=CARTESIAN_POINT('Origin',(-32.7632467631853,-48.734338,12.425));
#15487=CARTESIAN_POINT('',(-36.989087296526,-52.2866720597113,12.425));
#15488=CARTESIAN_POINT('',(-39.9128830715687,-49.3628762846686,12.425));
#15489=CARTESIAN_POINT('',(-38.6,-48.3975847631853,12.425));
#15490=CARTESIAN_POINT('Origin',(-33.1,-48.3975847631853,12.425));
#15491=CARTESIAN_POINT('',(-38.6,0.115662000000021,12.425));
#15492=CARTESIAN_POINT('',(-38.6,-25.2343077878371,12.425));
#15493=CARTESIAN_POINT('',(-34.8,3.91566200000002,12.425));
#15494=CARTESIAN_POINT('Origin',(-34.8,0.115662000000021,12.425));
#15495=CARTESIAN_POINT('',(15.75,3.91566199999999,12.425));
#15496=CARTESIAN_POINT('',(-19.0499999996865,3.91566200000001,12.425));
#15497=CARTESIAN_POINT('',(18.55,6.71566199999999,12.425));
#15498=CARTESIAN_POINT('Origin',(15.75,6.71566199999999,12.425));
#15499=CARTESIAN_POINT('',(18.55,19.165662,12.425));
#15500=CARTESIAN_POINT('',(18.55,1.70784949968826,12.425));
#15501=CARTESIAN_POINT('',(22.35,22.965662,12.425));
#15502=CARTESIAN_POINT('Origin',(22.35,19.165662,12.425));
#15503=CARTESIAN_POINT('',(34.8,22.965662,12.425));
#15504=CARTESIAN_POINT('',(9.52500000031352,22.965662,12.425));
#15505=CARTESIAN_POINT('Origin',(34.8,19.165662,12.425));
#15506=CARTESIAN_POINT('',(-39.82875,29.768162,12.425));
#15507=CARTESIAN_POINT('Origin',(-14.12875,29.768162,12.425));
#15508=CARTESIAN_POINT('Origin',(38.35,11.2328494996883,12.175));
#15509=CARTESIAN_POINT('',(38.1,-48.3975847631853,11.925));
#15510=CARTESIAN_POINT('',(38.1,-48.3975847631853,11.925));
#15511=CARTESIAN_POINT('',(38.1,19.165662,11.925));
#15512=CARTESIAN_POINT('',(38.6,19.165662,12.425));
#15513=CARTESIAN_POINT('',(38.1,11.2328494996883,11.925));
#15514=CARTESIAN_POINT('Origin',(33.1,-48.3975847631853,12.175));
#15515=CARTESIAN_POINT('',(36.6355339059327,-51.933118669118,11.925));
#15516=CARTESIAN_POINT('Origin',(33.1,-48.3975847631853,11.925));
#15517=CARTESIAN_POINT('',(36.6355339059327,-51.933118669118,11.925));
#15518=CARTESIAN_POINT('Origin',(41.3689490890602,-47.5532568765838,12.175));
#15519=CARTESIAN_POINT('',(36.298780669118,-52.2698719059327,11.925));
#15520=CARTESIAN_POINT('',(36.298780669118,-52.2698719059327,11.925));
#15521=CARTESIAN_POINT('',(41.1921723937636,-47.3764801812872,11.925));
#15522=CARTESIAN_POINT('Origin',(32.7632467631853,-48.734338,12.175));
#15523=CARTESIAN_POINT('',(32.7632467631853,-53.734338,11.925));
#15524=CARTESIAN_POINT('Origin',(32.7632467631853,-48.734338,11.925));
#15525=CARTESIAN_POINT('',(32.7632467631853,-53.734338,11.925));
#15526=CARTESIAN_POINT('Origin',(17.4171572878389,-53.984338,12.175));
#15527=CARTESIAN_POINT('',(-32.7632467631853,-53.734338,11.925));
#15528=CARTESIAN_POINT('',(-32.7632467631853,-53.734338,11.925));
#15529=CARTESIAN_POINT('',(17.4171572878389,-53.734338,11.925));
#15530=CARTESIAN_POINT('Origin',(-32.7632467631853,-48.734338,12.175));
#15531=CARTESIAN_POINT('',(-36.298780669118,-52.2698719059328,11.925));
#15532=CARTESIAN_POINT('Origin',(-32.7632467631853,-48.734338,11.925));
#15533=CARTESIAN_POINT('',(-36.298780669118,-52.2698719059328,11.925));
#15534=CARTESIAN_POINT('Origin',(-39.736106376272,-49.186099589372,12.175));
#15535=CARTESIAN_POINT('',(-36.6355339059327,-51.933118669118,11.925));
#15536=CARTESIAN_POINT('',(-36.6355339059327,-51.933118669118,11.925));
#15537=CARTESIAN_POINT('',(-39.5593296809754,-49.0093228940754,11.925));
#15538=CARTESIAN_POINT('Origin',(-33.1,-48.3975847631853,12.175));
#15539=CARTESIAN_POINT('',(-38.1,-48.3975847631853,11.925));
#15540=CARTESIAN_POINT('Origin',(-33.1,-48.3975847631853,11.925));
#15541=CARTESIAN_POINT('',(-38.1,-48.3975847631853,11.925));
#15542=CARTESIAN_POINT('Origin',(-38.35,-25.2343077878371,12.175));
#15543=CARTESIAN_POINT('',(-38.1,0.115662000000019,11.925));
#15544=CARTESIAN_POINT('',(-38.1,0.115662000000019,11.925));
#15545=CARTESIAN_POINT('',(-38.1,-25.2343077878371,11.925));
#15546=CARTESIAN_POINT('Origin',(-34.8,0.115662000000021,12.175));
#15547=CARTESIAN_POINT('',(-34.8,3.41566200000002,11.925));
#15548=CARTESIAN_POINT('Origin',(-34.8,0.115662000000021,11.925));
#15549=CARTESIAN_POINT('',(-34.8,3.41566200000002,11.925));
#15550=CARTESIAN_POINT('Origin',(-19.0499999996865,3.66566200000001,12.175));
#15551=CARTESIAN_POINT('',(15.75,3.41566199999999,11.925));
#15552=CARTESIAN_POINT('',(15.75,3.41566199999999,11.925));
#15553=CARTESIAN_POINT('',(-19.0499999996865,3.41566200000001,11.925));
#15554=CARTESIAN_POINT('Origin',(15.75,6.71566199999999,12.175));
#15555=CARTESIAN_POINT('',(19.05,6.71566199999999,11.925));
#15556=CARTESIAN_POINT('Origin',(15.75,6.71566199999999,11.925));
#15557=CARTESIAN_POINT('',(19.05,6.71566199999999,11.925));
#15558=CARTESIAN_POINT('Origin',(18.8,1.70784949968826,12.175));
#15559=CARTESIAN_POINT('',(19.05,19.165662,11.925));
#15560=CARTESIAN_POINT('',(19.05,19.165662,11.925));
#15561=CARTESIAN_POINT('',(19.05,1.70784949968826,11.925));
#15562=CARTESIAN_POINT('Origin',(22.35,19.165662,12.175));
#15563=CARTESIAN_POINT('',(22.35,22.465662,11.925));
#15564=CARTESIAN_POINT('Origin',(22.35,19.165662,11.925));
#15565=CARTESIAN_POINT('',(22.35,22.465662,11.925));
#15566=CARTESIAN_POINT('Origin',(9.52500000031352,22.715662,12.175));
#15567=CARTESIAN_POINT('',(34.8,22.465662,11.925));
#15568=CARTESIAN_POINT('',(34.8,22.465662,11.925));
#15569=CARTESIAN_POINT('',(9.52500000031352,22.465662,11.925));
#15570=CARTESIAN_POINT('Origin',(34.8,19.165662,12.175));
#15571=CARTESIAN_POINT('Origin',(34.8,19.165662,11.925));
#15572=CARTESIAN_POINT('Origin',(-33.1,-48.3975847631853,6.727519685039));
#15573=CARTESIAN_POINT('',(-36.6355339059327,-51.933118669118,7.027519685039));
#15574=CARTESIAN_POINT('',(-36.6355339059327,-51.933118669118,6.727519685039));
#15575=CARTESIAN_POINT('',(-38.1,-48.3975847631853,7.027519685039));
#15576=CARTESIAN_POINT('Origin',(-33.1,-48.3975847631853,7.027519685039));
#15577=CARTESIAN_POINT('',(-38.1,-48.3975847631853,6.727519685039));
#15578=CARTESIAN_POINT('Origin',(-34.8343145750508,-53.734338,6.727519685039));
#15579=CARTESIAN_POINT('',(-36.298780669118,-52.2698719059328,7.027519685039));
#15580=CARTESIAN_POINT('',(-36.298780669118,-52.2698719059328,6.727519685039));
#15581=CARTESIAN_POINT('',(-39.5593296809754,-49.0093228940754,7.027519685039));
#15582=CARTESIAN_POINT('Origin',(-32.7632467631853,-48.734338,6.727519685039));
#15583=CARTESIAN_POINT('',(-32.7632467631853,-53.734338,7.027519685039));
#15584=CARTESIAN_POINT('',(-32.7632467631853,-53.734338,6.727519685039));
#15585=CARTESIAN_POINT('Origin',(-32.7632467631853,-48.734338,7.027519685039));
#15586=CARTESIAN_POINT('Origin',(34.8343145750508,-53.734338,6.727519685039));
#15587=CARTESIAN_POINT('',(32.7632467631853,-53.734338,7.027519685039));
#15588=CARTESIAN_POINT('',(32.7632467631853,-53.734338,6.727519685039));
#15589=CARTESIAN_POINT('',(17.4171572878389,-53.734338,7.027519685039));
#15590=CARTESIAN_POINT('Origin',(32.7632467631853,-48.734338,6.727519685039));
#15591=CARTESIAN_POINT('',(36.298780669118,-52.2698719059327,7.027519685039));
#15592=CARTESIAN_POINT('',(36.298780669118,-52.2698719059327,6.727519685039));
#15593=CARTESIAN_POINT('Origin',(32.7632467631853,-48.734338,7.027519685039));
#15594=CARTESIAN_POINT('Origin',(38.1,-50.4686525750508,6.727519685039));
#15595=CARTESIAN_POINT('',(36.6355339059327,-51.933118669118,7.027519685039));
#15596=CARTESIAN_POINT('',(36.6355339059327,-51.933118669118,6.727519685039));
#15597=CARTESIAN_POINT('',(41.1921723937636,-47.3764801812872,7.027519685039));
#15598=CARTESIAN_POINT('Origin',(33.1,-48.3975847631853,6.727519685039));
#15599=CARTESIAN_POINT('',(38.1,-48.3975847631853,7.027519685039));
#15600=CARTESIAN_POINT('',(38.1,-48.3975847631853,6.727519685039));
#15601=CARTESIAN_POINT('Origin',(33.1,-48.3975847631853,7.027519685039));
#15602=CARTESIAN_POINT('Origin',(38.1,22.465662,6.727519685039));
#15603=CARTESIAN_POINT('',(38.1,19.165662,7.027519685039));
#15604=CARTESIAN_POINT('',(38.1,19.165662,6.727519685039));
#15605=CARTESIAN_POINT('',(38.1,11.2328494996883,7.027519685039));
#15606=CARTESIAN_POINT('Origin',(-38.1,-50.4686525750508,6.727519685039));
#15607=CARTESIAN_POINT('',(-38.1,0.115662000000021,7.027519685039));
#15608=CARTESIAN_POINT('',(-38.1,-25.2343077878371,7.027519685039));
#15609=CARTESIAN_POINT('',(-38.1,0.115662000000019,6.727519685039));
#15610=CARTESIAN_POINT('Origin',(12.8,51.505662,6.727519685039));
#15611=CARTESIAN_POINT('',(40.0999999999999,51.505662,7.027519685039));
#15612=CARTESIAN_POINT('',(6.40000000031354,51.505662,7.027519685039));
#15613=CARTESIAN_POINT('',(40.0999999999999,51.505662,6.727519685039));
#15614=CARTESIAN_POINT('Origin',(40.3499999999999,51.255662,6.727519685039));
#15615=CARTESIAN_POINT('',(40.5999999999999,51.005662,7.027519685039));
#15616=CARTESIAN_POINT('',(43.0764062503128,48.5292557496871,7.027519685039));
#15617=CARTESIAN_POINT('',(40.5999999999999,51.005662,6.727519685039));
#15618=CARTESIAN_POINT('Origin',(40.5999999999999,51.705662,6.727519685039));
#15619=CARTESIAN_POINT('',(40.5999999999999,25.8528494996883,7.027519685039));
#15620=CARTESIAN_POINT('Origin',(12.8,22.9056620000001,6.727519685039));
#15621=CARTESIAN_POINT('',(12.8,23.4056620000001,7.027519685039));
#15622=CARTESIAN_POINT('',(12.8,23.4056620000001,6.727519685039));
#15623=CARTESIAN_POINT('',(12.8,11.4528494996883,7.027519685039));
#15624=CARTESIAN_POINT('Origin',(25.4,28.805662,11.425));
#15625=CARTESIAN_POINT('',(22.1,28.805662,11.425));
#15626=CARTESIAN_POINT('Origin',(22.1,24.305662,11.425));
#15627=CARTESIAN_POINT('',(22.1,46.005662,11.425));
#15628=CARTESIAN_POINT('Origin',(25.4,46.005662,11.425));
#15629=CARTESIAN_POINT('',(25.4,49.305662,11.425));
#15630=CARTESIAN_POINT('Origin',(21.9,49.305662,11.425));
#15631=CARTESIAN_POINT('Origin',(15.75,6.71566199999999,6.727519685039));
#15632=CARTESIAN_POINT('',(15.75,3.41566199999999,7.027519685039));
#15633=CARTESIAN_POINT('',(15.75,3.41566199999999,6.727519685039));
#15634=CARTESIAN_POINT('',(19.05,6.71566199999999,7.027519685039));
#15635=CARTESIAN_POINT('Origin',(15.75,6.71566199999999,7.027519685039));
#15636=CARTESIAN_POINT('',(19.05,6.71566199999999,6.727519685039));
#15637=CARTESIAN_POINT('Origin',(6.27080609660879E-10,3.69993765136911E-5,
7.027519685039));
#15638=CARTESIAN_POINT('',(40.6812499999998,53.715662,7.027519685039));
#15639=CARTESIAN_POINT('',(40.6812499998955,-53.7155815343235,7.027519685039));
#15640=CARTESIAN_POINT('',(40.681249999929,-26.8577722674989,7.027519685039));
#15641=CARTESIAN_POINT('',(38.08125,-56.315587999993,7.027519685039));
#15642=CARTESIAN_POINT('Origin',(38.081327585617,-53.71566558561,7.027519685039));
#15643=CARTESIAN_POINT('',(-38.0812500781991,-56.315588,7.027519685039));
#15644=CARTESIAN_POINT('',(-19.0406250387834,-56.3155879999982,7.027519685039));
#15645=CARTESIAN_POINT('',(-40.68125,-53.715588,7.027519685039));
#15646=CARTESIAN_POINT('Origin',(-38.08124906161,-53.71558706161,7.027519685039));
#15647=CARTESIAN_POINT('',(-40.6812499999466,53.715677746047,7.027519685039));
#15648=CARTESIAN_POINT('',(-40.6812500000359,26.8578573727723,7.027519685039));
#15649=CARTESIAN_POINT('',(-38.0812496390812,56.3156620000001,7.027519685039));
#15650=CARTESIAN_POINT('Origin',(-38.081249061611,53.715661061611,7.027519685039));
#15651=CARTESIAN_POINT('',(38.0812500781991,56.3156619999998,7.027519685039));
#15652=CARTESIAN_POINT('',(19.0406250394133,56.315662,7.027519685039));
#15653=CARTESIAN_POINT('Origin',(38.081249061611,53.715661061611,7.027519685039));
#15654=CARTESIAN_POINT('',(13.3,22.9056620000001,7.027519685039));
#15655=CARTESIAN_POINT('',(15.5764062503126,20.6292557496874,7.027519685039));
#15656=CARTESIAN_POINT('',(20.3000000003135,22.9056620000001,7.027519685039));
#15657=CARTESIAN_POINT('',(-16.7999999999932,50.365662,7.027519685039));
#15658=CARTESIAN_POINT('',(-16.7999999999932,48.865662,7.027519685039));
#15659=CARTESIAN_POINT('',(-16.7999999999932,25.1828494996883,7.027519685039));
#15660=CARTESIAN_POINT('',(-15.7999999999932,47.865662,7.027519685039));
#15661=CARTESIAN_POINT('Origin',(-15.7999999999932,48.865662,7.027519685039));
#15662=CARTESIAN_POINT('',(-12.4500000000068,47.865662,7.027519685039));
#15663=CARTESIAN_POINT('',(-7.89999999968307,47.865662,7.027519685039));
#15664=CARTESIAN_POINT('',(-11.4500000000068,48.865662,7.027519685039));
#15665=CARTESIAN_POINT('Origin',(-12.4500000000068,48.865662,7.027519685039));
#15666=CARTESIAN_POINT('',(-11.4500000000068,50.365662,7.027519685039));
#15667=CARTESIAN_POINT('',(-11.4500000000068,24.4328494996883,7.027519685039));
#15668=CARTESIAN_POINT('',(-12.4500000000068,51.365662,7.027519685039));
#15669=CARTESIAN_POINT('Origin',(-12.4500000000068,50.365662,7.027519685039));
#15670=CARTESIAN_POINT('',(-15.7999999999932,51.365662,7.027519685039));
#15671=CARTESIAN_POINT('',(-6.22499999968985,51.365662,7.027519685039));
#15672=CARTESIAN_POINT('Origin',(-15.7999999999932,50.365662,7.027519685039));
#15673=CARTESIAN_POINT('',(-25.15375,29.768162,7.02751968503899));
#15674=CARTESIAN_POINT('Origin',(-14.12875,29.768162,7.02751968503899));
#15675=CARTESIAN_POINT('',(-34.8,3.41566200000002,7.027519685039));
#15676=CARTESIAN_POINT('',(-19.0499999996865,3.41566200000001,7.027519685039));
#15677=CARTESIAN_POINT('Origin',(-34.8,0.115662000000021,7.027519685039));
#15678=CARTESIAN_POINT('',(34.8,22.465662,7.027519685039));
#15679=CARTESIAN_POINT('Origin',(34.8,19.165662,7.027519685039));
#15680=CARTESIAN_POINT('',(22.35,22.465662,7.027519685039));
#15681=CARTESIAN_POINT('',(9.52500000031352,22.465662,7.027519685039));
#15682=CARTESIAN_POINT('',(19.05,19.165662,7.027519685039));
#15683=CARTESIAN_POINT('Origin',(22.35,19.165662,7.027519685039));
#15684=CARTESIAN_POINT('',(19.05,1.70784949968826,7.027519685039));
#15685=CARTESIAN_POINT('',(39.7,53.715662,7.027519685039));
#15686=CARTESIAN_POINT('Origin',(38.1,53.715662,7.027519685039));
#15687=CARTESIAN_POINT('',(-36.35,5.915662,7.027519685039));
#15688=CARTESIAN_POINT('Origin',(-37.95,5.915662,7.027519685039));
#15689=CARTESIAN_POINT('',(-36.5,-53.734338,7.027519685039));
#15690=CARTESIAN_POINT('Origin',(-38.1,-53.734338,7.027519685039));
#15691=CARTESIAN_POINT('',(39.7,-53.734338,7.027519685039));
#15692=CARTESIAN_POINT('Origin',(38.1,-53.734338,7.027519685039));
#15693=CARTESIAN_POINT('Origin',(-38.1,3.41566200000002,6.727519685039));
#15694=CARTESIAN_POINT('',(-34.8,3.41566200000002,6.727519685039));
#15695=CARTESIAN_POINT('Origin',(-34.8,0.115662000000021,6.727519685039));
#15696=CARTESIAN_POINT('Origin',(34.8,19.165662,6.727519685039));
#15697=CARTESIAN_POINT('',(34.8,22.465662,6.727519685039));
#15698=CARTESIAN_POINT('Origin',(22.35,19.165662,6.727519685039));
#15699=CARTESIAN_POINT('',(19.05,19.165662,6.727519685039));
#15700=CARTESIAN_POINT('',(22.35,22.465662,6.727519685039));
#15701=CARTESIAN_POINT('Origin',(19.05,22.465662,6.727519685039));
#15702=CARTESIAN_POINT('Origin',(41.4812499999997,26.8578497929347,11.925));
#15703=CARTESIAN_POINT('',(41.9812499999997,53.7156625864929,11.425));
#15704=CARTESIAN_POINT('',(41.9812499999997,53.7156625864929,11.425));
#15705=CARTESIAN_POINT('',(41.9812499999245,-53.7155637537131,11.425));
#15706=CARTESIAN_POINT('',(40.9812499999999,-53.7155637537131,12.425));
#15707=CARTESIAN_POINT('',(41.9812499999997,26.8578497929347,11.425));
#15708=CARTESIAN_POINT('Origin',(38.081249061611,53.715661061611,11.925));
#15709=CARTESIAN_POINT('',(38.08125,57.6156619999998,11.425));
#15710=CARTESIAN_POINT('',(38.08125,57.6156619999998,11.425));
#15711=CARTESIAN_POINT('Origin',(38.081249061611,53.715661061611,11.425));
#15712=CARTESIAN_POINT('Origin',(-19.0406249996864,57.115662,11.925));
#15713=CARTESIAN_POINT('',(-38.08125,57.615662,11.425));
#15714=CARTESIAN_POINT('',(-38.08125,57.615662,11.425));
#15715=CARTESIAN_POINT('',(-19.0406249996864,57.615662,11.425));
#15716=CARTESIAN_POINT('Origin',(-38.081249061611,53.715661061611,11.925));
#15717=CARTESIAN_POINT('',(-41.9812499999997,53.7156627819905,11.425));
#15718=CARTESIAN_POINT('',(-41.9812499999997,53.7156627819905,11.425));
#15719=CARTESIAN_POINT('Origin',(-38.081249061611,53.715661061611,11.425));
#15720=CARTESIAN_POINT('Origin',(-41.4812499999998,-26.8577758913074,11.925));
#15721=CARTESIAN_POINT('',(-41.9812499999998,-53.7155887819914,11.425));
#15722=CARTESIAN_POINT('',(-41.9812499999998,-53.7155887819914,11.425));
#15723=CARTESIAN_POINT('',(-41.9812499999998,-26.8577758913074,11.425));
#15724=CARTESIAN_POINT('Origin',(-38.08124906161,-53.71558706161,11.925));
#15725=CARTESIAN_POINT('',(-38.0812500000008,-57.6155880000618,11.425));
#15726=CARTESIAN_POINT('',(-38.0812500000008,-57.6155880000618,11.425));
#15727=CARTESIAN_POINT('Origin',(-38.08124906161,-53.71558706161,11.425));
#15728=CARTESIAN_POINT('Origin',(19.0406128772226,-57.1155879999536,11.925));
#15729=CARTESIAN_POINT('',(38.0812257537109,-57.6155879999175,11.425));
#15730=CARTESIAN_POINT('',(38.0812257537109,-57.6155879999175,11.425));
#15731=CARTESIAN_POINT('',(19.0406128772235,-57.6155879999536,11.425));
#15732=CARTESIAN_POINT('Origin',(38.081327585617,-53.71566558561,11.925));
#15733=CARTESIAN_POINT('Origin',(38.081327585617,-53.71566558561,11.425));
#15734=CARTESIAN_POINT('Origin',(-38.081249061611,53.715661061611,6.727519685039));
#15735=CARTESIAN_POINT('',(-38.08125,57.6156619999998,0.));
#15736=CARTESIAN_POINT('',(-38.08125,57.615662,6.727519685039));
#15737=CARTESIAN_POINT('',(-41.9812499999997,53.7156627819905,0.));
#15738=CARTESIAN_POINT('Origin',(-38.081249061611,53.715661061611,0.));
#15739=CARTESIAN_POINT('',(-41.9812499999997,53.7156627819905,6.727519685039));
#15740=CARTESIAN_POINT('Origin',(-38.08125,57.615662,6.727519685039));
#15741=CARTESIAN_POINT('',(38.08125,57.6156619999998,0.));
#15742=CARTESIAN_POINT('',(38.08125,57.6156619999998,6.727519685039));
#15743=CARTESIAN_POINT('',(38.08125,57.6156619999998,0.));
#15744=CARTESIAN_POINT('',(14.0349963382389,57.6156619999999,1.235));
#15745=CARTESIAN_POINT('',(18.0349981688633,57.6156619999999,1.235));
#15746=CARTESIAN_POINT('',(-12.0231268308805,57.615662,1.23499999999999));
#15747=CARTESIAN_POINT('',(18.0349981691944,57.6156619999999,5.595));
#15748=CARTESIAN_POINT('Origin',(18.0349999999999,57.615662,3.415));
#15749=CARTESIAN_POINT('',(14.0349963382459,57.6156619999999,5.595));
#15750=CARTESIAN_POINT('',(-10.0231259154028,57.6156619999999,5.595));
#15751=CARTESIAN_POINT('Origin',(14.0349999999999,57.615662,3.415));
#15752=CARTESIAN_POINT('',(4.76999999999986,57.6156619999999,2.815));
#15753=CARTESIAN_POINT('',(4.76999999999986,57.6156619999999,3.715));
#15754=CARTESIAN_POINT('',(4.76999999999986,57.6156619999999,4.9212598425195));
#15755=CARTESIAN_POINT('',(3.18999999999986,57.6156619999999,5.295));
#15756=CARTESIAN_POINT('Origin',(3.18999999999986,57.615662,3.715));
#15757=CARTESIAN_POINT('',(-3.19000000000014,57.6156619999999,5.295));
#15758=CARTESIAN_POINT('',(-17.4456250000001,57.615662,5.295));
#15759=CARTESIAN_POINT('',(-4.77000000000014,57.6156619999999,3.715));
#15760=CARTESIAN_POINT('Origin',(-3.19000000000014,57.615662,3.715));
#15761=CARTESIAN_POINT('',(-4.77000000000014,57.6156619999999,2.815));
#15762=CARTESIAN_POINT('',(-4.77000000000014,57.6156619999999,5.2212598425195));
#15763=CARTESIAN_POINT('',(-3.19000000000014,57.6156619999999,1.235));
#15764=CARTESIAN_POINT('Origin',(-3.19000000000014,57.615662,2.815));
#15765=CARTESIAN_POINT('',(3.18999999999986,57.6156619999999,1.235));
#15766=CARTESIAN_POINT('',(-20.6356250000001,57.615662,1.235));
#15767=CARTESIAN_POINT('Origin',(3.18999999999986,57.615662,2.815));
#15768=CARTESIAN_POINT('Origin',(38.081249061611,53.715661061611,6.727519685039));
#15769=CARTESIAN_POINT('',(41.9812499999995,53.7156627819905,0.));
#15770=CARTESIAN_POINT('',(41.9812499999997,53.7156625864929,6.727519685039));
#15771=CARTESIAN_POINT('Origin',(38.081249061611,53.715661061611,0.));
#15772=CARTESIAN_POINT('Origin',(41.9812499999997,53.7156625864929,6.727519685039));
#15773=CARTESIAN_POINT('',(41.9812499999999,-53.7155637537131,-2.22044604925031E-15));
#15774=CARTESIAN_POINT('',(41.9812499999245,-53.7155637537131,6.727519685039));
#15775=CARTESIAN_POINT('',(41.9812499999999,-53.7155637537131,-2.22044604925031E-15));
#15776=CARTESIAN_POINT('Origin',(-11.4500000000068,48.865662,6.727519685039));
#15777=CARTESIAN_POINT('',(-11.4500000000068,50.365662,10.125));
#15778=CARTESIAN_POINT('',(-11.4500000000068,48.865662,10.125));
#15779=CARTESIAN_POINT('',(-11.4500000000068,39.316912,10.125));
#15780=CARTESIAN_POINT('',(-11.4500000000068,50.365662,6.727519685039));
#15781=CARTESIAN_POINT('',(-11.4500000000068,48.865662,6.727519685039));
#15782=CARTESIAN_POINT('Origin',(-12.4500000000068,48.865662,6.727519685039));
#15783=CARTESIAN_POINT('',(-12.4500000000068,47.865662,10.125));
#15784=CARTESIAN_POINT('Origin',(-12.4500000000068,48.865662,10.125));
#15785=CARTESIAN_POINT('',(-12.4500000000068,47.865662,6.727519685039));
#15786=CARTESIAN_POINT('Origin',(-15.7999999999932,47.865662,6.727519685039));
#15787=CARTESIAN_POINT('',(-15.7999999999932,47.865662,10.125));
#15788=CARTESIAN_POINT('',(-6.10187499999661,47.865662,10.125));
#15789=CARTESIAN_POINT('',(-15.7999999999932,47.865662,6.727519685039));
#15790=CARTESIAN_POINT('Origin',(-15.7999999999932,48.865662,6.727519685039));
#15791=CARTESIAN_POINT('',(-16.7999999999932,48.865662,10.125));
#15792=CARTESIAN_POINT('Origin',(-15.7999999999932,48.865662,10.125));
#15793=CARTESIAN_POINT('',(-16.7999999999932,48.865662,6.727519685039));
#15794=CARTESIAN_POINT('Origin',(-16.7999999999932,50.365662,6.727519685039));
#15795=CARTESIAN_POINT('',(-16.7999999999932,50.365662,10.125));
#15796=CARTESIAN_POINT('',(-16.7999999999932,40.066912,10.125));
#15797=CARTESIAN_POINT('',(-16.7999999999932,50.365662,6.727519685039));
#15798=CARTESIAN_POINT('Origin',(-15.7999999999932,50.365662,6.727519685039));
#15799=CARTESIAN_POINT('',(-15.7999999999932,51.365662,10.125));
#15800=CARTESIAN_POINT('Origin',(-15.7999999999932,50.365662,10.125));
#15801=CARTESIAN_POINT('',(-15.7999999999932,51.365662,6.727519685039));
#15802=CARTESIAN_POINT('Origin',(-12.4500000000068,51.365662,6.727519685039));
#15803=CARTESIAN_POINT('',(-12.4500000000068,51.365662,10.125));
#15804=CARTESIAN_POINT('',(-4.42687500000339,51.365662,10.125));
#15805=CARTESIAN_POINT('',(-12.4500000000068,51.365662,6.727519685039));
#15806=CARTESIAN_POINT('Origin',(-12.4500000000068,50.365662,6.727519685039));
#15807=CARTESIAN_POINT('Origin',(-12.4500000000068,50.365662,10.125));
#15808=CARTESIAN_POINT('Origin',(-14.12875,29.768162,11.275));
#15809=CARTESIAN_POINT('',(-39.82875,29.768162,10.125));
#15810=CARTESIAN_POINT('',(-39.82875,29.768162,11.275));
#15811=CARTESIAN_POINT('Origin',(-14.12875,29.768162,10.125));
#15812=CARTESIAN_POINT('Origin',(3.59625,29.768162,10.125));
#15813=CARTESIAN_POINT('',(-31.85375,29.768162,10.125));
#15814=CARTESIAN_POINT('Origin',(-14.12875,29.768162,10.125));
#15815=CARTESIAN_POINT('Origin',(-14.12875,29.768162,11.275));
#15816=CARTESIAN_POINT('',(-31.85375,29.768162,12.425));
#15817=CARTESIAN_POINT('Origin',(-14.12875,29.768162,12.425));
#15818=CARTESIAN_POINT('',(-31.85375,29.768162,11.275));
#15819=CARTESIAN_POINT('Origin',(-14.12875,29.768162,10.177519685039));
#15820=CARTESIAN_POINT('',(-25.15375,29.768162,12.425));
#15821=CARTESIAN_POINT('Origin',(-14.12875,29.768162,12.425));
#15822=CARTESIAN_POINT('',(-25.15375,29.768162,10.177519685039));
#15823=CARTESIAN_POINT('Origin',(6.27080609660879E-10,3.69993765092502E-5,
12.425));
#15824=CARTESIAN_POINT('Origin',(-3.19000000000014,57.6156619999999,2.815));
#15825=CARTESIAN_POINT('',(-4.77000000000014,56.3156620000002,2.815));
#15826=CARTESIAN_POINT('',(-3.19000000000013,56.3156620000001,1.235));
#15827=CARTESIAN_POINT('Origin',(-3.19000000000014,56.3156619999998,2.815));
#15828=CARTESIAN_POINT('',(-3.19000000000014,57.6156619999999,1.235));
#15829=CARTESIAN_POINT('',(-4.77000000000014,57.6156619999999,2.815));
#15830=CARTESIAN_POINT('Origin',(-3.19000000000014,57.6156619999999,1.235));
#15831=CARTESIAN_POINT('',(3.18999999999986,56.3156620000001,1.235));
#15832=CARTESIAN_POINT('',(17.4456250390995,56.315662,1.235));
#15833=CARTESIAN_POINT('',(3.18999999999986,57.6156619999999,1.235));
#15834=CARTESIAN_POINT('Origin',(3.18999999999986,57.6156619999999,2.815));
#15835=CARTESIAN_POINT('',(4.76999999999986,56.3156620000001,2.815));
#15836=CARTESIAN_POINT('Origin',(3.18999999999986,56.3156619999998,2.815));
#15837=CARTESIAN_POINT('',(4.76999999999986,57.6156619999999,2.815));
#15838=CARTESIAN_POINT('Origin',(4.76999999999986,57.6156619999999,3.115));
#15839=CARTESIAN_POINT('',(4.76999999999986,56.3156620000001,3.715));
#15840=CARTESIAN_POINT('',(4.76999999999986,56.3156620000001,4.9212598425195));
#15841=CARTESIAN_POINT('',(4.76999999999986,57.6156619999999,3.715));
#15842=CARTESIAN_POINT('Origin',(-4.77000000000014,57.6156619999999,3.715));
#15843=CARTESIAN_POINT('',(-4.77000000000014,56.3156620000002,3.715));
#15844=CARTESIAN_POINT('',(-4.77000000000014,57.6156619999999,3.715));
#15845=CARTESIAN_POINT('',(-4.77000000000014,56.3156620000002,5.2212598425195));
#15846=CARTESIAN_POINT('Origin',(-3.19000000000014,57.6156619999999,3.715));
#15847=CARTESIAN_POINT('',(-3.19000000000014,56.3156620000001,5.295));
#15848=CARTESIAN_POINT('Origin',(-3.19000000000014,56.3156619999998,3.715));
#15849=CARTESIAN_POINT('',(-3.19000000000014,57.6156619999999,5.295));
#15850=CARTESIAN_POINT('Origin',(3.18999999999986,57.6156619999999,5.295));
#15851=CARTESIAN_POINT('',(3.18999999999986,56.3156620000001,5.295));
#15852=CARTESIAN_POINT('',(20.6356250390995,56.3156619999999,5.295));
#15853=CARTESIAN_POINT('',(3.18999999999986,57.6156619999999,5.295));
#15854=CARTESIAN_POINT('Origin',(3.18999999999986,57.6156619999999,3.715));
#15855=CARTESIAN_POINT('Origin',(3.18999999999986,56.3156619999998,3.715));
#15856=CARTESIAN_POINT('Origin',(14.0349963382389,57.6156619999999,1.235));
#15857=CARTESIAN_POINT('',(18.0349981688633,56.315662,1.235));
#15858=CARTESIAN_POINT('',(14.0349963382389,56.315662,1.235));
#15859=CARTESIAN_POINT('',(26.058123208219,56.3156619999999,1.235));
#15860=CARTESIAN_POINT('',(18.0349981688633,57.6156619999999,1.235));
#15861=CARTESIAN_POINT('',(14.0349963382389,57.6156619999999,1.235));
#15862=CARTESIAN_POINT('Origin',(14.0349999999999,57.6156619999999,3.415));
#15863=CARTESIAN_POINT('',(14.0349963382459,56.315662,5.595));
#15864=CARTESIAN_POINT('Origin',(14.0349999999999,56.3156619999998,3.415));
#15865=CARTESIAN_POINT('',(14.0349963382459,57.6156619999999,5.595));
#15866=CARTESIAN_POINT('Origin',(18.0349981691944,57.6156619999999,5.595));
#15867=CARTESIAN_POINT('',(18.0349981691944,56.315662,5.595));
#15868=CARTESIAN_POINT('',(28.0581241236967,56.3156619999999,5.595));
#15869=CARTESIAN_POINT('',(18.0349981691944,57.6156619999999,5.595));
#15870=CARTESIAN_POINT('Origin',(18.0349999999999,57.6156619999999,3.415));
#15871=CARTESIAN_POINT('Origin',(18.0349999999999,56.3156619999998,3.415));
#15872=CARTESIAN_POINT('Origin',(38.0812500781991,56.3156619999998,6.727519685039));
#15873=CARTESIAN_POINT('',(38.0812500781991,56.3156619999998,0.));
#15874=CARTESIAN_POINT('',(-38.0812496390812,56.3156620000001,0.));
#15875=CARTESIAN_POINT('',(19.0406268667936,56.315662,-5.55111512312578E-16));
#15876=CARTESIAN_POINT('',(38.0812500781991,56.3156619999998,6.727519685039));
#15877=CARTESIAN_POINT('',(-38.0812496390812,56.3156620000001,6.727519685039));
#15878=CARTESIAN_POINT('Origin',(38.1,-53.734338,6.727519685039));
#15879=CARTESIAN_POINT('',(39.7,-53.734338,11.027519685039));
#15880=CARTESIAN_POINT('',(39.7,-53.734338,6.727519685039));
#15881=CARTESIAN_POINT('Origin',(38.1,-53.734338,11.027519685039));
#15882=CARTESIAN_POINT('Origin',(38.1,-53.734338,11.027519685039));
#15883=CARTESIAN_POINT('Origin',(-38.1,-53.734338,6.727519685039));
#15884=CARTESIAN_POINT('',(-36.5,-53.734338,11.027519685039));
#15885=CARTESIAN_POINT('',(-36.5,-53.734338,6.727519685039));
#15886=CARTESIAN_POINT('Origin',(-38.1,-53.734338,11.027519685039));
#15887=CARTESIAN_POINT('Origin',(-38.1,-53.734338,11.027519685039));
#15888=CARTESIAN_POINT('Origin',(-37.95,5.915662,6.727519685039));
#15889=CARTESIAN_POINT('',(-36.35,5.915662,11.027519685039));
#15890=CARTESIAN_POINT('',(-36.35,5.915662,6.727519685039));
#15891=CARTESIAN_POINT('Origin',(-37.95,5.915662,11.027519685039));
#15892=CARTESIAN_POINT('Origin',(-37.95,5.915662,11.027519685039));
#15893=CARTESIAN_POINT('Origin',(38.1,53.715662,6.727519685039));
#15894=CARTESIAN_POINT('',(39.7,53.715662,11.027519685039));
#15895=CARTESIAN_POINT('',(39.7,53.715662,6.727519685039));
#15896=CARTESIAN_POINT('Origin',(38.1,53.715662,11.027519685039));
#15897=CARTESIAN_POINT('Origin',(38.1,53.715662,11.027519685039));
#15898=CARTESIAN_POINT('Origin',(13.05,23.1556620000001,6.727519685039));
#15899=CARTESIAN_POINT('',(13.3,22.9056620000001,6.727519685039));
#15900=CARTESIAN_POINT('Origin',(40.5999999999999,22.9056620000001,6.727519685039));
#15901=CARTESIAN_POINT('Origin',(19.05,3.41566200000001,6.727519685039));
#15902=CARTESIAN_POINT('Origin',(38.081249061611,53.715661061611,6.727519685039));
#15903=CARTESIAN_POINT('',(40.6812499999998,53.715662,0.));
#15904=CARTESIAN_POINT('Origin',(38.081249061611,53.715661061611,-1.11022302462516E-15));
#15905=CARTESIAN_POINT('',(40.6812499999998,53.715662,6.727519685039));
#15906=CARTESIAN_POINT('Origin',(40.6812499998955,-53.7155815343235,6.727519685039));
#15907=CARTESIAN_POINT('',(40.6812499998955,-53.7155815343235,-2.22044604925031E-15));
#15908=CARTESIAN_POINT('',(40.681249999929,-26.8577747915165,-1.66533453693773E-15));
#15909=CARTESIAN_POINT('',(40.6812499998955,-53.7155815343235,6.727519685039));
#15910=CARTESIAN_POINT('Origin',(38.081327585617,-53.71566558561,6.727519685039));
#15911=CARTESIAN_POINT('',(38.08125,-56.315587999993,-2.22044604925031E-15));
#15912=CARTESIAN_POINT('Origin',(38.081327585617,-53.71566558561,-1.11022302462516E-15));
#15913=CARTESIAN_POINT('',(38.08125,-56.315587999993,6.727519685039));
#15914=CARTESIAN_POINT('Origin',(-41.9812499999998,-53.7155887819914,6.727519685039));
#15915=CARTESIAN_POINT('',(-41.9812500000615,-53.7155887819914,-2.22044606107655E-15));
#15916=CARTESIAN_POINT('',(-41.9812499999997,53.7156627819905,0.));
#15917=CARTESIAN_POINT('',(-41.9812499999998,-53.7155887819914,6.727519685039));
#15918=CARTESIAN_POINT('Origin',(-38.08124906161,-53.71558706161,6.727519685039));
#15919=CARTESIAN_POINT('',(-38.08125,-57.6155879999988,-2.22044604925031E-15));
#15920=CARTESIAN_POINT('Origin',(-38.08124906161,-53.71558706161,-2.22044604925031E-15));
#15921=CARTESIAN_POINT('',(-38.0812500000008,-57.6155880000618,6.727519685039));
#15922=CARTESIAN_POINT('Origin',(38.0812257537109,-57.6155879999175,6.727519685039));
#15923=CARTESIAN_POINT('',(38.0812257537109,-57.6155879999175,2.76463755084279E-26));
#15924=CARTESIAN_POINT('',(-38.08125,-57.6155879999988,-2.22044604925031E-15));
#15925=CARTESIAN_POINT('',(38.0812257537109,-57.6155879999175,11.425));
#15926=CARTESIAN_POINT('Origin',(38.081327585617,-53.71566558561,6.727519685039));
#15927=CARTESIAN_POINT('Origin',(38.081327585617,-53.71566558561,0.));
#15928=CARTESIAN_POINT('Origin',(-38.0812500781991,-56.315588,6.727519685039));
#15929=CARTESIAN_POINT('',(-38.0812500781991,-56.315588,-2.22044604925031E-15));
#15930=CARTESIAN_POINT('',(-19.0406232114032,-56.3155879999982,-1.66533453693773E-15));
#15931=CARTESIAN_POINT('',(-38.0812500781991,-56.315588,6.727519685039));
#15932=CARTESIAN_POINT('Origin',(-38.08124906161,-53.71558706161,6.727519685039));
#15933=CARTESIAN_POINT('',(-40.68125,-53.715588,-2.22044604925031E-15));
#15934=CARTESIAN_POINT('Origin',(-38.08124906161,-53.71558706161,-1.11022302462516E-15));
#15935=CARTESIAN_POINT('',(-40.68125,-53.715588,6.727519685039));
#15936=CARTESIAN_POINT('Origin',(-40.6812499999559,53.7156777460469,6.727519685039));
#15937=CARTESIAN_POINT('',(-40.6812499999466,53.715677746047,0.));
#15938=CARTESIAN_POINT('',(-40.6812500000359,26.8578548487547,-5.55111512312578E-16));
#15939=CARTESIAN_POINT('',(-40.6812499999466,53.715677746047,6.727519685039));
#15940=CARTESIAN_POINT('Origin',(-38.081249061611,53.715661061611,6.727519685039));
#15941=CARTESIAN_POINT('Origin',(-38.081249061611,53.715661061611,-1.11022302462516E-15));
#15942=CARTESIAN_POINT('Origin',(3.6553876424919E-6,3.19513413282735E-5,
-1.07566366861727E-15));
#15943=CARTESIAN_POINT('Origin',(18.0349999999999,58.7656619999999,3.415));
#15944=CARTESIAN_POINT('',(18.0349999999999,58.6156619999999,1.435));
#15945=CARTESIAN_POINT('',(18.0349999999999,58.9156619999999,1.735));
#15946=CARTESIAN_POINT('',(18.0349999999999,58.6156619999999,1.435));
#15947=CARTESIAN_POINT('',(18.0349999999999,58.9156619999999,5.095));
#15948=CARTESIAN_POINT('Origin',(18.0349999999999,58.9156619999999,3.415));
#15949=CARTESIAN_POINT('',(18.0349999999999,58.6156619999999,5.395));
#15950=CARTESIAN_POINT('',(18.0349999999999,58.9156619999999,5.095));
#15951=CARTESIAN_POINT('Origin',(18.0349999999999,58.6156619999999,3.415));
#15952=CARTESIAN_POINT('Origin',(17.3249999999999,58.7656619999999,1.585));
#15953=CARTESIAN_POINT('',(15.1949999999999,58.6156619999999,1.435));
#15954=CARTESIAN_POINT('',(15.1949999999999,58.9156619999999,1.735));
#15955=CARTESIAN_POINT('',(15.1949999999999,58.6156619999999,1.435));
#15956=CARTESIAN_POINT('',(17.3249999999999,58.9156619999999,1.735));
#15957=CARTESIAN_POINT('',(17.3249999999999,58.6156619999999,1.435));
#15958=CARTESIAN_POINT('Origin',(15.1949999999999,58.7656619999999,3.415));
#15959=CARTESIAN_POINT('',(15.1949999999999,58.6156619999999,5.395));
#15960=CARTESIAN_POINT('',(15.1949999999999,58.9156619999999,5.095));
#15961=CARTESIAN_POINT('',(15.1949999999999,58.6156619999999,5.395));
#15962=CARTESIAN_POINT('Origin',(15.1949999999999,58.9156619999999,3.415));
#15963=CARTESIAN_POINT('Origin',(15.1949999999999,58.6156619999999,3.415));
#15964=CARTESIAN_POINT('Origin',(15.9049999999999,58.7656619999999,5.245));
#15965=CARTESIAN_POINT('',(15.9049999999999,58.9156619999999,5.095));
#15966=CARTESIAN_POINT('',(15.9049999999999,58.6156619999999,5.395));
#15967=CARTESIAN_POINT('Origin',(18.0349999999999,57.6156619999999,1.435));
#15968=CARTESIAN_POINT('',(18.0349999999999,56.315662,1.435));
#15969=CARTESIAN_POINT('',(18.0349999999999,57.6156619999999,1.435));
#15970=CARTESIAN_POINT('',(15.1949999999999,56.315662,1.435));
#15971=CARTESIAN_POINT('',(28.0581250390995,56.3156619999999,1.435));
#15972=CARTESIAN_POINT('',(15.1949999999999,57.6156619999999,1.435));
#15973=CARTESIAN_POINT('Origin',(18.0349999999999,57.6156619999999,3.415));
#15974=CARTESIAN_POINT('',(18.0349999999999,56.315662,5.395));
#15975=CARTESIAN_POINT('',(18.0349999999999,57.6156619999999,5.395));
#15976=CARTESIAN_POINT('Origin',(18.0349999999999,56.3156619999998,3.415));
#15977=CARTESIAN_POINT('Origin',(16.6149999999999,58.9156619999999,3.415));
#15978=CARTESIAN_POINT('Origin',(15.1949999999999,57.6156619999999,5.395));
#15979=CARTESIAN_POINT('',(15.1949999999999,56.315662,5.395));
#15980=CARTESIAN_POINT('',(15.1949999999999,57.6156619999999,5.395));
#15981=CARTESIAN_POINT('',(26.6381250390995,56.3156619999999,5.395));
#15982=CARTESIAN_POINT('Origin',(15.1949999999999,57.6156619999999,3.415));
#15983=CARTESIAN_POINT('Origin',(15.1949999999999,56.3156619999998,3.415));
#15984=CARTESIAN_POINT('Origin',(18.1849999999999,56.465662,4.3162598425195));
#15985=CARTESIAN_POINT('',(18.3349999999999,56.315662,1.605));
#15986=CARTESIAN_POINT('',(18.3349999999999,56.315662,3.365));
#15987=CARTESIAN_POINT('',(18.3349999999999,56.315662,4.3162598425195));
#15988=CARTESIAN_POINT('',(18.0349999999999,56.615662,3.065));
#15989=CARTESIAN_POINT('',(18.3349999999999,56.315662,3.365));
#15990=CARTESIAN_POINT('',(18.0349999999999,56.615662,1.905));
#15991=CARTESIAN_POINT('',(18.0349999999999,56.615662,4.3162598425195));
#15992=CARTESIAN_POINT('',(18.0349999999999,56.615662,1.905));
#15993=CARTESIAN_POINT('Origin',(16.2249999999999,56.465662,4.8962598425195));
#15994=CARTESIAN_POINT('',(16.3749999999999,56.615662,1.905));
#15995=CARTESIAN_POINT('',(16.3749999999999,56.615662,3.065));
#15996=CARTESIAN_POINT('',(16.3749999999999,56.615662,4.8962598425195));
#15997=CARTESIAN_POINT('',(16.0749999999999,56.315662,3.365));
#15998=CARTESIAN_POINT('',(16.3749999999999,56.615662,3.065));
#15999=CARTESIAN_POINT('',(16.0749999999999,56.315662,1.605));
#16000=CARTESIAN_POINT('',(16.0749999999999,56.315662,4.8962598425195));
#16001=CARTESIAN_POINT('',(16.3749999999999,56.615662,1.905));
#16002=CARTESIAN_POINT('Origin',(28.0581250390995,56.4656619999999,3.215));
#16003=CARTESIAN_POINT('',(28.0581250390995,56.3156619999999,3.365));
#16004=CARTESIAN_POINT('',(28.0581250390995,56.6156619999999,3.065));
#16005=CARTESIAN_POINT('Origin',(27.2281250390995,56.4656619999999,1.755));
#16006=CARTESIAN_POINT('',(27.2281250390995,56.3156619999999,1.605));
#16007=CARTESIAN_POINT('',(27.2281250390995,56.6156619999999,1.905));
#16008=CARTESIAN_POINT('Origin',(18.0349999999999,57.6156619999999,3.065));
#16009=CARTESIAN_POINT('',(16.3749999999999,57.6156619999999,3.065));
#16010=CARTESIAN_POINT('',(16.3749999999999,57.6156619999999,3.065));
#16011=CARTESIAN_POINT('',(18.0349999999999,57.6156619999999,3.065));
#16012=CARTESIAN_POINT('',(-10.0231250000001,57.6156619999999,3.065));
#16013=CARTESIAN_POINT('',(18.0349999999999,57.6156619999999,3.065));
#16014=CARTESIAN_POINT('Origin',(16.3749999999999,57.6156619999999,3.065));
#16015=CARTESIAN_POINT('',(16.3749999999999,57.6156619999999,1.905));
#16016=CARTESIAN_POINT('',(16.3749999999999,57.6156619999999,1.905));
#16017=CARTESIAN_POINT('',(16.3749999999999,57.6156619999999,4.8962598425195));
#16018=CARTESIAN_POINT('Origin',(38.0812500781991,56.3156619999998,6.727519685039));
#16019=CARTESIAN_POINT('Origin',(16.6149999999999,57.6156619999999,3.415));
#16020=CARTESIAN_POINT('',(18.0349999999999,57.6156619999999,1.905));
#16021=CARTESIAN_POINT('',(-10.8531250000001,57.6156619999999,1.905));
#16022=CARTESIAN_POINT('',(18.0349999999999,57.6156619999999,4.3162598425195));
#16023=CARTESIAN_POINT('Origin',(16.3749999999999,57.6156619999999,1.905));
#16024=CARTESIAN_POINT('',(18.0349999999999,57.6156619999999,1.905));
#16025=CARTESIAN_POINT('Origin',(18.0349999999999,57.6156619999999,1.905));
#16026=CARTESIAN_POINT('Origin',(-14.12875,29.768162,23.925));
#16027=CARTESIAN_POINT('',(11.37125,29.768162,23.425));
#16028=CARTESIAN_POINT('',(-39.62875,29.768162,23.425));
#16029=CARTESIAN_POINT('Origin',(-14.12875,29.768162,23.425));
#16030=CARTESIAN_POINT('Origin',(-14.12875,29.768162,23.425));
#16031=CARTESIAN_POINT('',(10.37125,29.768162,24.425));
#16032=CARTESIAN_POINT('',(10.87125,29.768162,23.925));
#16033=CARTESIAN_POINT('Origin',(-14.12875,29.768162,24.425));
#16034=CARTESIAN_POINT('Origin',(11.37125,29.768162,24.425));
#16035=CARTESIAN_POINT('Origin',(-14.12875,29.768162,17.675));
#16036=CARTESIAN_POINT('',(-39.62875,29.768162,10.925));
#16037=CARTESIAN_POINT('Origin',(-14.12875,29.768162,10.925));
#16038=CARTESIAN_POINT('',(-39.62875,29.768162,17.675));
#16039=CARTESIAN_POINT('Origin',(-13.07875,29.768162,6.62751968503899));
#16040=CARTESIAN_POINT('',(-13.27875,27.193162,6.82751968503899));
#16041=CARTESIAN_POINT('',(-13.27875,27.8478755630329,6.82751968503899));
#16042=CARTESIAN_POINT('',(-13.27875,29.768162,6.82751968503899));
#16043=CARTESIAN_POINT('',(-12.87875,27.6030984905389,6.42751968503899));
#16044=CARTESIAN_POINT('Ctrl Pts',(-13.27875,27.8478755630329,6.82751968503899));
#16045=CARTESIAN_POINT('Ctrl Pts',(-13.1471629477241,27.762219687858,6.69593263276314));
#16046=CARTESIAN_POINT('Ctrl Pts',(-13.0128493157488,27.6805207665846,6.56161900078781));
#16047=CARTESIAN_POINT('Ctrl Pts',(-12.87875,27.6030984905389,6.42751968503899));
#16048=CARTESIAN_POINT('',(-12.87875,26.793162,6.42751968503899));
#16049=CARTESIAN_POINT('',(-12.87875,29.768162,6.42751968503899));
#16050=CARTESIAN_POINT('',(-12.87875,26.793162,6.42751968503899));
#16051=CARTESIAN_POINT('Origin',(-14.12875,29.768162,6.62751968503899));
#16052=CARTESIAN_POINT('',(-15.37875,27.6030984905389,6.42751968503899));
#16053=CARTESIAN_POINT('',(-15.37875,31.9332255094611,6.42751968503899));
#16054=CARTESIAN_POINT('Origin',(-14.12875,29.768162,6.42751968503899));
#16055=CARTESIAN_POINT('',(-14.97875,31.6884484369671,6.82751968503899));
#16056=CARTESIAN_POINT('Ctrl Pts',(-15.37875,31.9332255094611,6.42751968503899));
#16057=CARTESIAN_POINT('Ctrl Pts',(-15.2446506842512,31.8558032334154,6.56161900078776));
#16058=CARTESIAN_POINT('Ctrl Pts',(-15.1103370522759,31.774104312142,6.69593263276312));
#16059=CARTESIAN_POINT('Ctrl Pts',(-14.97875,31.6884484369671,6.82751968503899));
#16060=CARTESIAN_POINT('',(-14.97875,27.8478755630329,6.82751968503899));
#16061=CARTESIAN_POINT('Origin',(-14.12875,29.768162,6.82751968503899));
#16062=CARTESIAN_POINT('Ctrl Pts',(-14.97875,27.8478755630329,6.82751968503899));
#16063=CARTESIAN_POINT('Ctrl Pts',(-15.1103370522759,27.762219687858,6.69593263276312));
#16064=CARTESIAN_POINT('Ctrl Pts',(-15.2446506842512,27.6805207665846,6.56161900078776));
#16065=CARTESIAN_POINT('Ctrl Pts',(-15.37875,27.6030984905389,6.42751968503899));
#16066=CARTESIAN_POINT('Origin',(-14.12875,29.768162,6.62751968503899));
#16067=CARTESIAN_POINT('',(-13.27875,31.6884484369671,6.82751968503899));
#16068=CARTESIAN_POINT('Origin',(-14.12875,29.768162,6.82751968503899));
#16069=CARTESIAN_POINT('',(-12.87875,31.9332255094611,6.42751968503899));
#16070=CARTESIAN_POINT('Ctrl Pts',(-13.27875,31.6884484369671,6.82751968503899));
#16071=CARTESIAN_POINT('Ctrl Pts',(-13.1471629477241,31.774104312142,6.69593263276313));
#16072=CARTESIAN_POINT('Ctrl Pts',(-13.0128493157488,31.8558032334154,6.5616190007878));
#16073=CARTESIAN_POINT('Ctrl Pts',(-12.87875,31.9332255094611,6.42751968503899));
#16074=CARTESIAN_POINT('Origin',(-14.12875,29.768162,6.42751968503899));
#16075=CARTESIAN_POINT('Origin',(-13.07875,32.543162,6.62751968503899));
#16076=CARTESIAN_POINT('',(-15.37875,32.743162,6.42751968503899));
#16077=CARTESIAN_POINT('',(-12.87875,32.743162,6.42751968503899));
#16078=CARTESIAN_POINT('',(-13.07875,32.743162,6.42751968503899));
#16079=CARTESIAN_POINT('',(-13.27875,32.343162,6.82751968503899));
#16080=CARTESIAN_POINT('',(-12.87875,32.743162,6.42751968503899));
#16081=CARTESIAN_POINT('',(-14.97875,32.343162,6.82751968503899));
#16082=CARTESIAN_POINT('',(-13.07875,32.343162,6.82751968503899));
#16083=CARTESIAN_POINT('',(-14.97875,32.343162,6.82751968503899));
#16084=CARTESIAN_POINT('Origin',(-13.07875,29.768162,6.62751968503899));
#16085=CARTESIAN_POINT('',(-13.27875,29.768162,6.82751968503899));
#16086=CARTESIAN_POINT('',(-12.87875,29.768162,6.42751968503899));
#16087=CARTESIAN_POINT('Origin',(-15.17875,29.768162,6.62751968503899));
#16088=CARTESIAN_POINT('',(-15.37875,29.768162,6.42751968503899));
#16089=CARTESIAN_POINT('',(-14.97875,29.768162,6.82751968503899));
#16090=CARTESIAN_POINT('Origin',(-15.17875,29.768162,6.62751968503899));
#16091=CARTESIAN_POINT('',(-15.37875,26.793162,6.42751968503899));
#16092=CARTESIAN_POINT('',(-15.37875,29.768162,6.42751968503899));
#16093=CARTESIAN_POINT('',(-14.97875,27.193162,6.82751968503899));
#16094=CARTESIAN_POINT('',(-14.97875,29.768162,6.82751968503899));
#16095=CARTESIAN_POINT('',(-14.97875,27.193162,6.82751968503899));
#16096=CARTESIAN_POINT('Origin',(-13.07875,26.993162,6.62751968503899));
#16097=CARTESIAN_POINT('',(-13.07875,26.793162,6.42751968503899));
#16098=CARTESIAN_POINT('',(-13.07875,27.193162,6.82751968503899));
#16099=CARTESIAN_POINT('Origin',(-14.12875,29.768162,7.65251968503899));
#16100=CARTESIAN_POINT('',(-14.97875,31.6884484369671,8.67751968503899));
#16101=CARTESIAN_POINT('',(-14.97875,31.6884484369671,7.65251968503899));
#16102=CARTESIAN_POINT('',(-14.97875,27.8478755630329,8.67751968503899));
#16103=CARTESIAN_POINT('Origin',(-14.12875,29.768162,8.67751968503899));
#16104=CARTESIAN_POINT('',(-14.97875,27.8478755630329,7.65251968503899));
#16105=CARTESIAN_POINT('Origin',(-14.97875,29.768162,11.777519685039));
#16106=CARTESIAN_POINT('',(-14.97875,29.768162,8.67751968503899));
#16107=CARTESIAN_POINT('',(-14.97875,32.343162,9.20251968503899));
#16108=CARTESIAN_POINT('',(-14.97875,32.343162,11.777519685039));
#16109=CARTESIAN_POINT('',(-14.97875,27.193162,9.20251968503899));
#16110=CARTESIAN_POINT('Origin',(-14.97875,29.768162,9.20251968503899));
#16111=CARTESIAN_POINT('',(-14.97875,27.193162,11.777519685039));
#16112=CARTESIAN_POINT('Origin',(-14.12875,32.343162,9.20251968503899));
#16113=CARTESIAN_POINT('',(-13.27875,32.343162,9.20251968503899));
#16114=CARTESIAN_POINT('',(-13.27875,32.343162,6.62751968503899));
#16115=CARTESIAN_POINT('',(-13.70375,32.343162,9.20251968503899));
#16116=CARTESIAN_POINT('Origin',(-12.02875,29.768162,6.42751968503899));
#16117=CARTESIAN_POINT('',(-18.18875,29.768162,6.42751968503899));
#16118=CARTESIAN_POINT('Origin',(-14.12875,29.768162,6.42751968503899));
#16119=CARTESIAN_POINT('Origin',(-14.12875,29.768162,11.425));
#16120=CARTESIAN_POINT('',(3.89625,29.768162,11.925));
#16121=CARTESIAN_POINT('',(-32.15375,29.768162,11.925));
#16122=CARTESIAN_POINT('Origin',(-14.12875,29.768162,11.925));
#16123=CARTESIAN_POINT('Origin',(-14.12875,29.768162,11.925));
#16124=CARTESIAN_POINT('',(4.89625,29.768162,10.925));
#16125=CARTESIAN_POINT('',(4.39625,29.768162,11.425));
#16126=CARTESIAN_POINT('Origin',(-14.12875,29.768162,10.925));
#16127=CARTESIAN_POINT('Origin',(3.89625,29.768162,10.925));
#16128=CARTESIAN_POINT('Origin',(-14.12875,29.768162,12.9262598425195));
#16129=CARTESIAN_POINT('',(-32.15375,29.768162,14.927519685039));
#16130=CARTESIAN_POINT('',(-32.15375,29.768162,12.9262598425195));
#16131=CARTESIAN_POINT('Origin',(-14.12875,29.768162,14.927519685039));
#16132=CARTESIAN_POINT('Origin',(-13.27875,29.768162,6.62751968503899));
#16133=CARTESIAN_POINT('',(-13.27875,27.193162,9.20251968503899));
#16134=CARTESIAN_POINT('',(-13.27875,27.193162,6.62751968503899));
#16135=CARTESIAN_POINT('Origin',(-13.27875,29.768162,9.20251968503899));
#16136=CARTESIAN_POINT('',(-13.27875,31.6884484369671,8.67751968503899));
#16137=CARTESIAN_POINT('',(-13.27875,31.6884484369671,7.65251968503899));
#16138=CARTESIAN_POINT('',(-13.27875,27.8478755630329,8.67751968503899));
#16139=CARTESIAN_POINT('',(-13.27875,29.768162,8.67751968503899));
#16140=CARTESIAN_POINT('',(-13.27875,27.8478755630329,7.65251968503899));
#16141=CARTESIAN_POINT('Origin',(-13.70375,29.768162,9.20251968503899));
#16142=CARTESIAN_POINT('',(-13.70375,27.193162,9.20251968503899));
#16143=CARTESIAN_POINT('Origin',(-14.12875,27.193162,9.20251968503899));
#16144=CARTESIAN_POINT('Origin',(-14.12875,29.768162,8.67751968503899));
#16145=CARTESIAN_POINT('Origin',(-14.12875,29.768162,8.67751968503899));
#16146=CARTESIAN_POINT('Origin',(-14.12875,29.768162,8.67751968503899));
#16147=CARTESIAN_POINT('Origin',(-14.12875,29.768162,7.65251968503899));
#16148=CARTESIAN_POINT('Origin',(-10.06875,29.768162,13.727519685039));
#16149=CARTESIAN_POINT('',(-19.68875,29.768162,13.727519685039));
#16150=CARTESIAN_POINT('Origin',(-14.12875,29.768162,13.727519685039));
#16151=CARTESIAN_POINT('',(-18.18875,29.768162,13.727519685039));
#16152=CARTESIAN_POINT('Origin',(-14.12875,29.768162,13.727519685039));
#16153=CARTESIAN_POINT('Origin',(-14.12875,29.768162,10.177519685039));
#16154=CARTESIAN_POINT('',(-18.18875,29.768162,10.177519685039));
#16155=CARTESIAN_POINT('Origin',(-8.56875,29.768162,14.927519685039));
#16156=CARTESIAN_POINT('',(-19.68875,29.768162,14.927519685039));
#16157=CARTESIAN_POINT('Origin',(-14.12875,29.768162,14.927519685039));
#16158=CARTESIAN_POINT('Origin',(-14.12875,29.768162,14.327519685039));
#16159=CARTESIAN_POINT('',(-19.68875,29.768162,14.327519685039));
#16160=UNCERTAINTY_MEASURE_WITH_UNIT(LENGTH_MEASURE(0.01),#16164,
'DISTANCE_ACCURACY_VALUE',
'Maximum model space distance between geometric entities at asserted c
onnectivities');
#16161=UNCERTAINTY_MEASURE_WITH_UNIT(LENGTH_MEASURE(0.01),#16164,
'DISTANCE_ACCURACY_VALUE',
'Maximum model space distance between geometric entities at asserted c
onnectivities');
#16162=(
GEOMETRIC_REPRESENTATION_CONTEXT(3)
GLOBAL_UNCERTAINTY_ASSIGNED_CONTEXT((#16160))
GLOBAL_UNIT_ASSIGNED_CONTEXT((#16164,#16166,#16167))
REPRESENTATION_CONTEXT('','3D')
);
#16163=(
GEOMETRIC_REPRESENTATION_CONTEXT(3)
GLOBAL_UNCERTAINTY_ASSIGNED_CONTEXT((#16161))
GLOBAL_UNIT_ASSIGNED_CONTEXT((#16164,#16166,#16167))
REPRESENTATION_CONTEXT('','3D')
);
#16164=(
LENGTH_UNIT()
NAMED_UNIT(*)
SI_UNIT(.MILLI.,.METRE.)
);
#16165=(
LENGTH_UNIT()
NAMED_UNIT(*)
SI_UNIT($,.METRE.)
);
#16166=(
NAMED_UNIT(*)
PLANE_ANGLE_UNIT()
SI_UNIT($,.RADIAN.)
);
#16167=(
NAMED_UNIT(*)
SI_UNIT($,.STERADIAN.)
SOLID_ANGLE_UNIT()
);
#16168=SHAPE_DEFINITION_REPRESENTATION(#16169,#16170);
#16169=PRODUCT_DEFINITION_SHAPE('',$,#16172);
#16170=SHAPE_REPRESENTATION('',(#9920),#16162);
#16171=PRODUCT_DEFINITION_CONTEXT('part definition',#16176,'design');
#16172=PRODUCT_DEFINITION('Case','Case',#16173,#16171);
#16173=PRODUCT_DEFINITION_FORMATION('',$,#16178);
#16174=PRODUCT_RELATED_PRODUCT_CATEGORY('Case','Case',(#16178));
#16175=APPLICATION_PROTOCOL_DEFINITION('international standard',
'automotive_design',2009,#16176);
#16176=APPLICATION_CONTEXT(
'Core Data for Automotive Mechanical Design Process');
#16177=PRODUCT_CONTEXT('part definition',#16176,'mechanical');
#16178=PRODUCT('Case','Case',$,(#16177));
#16179=PRESENTATION_STYLE_ASSIGNMENT((#16180));
#16180=SURFACE_STYLE_USAGE(.BOTH.,#16181);
#16181=SURFACE_SIDE_STYLE('',(#16182));
#16182=SURFACE_STYLE_FILL_AREA(#16183);
#16183=FILL_AREA_STYLE('Stahl - satiniert',(#16184));
#16184=FILL_AREA_STYLE_COLOUR('Stahl - satiniert',#16185);
#16185=COLOUR_RGB('Stahl - satiniert',0.627450980392157,0.627450980392157,
0.627450980392157);
ENDSEC;
END-ISO-10303-21;
