# WaveFront *.obj file (generated by Autodesk ATF)

mtllib keycap.mtl

g Körper3

v -5.262870 10.604513 -0.569422
v -5.262870 10.625072 -0.440706
v -5.262870 10.654892 -0.313815
v -5.262870 10.693817 -0.189415
v -5.262870 10.741643 -0.068158
v -5.262870 10.798118 0.049319
v -5.262870 10.862947 0.162402
v -5.262870 10.935789 0.270497
v -5.262870 11.016263 0.373037
v -5.262870 11.103946 0.469484
v -5.262870 11.198380 0.559334
v -5.364843 11.199699 0.560029
v -5.363796 11.105045 0.470150
v -5.362690 11.017154 0.373649
v -5.361530 10.936487 0.271031
v -5.360321 10.863471 0.162838
v -5.359072 10.798487 0.049638
v -5.357787 10.741878 -0.067973
v -5.356475 10.693942 -0.189378
v -5.355141 10.654931 -0.313937
v -5.353793 10.625050 -0.440996
v -5.352438 10.604456 -0.569886
v -5.314899 11.105435 0.470877
v -5.314334 11.018707 0.375801
v -5.313741 10.938995 0.274772
v -5.313125 10.866709 0.168302
v -5.312444 10.798216 0.049404
v -5.311855 10.747681 -0.054599
v -5.311254 10.703922 -0.161631
v -5.310644 10.667125 -0.271250
v -5.310027 10.637449 -0.383008
v -5.309518 10.618519 -0.475843
v 5.262870 10.604513 -0.569422
v 5.262870 10.625072 -0.440706
v 5.262870 10.654892 -0.313815
v 5.262870 10.693817 -0.189415
v 5.262870 10.741643 -0.068158
v 5.262870 10.798118 0.049319
v 5.262870 10.862947 0.162402
v 5.262870 10.935789 0.270497
v 5.262870 11.016263 0.373037
v 5.262870 11.103946 0.469484
v 5.262870 11.198380 0.559334
v 2.631435 10.625072 -0.440706
v -0.000000 10.625072 -0.440706
v -2.631435 10.625072 -0.440706
v 2.631435 10.654892 -0.313815
v -0.000000 10.654892 -0.313815
v -2.631435 10.654892 -0.313815
v 2.631435 10.693817 -0.189415
v -0.000000 10.693817 -0.189415
v -2.631435 10.693817 -0.189415
v 2.631435 10.741643 -0.068158
v -0.000000 10.741643 -0.068158
v -2.631435 10.741643 -0.068158
v 2.631435 10.798118 0.049319
v -0.000000 10.798118 0.049319
v -2.631435 10.798118 0.049319
v 2.631435 10.862947 0.162402
v -0.000000 10.862947 0.162402
v -2.631435 10.862947 0.162402
v 2.631435 10.935789 0.270497
v -0.000000 10.935789 0.270497
v -2.631435 10.935789 0.270497
v 2.631435 11.016263 0.373037
v -0.000000 11.016263 0.373037
v -2.631435 11.016263 0.373037
v 2.631435 11.103946 0.469484
v -0.000000 11.103946 0.469484
v -2.631435 11.103946 0.469484
v 5.352438 10.604456 -0.569886
v 5.353793 10.625050 -0.440996
v 5.355141 10.654931 -0.313937
v 5.356475 10.693942 -0.189378
v 5.357787 10.741878 -0.067973
v 5.359072 10.798487 0.049638
v 5.360321 10.863471 0.162838
v 5.361530 10.936487 0.271031
v 5.362690 11.017154 0.373649
v 5.363796 11.105045 0.470150
v 5.364843 11.199699 0.560029
v 5.311629 11.105399 0.470856
v 5.311099 11.018678 0.375782
v 5.310544 10.938972 0.274754
v 5.309966 10.866691 0.168288
v 5.309328 10.798204 0.049394
v 5.308776 10.747672 -0.054606
v 5.308213 10.703917 -0.161633
v 5.307641 10.667123 -0.271248
v 5.307062 10.637449 -0.383001
v 5.306586 10.618520 -0.475832
v 8.446286 13.581353 -0.575923
v 8.425441 13.569023 -0.445981
v 8.395075 13.556759 -0.317922
v 8.355350 13.544628 -0.192437
v 8.306482 13.532696 -0.070203
v 8.248734 13.521025 0.048121
v 8.182417 13.509680 0.161897
v 8.107889 13.498721 0.270511
v 8.025551 13.488208 0.373378
v 7.935849 13.478197 0.469943
v 7.839264 13.468743 0.559685
v 7.829694 13.360601 0.557020
v 7.815356 13.252935 0.554517
v 7.796234 13.145952 0.552178
v 7.772297 13.039867 0.550007
v 7.743615 12.934890 0.548005
v 7.710262 12.831232 0.546171
v 7.672310 12.729103 0.544509
v 7.629836 12.628712 0.543017
v 7.582912 12.530270 0.541698
v 7.531613 12.433987 0.540552
v 7.476013 12.340073 0.539581
v 7.416186 12.248737 0.538786
v 7.352206 12.160191 0.538167
v 7.284179 12.074649 0.537725
v 7.212296 11.992302 0.537460
v 7.136736 11.913302 0.537372
v 7.057676 11.837802 0.537461
v 6.975294 11.765953 0.537726
v 6.889767 11.697909 0.538167
v 6.801272 11.633820 0.538785
v 6.709987 11.573840 0.539579
v 6.616094 11.518116 0.540549
v 6.519816 11.466748 0.541693
v 6.421371 11.419802 0.543012
v 6.320970 11.377346 0.544504
v 6.218824 11.339447 0.546167
v 6.115146 11.306172 0.548002
v 6.010148 11.277591 0.550006
v 5.904049 11.253747 0.552178
v 5.797064 11.234650 0.554517
v 5.689399 11.220309 0.557020
v 5.581257 11.210736 0.559685
v 5.571803 11.114151 0.469943
v 5.561792 11.024449 0.373378
v 5.551279 10.942111 0.270511
v 5.540320 10.867583 0.161897
v 5.528975 10.801266 0.048121
v 5.517304 10.743518 -0.070203
v 5.505372 10.694650 -0.192437
v 5.493241 10.654925 -0.317922
v 5.480977 10.624559 -0.445981
v 5.468647 10.603714 -0.575923
v 5.612884 10.607787 -0.571111
v 5.757048 10.618809 -0.566491
v 5.900797 10.636794 -0.562085
v 6.043789 10.661754 -0.557912
v 6.185665 10.693708 -0.553995
v 6.326057 10.732601 -0.550351
v 6.464613 10.778342 -0.546997
v 6.600978 10.830835 -0.543947
v 6.734799 10.889986 -0.541216
v 6.865722 10.955701 -0.538821
v 6.993384 11.027887 -0.536776
v 7.117414 11.106394 -0.535095
v 7.237511 11.190981 -0.533781
v 7.353384 11.281402 -0.532837
v 7.464743 11.377410 -0.532267
v 7.571297 11.478761 -0.532071
v 7.672754 11.585207 -0.532254
v 7.768824 11.696503 -0.532817
v 7.859213 11.812402 -0.533764
v 7.943603 11.932591 -0.535094
v 8.021832 12.056713 -0.536797
v 8.093794 12.184416 -0.538857
v 8.159383 12.315351 -0.541261
v 8.218494 12.449166 -0.543993
v 8.271021 12.585513 -0.547040
v 8.316858 12.724041 -0.550387
v 8.355899 12.864399 -0.554021
v 8.388039 13.006237 -0.557925
v 8.413171 13.149205 -0.562087
v 8.431202 13.292952 -0.566491
v 8.442218 13.437117 -0.571111
v 7.925106 13.364819 0.469027
v 8.013933 13.369858 0.374432
v 8.095706 13.375694 0.273720
v 8.169998 13.382295 0.167413
v 8.240288 13.390106 0.049008
v 8.292504 13.397323 -0.055072
v 8.337862 13.405067 -0.162284
v 8.376169 13.413305 -0.272175
v 8.407254 13.422003 -0.384288
v 8.427217 13.429429 -0.477246
v 7.910484 13.252035 0.467104
v 7.999151 13.252227 0.373139
v 8.080894 13.253512 0.273102
v 8.155291 13.255883 0.167505
v 8.225843 13.259576 0.049881
v 8.278404 13.263630 -0.053525
v 8.324222 13.268517 -0.160057
v 8.363102 13.274218 -0.269271
v 8.394875 13.280711 -0.380717
v 8.415482 13.286585 -0.473142
v 7.890817 13.139946 0.465312
v 7.979070 13.135297 0.371943
v 8.060535 13.132028 0.272542
v 8.134798 13.130158 0.167616
v 8.205369 13.129711 0.050731
v 8.258078 13.130575 -0.052037
v 8.304166 13.132573 -0.157925
v 8.343441 13.135695 -0.266497
v 8.375732 13.139932 -0.377310
v 8.396855 13.144209 -0.469230
v 7.866074 13.028783 0.463652
v 7.953655 13.019311 0.370841
v 8.034593 13.011501 0.272038
v 8.108478 13.005392 0.167740
v 8.178818 13.000800 0.051548
v 8.231473 12.998462 -0.050620
v 8.277637 12.997548 -0.155903
v 8.317121 12.998064 -0.263871
v 8.349755 13.000009 -0.374089
v 8.371256 13.002653 -0.465532
v 7.836326 12.918767 0.462125
v 7.922984 12.904506 0.369833
v 8.003147 12.892180 0.271586
v 8.076414 12.881851 0.167874
v 8.146277 12.873122 0.052328
v 8.198676 12.867580 -0.049281
v 8.244725 12.863748 -0.153999
v 8.284234 12.861641 -0.261404
v 8.317034 12.861271 -0.371064
v 8.338778 12.862257 -0.462061
v 7.801653 12.810124 0.460730
v 7.887138 12.791119 0.368917
v 7.966283 12.774315 0.271184
v 8.038697 12.759795 0.168013
v 8.107840 12.746953 0.053065
v 8.159787 12.738221 -0.048027
v 8.205529 12.731475 -0.152222
v 8.244880 12.726743 -0.259105
v 8.277675 12.724047 -0.368248
v 8.299527 12.723360 -0.458831
v 7.762134 12.703074 0.459468
v 7.846200 12.679385 0.368094
v 7.924090 12.658155 0.270830
v 7.995417 12.639489 0.168154
v 8.063601 12.622572 0.053754
v 8.114900 12.610674 -0.046864
v 8.160149 12.601031 -0.150580
v 8.199163 12.593685 -0.256983
v 8.231781 12.588666 -0.365652
v 8.253607 12.586303 -0.455855
v 7.717846 12.597841 0.458339
v 7.800255 12.569539 0.367361
v 7.876653 12.543949 0.270521
v 7.946665 12.521195 0.168294
v 8.013656 12.500256 0.054389
v 8.064115 12.485229 -0.045799
v 8.108684 12.472721 -0.149081
v 8.147184 12.462782 -0.255049
v 8.179455 12.455456 -0.363288
v 8.201124 12.451425 -0.453145
v 7.668868 12.494648 0.457343
v 7.749384 12.461819 0.366717
v 7.824060 12.431946 0.270256
v 7.892532 12.405176 0.168429
v 7.958097 12.380283 0.054965
v 8.007527 12.362177 -0.044839
v 8.051235 12.346846 -0.147734
v 8.089044 12.334352 -0.253313
v 8.120800 12.324747 -0.361167
v 8.142181 12.319065 -0.450714
v 7.615280 12.393717 0.456479
v 7.693670 12.356459 0.366162
v 7.766397 12.322396 0.270032
v 7.833109 12.291694 0.168554
v 7.897020 12.262929 0.055478
v 7.945235 12.241807 -0.043991
v 7.987900 12.223709 -0.146545
v 8.024846 12.208708 -0.251784
v 8.055922 12.196867 -0.359300
v 8.076884 12.189562 -0.448576
v 7.557160 12.295272 0.455749
v 7.633197 12.253695 0.365694
v 7.703752 12.215548 0.269847
v 7.768485 12.181013 0.168668
v 7.830519 12.148472 0.055921
v 7.877334 12.124409 -0.043261
v 7.918780 12.103614 -0.145525
v 7.954691 12.086168 -0.250472
v 7.984922 12.072145 -0.357699
v 8.005338 12.063257 -0.446743
v 7.494586 12.199535 0.455151
v 7.568047 12.153765 0.365313
v 7.636212 12.111651 0.269698
v 7.698753 12.073395 0.168765
v 7.758688 12.037191 0.056290
v 7.803923 12.010275 -0.042656
v 7.843973 11.986863 -0.144680
v 7.878681 11.967047 -0.249387
v 7.907905 11.950909 -0.356376
v 7.927647 11.940489 -0.445228
v 7.427637 12.106729 0.454686
v 7.498304 12.056902 0.365017
v 7.563864 12.010954 0.269584
v 7.624002 11.969103 0.168842
v 7.681622 11.929361 0.056580
v 7.725099 11.899693 -0.042182
v 7.763581 11.873759 -0.144019
v 7.796918 11.851661 -0.248539
v 7.824974 11.833490 -0.355342
v 7.843916 11.821597 -0.444044
v 7.356424 12.017082 0.454354
v 7.424084 11.963350 0.364805
v 7.486830 11.913712 0.269501
v 7.544363 11.868406 0.168896
v 7.599457 11.825268 0.056785
v 7.641001 11.792961 -0.041845
v 7.677747 11.764612 -0.143549
v 7.709551 11.740333 -0.247936
v 7.736285 11.720222 -0.354606
v 7.754304 11.706929 -0.443201
v 7.281152 11.930796 0.454155
v 7.345603 11.873319 0.364678
v 7.405339 11.820148 0.269451
v 7.460074 11.771538 0.168927
v 7.512444 11.725158 0.056907
v 7.551895 11.690336 -0.041645
v 7.586749 11.659691 -0.143270
v 7.616869 11.633343 -0.247577
v 7.642135 11.611399 -0.354168
v 7.659119 11.596787 -0.442700
v 7.202008 11.848032 0.454088
v 7.263061 11.786981 0.364635
v 7.319600 11.730443 0.269434
v 7.371357 11.678689 0.168936
v 7.420817 11.629230 0.056945
v 7.458023 11.592026 -0.041581
v 7.490839 11.559212 -0.143180
v 7.519136 11.530916 -0.247461
v 7.542801 11.507253 -0.354027
v 7.558646 11.491411 -0.442538
v 7.119180 11.768951 0.454155
v 7.176655 11.704505 0.364677
v 7.229824 11.644775 0.269449
v 7.278432 11.590047 0.168924
v 7.324809 11.537683 0.056902
v 7.359629 11.498239 -0.041651
v 7.390271 11.463391 -0.143277
v 7.416616 11.433277 -0.247586
v 7.438557 11.408018 -0.354179
v 7.453166 11.391040 -0.442712
v 7.032857 11.693715 0.454354
v 7.086586 11.626063 0.364803
v 7.136219 11.563325 0.269498
v 7.181520 11.505801 0.168891
v 7.224652 11.450716 0.056778
v 7.256955 11.409180 -0.041854
v 7.285298 11.372443 -0.143561
v 7.309571 11.340648 -0.247950
v 7.329676 11.313925 -0.354622
v 7.342964 11.295914 -0.443220
v 6.943226 11.622484 0.454686
v 6.993050 11.551824 0.365015
v 7.038995 11.486271 0.269581
v 7.080841 11.426140 0.168837
v 7.120578 11.368528 0.056573
v 7.150243 11.325058 -0.042190
v 7.176172 11.286584 -0.144029
v 7.198265 11.253255 -0.248551
v 7.216432 11.225206 -0.355356
v 7.228320 11.206271 -0.444059
v 6.850476 11.555420 0.455150
v 6.896246 11.481958 0.365312
v 6.938361 11.413793 0.269698
v 6.976616 11.351252 0.168764
v 7.012820 11.291316 0.056290
v 7.039736 11.246080 -0.042656
v 7.063147 11.206029 -0.144680
v 7.082961 11.171320 -0.249388
v 7.099098 11.142095 -0.356376
v 7.109517 11.122352 -0.445228
v 6.754793 11.492683 0.455748
v 6.796374 11.416637 0.365695
v 6.834526 11.346071 0.269850
v 6.869065 11.281326 0.168673
v 6.901610 11.219279 0.055929
v 6.925676 11.172451 -0.043251
v 6.946475 11.130993 -0.145513
v 6.963923 11.095068 -0.250458
v 6.977949 11.064823 -0.357682
v 6.986838 11.044394 -0.446724
v 6.656371 11.434432 0.456478
v 6.693636 11.356025 0.366164
v 6.727705 11.283279 0.270037
v 6.758414 11.216547 0.168563
v 6.787186 11.152612 0.055491
v 6.808313 11.104376 -0.043974
v 6.826415 11.061688 -0.146524
v 6.841420 11.024718 -0.251759
v 6.853266 10.993617 -0.359271
v 6.860573 10.972633 -0.448543
v 6.555447 11.380771 0.457341
v 6.588284 11.300233 0.366719
v 6.618164 11.225534 0.270262
v 6.644941 11.157036 0.168439
v 6.669842 11.091442 0.054981
v 6.687953 11.041985 -0.044819
v 6.703289 10.998250 -0.147708
v 6.715788 10.960410 -0.253283
v 6.725397 10.928623 -0.361131
v 6.731082 10.907216 -0.450674
v 6.452250 11.331770 0.458338
v 6.480560 11.249337 0.367363
v 6.506158 11.172914 0.270528
v 6.528918 11.102874 0.168305
v 6.549864 11.035853 0.054405
v 6.564897 10.985366 -0.045778
v 6.577410 10.940767 -0.149055
v 6.587353 10.902236 -0.255018
v 6.594684 10.869932 -0.363251
v 6.598718 10.848234 -0.453103
v 6.347006 11.287501 0.459467
v 6.370702 11.203412 0.368096
v 6.391939 11.125499 0.270836
v 6.410611 11.054146 0.168164
v 6.427534 10.985932 0.053769
v 6.439438 10.934606 -0.046844
v 6.449084 10.889330 -0.150556
v 6.456435 10.850286 -0.256954
v 6.461457 10.817637 -0.365618
v 6.463822 10.795783 -0.455816
v 6.239939 11.248037 0.460729
v 6.258949 11.162534 0.368919
v 6.275759 11.083368 0.271188
v 6.290284 11.010932 0.168021
v 6.303130 10.941764 0.053078
v 6.311867 10.889795 -0.048010
v 6.318616 10.844028 -0.152202
v 6.323351 10.804652 -0.259080
v 6.326049 10.771830 -0.368219
v 6.326737 10.749956 -0.458799
v 6.131273 11.213449 0.462124
v 6.145538 11.126777 0.369834
v 6.157868 11.046599 0.271589
v 6.168201 10.973316 0.167880
v 6.176933 10.903435 0.052337
v 6.182477 10.851019 -0.049269
v 6.186312 10.804953 -0.153985
v 6.188420 10.765426 -0.261386
v 6.188792 10.732606 -0.371044
v 6.187807 10.710845 -0.462038
v 6.021234 11.183808 0.463651
v 6.030707 11.096219 0.370841
v 6.038519 11.015273 0.272039
v 6.044629 10.941379 0.167743
v 6.049223 10.871030 0.051553
v 6.051562 10.818367 -0.050614
v 6.052477 10.772193 -0.155895
v 6.051961 10.732699 -0.263862
v 6.050017 10.700056 -0.374078
v 6.047373 10.678546 -0.465520
v 5.910054 11.159163 0.465311
v 5.914704 11.070908 0.371943
v 5.917973 10.989442 0.272543
v 5.919844 10.915178 0.167616
v 5.920291 10.844605 0.050732
v 5.919427 10.791895 -0.052036
v 5.917430 10.745805 -0.157923
v 5.914307 10.706528 -0.266495
v 5.910070 10.674235 -0.377309
v 5.905794 10.653111 -0.469228
v 5.797965 11.139522 0.467104
v 5.797772 11.050855 0.373139
v 5.796487 10.969113 0.273102
v 5.794116 10.894716 0.167505
v 5.790424 10.824165 0.049881
v 5.786370 10.771604 -0.053525
v 5.781483 10.725787 -0.160057
v 5.775782 10.686907 -0.269271
v 5.769290 10.655136 -0.380718
v 5.763416 10.634528 -0.473143
v 5.685181 11.124897 0.469027
v 5.680142 11.036070 0.374432
v 5.674306 10.954298 0.273720
v 5.667705 10.880006 0.167413
v 5.659894 10.809716 0.049008
v 5.652677 10.757500 -0.055073
v 5.644934 10.712143 -0.162284
v 5.636696 10.673836 -0.272175
v 5.627997 10.642751 -0.384288
v 5.620572 10.622788 -0.477246
v 5.473509 11.204404 0.561140
v 5.463628 11.109951 0.472485
v 5.458301 11.022365 0.377293
v 5.452713 10.941861 0.276058
v 5.446894 10.868854 0.169300
v 5.443708 10.833127 0.110325
v 5.440470 10.799691 0.050024
v 5.434906 10.748661 -0.054366
v 5.429229 10.704486 -0.161830
v 5.423464 10.667352 -0.271921
v 5.417635 10.637424 -0.384181
v 5.412828 10.618353 -0.477438
v 8.445487 13.787130 -0.569422
v 8.424928 13.787130 -0.440706
v 8.395108 13.787130 -0.313815
v 8.356183 13.787130 -0.189415
v 8.308357 13.787130 -0.068158
v 8.251882 13.787130 0.049319
v 8.187053 13.787130 0.162402
v 8.114211 13.787130 0.270497
v 8.033737 13.787130 0.373037
v 7.946054 13.787130 0.469484
v 7.851620 13.787130 0.559334
v 7.850301 13.685157 0.560029
v 7.944955 13.686204 0.470150
v 8.032846 13.687310 0.373649
v 8.113513 13.688470 0.271031
v 8.186529 13.689679 0.162838
v 8.251513 13.690928 0.049638
v 8.308122 13.692213 -0.067973
v 8.356058 13.693525 -0.189378
v 8.395069 13.694859 -0.313937
v 8.424950 13.696207 -0.440996
v 8.445544 13.697562 -0.569886
v 7.944565 13.735101 0.470877
v 8.031293 13.735666 0.375801
v 8.111005 13.736259 0.274772
v 8.183291 13.736875 0.168302
v 8.251784 13.737556 0.049404
v 8.302319 13.738145 -0.054599
v 8.346078 13.738746 -0.161631
v 8.382875 13.739356 -0.271250
v 8.412551 13.739973 -0.383008
v 8.431481 13.740482 -0.475843
v 8.445487 24.312870 -0.569422
v 8.424928 24.312870 -0.440706
v 8.395108 24.312870 -0.313815
v 8.356183 24.312870 -0.189415
v 8.308357 24.312870 -0.068158
v 8.251882 24.312870 0.049319
v 8.187053 24.312870 0.162402
v 8.114211 24.312870 0.270497
v 8.033737 24.312870 0.373037
v 7.946054 24.312870 0.469484
v 7.851620 24.312870 0.559334
v 8.424928 21.681435 -0.440706
v 8.424928 19.050000 -0.440706
v 8.424928 16.418565 -0.440706
v 8.395108 21.681435 -0.313815
v 8.395108 19.050000 -0.313815
v 8.395108 16.418565 -0.313815
v 8.356183 21.681435 -0.189415
v 8.356183 19.050000 -0.189415
v 8.356183 16.418565 -0.189415
v 8.308357 21.681435 -0.068158
v 8.308357 19.050000 -0.068158
v 8.308357 16.418565 -0.068158
v 8.251882 21.681435 0.049319
v 8.251882 19.050000 0.049319
v 8.251882 16.418565 0.049319
v 8.187053 21.681435 0.162402
v 8.187053 19.050000 0.162402
v 8.187053 16.418565 0.162402
v 8.114211 21.681435 0.270497
v 8.114211 19.050000 0.270497
v 8.114211 16.418565 0.270497
v 8.033737 21.681435 0.373037
v 8.033737 19.050000 0.373037
v 8.033737 16.418565 0.373037
v 7.946054 21.681435 0.469484
v 7.946054 19.050000 0.469484
v 7.946054 16.418565 0.469484
v 8.445544 24.402438 -0.569886
v 8.424950 24.403793 -0.440996
v 8.395069 24.405141 -0.313937
v 8.356058 24.406475 -0.189378
v 8.308122 24.407787 -0.067973
v 8.251513 24.409072 0.049638
v 8.186529 24.410321 0.162838
v 8.113513 24.411530 0.271031
v 8.032846 24.412690 0.373649
v 7.944955 24.413796 0.470150
v 7.850301 24.414843 0.560029
v 7.944601 24.361629 0.470856
v 8.031322 24.361099 0.375782
v 8.111028 24.360544 0.274754
v 8.183309 24.359966 0.168288
v 8.251796 24.359328 0.049394
v 8.302328 24.358776 -0.054606
v 8.346083 24.358213 -0.161633
v 8.382877 24.357641 -0.271248
v 8.412551 24.357062 -0.383001
v 8.431480 24.356586 -0.475832
v 7.845596 13.576491 0.561140
v 7.939752 13.579608 0.472479
v 8.027396 13.585221 0.377286
v 8.107954 13.591108 0.276043
v 8.181010 13.597239 0.169271
v 8.216761 13.600597 0.110287
v 8.250219 13.604009 0.049976
v 8.301281 13.609872 -0.054434
v 8.345484 13.615854 -0.161922
v 8.382641 13.621929 -0.272038
v 8.412586 13.628072 -0.384327
v 8.431666 13.633138 -0.477608
v 5.468647 27.496286 -0.575923
v 5.480977 27.475441 -0.445981
v 5.493241 27.445075 -0.317922
v 5.505372 27.405350 -0.192437
v 5.517304 27.356482 -0.070203
v 5.528975 27.298734 0.048121
v 5.540320 27.232417 0.161897
v 5.551279 27.157889 0.270511
v 5.561792 27.075551 0.373378
v 5.571803 26.985849 0.469943
v 5.581257 26.889264 0.559685
v 5.689399 26.879694 0.557020
v 5.797065 26.865356 0.554517
v 5.904048 26.846234 0.552178
v 6.010133 26.822297 0.550007
v 6.115110 26.793615 0.548005
v 6.218768 26.760262 0.546171
v 6.320897 26.722310 0.544509
v 6.421288 26.679836 0.543017
v 6.519730 26.632912 0.541698
v 6.616013 26.581613 0.540552
v 6.709927 26.526013 0.539581
v 6.801263 26.466186 0.538786
v 6.889809 26.402206 0.538167
v 6.975351 26.334179 0.537725
v 7.057698 26.262296 0.537460
v 7.136698 26.186736 0.537372
v 7.212198 26.107676 0.537461
v 7.284047 26.025294 0.537726
v 7.352091 25.939767 0.538167
v 7.416180 25.851272 0.538785
v 7.476160 25.759987 0.539579
v 7.531884 25.666094 0.540549
v 7.583252 25.569816 0.541693
v 7.630198 25.471371 0.543012
v 7.672654 25.370970 0.544504
v 7.710553 25.268824 0.546167
v 7.743828 25.165146 0.548002
v 7.772409 25.060148 0.550006
v 7.796253 24.954049 0.552178
v 7.815350 24.847064 0.554517
v 7.829691 24.739399 0.557020
v 7.839264 24.631257 0.559685
v 7.935849 24.621803 0.469943
v 8.025551 24.611792 0.373378
v 8.107889 24.601279 0.270511
v 8.182417 24.590320 0.161897
v 8.248734 24.578975 0.048121
v 8.306482 24.567304 -0.070203
v 8.355350 24.555372 -0.192437
v 8.395075 24.543241 -0.317922
v 8.425441 24.530977 -0.445981
v 8.446286 24.518647 -0.575923
v 8.442213 24.662884 -0.571111
v 8.431191 24.807048 -0.566491
v 8.413206 24.950797 -0.562085
v 8.388246 25.093789 -0.557912
v 8.356292 25.235665 -0.553995
v 8.317399 25.376057 -0.550351
v 8.271658 25.514613 -0.546997
v 8.219165 25.650978 -0.543947
v 8.160014 25.784799 -0.541216
v 8.094299 25.915722 -0.538821
v 8.022113 26.043384 -0.536776
v 7.943606 26.167414 -0.535095
v 7.859019 26.287511 -0.533781
v 7.768598 26.403384 -0.532837
v 7.672590 26.514743 -0.532267
v 7.571239 26.621297 -0.532071
v 7.464793 26.722754 -0.532254
v 7.353497 26.818824 -0.532817
v 7.237598 26.909213 -0.533764
v 7.117409 26.993603 -0.535094
v 6.993287 27.071832 -0.536797
v 6.865584 27.143794 -0.538857
v 6.734649 27.209383 -0.541261
v 6.600834 27.268494 -0.543993
v 6.464487 27.321021 -0.547040
v 6.325959 27.366858 -0.550387
v 6.185601 27.405899 -0.554021
v 6.043763 27.438039 -0.557925
v 5.900795 27.463171 -0.562087
v 5.757048 27.481202 -0.566491
v 5.612883 27.492218 -0.571111
v 5.685181 26.975106 0.469027
v 5.680142 27.063933 0.374432
v 5.674306 27.145706 0.273720
v 5.667705 27.219998 0.167413
v 5.659894 27.290288 0.049008
v 5.652677 27.342504 -0.055072
v 5.644933 27.387862 -0.162284
v 5.636695 27.426169 -0.272175
v 5.627997 27.457254 -0.384288
v 5.620571 27.477217 -0.477246
v 5.797965 26.960484 0.467104
v 5.797773 27.049151 0.373139
v 5.796488 27.130894 0.273102
v 5.794117 27.205291 0.167505
v 5.790424 27.275843 0.049881
v 5.786370 27.328404 -0.053525
v 5.781483 27.374222 -0.160057
v 5.775782 27.413102 -0.269271
v 5.769289 27.444875 -0.380717
v 5.763415 27.465482 -0.473142
v 5.910054 26.940817 0.465312
v 5.914703 27.029070 0.371943
v 5.917972 27.110535 0.272542
v 5.919842 27.184798 0.167616
v 5.920289 27.255369 0.050731
v 5.919425 27.308078 -0.052037
v 5.917427 27.354166 -0.157925
v 5.914305 27.393441 -0.266497
v 5.910068 27.425732 -0.377310
v 5.905791 27.446855 -0.469230
v 6.021217 26.916074 0.463652
v 6.030689 27.003655 0.370841
v 6.038499 27.084593 0.272038
v 6.044608 27.158478 0.167740
v 6.049200 27.228818 0.051548
v 6.051538 27.281473 -0.050620
v 6.052452 27.327637 -0.155903
v 6.051936 27.367121 -0.263871
v 6.049991 27.399755 -0.374089
v 6.047347 27.421256 -0.465532
v 6.131233 26.886326 0.462125
v 6.145494 26.972984 0.369833
v 6.157820 27.053147 0.271586
v 6.168149 27.126414 0.167874
v 6.176878 27.196277 0.052328
v 6.182420 27.248676 -0.049281
v 6.186252 27.294725 -0.153999
v 6.188359 27.334234 -0.261404
v 6.188729 27.367034 -0.371064
v 6.187743 27.388778 -0.462061
v 6.239876 26.851653 0.460730
v 6.258881 26.937138 0.368917
v 6.275685 27.016283 0.271184
v 6.290205 27.088697 0.168013
v 6.303047 27.157840 0.053065
v 6.311779 27.209787 -0.048027
v 6.318525 27.255529 -0.152222
v 6.323257 27.294880 -0.259105
v 6.325953 27.327675 -0.368248
v 6.326640 27.349527 -0.458831
v 6.346926 26.812134 0.459468
v 6.370615 26.896200 0.368094
v 6.391845 26.974090 0.270830
v 6.410511 27.045417 0.168154
v 6.427428 27.113601 0.053754
v 6.439326 27.164900 -0.046864
v 6.448969 27.210149 -0.150580
v 6.456315 27.249163 -0.256983
v 6.461334 27.281781 -0.365652
v 6.463697 27.303607 -0.455855
v 6.452159 26.767846 0.458339
v 6.480461 26.850255 0.367361
v 6.506051 26.926653 0.270521
v 6.528805 26.996665 0.168294
v 6.549744 27.063656 0.054389
v 6.564771 27.114115 -0.045799
v 6.577279 27.158684 -0.149081
v 6.587218 27.197184 -0.255049
v 6.594544 27.229455 -0.363288
v 6.598575 27.251124 -0.453145
v 6.555352 26.718868 0.457343
v 6.588181 26.799384 0.366717
v 6.618054 26.874060 0.270256
v 6.644824 26.942532 0.168429
v 6.669717 27.008097 0.054965
v 6.687823 27.057527 -0.044839
v 6.703154 27.101235 -0.147734
v 6.715648 27.139044 -0.253313
v 6.725253 27.170800 -0.361167
v 6.730935 27.192181 -0.450714
v 6.656283 26.665280 0.456479
v 6.693541 26.743670 0.366162
v 6.727604 26.816397 0.270032
v 6.758306 26.883109 0.168554
v 6.787071 26.947020 0.055478
v 6.808193 26.995235 -0.043991
v 6.826291 27.037900 -0.146545
v 6.841292 27.074846 -0.251784
v 6.853133 27.105922 -0.359300
v 6.860438 27.126884 -0.448576
v 6.754728 26.607160 0.455749
v 6.796305 26.683197 0.365694
v 6.834452 26.753752 0.269847
v 6.868987 26.818485 0.168668
v 6.901528 26.880519 0.055921
v 6.925591 26.927334 -0.043261
v 6.946386 26.968780 -0.145525
v 6.963832 27.004691 -0.250472
v 6.977855 27.034922 -0.357699
v 6.986743 27.055338 -0.446743
v 6.850465 26.544586 0.455151
v 6.896235 26.618047 0.365313
v 6.938349 26.686212 0.269698
v 6.976605 26.748753 0.168765
v 7.012809 26.808688 0.056290
v 7.039725 26.853923 -0.042656
v 7.063137 26.893973 -0.144680
v 7.082953 26.928681 -0.249387
v 7.099091 26.957905 -0.356376
v 7.109511 26.977647 -0.445228
v 6.943271 26.477637 0.454686
v 6.993098 26.548304 0.365017
v 7.039046 26.613864 0.269584
v 7.080897 26.674002 0.168842
v 7.120639 26.731622 0.056580
v 7.150307 26.775099 -0.042182
v 7.176241 26.813581 -0.144019
v 7.198339 26.846918 -0.248539
v 7.216510 26.874974 -0.355342
v 7.228403 26.893916 -0.444044
v 7.032918 26.406424 0.454354
v 7.086650 26.474084 0.364805
v 7.136288 26.536830 0.269501
v 7.181594 26.594363 0.168896
v 7.224732 26.649457 0.056785
v 7.257039 26.691001 -0.041845
v 7.285388 26.727747 -0.143549
v 7.309667 26.759551 -0.247936
v 7.329778 26.786285 -0.354606
v 7.343071 26.804304 -0.443201
v 7.119204 26.331152 0.454155
v 7.176681 26.395603 0.364678
v 7.229852 26.455339 0.269451
v 7.278462 26.510074 0.168927
v 7.324842 26.562444 0.056907
v 7.359664 26.601895 -0.041645
v 7.390309 26.636749 -0.143270
v 7.416657 26.666869 -0.247577
v 7.438601 26.692135 -0.354168
v 7.453213 26.709119 -0.442700
v 7.201968 26.252008 0.454088
v 7.263019 26.313061 0.364635
v 7.319557 26.369600 0.269434
v 7.371311 26.421357 0.168936
v 7.420770 26.470817 0.056945
v 7.457974 26.508023 -0.041581
v 7.490788 26.540839 -0.143180
v 7.519084 26.569136 -0.247461
v 7.542747 26.592801 -0.354027
v 7.558589 26.608646 -0.442538
v 7.281049 26.169180 0.454155
v 7.345495 26.226655 0.364677
v 7.405225 26.279824 0.269449
v 7.459953 26.328432 0.168924
v 7.512317 26.374809 0.056902
v 7.551761 26.409629 -0.041651
v 7.586609 26.440271 -0.143277
v 7.616723 26.466616 -0.247586
v 7.641982 26.488557 -0.354179
v 7.658960 26.503166 -0.442712
v 7.356285 26.082857 0.454354
v 7.423937 26.136586 0.364803
v 7.486675 26.186219 0.269498
v 7.544199 26.231520 0.168891
v 7.599284 26.274652 0.056778
v 7.640820 26.306955 -0.041854
v 7.677557 26.335298 -0.143561
v 7.709352 26.359571 -0.247950
v 7.736075 26.379676 -0.354622
v 7.754086 26.392964 -0.443220
v 7.427516 25.993226 0.454686
v 7.498176 26.043050 0.365015
v 7.563729 26.088995 0.269581
v 7.623860 26.130841 0.168837
v 7.681472 26.170578 0.056573
v 7.724942 26.200243 -0.042190
v 7.763416 26.226172 -0.144029
v 7.796745 26.248265 -0.248551
v 7.824794 26.266432 -0.355356
v 7.843729 26.278320 -0.444059
v 7.494580 25.900476 0.455150
v 7.568042 25.946246 0.365312
v 7.636207 25.988361 0.269698
v 7.698748 26.026616 0.168764
v 7.758684 26.062820 0.056290
v 7.803920 26.089736 -0.042656
v 7.843971 26.113147 -0.144680
v 7.878680 26.132961 -0.249388
v 7.907905 26.149098 -0.356376
v 7.927648 26.159517 -0.445228
v 7.557317 25.804793 0.455748
v 7.633363 25.846374 0.365695
v 7.703929 25.884526 0.269850
v 7.768674 25.919065 0.168673
v 7.830721 25.951610 0.055929
v 7.877549 25.975676 -0.043251
v 7.919007 25.996475 -0.145513
v 7.954932 26.013923 -0.250458
v 7.985177 26.027949 -0.357682
v 8.005606 26.036838 -0.446724
v 7.615568 25.706371 0.456478
v 7.693975 25.743636 0.366164
v 7.766721 25.777705 0.270037
v 7.833453 25.808414 0.168563
v 7.897388 25.837186 0.055491
v 7.945624 25.858313 -0.043974
v 7.988312 25.876415 -0.146524
v 8.025282 25.891420 -0.251759
v 8.056383 25.903266 -0.359271
v 8.077367 25.910573 -0.448543
v 7.669229 25.605447 0.457341
v 7.749767 25.638284 0.366719
v 7.824466 25.668164 0.270262
v 7.892964 25.694941 0.168439
v 7.958558 25.719842 0.054981
v 8.008015 25.737953 -0.044819
v 8.051750 25.753289 -0.147708
v 8.089590 25.765788 -0.253283
v 8.121377 25.775397 -0.361131
v 8.142784 25.781082 -0.450674
v 7.718230 25.502250 0.458338
v 7.800663 25.530560 0.367363
v 7.877086 25.556158 0.270528
v 7.947126 25.578918 0.168305
v 8.014147 25.599864 0.054405
v 8.064634 25.614897 -0.045778
v 8.109233 25.627410 -0.149055
v 8.147764 25.637353 -0.255018
v 8.180068 25.644684 -0.363251
v 8.201766 25.648718 -0.453103
v 7.762499 25.397006 0.459467
v 7.846588 25.420702 0.368096
v 7.924501 25.441939 0.270836
v 7.995854 25.460611 0.168164
v 8.064068 25.477534 0.053769
v 8.115394 25.489438 -0.046844
v 8.160670 25.499084 -0.150556
v 8.199714 25.506435 -0.256954
v 8.232363 25.511457 -0.365618
v 8.254217 25.513822 -0.455816
v 7.801963 25.289939 0.460729
v 7.887466 25.308949 0.368919
v 7.966632 25.325759 0.271188
v 8.039068 25.340284 0.168021
v 8.108236 25.353130 0.053078
v 8.160205 25.361867 -0.048010
v 8.205972 25.368616 -0.152202
v 8.245348 25.373351 -0.259080
v 8.278170 25.376049 -0.368219
v 8.300044 25.376737 -0.458799
v 7.836551 25.181273 0.462124
v 7.923223 25.195538 0.369834
v 8.003401 25.207868 0.271589
v 8.076684 25.218201 0.167880
v 8.146565 25.226933 0.052337
v 8.198981 25.232477 -0.049269
v 8.245047 25.236312 -0.153985
v 8.284574 25.238420 -0.261386
v 8.317394 25.238792 -0.371044
v 8.339155 25.237807 -0.462038
v 7.866192 25.071234 0.463651
v 7.953781 25.080707 0.370841
v 8.034727 25.088519 0.272039
v 8.108621 25.094629 0.167743
v 8.178970 25.099223 0.051553
v 8.231633 25.101562 -0.050614
v 8.277807 25.102477 -0.155895
v 8.317301 25.101961 -0.263862
v 8.349944 25.100017 -0.374078
v 8.371454 25.097373 -0.465520
v 7.890837 24.960054 0.465311
v 7.979092 24.964704 0.371943
v 8.060558 24.967973 0.272543
v 8.134822 24.969844 0.167616
v 8.205395 24.970291 0.050732
v 8.258105 24.969427 -0.052036
v 8.304195 24.967430 -0.157923
v 8.343472 24.964307 -0.266495
v 8.375765 24.960070 -0.377309
v 8.396889 24.955794 -0.469228
v 7.910478 24.847965 0.467104
v 7.999145 24.847772 0.373139
v 8.080887 24.846487 0.273102
v 8.155284 24.844116 0.167505
v 8.225835 24.840424 0.049881
v 8.278396 24.836370 -0.053525
v 8.324213 24.831483 -0.160057
v 8.363093 24.825782 -0.269271
v 8.394864 24.819290 -0.380718
v 8.415472 24.813416 -0.473143
v 7.925103 24.735181 0.469027
v 8.013930 24.730142 0.374432
v 8.095702 24.724306 0.273720
v 8.169994 24.717705 0.167413
v 8.240284 24.709894 0.049008
v 8.292500 24.702677 -0.055073
v 8.337857 24.694934 -0.162284
v 8.376164 24.686696 -0.272175
v 8.407249 24.677997 -0.384288
v 8.427212 24.670572 -0.477246
v 7.845596 24.523509 0.561140
v 7.940049 24.513628 0.472485
v 8.027635 24.508301 0.377293
v 8.108139 24.502713 0.276058
v 8.181146 24.496894 0.169300
v 8.216873 24.493708 0.110325
v 8.250309 24.490470 0.050024
v 8.301339 24.484906 -0.054366
v 8.345514 24.479229 -0.161830
v 8.382648 24.473464 -0.271921
v 8.412576 24.467635 -0.384181
v 8.431647 24.462828 -0.477438
v 5.262870 27.495487 -0.569422
v 5.262870 27.474928 -0.440706
v 5.262870 27.445108 -0.313815
v 5.262870 27.406183 -0.189415
v 5.262870 27.358357 -0.068158
v 5.262870 27.301882 0.049319
v 5.262870 27.237053 0.162402
v 5.262870 27.164211 0.270497
v 5.262870 27.083737 0.373037
v 5.262870 26.996054 0.469484
v 5.262870 26.901620 0.559334
v 5.364843 26.900301 0.560029
v 5.363796 26.994955 0.470150
v 5.362690 27.082846 0.373649
v 5.361530 27.163513 0.271031
v 5.360321 27.236529 0.162838
v 5.359072 27.301513 0.049638
v 5.357787 27.358122 -0.067973
v 5.356475 27.406058 -0.189378
v 5.355141 27.445069 -0.313937
v 5.353793 27.474950 -0.440996
v 5.352438 27.495544 -0.569886
v 5.314899 26.994565 0.470877
v 5.314334 27.081293 0.375801
v 5.313741 27.161005 0.274772
v 5.313125 27.233291 0.168302
v 5.312444 27.301784 0.049404
v 5.311855 27.352319 -0.054599
v 5.311254 27.396078 -0.161631
v 5.310644 27.432875 -0.271250
v 5.310027 27.462551 -0.383008
v 5.309518 27.481481 -0.475843
v -5.262870 27.495487 -0.569422
v -5.262870 27.474928 -0.440706
v -5.262870 27.445108 -0.313815
v -5.262870 27.406183 -0.189415
v -5.262870 27.358357 -0.068158
v -5.262870 27.301882 0.049319
v -5.262870 27.237053 0.162402
v -5.262870 27.164211 0.270497
v -5.262870 27.083737 0.373037
v -5.262870 26.996054 0.469484
v -5.262870 26.901620 0.559334
v -2.631435 27.474928 -0.440706
v 0.000000 27.474928 -0.440706
v 2.631435 27.474928 -0.440706
v -2.631435 27.445108 -0.313815
v 0.000000 27.445108 -0.313815
v 2.631435 27.445108 -0.313815
v -2.631435 27.406183 -0.189415
v 0.000000 27.406183 -0.189415
v 2.631435 27.406183 -0.189415
v -2.631435 27.358357 -0.068158
v 0.000000 27.358357 -0.068158
v 2.631435 27.358357 -0.068158
v -2.631435 27.301882 0.049319
v 0.000000 27.301882 0.049319
v 2.631435 27.301882 0.049319
v -2.631435 27.237053 0.162402
v 0.000000 27.237053 0.162402
v 2.631435 27.237053 0.162402
v -2.631435 27.164211 0.270497
v 0.000000 27.164211 0.270497
v 2.631435 27.164211 0.270497
v -2.631435 27.083737 0.373037
v 0.000000 27.083737 0.373037
v 2.631435 27.083737 0.373037
v -2.631435 26.996054 0.469484
v 0.000000 26.996054 0.469484
v 2.631435 26.996054 0.469484
v -5.352438 27.495544 -0.569886
v -5.353793 27.474950 -0.440996
v -5.355141 27.445069 -0.313937
v -5.356475 27.406058 -0.189378
v -5.357787 27.358122 -0.067973
v -5.359072 27.301513 0.049638
v -5.360321 27.236529 0.162838
v -5.361530 27.163513 0.271031
v -5.362690 27.082846 0.373649
v -5.363796 26.994955 0.470150
v -5.364843 26.900301 0.560029
v -5.311629 26.994601 0.470856
v -5.311099 27.081322 0.375782
v -5.310544 27.161028 0.274754
v -5.309966 27.233309 0.168288
v -5.309328 27.301796 0.049394
v -5.308776 27.352328 -0.054606
v -5.308213 27.396083 -0.161633
v -5.307641 27.432877 -0.271248
v -5.307062 27.462551 -0.383001
v -5.306586 27.481480 -0.475832
v 5.473509 26.895596 0.561140
v 5.470392 26.989752 0.472479
v 5.464779 27.077396 0.377286
v 5.458892 27.157954 0.276043
v 5.452761 27.231010 0.169271
v 5.449403 27.266761 0.110287
v 5.445991 27.300219 0.049976
v 5.440128 27.351281 -0.054434
v 5.434146 27.395484 -0.161922
v 5.428071 27.432641 -0.272038
v 5.421928 27.462586 -0.384327
v 5.416862 27.481666 -0.477608
v -8.446286 24.518647 -0.575923
v -8.425441 24.530977 -0.445981
v -8.395075 24.543241 -0.317922
v -8.355350 24.555372 -0.192437
v -8.306482 24.567304 -0.070203
v -8.248734 24.578975 0.048121
v -8.182417 24.590320 0.161897
v -8.107889 24.601279 0.270511
v -8.025551 24.611792 0.373378
v -7.935849 24.621803 0.469943
v -7.839264 24.631257 0.559685
v -7.829694 24.739399 0.557020
v -7.815356 24.847065 0.554517
v -7.796234 24.954048 0.552178
v -7.772297 25.060133 0.550007
v -7.743615 25.165110 0.548005
v -7.710262 25.268768 0.546171
v -7.672310 25.370897 0.544509
v -7.629836 25.471288 0.543017
v -7.582912 25.569730 0.541698
v -7.531613 25.666013 0.540552
v -7.476013 25.759927 0.539581
v -7.416186 25.851263 0.538786
v -7.352206 25.939809 0.538167
v -7.284179 26.025351 0.537725
v -7.212296 26.107698 0.537460
v -7.136736 26.186698 0.537372
v -7.057676 26.262198 0.537461
v -6.975294 26.334047 0.537726
v -6.889767 26.402091 0.538167
v -6.801272 26.466180 0.538785
v -6.709987 26.526160 0.539579
v -6.616094 26.581884 0.540549
v -6.519816 26.633252 0.541693
v -6.421371 26.680198 0.543012
v -6.320970 26.722654 0.544504
v -6.218824 26.760553 0.546167
v -6.115146 26.793828 0.548002
v -6.010148 26.822409 0.550006
v -5.904049 26.846253 0.552178
v -5.797064 26.865350 0.554517
v -5.689399 26.879691 0.557020
v -5.581257 26.889264 0.559685
v -5.571803 26.985849 0.469943
v -5.561792 27.075551 0.373378
v -5.551279 27.157889 0.270511
v -5.540320 27.232417 0.161897
v -5.528975 27.298734 0.048121
v -5.517304 27.356482 -0.070203
v -5.505372 27.405350 -0.192437
v -5.493241 27.445075 -0.317922
v -5.480977 27.475441 -0.445981
v -5.468647 27.496286 -0.575923
v -5.612884 27.492213 -0.571111
v -5.757048 27.481191 -0.566491
v -5.900797 27.463206 -0.562085
v -6.043789 27.438246 -0.557912
v -6.185665 27.406292 -0.553995
v -6.326057 27.367399 -0.550351
v -6.464613 27.321658 -0.546997
v -6.600978 27.269165 -0.543947
v -6.734799 27.210014 -0.541216
v -6.865722 27.144299 -0.538821
v -6.993384 27.072113 -0.536776
v -7.117414 26.993606 -0.535095
v -7.237511 26.909019 -0.533781
v -7.353384 26.818598 -0.532837
v -7.464743 26.722590 -0.532267
v -7.571297 26.621239 -0.532071
v -7.672754 26.514793 -0.532254
v -7.768824 26.403497 -0.532817
v -7.859213 26.287598 -0.533764
v -7.943603 26.167409 -0.535094
v -8.021832 26.043287 -0.536797
v -8.093794 25.915584 -0.538857
v -8.159383 25.784649 -0.541261
v -8.218494 25.650834 -0.543993
v -8.271021 25.514487 -0.547040
v -8.316858 25.375959 -0.550387
v -8.355899 25.235601 -0.554021
v -8.388039 25.093763 -0.557925
v -8.413171 24.950795 -0.562087
v -8.431202 24.807048 -0.566491
v -8.442218 24.662883 -0.571111
v -7.925106 24.735181 0.469027
v -8.013933 24.730142 0.374432
v -8.095706 24.724306 0.273720
v -8.169998 24.717705 0.167413
v -8.240288 24.709894 0.049008
v -8.292504 24.702677 -0.055072
v -8.337862 24.694933 -0.162284
v -8.376169 24.686695 -0.272175
v -8.407254 24.677997 -0.384288
v -8.427217 24.670571 -0.477246
v -7.910484 24.847965 0.467104
v -7.999151 24.847773 0.373139
v -8.080894 24.846488 0.273102
v -8.155291 24.844117 0.167505
v -8.225843 24.840424 0.049881
v -8.278404 24.836370 -0.053525
v -8.324222 24.831483 -0.160057
v -8.363102 24.825782 -0.269271
v -8.394875 24.819289 -0.380717
v -8.415482 24.813415 -0.473142
v -7.890817 24.960054 0.465312
v -7.979070 24.964703 0.371943
v -8.060535 24.967972 0.272542
v -8.134798 24.969842 0.167616
v -8.205369 24.970289 0.050731
v -8.258078 24.969425 -0.052037
v -8.304166 24.967427 -0.157925
v -8.343441 24.964305 -0.266497
v -8.375732 24.960068 -0.377310
v -8.396855 24.955791 -0.469230
v -7.866074 25.071217 0.463652
v -7.953655 25.080689 0.370841
v -8.034593 25.088499 0.272038
v -8.108478 25.094608 0.167740
v -8.178818 25.099200 0.051548
v -8.231473 25.101538 -0.050620
v -8.277637 25.102452 -0.155903
v -8.317121 25.101936 -0.263871
v -8.349755 25.099991 -0.374089
v -8.371256 25.097347 -0.465532
v -7.836326 25.181233 0.462125
v -7.922984 25.195494 0.369833
v -8.003147 25.207820 0.271586
v -8.076414 25.218149 0.167874
v -8.146277 25.226878 0.052328
v -8.198676 25.232420 -0.049281
v -8.244725 25.236252 -0.153999
v -8.284234 25.238359 -0.261404
v -8.317034 25.238729 -0.371064
v -8.338778 25.237743 -0.462061
v -7.801653 25.289876 0.460730
v -7.887138 25.308881 0.368917
v -7.966283 25.325685 0.271184
v -8.038697 25.340205 0.168013
v -8.107840 25.353047 0.053065
v -8.159787 25.361779 -0.048027
v -8.205529 25.368525 -0.152222
v -8.244880 25.373257 -0.259105
v -8.277675 25.375953 -0.368248
v -8.299527 25.376640 -0.458831
v -7.762134 25.396926 0.459468
v -7.846200 25.420615 0.368094
v -7.924090 25.441845 0.270830
v -7.995417 25.460511 0.168154
v -8.063601 25.477428 0.053754
v -8.114900 25.489326 -0.046864
v -8.160149 25.498969 -0.150580
v -8.199163 25.506315 -0.256983
v -8.231781 25.511334 -0.365652
v -8.253607 25.513697 -0.455855
v -7.717846 25.502159 0.458339
v -7.800255 25.530461 0.367361
v -7.876653 25.556051 0.270521
v -7.946665 25.578805 0.168294
v -8.013656 25.599744 0.054389
v -8.064115 25.614771 -0.045799
v -8.108684 25.627279 -0.149081
v -8.147184 25.637218 -0.255049
v -8.179455 25.644544 -0.363288
v -8.201124 25.648575 -0.453145
v -7.668868 25.605352 0.457343
v -7.749384 25.638181 0.366717
v -7.824060 25.668054 0.270256
v -7.892532 25.694824 0.168429
v -7.958097 25.719717 0.054965
v -8.007527 25.737823 -0.044839
v -8.051235 25.753154 -0.147734
v -8.089044 25.765648 -0.253313
v -8.120800 25.775253 -0.361167
v -8.142181 25.780935 -0.450714
v -7.615280 25.706283 0.456479
v -7.693670 25.743541 0.366162
v -7.766397 25.777604 0.270032
v -7.833109 25.808306 0.168554
v -7.897020 25.837071 0.055478
v -7.945235 25.858193 -0.043991
v -7.987900 25.876291 -0.146545
v -8.024846 25.891292 -0.251784
v -8.055922 25.903133 -0.359300
v -8.076884 25.910438 -0.448576
v -7.557160 25.804728 0.455749
v -7.633197 25.846305 0.365694
v -7.703752 25.884452 0.269847
v -7.768485 25.918987 0.168668
v -7.830519 25.951528 0.055921
v -7.877334 25.975591 -0.043261
v -7.918780 25.996386 -0.145525
v -7.954691 26.013832 -0.250472
v -7.984922 26.027855 -0.357699
v -8.005338 26.036743 -0.446743
v -7.494586 25.900465 0.455151
v -7.568047 25.946235 0.365313
v -7.636212 25.988349 0.269698
v -7.698753 26.026605 0.168765
v -7.758688 26.062809 0.056290
v -7.803923 26.089725 -0.042656
v -7.843973 26.113137 -0.144680
v -7.878681 26.132953 -0.249387
v -7.907905 26.149091 -0.356376
v -7.927647 26.159511 -0.445228
v -7.427637 25.993271 0.454686
v -7.498304 26.043098 0.365017
v -7.563864 26.089046 0.269584
v -7.624002 26.130897 0.168842
v -7.681622 26.170639 0.056580
v -7.725099 26.200307 -0.042182
v -7.763581 26.226241 -0.144019
v -7.796918 26.248339 -0.248539
v -7.824974 26.266510 -0.355342
v -7.843916 26.278403 -0.444044
v -7.356424 26.082918 0.454354
v -7.424084 26.136650 0.364805
v -7.486830 26.186288 0.269501
v -7.544363 26.231594 0.168896
v -7.599457 26.274732 0.056785
v -7.641001 26.307039 -0.041845
v -7.677747 26.335388 -0.143549
v -7.709551 26.359667 -0.247936
v -7.736285 26.379778 -0.354606
v -7.754304 26.393071 -0.443201
v -7.281152 26.169204 0.454155
v -7.345603 26.226681 0.364678
v -7.405339 26.279852 0.269451
v -7.460074 26.328462 0.168927
v -7.512444 26.374842 0.056907
v -7.551895 26.409664 -0.041645
v -7.586749 26.440309 -0.143270
v -7.616869 26.466657 -0.247577
v -7.642135 26.488601 -0.354168
v -7.659119 26.503213 -0.442700
v -7.202008 26.251968 0.454088
v -7.263061 26.313019 0.364635
v -7.319600 26.369557 0.269434
v -7.371357 26.421311 0.168936
v -7.420817 26.470770 0.056945
v -7.458023 26.507974 -0.041581
v -7.490839 26.540788 -0.143180
v -7.519136 26.569084 -0.247461
v -7.542801 26.592747 -0.354027
v -7.558646 26.608589 -0.442538
v -7.119180 26.331049 0.454155
v -7.176655 26.395495 0.364677
v -7.229824 26.455225 0.269449
v -7.278432 26.509953 0.168924
v -7.324809 26.562317 0.056902
v -7.359629 26.601761 -0.041651
v -7.390271 26.636609 -0.143277
v -7.416616 26.666723 -0.247586
v -7.438557 26.691982 -0.354179
v -7.453166 26.708960 -0.442712
v -7.032857 26.406285 0.454354
v -7.086586 26.473937 0.364803
v -7.136219 26.536675 0.269498
v -7.181520 26.594199 0.168891
v -7.224652 26.649284 0.056778
v -7.256955 26.690820 -0.041854
v -7.285298 26.727557 -0.143561
v -7.309571 26.759352 -0.247950
v -7.329676 26.786075 -0.354622
v -7.342964 26.804086 -0.443220
v -6.943226 26.477516 0.454686
v -6.993050 26.548176 0.365015
v -7.038995 26.613729 0.269581
v -7.080841 26.673860 0.168837
v -7.120578 26.731472 0.056573
v -7.150243 26.774942 -0.042190
v -7.176172 26.813416 -0.144029
v -7.198265 26.846745 -0.248551
v -7.216432 26.874794 -0.355356
v -7.228320 26.893729 -0.444059
v -6.850476 26.544580 0.455150
v -6.896246 26.618042 0.365312
v -6.938361 26.686207 0.269698
v -6.976616 26.748748 0.168764
v -7.012820 26.808684 0.056290
v -7.039736 26.853920 -0.042656
v -7.063147 26.893971 -0.144680
v -7.082961 26.928680 -0.249388
v -7.099098 26.957905 -0.356376
v -7.109517 26.977648 -0.445228
v -6.754793 26.607317 0.455748
v -6.796374 26.683363 0.365695
v -6.834526 26.753929 0.269850
v -6.869065 26.818674 0.168673
v -6.901610 26.880721 0.055929
v -6.925676 26.927549 -0.043251
v -6.946475 26.969007 -0.145513
v -6.963923 27.004932 -0.250458
v -6.977949 27.035177 -0.357682
v -6.986838 27.055606 -0.446724
v -6.656371 26.665568 0.456478
v -6.693636 26.743975 0.366164
v -6.727705 26.816721 0.270037
v -6.758414 26.883453 0.168563
v -6.787186 26.947388 0.055491
v -6.808313 26.995624 -0.043974
v -6.826415 27.038312 -0.146524
v -6.841420 27.075282 -0.251759
v -6.853266 27.106383 -0.359271
v -6.860573 27.127367 -0.448543
v -6.555447 26.719229 0.457341
v -6.588284 26.799767 0.366719
v -6.618164 26.874466 0.270262
v -6.644941 26.942964 0.168439
v -6.669842 27.008558 0.054981
v -6.687953 27.058015 -0.044819
v -6.703289 27.101750 -0.147708
v -6.715788 27.139590 -0.253283
v -6.725397 27.171377 -0.361131
v -6.731082 27.192784 -0.450674
v -6.452250 26.768230 0.458338
v -6.480560 26.850663 0.367363
v -6.506158 26.927086 0.270528
v -6.528918 26.997126 0.168305
v -6.549864 27.064147 0.054405
v -6.564897 27.114634 -0.045778
v -6.577410 27.159233 -0.149055
v -6.587353 27.197764 -0.255018
v -6.594684 27.230068 -0.363251
v -6.598718 27.251766 -0.453103
v -6.347006 26.812499 0.459467
v -6.370702 26.896588 0.368096
v -6.391939 26.974501 0.270836
v -6.410611 27.045854 0.168164
v -6.427534 27.114068 0.053769
v -6.439438 27.165394 -0.046844
v -6.449084 27.210670 -0.150556
v -6.456435 27.249714 -0.256954
v -6.461457 27.282363 -0.365618
v -6.463822 27.304217 -0.455816
v -6.239939 26.851963 0.460729
v -6.258949 26.937466 0.368919
v -6.275759 27.016632 0.271188
v -6.290284 27.089068 0.168021
v -6.303130 27.158236 0.053078
v -6.311867 27.210205 -0.048010
v -6.318616 27.255972 -0.152202
v -6.323351 27.295348 -0.259080
v -6.326049 27.328170 -0.368219
v -6.326737 27.350044 -0.458799
v -6.131273 26.886551 0.462124
v -6.145538 26.973223 0.369834
v -6.157868 27.053401 0.271589
v -6.168201 27.126684 0.167880
v -6.176933 27.196565 0.052337
v -6.182477 27.248981 -0.049269
v -6.186312 27.295047 -0.153985
v -6.188420 27.334574 -0.261386
v -6.188792 27.367394 -0.371044
v -6.187807 27.389155 -0.462038
v -6.021234 26.916192 0.463651
v -6.030707 27.003781 0.370841
v -6.038519 27.084727 0.272039
v -6.044629 27.158621 0.167743
v -6.049223 27.228970 0.051553
v -6.051562 27.281633 -0.050614
v -6.052477 27.327807 -0.155895
v -6.051961 27.367301 -0.263862
v -6.050017 27.399944 -0.374078
v -6.047373 27.421454 -0.465520
v -5.910054 26.940837 0.465311
v -5.914704 27.029092 0.371943
v -5.917973 27.110558 0.272543
v -5.919844 27.184822 0.167616
v -5.920291 27.255395 0.050732
v -5.919427 27.308105 -0.052036
v -5.917430 27.354195 -0.157923
v -5.914307 27.393472 -0.266495
v -5.910070 27.425765 -0.377309
v -5.905794 27.446889 -0.469228
v -5.797965 26.960478 0.467104
v -5.797772 27.049145 0.373139
v -5.796487 27.130887 0.273102
v -5.794116 27.205284 0.167505
v -5.790424 27.275835 0.049881
v -5.786370 27.328396 -0.053525
v -5.781483 27.374213 -0.160057
v -5.775782 27.413093 -0.269271
v -5.769290 27.444864 -0.380718
v -5.763416 27.465472 -0.473143
v -5.685181 26.975103 0.469027
v -5.680142 27.063930 0.374432
v -5.674306 27.145702 0.273720
v -5.667705 27.219994 0.167413
v -5.659894 27.290284 0.049008
v -5.652677 27.342500 -0.055073
v -5.644934 27.387857 -0.162284
v -5.636696 27.426164 -0.272175
v -5.627997 27.457249 -0.384288
v -5.620572 27.477212 -0.477246
v -5.473509 26.895596 0.561140
v -5.463628 26.990049 0.472485
v -5.458301 27.077635 0.377293
v -5.452713 27.158139 0.276058
v -5.446894 27.231146 0.169300
v -5.443708 27.266873 0.110325
v -5.440470 27.300309 0.050024
v -5.434906 27.351339 -0.054366
v -5.429229 27.395514 -0.161830
v -5.423464 27.432648 -0.271921
v -5.417635 27.462576 -0.384181
v -5.412828 27.481647 -0.477438
v -8.445487 24.312870 -0.569422
v -8.424928 24.312870 -0.440706
v -8.395108 24.312870 -0.313815
v -8.356183 24.312870 -0.189415
v -8.308357 24.312870 -0.068158
v -8.251882 24.312870 0.049319
v -8.187053 24.312870 0.162402
v -8.114211 24.312870 0.270497
v -8.033737 24.312870 0.373037
v -7.946054 24.312870 0.469484
v -7.851620 24.312870 0.559334
v -7.850301 24.414843 0.560029
v -7.944955 24.413796 0.470150
v -8.032846 24.412690 0.373649
v -8.113513 24.411530 0.271031
v -8.186529 24.410321 0.162838
v -8.251513 24.409072 0.049638
v -8.308122 24.407787 -0.067973
v -8.356058 24.406475 -0.189378
v -8.395069 24.405141 -0.313937
v -8.424950 24.403793 -0.440996
v -8.445544 24.402438 -0.569886
v -7.944565 24.364899 0.470877
v -8.031293 24.364334 0.375801
v -8.111005 24.363741 0.274772
v -8.183291 24.363125 0.168302
v -8.251784 24.362444 0.049404
v -8.302319 24.361855 -0.054599
v -8.346078 24.361254 -0.161631
v -8.382875 24.360644 -0.271250
v -8.412551 24.360027 -0.383008
v -8.431481 24.359518 -0.475843
v -8.445487 13.787130 -0.569422
v -8.424928 13.787130 -0.440706
v -8.395108 13.787130 -0.313815
v -8.356183 13.787130 -0.189415
v -8.308357 13.787130 -0.068158
v -8.251882 13.787130 0.049319
v -8.187053 13.787130 0.162402
v -8.114211 13.787130 0.270497
v -8.033737 13.787130 0.373037
v -7.946054 13.787130 0.469484
v -7.851620 13.787130 0.559334
v -8.424928 16.418565 -0.440706
v -8.424928 19.050000 -0.440706
v -8.424928 21.681435 -0.440706
v -8.395108 16.418565 -0.313815
v -8.395108 19.050000 -0.313815
v -8.395108 21.681435 -0.313815
v -8.356183 16.418565 -0.189415
v -8.356183 19.050000 -0.189415
v -8.356183 21.681435 -0.189415
v -8.308357 16.418565 -0.068158
v -8.308357 19.050000 -0.068158
v -8.308357 21.681435 -0.068158
v -8.251882 16.418565 0.049319
v -8.251882 19.050000 0.049319
v -8.251882 21.681435 0.049319
v -8.187053 16.418565 0.162402
v -8.187053 19.050000 0.162402
v -8.187053 21.681435 0.162402
v -8.114211 16.418565 0.270497
v -8.114211 19.050000 0.270497
v -8.114211 21.681435 0.270497
v -8.033737 16.418565 0.373037
v -8.033737 19.050000 0.373037
v -8.033737 21.681435 0.373037
v -7.946054 16.418565 0.469484
v -7.946054 19.050000 0.469484
v -7.946054 21.681435 0.469484
v -8.445544 13.697562 -0.569886
v -8.424950 13.696207 -0.440996
v -8.395069 13.694859 -0.313937
v -8.356058 13.693525 -0.189378
v -8.308122 13.692213 -0.067973
v -8.251513 13.690928 0.049638
v -8.186529 13.689679 0.162838
v -8.113513 13.688470 0.271031
v -8.032846 13.687310 0.373649
v -7.944955 13.686204 0.470150
v -7.850301 13.685157 0.560029
v -7.944601 13.738371 0.470856
v -8.031322 13.738901 0.375782
v -8.111028 13.739456 0.274754
v -8.183309 13.740034 0.168288
v -8.251796 13.740672 0.049394
v -8.302328 13.741224 -0.054606
v -8.346083 13.741787 -0.161633
v -8.382877 13.742359 -0.271248
v -8.412551 13.742938 -0.383001
v -8.431480 13.743414 -0.475832
v -7.845596 24.523509 0.561140
v -7.939752 24.520392 0.472479
v -8.027396 24.514779 0.377286
v -8.107954 24.508892 0.276043
v -8.181010 24.502761 0.169271
v -8.216761 24.499403 0.110287
v -8.250219 24.495991 0.049976
v -8.301281 24.490128 -0.054434
v -8.345484 24.484146 -0.161922
v -8.382641 24.478071 -0.272038
v -8.412586 24.471928 -0.384327
v -8.431666 24.466862 -0.477608
v -5.468647 10.603714 -0.575923
v -5.480977 10.624559 -0.445981
v -5.493241 10.654925 -0.317922
v -5.505372 10.694650 -0.192437
v -5.517304 10.743518 -0.070203
v -5.528975 10.801266 0.048121
v -5.540320 10.867583 0.161897
v -5.551279 10.942111 0.270511
v -5.561792 11.024449 0.373378
v -5.571803 11.114151 0.469943
v -5.581257 11.210736 0.559685
v -5.689399 11.220306 0.557020
v -5.797065 11.234644 0.554517
v -5.904048 11.253766 0.552178
v -6.010133 11.277703 0.550007
v -6.115110 11.306385 0.548005
v -6.218768 11.339738 0.546171
v -6.320897 11.377690 0.544509
v -6.421288 11.420164 0.543017
v -6.519730 11.467088 0.541698
v -6.616013 11.518387 0.540552
v -6.709927 11.573987 0.539581
v -6.801263 11.633814 0.538786
v -6.889809 11.697794 0.538167
v -6.975351 11.765821 0.537725
v -7.057698 11.837704 0.537460
v -7.136698 11.913264 0.537372
v -7.212198 11.992324 0.537461
v -7.284047 12.074706 0.537726
v -7.352091 12.160233 0.538167
v -7.416180 12.248728 0.538785
v -7.476160 12.340013 0.539579
v -7.531884 12.433906 0.540549
v -7.583252 12.530184 0.541693
v -7.630198 12.628629 0.543012
v -7.672654 12.729030 0.544504
v -7.710553 12.831176 0.546167
v -7.743828 12.934854 0.548002
v -7.772409 13.039852 0.550006
v -7.796253 13.145951 0.552178
v -7.815350 13.252936 0.554517
v -7.829691 13.360601 0.557020
v -7.839264 13.468743 0.559685
v -7.935849 13.478197 0.469943
v -8.025551 13.488208 0.373378
v -8.107889 13.498721 0.270511
v -8.182417 13.509680 0.161897
v -8.248734 13.521025 0.048121
v -8.306482 13.532696 -0.070203
v -8.355350 13.544628 -0.192437
v -8.395075 13.556759 -0.317922
v -8.425441 13.569023 -0.445981
v -8.446286 13.581353 -0.575923
v -8.442213 13.437116 -0.571111
v -8.431191 13.292952 -0.566491
v -8.413206 13.149203 -0.562085
v -8.388246 13.006211 -0.557912
v -8.356292 12.864335 -0.553995
v -8.317399 12.723943 -0.550351
v -8.271658 12.585387 -0.546997
v -8.219165 12.449022 -0.543947
v -8.160014 12.315201 -0.541216
v -8.094299 12.184278 -0.538821
v -8.022113 12.056616 -0.536776
v -7.943606 11.932586 -0.535095
v -7.859019 11.812489 -0.533781
v -7.768598 11.696616 -0.532837
v -7.672590 11.585257 -0.532267
v -7.571239 11.478703 -0.532071
v -7.464793 11.377246 -0.532254
v -7.353497 11.281176 -0.532817
v -7.237598 11.190787 -0.533764
v -7.117409 11.106397 -0.535094
v -6.993287 11.028168 -0.536797
v -6.865584 10.956206 -0.538857
v -6.734649 10.890617 -0.541261
v -6.600834 10.831506 -0.543993
v -6.464487 10.778979 -0.547040
v -6.325959 10.733142 -0.550387
v -6.185601 10.694101 -0.554021
v -6.043763 10.661961 -0.557925
v -5.900795 10.636829 -0.562087
v -5.757048 10.618798 -0.566491
v -5.612883 10.607782 -0.571111
v -5.685181 11.124894 0.469027
v -5.680142 11.036067 0.374432
v -5.674306 10.954294 0.273720
v -5.667705 10.880002 0.167413
v -5.659894 10.809712 0.049008
v -5.652677 10.757496 -0.055072
v -5.644933 10.712138 -0.162284
v -5.636695 10.673831 -0.272175
v -5.627997 10.642746 -0.384288
v -5.620571 10.622783 -0.477246
v -5.797965 11.139516 0.467104
v -5.797773 11.050849 0.373139
v -5.796488 10.969106 0.273102
v -5.794117 10.894709 0.167505
v -5.790424 10.824157 0.049881
v -5.786370 10.771596 -0.053525
v -5.781483 10.725778 -0.160057
v -5.775782 10.686898 -0.269271
v -5.769289 10.655125 -0.380717
v -5.763415 10.634518 -0.473142
v -5.910054 11.159183 0.465312
v -5.914703 11.070930 0.371943
v -5.917972 10.989465 0.272542
v -5.919842 10.915202 0.167616
v -5.920289 10.844631 0.050731
v -5.919425 10.791922 -0.052037
v -5.917427 10.745834 -0.157925
v -5.914305 10.706559 -0.266497
v -5.910068 10.674268 -0.377310
v -5.905791 10.653145 -0.469230
v -6.021217 11.183926 0.463652
v -6.030689 11.096345 0.370841
v -6.038499 11.015407 0.272038
v -6.044608 10.941522 0.167740
v -6.049200 10.871182 0.051548
v -6.051538 10.818527 -0.050620
v -6.052452 10.772363 -0.155903
v -6.051936 10.732879 -0.263871
v -6.049991 10.700245 -0.374089
v -6.047347 10.678744 -0.465532
v -6.131233 11.213674 0.462125
v -6.145494 11.127016 0.369833
v -6.157820 11.046853 0.271586
v -6.168149 10.973586 0.167874
v -6.176878 10.903723 0.052328
v -6.182420 10.851324 -0.049281
v -6.186252 10.805275 -0.153999
v -6.188359 10.765766 -0.261404
v -6.188729 10.732966 -0.371064
v -6.187743 10.711222 -0.462061
v -6.239876 11.248347 0.460730
v -6.258881 11.162862 0.368917
v -6.275685 11.083717 0.271184
v -6.290205 11.011303 0.168013
v -6.303047 10.942160 0.053065
v -6.311779 10.890213 -0.048027
v -6.318525 10.844471 -0.152222
v -6.323257 10.805120 -0.259105
v -6.325953 10.772325 -0.368248
v -6.326640 10.750473 -0.458831
v -6.346926 11.287866 0.459468
v -6.370615 11.203800 0.368094
v -6.391845 11.125910 0.270830
v -6.410511 11.054583 0.168154
v -6.427428 10.986399 0.053754
v -6.439326 10.935100 -0.046864
v -6.448969 10.889851 -0.150580
v -6.456315 10.850837 -0.256983
v -6.461334 10.818219 -0.365652
v -6.463697 10.796393 -0.455855
v -6.452159 11.332154 0.458339
v -6.480461 11.249745 0.367361
v -6.506051 11.173347 0.270521
v -6.528805 11.103335 0.168294
v -6.549744 11.036344 0.054389
v -6.564771 10.985885 -0.045799
v -6.577279 10.941316 -0.149081
v -6.587218 10.902816 -0.255049
v -6.594544 10.870545 -0.363288
v -6.598575 10.848876 -0.453145
v -6.555352 11.381132 0.457343
v -6.588181 11.300616 0.366717
v -6.618054 11.225940 0.270256
v -6.644824 11.157468 0.168429
v -6.669717 11.091903 0.054965
v -6.687823 11.042473 -0.044839
v -6.703154 10.998765 -0.147734
v -6.715648 10.960956 -0.253313
v -6.725253 10.929200 -0.361167
v -6.730935 10.907819 -0.450714
v -6.656283 11.434720 0.456479
v -6.693541 11.356330 0.366162
v -6.727604 11.283603 0.270032
v -6.758306 11.216891 0.168554
v -6.787071 11.152980 0.055478
v -6.808193 11.104765 -0.043991
v -6.826291 11.062100 -0.146545
v -6.841292 11.025154 -0.251784
v -6.853133 10.994078 -0.359300
v -6.860438 10.973116 -0.448576
v -6.754728 11.492840 0.455749
v -6.796305 11.416803 0.365694
v -6.834452 11.346248 0.269847
v -6.868987 11.281515 0.168668
v -6.901528 11.219481 0.055921
v -6.925591 11.172666 -0.043261
v -6.946386 11.131220 -0.145525
v -6.963832 11.095309 -0.250472
v -6.977855 11.065078 -0.357699
v -6.986743 11.044662 -0.446743
v -6.850465 11.555414 0.455151
v -6.896235 11.481953 0.365313
v -6.938349 11.413788 0.269698
v -6.976605 11.351247 0.168765
v -7.012809 11.291312 0.056290
v -7.039725 11.246077 -0.042656
v -7.063137 11.206027 -0.144680
v -7.082953 11.171319 -0.249387
v -7.099091 11.142095 -0.356376
v -7.109511 11.122353 -0.445228
v -6.943271 11.622363 0.454686
v -6.993098 11.551696 0.365017
v -7.039046 11.486136 0.269584
v -7.080897 11.425998 0.168842
v -7.120639 11.368378 0.056580
v -7.150307 11.324901 -0.042182
v -7.176241 11.286419 -0.144019
v -7.198339 11.253082 -0.248539
v -7.216510 11.225026 -0.355342
v -7.228403 11.206084 -0.444044
v -7.032918 11.693576 0.454354
v -7.086650 11.625916 0.364805
v -7.136288 11.563170 0.269501
v -7.181594 11.505637 0.168896
v -7.224732 11.450543 0.056785
v -7.257039 11.408999 -0.041845
v -7.285388 11.372253 -0.143549
v -7.309667 11.340449 -0.247936
v -7.329778 11.313715 -0.354606
v -7.343071 11.295696 -0.443201
v -7.119204 11.768848 0.454155
v -7.176681 11.704397 0.364678
v -7.229852 11.644661 0.269451
v -7.278462 11.589926 0.168927
v -7.324842 11.537556 0.056907
v -7.359664 11.498105 -0.041645
v -7.390309 11.463251 -0.143270
v -7.416657 11.433131 -0.247577
v -7.438601 11.407865 -0.354168
v -7.453213 11.390881 -0.442700
v -7.201968 11.847992 0.454088
v -7.263019 11.786939 0.364635
v -7.319557 11.730400 0.269434
v -7.371311 11.678643 0.168936
v -7.420770 11.629183 0.056945
v -7.457974 11.591977 -0.041581
v -7.490788 11.559161 -0.143180
v -7.519084 11.530864 -0.247461
v -7.542747 11.507199 -0.354027
v -7.558589 11.491354 -0.442538
v -7.281049 11.930820 0.454155
v -7.345495 11.873345 0.364677
v -7.405225 11.820176 0.269449
v -7.459953 11.771568 0.168924
v -7.512317 11.725191 0.056902
v -7.551761 11.690371 -0.041651
v -7.586609 11.659729 -0.143277
v -7.616723 11.633384 -0.247586
v -7.641982 11.611443 -0.354179
v -7.658960 11.596834 -0.442712
v -7.356285 12.017143 0.454354
v -7.423937 11.963414 0.364803
v -7.486675 11.913781 0.269498
v -7.544199 11.868480 0.168891
v -7.599284 11.825348 0.056778
v -7.640820 11.793045 -0.041854
v -7.677557 11.764702 -0.143561
v -7.709352 11.740429 -0.247950
v -7.736075 11.720324 -0.354622
v -7.754086 11.707036 -0.443220
v -7.427516 12.106774 0.454686
v -7.498176 12.056950 0.365015
v -7.563729 12.011005 0.269581
v -7.623860 11.969159 0.168837
v -7.681472 11.929422 0.056573
v -7.724942 11.899757 -0.042190
v -7.763416 11.873828 -0.144029
v -7.796745 11.851735 -0.248551
v -7.824794 11.833568 -0.355356
v -7.843729 11.821680 -0.444059
v -7.494580 12.199524 0.455150
v -7.568042 12.153754 0.365312
v -7.636207 12.111639 0.269698
v -7.698748 12.073384 0.168764
v -7.758684 12.037180 0.056290
v -7.803920 12.010264 -0.042656
v -7.843971 11.986853 -0.144680
v -7.878680 11.967039 -0.249388
v -7.907905 11.950902 -0.356376
v -7.927648 11.940483 -0.445228
v -7.557317 12.295207 0.455748
v -7.633363 12.253626 0.365695
v -7.703929 12.215474 0.269850
v -7.768674 12.180935 0.168673
v -7.830721 12.148390 0.055929
v -7.877549 12.124324 -0.043251
v -7.919007 12.103525 -0.145513
v -7.954932 12.086077 -0.250458
v -7.985177 12.072051 -0.357682
v -8.005606 12.063162 -0.446724
v -7.615568 12.393629 0.456478
v -7.693975 12.356364 0.366164
v -7.766721 12.322295 0.270037
v -7.833453 12.291586 0.168563
v -7.897388 12.262814 0.055491
v -7.945624 12.241687 -0.043974
v -7.988312 12.223585 -0.146524
v -8.025282 12.208580 -0.251759
v -8.056383 12.196734 -0.359271
v -8.077367 12.189427 -0.448543
v -7.669229 12.494553 0.457341
v -7.749767 12.461716 0.366719
v -7.824466 12.431836 0.270262
v -7.892964 12.405059 0.168439
v -7.958558 12.380158 0.054981
v -8.008015 12.362047 -0.044819
v -8.051750 12.346711 -0.147708
v -8.089590 12.334212 -0.253283
v -8.121377 12.324603 -0.361131
v -8.142784 12.318918 -0.450674
v -7.718230 12.597750 0.458338
v -7.800663 12.569440 0.367363
v -7.877086 12.543842 0.270528
v -7.947126 12.521082 0.168305
v -8.014147 12.500136 0.054405
v -8.064634 12.485103 -0.045778
v -8.109233 12.472590 -0.149055
v -8.147764 12.462647 -0.255018
v -8.180068 12.455316 -0.363251
v -8.201766 12.451282 -0.453103
v -7.762499 12.702994 0.459467
v -7.846588 12.679298 0.368096
v -7.924501 12.658061 0.270836
v -7.995854 12.639389 0.168164
v -8.064068 12.622466 0.053769
v -8.115394 12.610562 -0.046844
v -8.160670 12.600916 -0.150556
v -8.199714 12.593565 -0.256954
v -8.232363 12.588543 -0.365618
v -8.254217 12.586178 -0.455816
v -7.801963 12.810061 0.460729
v -7.887466 12.791051 0.368919
v -7.966632 12.774241 0.271188
v -8.039068 12.759716 0.168021
v -8.108236 12.746870 0.053078
v -8.160205 12.738133 -0.048010
v -8.205972 12.731384 -0.152202
v -8.245348 12.726649 -0.259080
v -8.278170 12.723951 -0.368219
v -8.300044 12.723263 -0.458799
v -7.836551 12.918727 0.462124
v -7.923223 12.904462 0.369834
v -8.003401 12.892132 0.271589
v -8.076684 12.881799 0.167880
v -8.146565 12.873067 0.052337
v -8.198981 12.867523 -0.049269
v -8.245047 12.863688 -0.153985
v -8.284574 12.861580 -0.261386
v -8.317394 12.861208 -0.371044
v -8.339155 12.862193 -0.462038
v -7.866192 13.028766 0.463651
v -7.953781 13.019293 0.370841
v -8.034727 13.011481 0.272039
v -8.108621 13.005371 0.167743
v -8.178970 13.000777 0.051553
v -8.231633 12.998438 -0.050614
v -8.277807 12.997523 -0.155895
v -8.317301 12.998039 -0.263862
v -8.349944 12.999983 -0.374078
v -8.371454 13.002627 -0.465520
v -7.890837 13.139946 0.465311
v -7.979092 13.135296 0.371943
v -8.060558 13.132027 0.272543
v -8.134822 13.130156 0.167616
v -8.205395 13.129709 0.050732
v -8.258105 13.130573 -0.052036
v -8.304195 13.132570 -0.157923
v -8.343472 13.135693 -0.266495
v -8.375765 13.139930 -0.377309
v -8.396889 13.144206 -0.469228
v -7.910478 13.252035 0.467104
v -7.999145 13.252228 0.373139
v -8.080887 13.253513 0.273102
v -8.155284 13.255884 0.167505
v -8.225835 13.259576 0.049881
v -8.278396 13.263630 -0.053525
v -8.324213 13.268517 -0.160057
v -8.363093 13.274218 -0.269271
v -8.394864 13.280710 -0.380718
v -8.415472 13.286584 -0.473143
v -7.925103 13.364819 0.469027
v -8.013930 13.369858 0.374432
v -8.095702 13.375694 0.273720
v -8.169994 13.382295 0.167413
v -8.240284 13.390106 0.049008
v -8.292500 13.397323 -0.055073
v -8.337857 13.405066 -0.162284
v -8.376164 13.413304 -0.272175
v -8.407249 13.422003 -0.384288
v -8.427212 13.429428 -0.477246
v -7.845596 13.576491 0.561140
v -7.940049 13.586372 0.472485
v -8.027635 13.591699 0.377293
v -8.108139 13.597287 0.276058
v -8.181146 13.603106 0.169300
v -8.216873 13.606292 0.110325
v -8.250309 13.609530 0.050024
v -8.301339 13.615094 -0.054366
v -8.345514 13.620771 -0.161830
v -8.382648 13.626536 -0.271921
v -8.412576 13.632365 -0.384181
v -8.431647 13.637172 -0.477438
v -5.473509 11.204404 0.561140
v -5.470392 11.110248 0.472479
v -5.464779 11.022604 0.377286
v -5.458892 10.942046 0.276043
v -5.452761 10.868990 0.169271
v -5.449403 10.833239 0.110287
v -5.445991 10.799781 0.049976
v -5.440128 10.748719 -0.054434
v -5.434146 10.704516 -0.161922
v -5.428071 10.667359 -0.272038
v -5.421928 10.637414 -0.384327
v -5.416862 10.618334 -0.477608
v 5.262870 26.748842 0.694500
v 5.262870 26.596064 0.829667
v 5.262870 26.443286 0.964833
v 5.262870 26.290508 1.100000
v 5.341132 26.288992 1.100000
v 5.347060 26.441819 0.965007
v 5.352987 26.594646 0.830014
v 5.358915 26.747474 0.695022
v 5.311369 26.851260 0.603761
v 5.306098 26.570706 0.851880
v 5.303462 26.430429 0.975940
v -5.262870 26.748842 0.694500
v -5.262870 26.596064 0.829667
v -5.262870 26.443286 0.964833
v -5.262870 26.290508 1.100000
v -5.358915 26.747474 0.695022
v -5.352987 26.594646 0.830014
v -5.347060 26.441819 0.965007
v -5.341132 26.288992 1.100000
v -5.314615 26.851235 0.603765
v -5.308991 26.570669 0.851883
v -7.697474 24.408915 0.695022
v -7.544646 24.402987 0.830014
v -7.391819 24.397060 0.965007
v -7.238992 24.391132 1.100000
v -7.233199 24.484131 1.100000
v -7.223092 24.576600 1.100000
v -7.208727 24.668355 1.100000
v -7.190163 24.759210 1.100000
v -7.167458 24.848982 1.100000
v -7.140671 24.937487 1.100000
v -7.109859 25.024539 1.100000
v -7.075081 25.109955 1.100000
v -7.036395 25.193550 1.100000
v -6.993859 25.275139 1.100000
v -6.947567 25.354556 1.100000
v -6.897645 25.431658 1.100000
v -6.844206 25.506294 1.100000
v -6.787366 25.578318 1.100000
v -6.727238 25.647581 1.100000
v -6.663936 25.713936 1.100000
v -6.597581 25.777238 1.100000
v -6.528318 25.837366 1.100000
v -6.456294 25.894206 1.100000
v -6.381658 25.947645 1.100000
v -6.304556 25.997567 1.100000
v -6.225139 26.043859 1.100000
v -6.143550 26.086395 1.100000
v -6.059955 26.125081 1.100000
v -5.974539 26.159859 1.100000
v -5.887487 26.190671 1.100000
v -5.798982 26.217458 1.100000
v -5.709210 26.240163 1.100000
v -5.618355 26.258727 1.100000
v -5.526600 26.273092 1.100000
v -5.434131 26.283199 1.100000
v -7.773715 24.740326 0.604810
v -7.352831 24.669561 0.976202
v -7.325972 24.806380 0.976316
v -7.651091 25.226389 0.606085
v -7.269227 25.007233 0.976473
v -7.553896 25.457613 0.606596
v -7.132015 25.325586 0.976685
v -7.062718 25.445555 0.976747
v -7.341121 25.817004 0.607176
v -6.944352 25.616079 0.976812
v -6.767004 26.391121 0.607176
v -6.566079 25.994352 0.976812
v -6.453711 26.075141 0.976772
v -6.407613 26.603896 0.606596
v -6.275586 26.182015 0.976685
v -6.176389 26.701091 0.606085
v -5.957233 26.319227 0.976473
v -5.823985 26.359233 0.976370
v -5.690326 26.823715 0.604810
v -5.619561 26.402831 0.976202
v -5.445057 26.847935 0.604109
v -5.435101 26.707304 0.728082
v -5.425145 26.566673 0.852055
v -5.415189 26.426043 0.976027
v -5.527063 26.842541 0.604346
v -5.512577 26.701858 0.728259
v -5.498090 26.561175 0.852173
v -5.483604 26.420492 0.976086
v -5.608849 26.834461 0.604579
v -5.589816 26.693891 0.728435
v -5.570783 26.553320 0.852290
v -5.551750 26.412749 0.976145
v -5.666737 26.683420 0.728607
v -5.643149 26.543126 0.852405
v -5.854980 26.793643 0.605264
v -5.822114 26.654419 0.728948
v -5.789247 26.515196 0.852632
v -5.756380 26.375972 0.976316
v -5.688215 26.390511 0.976260
v -5.716445 26.530356 0.852520
v -5.744675 26.670200 0.728780
v -5.772905 26.810045 0.605039
v -5.936459 26.774529 0.605481
v -5.898968 26.636097 0.729111
v -5.861477 26.497665 0.852741
v -6.017248 26.752720 0.605691
v -5.975152 26.615250 0.729269
v -5.933056 26.477781 0.852846
v -5.890960 26.340311 0.976423
v -6.097256 26.728234 0.605893
v -6.050581 26.591899 0.729420
v -6.003907 26.455563 0.852947
v -6.254554 26.671308 0.606267
v -6.198832 26.537754 0.729700
v -6.143111 26.404199 0.853134
v -6.087389 26.270644 0.976567
v -6.022733 26.295998 0.976521
v -6.073951 26.431029 0.853043
v -6.125170 26.566060 0.729564
v -6.331660 26.638904 0.606438
v -6.271483 26.506997 0.729828
v -6.211307 26.375090 0.853219
v -6.151131 26.243183 0.976609
v -6.343037 26.473809 0.729947
v -6.278462 26.343721 0.853298
v -6.213887 26.213634 0.976649
v -6.555693 26.526161 0.606872
v -6.482515 26.400227 0.730154
v -6.409338 26.274292 0.853436
v -6.336161 26.148357 0.976718
v -6.344497 26.310112 0.853370
v -6.413409 26.438208 0.730056
v -6.482321 26.566304 0.606741
v -6.627649 26.483545 0.606988
v -6.550284 26.359936 0.730241
v -6.472919 26.236327 0.853494
v -6.395555 26.112718 0.976747
v -6.698112 26.438513 0.607090
v -6.616645 26.317389 0.730317
v -6.535178 26.196265 0.853545
v -6.681526 26.272637 0.730382
v -6.596049 26.154154 0.853588
v -6.510572 26.035671 0.976794
v -6.899766 26.289481 0.607303
v -6.806569 26.176729 0.730477
v -6.713372 26.063978 0.853651
v -6.620174 25.951227 0.976826
v -6.655468 26.110043 0.853624
v -6.744858 26.225734 0.730435
v -6.834248 26.341424 0.607247
v -6.990853 26.210913 0.607354
v -6.892374 26.102641 0.730516
v -6.793895 25.994368 0.853677
v -6.695417 25.886096 0.976839
v -7.077992 26.127960 0.607372
v -6.974478 26.024455 0.730529
v -6.870963 25.920949 0.853686
v -6.767449 25.817443 0.976843
v -7.160913 26.040853 0.607354
v -7.052641 25.942374 0.730516
v -6.944368 25.843895 0.853677
v -6.836096 25.745417 0.976839
v -7.239481 25.949766 0.607303
v -7.126729 25.856569 0.730477
v -7.013978 25.763372 0.853651
v -6.901227 25.670174 0.976826
v -7.291424 25.884248 0.607247
v -7.175734 25.794858 0.730435
v -7.060043 25.705468 0.853624
v -6.985671 25.560572 0.976794
v -7.104154 25.646049 0.853588
v -7.222637 25.731526 0.730382
v -7.388513 25.748112 0.607090
v -7.267389 25.666645 0.730317
v -7.146265 25.585178 0.853545
v -7.025141 25.503711 0.976772
v -7.433545 25.677649 0.606988
v -7.309936 25.600284 0.730241
v -7.186327 25.522919 0.853494
v -7.476161 25.605693 0.606872
v -7.350227 25.532515 0.730154
v -7.224292 25.459338 0.853436
v -7.098357 25.386161 0.976718
v -7.516304 25.532321 0.606741
v -7.388208 25.463409 0.730056
v -7.260112 25.394497 0.853370
v -7.163634 25.263887 0.976649
v -7.293721 25.328462 0.853298
v -7.423809 25.393037 0.729947
v -7.588904 25.381660 0.606438
v -7.456997 25.321483 0.729828
v -7.325090 25.261307 0.853219
v -7.193183 25.201131 0.976609
v -7.621308 25.304554 0.606267
v -7.487754 25.248832 0.729700
v -7.354199 25.193111 0.853134
v -7.220644 25.137389 0.976567
v -7.516060 25.175170 0.729564
v -7.381029 25.123951 0.853043
v -7.245998 25.072733 0.976521
v -7.405563 25.053907 0.852947
v -7.541899 25.100581 0.729420
v -7.678234 25.147256 0.605893
v -7.702720 25.067248 0.605691
v -7.565250 25.025152 0.729269
v -7.427781 24.983056 0.852846
v -7.290311 24.940960 0.976423
v -7.724529 24.986459 0.605481
v -7.586097 24.948968 0.729111
v -7.447665 24.911477 0.852741
v -7.309233 24.873985 0.976370
v -7.743643 24.904980 0.605264
v -7.604419 24.872114 0.728948
v -7.465196 24.839247 0.852632
v -7.760045 24.822905 0.605039
v -7.620200 24.794675 0.728780
v -7.480356 24.766445 0.852520
v -7.340511 24.738215 0.976260
v -7.493126 24.693149 0.852405
v -7.633420 24.716737 0.728607
v -7.784461 24.658849 0.604579
v -7.643891 24.639816 0.728435
v -7.503320 24.620783 0.852290
v -7.362749 24.601750 0.976145
v -7.792541 24.577063 0.604346
v -7.651858 24.562577 0.728259
v -7.511175 24.548090 0.852173
v -7.370492 24.533604 0.976086
v -7.797935 24.495057 0.604109
v -7.657304 24.485101 0.728082
v -7.516673 24.475145 0.852055
v -7.376043 24.465189 0.976027
v -7.698842 24.312870 0.694500
v -7.546064 24.312870 0.829667
v -7.393286 24.312870 0.964833
v -7.240508 24.312870 1.100000
v -7.801260 24.361369 0.603761
v -7.520706 24.356098 0.851880
v -7.380429 24.353462 0.975940
v -7.698842 13.787130 0.694500
v -7.546064 13.787130 0.829667
v -7.393286 13.787130 0.964833
v -7.240508 13.787130 1.100000
v -7.697474 13.691085 0.695022
v -7.544646 13.697013 0.830014
v -7.391819 13.702940 0.965007
v -7.238992 13.708868 1.100000
v -7.801235 13.735385 0.603765
v -7.520669 13.741009 0.851883
v -5.358915 11.352526 0.695022
v -5.352987 11.505354 0.830014
v -5.347060 11.658181 0.965007
v -5.341132 11.811008 1.100000
v -5.434131 11.816801 1.100000
v -5.526600 11.826908 1.100000
v -5.618355 11.841273 1.100000
v -5.709210 11.859837 1.100000
v -5.798982 11.882542 1.100000
v -5.887487 11.909329 1.100000
v -5.974539 11.940141 1.100000
v -6.059955 11.974919 1.100000
v -6.143550 12.013605 1.100000
v -6.225139 12.056141 1.100000
v -6.304556 12.102433 1.100000
v -6.381658 12.152355 1.100000
v -6.456294 12.205794 1.100000
v -6.528318 12.262634 1.100000
v -6.597581 12.322762 1.100000
v -6.663936 12.386064 1.100000
v -6.727238 12.452419 1.100000
v -6.787366 12.521682 1.100000
v -6.844206 12.593706 1.100000
v -6.897645 12.668342 1.100000
v -6.947567 12.745444 1.100000
v -6.993859 12.824861 1.100000
v -7.036395 12.906450 1.100000
v -7.075081 12.990045 1.100000
v -7.109859 13.075461 1.100000
v -7.140671 13.162513 1.100000
v -7.167458 13.251018 1.100000
v -7.190163 13.340790 1.100000
v -7.208727 13.431645 1.100000
v -7.223092 13.523400 1.100000
v -7.233199 13.615869 1.100000
v -5.690326 11.276285 0.604810
v -5.619561 11.697169 0.976202
v -5.756380 11.724028 0.976316
v -6.176389 11.398909 0.606085
v -5.957233 11.780773 0.976473
v -6.407613 11.496104 0.606596
v -6.275586 11.917985 0.976685
v -6.395555 11.987282 0.976747
v -6.767004 11.708879 0.607176
v -6.566079 12.105648 0.976812
v -7.341121 12.282996 0.607176
v -6.944352 12.483921 0.976812
v -7.025141 12.596289 0.976772
v -7.553896 12.642387 0.606596
v -7.132015 12.774414 0.976685
v -7.651091 12.873611 0.606085
v -7.269227 13.092767 0.976473
v -7.309233 13.226015 0.976370
v -7.773715 13.359674 0.604810
v -7.352831 13.430439 0.976202
v -7.797935 13.604943 0.604109
v -7.657304 13.614899 0.728082
v -7.516673 13.624855 0.852055
v -7.376043 13.634811 0.976027
v -7.792541 13.522937 0.604346
v -7.651858 13.537423 0.728259
v -7.511175 13.551910 0.852173
v -7.370492 13.566396 0.976086
v -7.784461 13.441151 0.604579
v -7.643891 13.460184 0.728435
v -7.503320 13.479217 0.852290
v -7.362749 13.498250 0.976145
v -7.633420 13.383263 0.728607
v -7.493126 13.406851 0.852405
v -7.743643 13.195020 0.605264
v -7.604419 13.227886 0.728948
v -7.465196 13.260753 0.852632
v -7.325972 13.293620 0.976316
v -7.340511 13.361785 0.976260
v -7.480356 13.333555 0.852520
v -7.620200 13.305325 0.728780
v -7.760045 13.277095 0.605039
v -7.724529 13.113541 0.605481
v -7.586097 13.151032 0.729111
v -7.447665 13.188523 0.852741
v -7.702720 13.032752 0.605691
v -7.565250 13.074848 0.729269
v -7.427781 13.116944 0.852846
v -7.290311 13.159040 0.976423
v -7.678234 12.952744 0.605893
v -7.541899 12.999419 0.729420
v -7.405563 13.046093 0.852947
v -7.621308 12.795446 0.606267
v -7.487754 12.851168 0.729700
v -7.354199 12.906889 0.853134
v -7.220644 12.962611 0.976567
v -7.245998 13.027267 0.976521
v -7.381029 12.976049 0.853043
v -7.516060 12.924830 0.729564
v -7.588904 12.718340 0.606438
v -7.456997 12.778517 0.729828
v -7.325090 12.838693 0.853219
v -7.193183 12.898869 0.976609
v -7.423809 12.706963 0.729947
v -7.293721 12.771538 0.853298
v -7.163634 12.836113 0.976649
v -7.476161 12.494307 0.606872
v -7.350227 12.567485 0.730154
v -7.224292 12.640662 0.853436
v -7.098357 12.713839 0.976718
v -7.260112 12.705503 0.853370
v -7.388208 12.636591 0.730056
v -7.516304 12.567679 0.606741
v -7.433545 12.422351 0.606988
v -7.309936 12.499716 0.730241
v -7.186327 12.577081 0.853494
v -7.062718 12.654445 0.976747
v -7.388513 12.351888 0.607090
v -7.267389 12.433355 0.730317
v -7.146265 12.514822 0.853545
v -7.222637 12.368474 0.730382
v -7.104154 12.453951 0.853588
v -6.985671 12.539428 0.976794
v -7.239481 12.150234 0.607303
v -7.126729 12.243431 0.730477
v -7.013978 12.336628 0.853651
v -6.901227 12.429826 0.976826
v -7.060043 12.394532 0.853624
v -7.175734 12.305142 0.730435
v -7.291424 12.215752 0.607247
v -7.160913 12.059147 0.607354
v -7.052641 12.157626 0.730516
v -6.944368 12.256105 0.853677
v -6.836096 12.354583 0.976839
v -7.077960 11.972008 0.607372
v -6.974455 12.075522 0.730529
v -6.870949 12.179037 0.853686
v -6.767443 12.282551 0.976843
v -6.990853 11.889087 0.607354
v -6.892374 11.997359 0.730516
v -6.793895 12.105632 0.853677
v -6.695417 12.213904 0.976839
v -6.899766 11.810519 0.607303
v -6.806569 11.923271 0.730477
v -6.713372 12.036022 0.853651
v -6.620174 12.148773 0.976826
v -6.834248 11.758576 0.607247
v -6.744858 11.874266 0.730435
v -6.655468 11.989957 0.853624
v -6.510572 12.064329 0.976794
v -6.596049 11.945846 0.853588
v -6.681526 11.827363 0.730382
v -6.698112 11.661487 0.607090
v -6.616645 11.782611 0.730317
v -6.535178 11.903735 0.853545
v -6.453711 12.024859 0.976772
v -6.627649 11.616455 0.606988
v -6.550284 11.740064 0.730241
v -6.472919 11.863673 0.853494
v -6.555693 11.573839 0.606872
v -6.482515 11.699773 0.730154
v -6.409338 11.825708 0.853436
v -6.336161 11.951643 0.976718
v -6.482321 11.533696 0.606741
v -6.413409 11.661792 0.730056
v -6.344497 11.789888 0.853370
v -6.213887 11.886366 0.976649
v -6.278462 11.756279 0.853298
v -6.343037 11.626191 0.729947
v -6.331660 11.461096 0.606438
v -6.271483 11.593003 0.729828
v -6.211307 11.724910 0.853219
v -6.151131 11.856817 0.976609
v -6.254554 11.428692 0.606267
v -6.198832 11.562246 0.729700
v -6.143111 11.695801 0.853134
v -6.087389 11.829356 0.976567
v -6.125170 11.533940 0.729564
v -6.073951 11.668971 0.853043
v -6.022733 11.804002 0.976521
v -6.003907 11.644437 0.852947
v -6.050581 11.508101 0.729420
v -6.097256 11.371766 0.605893
v -6.017248 11.347280 0.605691
v -5.975152 11.484750 0.729269
v -5.933056 11.622219 0.852846
v -5.890960 11.759689 0.976423
v -5.936459 11.325471 0.605481
v -5.898968 11.463903 0.729111
v -5.861477 11.602335 0.852741
v -5.823985 11.740767 0.976370
v -5.854980 11.306357 0.605264
v -5.822114 11.445581 0.728948
v -5.789247 11.584804 0.852632
v -5.772905 11.289955 0.605039
v -5.744675 11.429800 0.728780
v -5.716445 11.569644 0.852520
v -5.688215 11.709489 0.976260
v -5.643149 11.556874 0.852405
v -5.666737 11.416580 0.728607
v -5.608849 11.265539 0.604579
v -5.589816 11.406109 0.728435
v -5.570783 11.546680 0.852290
v -5.551750 11.687251 0.976145
v -5.527063 11.257459 0.604346
v -5.512577 11.398142 0.728259
v -5.498090 11.538825 0.852173
v -5.483604 11.679508 0.976086
v -5.445057 11.252065 0.604109
v -5.435101 11.392696 0.728082
v -5.425145 11.533327 0.852055
v -5.415189 11.673957 0.976027
v 9.100000 12.927638 -5.900000
v 9.100000 25.172362 -5.900000
v 6.122362 9.950000 -5.900000
v 6.296352 9.955017 -5.900000
v 6.469617 9.970053 -5.900000
v 6.641579 9.995057 -5.900000
v 6.811668 10.029946 -5.900000
v 6.979320 10.074605 -5.900000
v 7.143978 10.128884 -5.900000
v 7.305094 10.192605 -5.900000
v 7.462136 10.265555 -5.900000
v 7.614580 10.347492 -5.900000
v 7.761920 10.438145 -5.900000
v 7.903669 10.537211 -5.900000
v 8.039354 10.644363 -5.900000
v 8.168526 10.759244 -5.900000
v 8.290756 10.881474 -5.900000
v 8.405637 11.010646 -5.900000
v 8.512789 11.146331 -5.900000
v 8.611855 11.288080 -5.900000
v 8.702508 11.435420 -5.900000
v 8.784445 11.587864 -5.900000
v 8.857395 11.744906 -5.900000
v 8.921116 11.906022 -5.900000
v 8.975395 12.070680 -5.900000
v 9.020054 12.238332 -5.900000
v 9.054943 12.408421 -5.900000
v 9.079947 12.580383 -5.900000
v 9.094983 12.753648 -5.900000
v 7.894615 11.155415 -3.164034
v 8.774218 13.067338 -3.290787
v 8.755611 12.889868 -3.271281
v 8.726437 12.713672 -3.253229
v 8.686803 12.539379 -3.236695
v 8.636850 12.367615 -3.221738
v 8.576756 12.198993 -3.208413
v 8.506738 12.034118 -3.196766
v 8.427045 11.873579 -3.186839
v 8.337962 11.717953 -3.178669
v 8.239810 11.567795 -3.172283
v 8.132939 11.423643 -3.167706
v 8.017731 11.286014 -3.164953
v 7.763986 11.032269 -3.164953
v 7.626357 10.917061 -3.167706
v 7.482205 10.810190 -3.172283
v 7.332047 10.712038 -3.178669
v 7.176421 10.622955 -3.186839
v 7.015882 10.543262 -3.196766
v 6.851007 10.473244 -3.208413
v 6.682385 10.413150 -3.221738
v 6.510621 10.363197 -3.236695
v 6.336328 10.323563 -3.253229
v 6.160132 10.294389 -3.271281
v 5.982662 10.275782 -3.290787
v -6.122362 9.950000 -5.900000
v -9.100000 12.927638 -5.900000
v -9.094983 12.753648 -5.900000
v -9.079947 12.580383 -5.900000
v -9.054943 12.408421 -5.900000
v -9.020054 12.238332 -5.900000
v -8.975395 12.070680 -5.900000
v -8.921116 11.906022 -5.900000
v -8.857395 11.744906 -5.900000
v -8.784445 11.587864 -5.900000
v -8.702508 11.435420 -5.900000
v -8.611855 11.288080 -5.900000
v -8.512789 11.146331 -5.900000
v -8.405637 11.010646 -5.900000
v -8.290756 10.881474 -5.900000
v -8.168526 10.759244 -5.900000
v -8.039354 10.644363 -5.900000
v -7.903669 10.537211 -5.900000
v -7.761920 10.438145 -5.900000
v -7.614580 10.347492 -5.900000
v -7.462136 10.265555 -5.900000
v -7.305094 10.192605 -5.900000
v -7.143978 10.128884 -5.900000
v -6.979320 10.074605 -5.900000
v -6.811668 10.029946 -5.900000
v -6.641579 9.995057 -5.900000
v -6.469617 9.970053 -5.900000
v -6.296352 9.955017 -5.900000
v -7.894585 11.155385 -3.164034
v -5.982662 10.275782 -3.290787
v -6.160132 10.294389 -3.271281
v -6.336328 10.323563 -3.253229
v -6.510621 10.363197 -3.236695
v -6.682385 10.413150 -3.221738
v -6.851007 10.473244 -3.208413
v -7.015882 10.543262 -3.196766
v -7.176421 10.622955 -3.186839
v -7.332047 10.712038 -3.178669
v -7.482205 10.810190 -3.172283
v -7.626357 10.917061 -3.167706
v -7.763986 11.032269 -3.164953
v -8.017731 11.286014 -3.164953
v -8.132939 11.423643 -3.167706
v -8.239810 11.567795 -3.172283
v -8.337962 11.717953 -3.178669
v -8.427045 11.873579 -3.186839
v -8.506738 12.034118 -3.196766
v -8.576756 12.198993 -3.208413
v -8.636850 12.367615 -3.221738
v -8.686803 12.539379 -3.236695
v -8.726437 12.713672 -3.253229
v -8.755611 12.889868 -3.271281
v -8.774218 13.067338 -3.290787
v 5.434131 26.283199 1.100000
v 5.526600 26.273092 1.100000
v 5.618355 26.258727 1.100000
v 5.709210 26.240163 1.100000
v 5.798982 26.217458 1.100000
v 5.887487 26.190671 1.100000
v 5.974539 26.159859 1.100000
v 6.059955 26.125081 1.100000
v 6.143550 26.086395 1.100000
v 6.225139 26.043859 1.100000
v 6.304556 25.997567 1.100000
v 6.381658 25.947645 1.100000
v 6.456294 25.894206 1.100000
v 6.528318 25.837366 1.100000
v 6.597581 25.777238 1.100000
v 6.663936 25.713936 1.100000
v 6.727238 25.647581 1.100000
v 6.787366 25.578318 1.100000
v 6.844206 25.506294 1.100000
v 6.897645 25.431658 1.100000
v 6.947567 25.354556 1.100000
v 6.993859 25.275139 1.100000
v 7.036395 25.193550 1.100000
v 7.075081 25.109955 1.100000
v 7.109859 25.024539 1.100000
v 7.140671 24.937487 1.100000
v 7.167458 24.848982 1.100000
v 7.190163 24.759210 1.100000
v 7.208727 24.668355 1.100000
v 7.223092 24.576600 1.100000
v 7.233199 24.484131 1.100000
v 7.238992 24.391132 1.100000
v 7.391819 24.397060 0.965007
v 7.544646 24.402987 0.830014
v 7.697474 24.408915 0.695022
v 5.690326 26.823715 0.604810
v 5.619561 26.402831 0.976202
v 5.756380 26.375972 0.976316
v 6.176389 26.701091 0.606085
v 5.957233 26.319227 0.976473
v 6.407613 26.603896 0.606596
v 6.275586 26.182015 0.976685
v 6.395555 26.112718 0.976747
v 6.767004 26.391121 0.607176
v 6.566079 25.994352 0.976812
v 7.341121 25.817004 0.607176
v 6.944352 25.616079 0.976812
v 7.025141 25.503711 0.976772
v 7.553896 25.457613 0.606596
v 7.132015 25.325586 0.976685
v 7.651091 25.226389 0.606085
v 7.269227 25.007233 0.976473
v 7.309233 24.873985 0.976370
v 7.773715 24.740326 0.604810
v 7.352831 24.669561 0.976202
v 7.797935 24.495057 0.604109
v 5.551750 26.412749 0.976145
v 5.570783 26.553320 0.852290
v 5.589816 26.693891 0.728435
v 5.608849 26.834461 0.604579
v 5.527063 26.842541 0.604346
v 5.512577 26.701858 0.728259
v 5.498090 26.561175 0.852173
v 5.483604 26.420492 0.976086
v 5.445057 26.847935 0.604109
v 5.435101 26.707304 0.728082
v 5.425145 26.566673 0.852055
v 5.415189 26.426043 0.976027
v 5.688215 26.390511 0.976260
v 5.716445 26.530356 0.852520
v 5.744675 26.670200 0.728780
v 5.772905 26.810045 0.605039
v 5.666737 26.683420 0.728607
v 5.643149 26.543126 0.852405
v 5.789247 26.515196 0.852632
v 5.822114 26.654419 0.728948
v 5.854980 26.793643 0.605264
v 5.890960 26.340311 0.976423
v 5.933056 26.477781 0.852846
v 5.975152 26.615250 0.729269
v 6.017248 26.752720 0.605691
v 5.936459 26.774529 0.605481
v 5.898968 26.636097 0.729111
v 5.861477 26.497665 0.852741
v 5.823985 26.359233 0.976370
v 6.003907 26.455563 0.852947
v 6.050581 26.591899 0.729420
v 6.097256 26.728234 0.605893
v 6.087389 26.270644 0.976567
v 6.143111 26.404199 0.853134
v 6.198832 26.537754 0.729700
v 6.254554 26.671308 0.606267
v 6.125170 26.566060 0.729564
v 6.073951 26.431029 0.853043
v 6.022733 26.295998 0.976521
v 6.151131 26.243183 0.976609
v 6.211307 26.375090 0.853219
v 6.271483 26.506997 0.729828
v 6.331660 26.638904 0.606438
v 6.213887 26.213634 0.976649
v 6.278462 26.343721 0.853298
v 6.343037 26.473809 0.729947
v 6.336161 26.148357 0.976718
v 6.409338 26.274292 0.853436
v 6.482515 26.400227 0.730154
v 6.555693 26.526161 0.606872
v 6.482321 26.566304 0.606741
v 6.413409 26.438208 0.730056
v 6.344497 26.310112 0.853370
v 6.472919 26.236327 0.853494
v 6.550284 26.359936 0.730241
v 6.627649 26.483545 0.606988
v 6.510572 26.035671 0.976794
v 6.596049 26.154154 0.853588
v 6.681526 26.272637 0.730382
v 6.698112 26.438513 0.607090
v 6.616645 26.317389 0.730317
v 6.535178 26.196265 0.853545
v 6.453711 26.075141 0.976772
v 6.655468 26.110043 0.853624
v 6.744858 26.225734 0.730435
v 6.834248 26.341424 0.607247
v 6.695417 25.886096 0.976839
v 6.793895 25.994368 0.853677
v 6.892374 26.102641 0.730516
v 6.990853 26.210913 0.607354
v 6.899766 26.289481 0.607303
v 6.806569 26.176729 0.730477
v 6.713372 26.063978 0.853651
v 6.620174 25.951227 0.976826
v 6.767443 25.817449 0.976843
v 6.870949 25.920963 0.853686
v 6.974455 26.024478 0.730529
v 7.077960 26.127992 0.607372
v 6.836096 25.745417 0.976839
v 6.944368 25.843895 0.853677
v 7.052641 25.942374 0.730516
v 7.160913 26.040853 0.607354
v 6.901227 25.670174 0.976826
v 7.013978 25.763372 0.853651
v 7.126729 25.856569 0.730477
v 7.239481 25.949766 0.607303
v 6.985671 25.560572 0.976794
v 7.104154 25.646049 0.853588
v 7.222637 25.731526 0.730382
v 7.291424 25.884248 0.607247
v 7.175734 25.794858 0.730435
v 7.060043 25.705468 0.853624
v 7.146265 25.585178 0.853545
v 7.267389 25.666645 0.730317
v 7.388513 25.748112 0.607090
v 7.098357 25.386161 0.976718
v 7.224292 25.459338 0.853436
v 7.350227 25.532515 0.730154
v 7.476161 25.605693 0.606872
v 7.433545 25.677649 0.606988
v 7.309936 25.600284 0.730241
v 7.186327 25.522919 0.853494
v 7.062718 25.445555 0.976747
v 7.260112 25.394497 0.853370
v 7.388208 25.463409 0.730056
v 7.516304 25.532321 0.606741
v 7.423809 25.393037 0.729947
v 7.293721 25.328462 0.853298
v 7.163634 25.263887 0.976649
v 7.193183 25.201131 0.976609
v 7.325090 25.261307 0.853219
v 7.456997 25.321483 0.729828
v 7.588904 25.381660 0.606438
v 7.220644 25.137389 0.976567
v 7.354199 25.193111 0.853134
v 7.487754 25.248832 0.729700
v 7.621308 25.304554 0.606267
v 7.245998 25.072733 0.976521
v 7.381029 25.123951 0.853043
v 7.516060 25.175170 0.729564
v 7.678234 25.147256 0.605893
v 7.541899 25.100581 0.729420
v 7.405563 25.053907 0.852947
v 7.290311 24.940960 0.976423
v 7.427781 24.983056 0.852846
v 7.565250 25.025152 0.729269
v 7.702720 25.067248 0.605691
v 7.447665 24.911477 0.852741
v 7.586097 24.948968 0.729111
v 7.724529 24.986459 0.605481
v 7.743643 24.904980 0.605264
v 7.604419 24.872114 0.728948
v 7.465196 24.839247 0.852632
v 7.325972 24.806380 0.976316
v 7.340511 24.738215 0.976260
v 7.480356 24.766445 0.852520
v 7.620200 24.794675 0.728780
v 7.760045 24.822905 0.605039
v 7.493126 24.693149 0.852405
v 7.633420 24.716737 0.728607
v 7.370492 24.533604 0.976086
v 7.511175 24.548090 0.852173
v 7.651858 24.562577 0.728259
v 7.792541 24.577063 0.604346
v 7.784461 24.658849 0.604579
v 7.643891 24.639816 0.728435
v 7.503320 24.620783 0.852290
v 7.362749 24.601750 0.976145
v 7.376043 24.465189 0.976027
v 7.516673 24.475145 0.852055
v 7.657304 24.485101 0.728082
v 7.698842 24.312870 0.694500
v 7.546064 24.312870 0.829667
v 7.393286 24.312870 0.964833
v 7.240508 24.312870 1.100000
v 7.240508 13.787130 1.100000
v 7.393286 13.787130 0.964833
v 7.546064 13.787130 0.829667
v 7.698842 13.787130 0.694500
v 7.801235 24.364615 0.603765
v 7.520669 24.358991 0.851883
v 7.697474 13.691085 0.695022
v 7.544646 13.697013 0.830014
v 7.391819 13.702940 0.965007
v 7.238992 13.708868 1.100000
v 7.233199 13.615869 1.100000
v 7.223092 13.523400 1.100000
v 7.208727 13.431645 1.100000
v 7.190163 13.340790 1.100000
v 7.167458 13.251018 1.100000
v 7.140671 13.162513 1.100000
v 7.109859 13.075461 1.100000
v 7.075081 12.990045 1.100000
v 7.036395 12.906450 1.100000
v 6.993859 12.824861 1.100000
v 6.947567 12.745444 1.100000
v 6.897645 12.668342 1.100000
v 6.844206 12.593706 1.100000
v 6.787366 12.521682 1.100000
v 6.727238 12.452419 1.100000
v 6.663936 12.386064 1.100000
v 6.597581 12.322762 1.100000
v 6.528318 12.262634 1.100000
v 6.456294 12.205794 1.100000
v 6.381658 12.152355 1.100000
v 6.304556 12.102433 1.100000
v 6.225139 12.056141 1.100000
v 6.143550 12.013605 1.100000
v 6.059955 11.974919 1.100000
v 5.974539 11.940141 1.100000
v 5.887487 11.909329 1.100000
v 5.798982 11.882542 1.100000
v 5.709210 11.859837 1.100000
v 5.618355 11.841273 1.100000
v 5.526600 11.826908 1.100000
v 5.434131 11.816801 1.100000
v 5.341132 11.811008 1.100000
v 5.347060 11.658181 0.965007
v 5.352987 11.505354 0.830014
v 5.358915 11.352526 0.695022
v 7.773715 13.359674 0.604810
v 7.352831 13.430439 0.976202
v 7.325972 13.293620 0.976316
v 7.651091 12.873611 0.606085
v 7.269227 13.092767 0.976473
v 7.553896 12.642387 0.606596
v 7.132015 12.774414 0.976685
v 7.062718 12.654445 0.976747
v 7.341121 12.282996 0.607176
v 6.944352 12.483921 0.976812
v 6.767004 11.708879 0.607176
v 6.566079 12.105648 0.976812
v 6.453711 12.024859 0.976772
v 6.407613 11.496104 0.606596
v 6.275586 11.917985 0.976685
v 6.176389 11.398909 0.606085
v 5.957233 11.780773 0.976473
v 5.823985 11.740767 0.976370
v 5.690326 11.276285 0.604810
v 5.619561 11.697169 0.976202
v 5.445057 11.252065 0.604109
v 7.362749 13.498250 0.976145
v 7.503320 13.479217 0.852290
v 7.643891 13.460184 0.728435
v 7.784461 13.441151 0.604579
v 7.792541 13.522937 0.604346
v 7.651858 13.537423 0.728259
v 7.511175 13.551910 0.852173
v 7.370492 13.566396 0.976086
v 7.797935 13.604943 0.604109
v 7.657304 13.614899 0.728082
v 7.516673 13.624855 0.852055
v 7.376043 13.634811 0.976027
v 7.340511 13.361785 0.976260
v 7.480356 13.333555 0.852520
v 7.620200 13.305325 0.728780
v 7.760045 13.277095 0.605039
v 7.633420 13.383263 0.728607
v 7.493126 13.406851 0.852405
v 7.465196 13.260753 0.852632
v 7.604419 13.227886 0.728948
v 7.743643 13.195020 0.605264
v 7.290311 13.159040 0.976423
v 7.427781 13.116944 0.852846
v 7.565250 13.074848 0.729269
v 7.702720 13.032752 0.605691
v 7.724529 13.113541 0.605481
v 7.586097 13.151032 0.729111
v 7.447665 13.188523 0.852741
v 7.309233 13.226015 0.976370
v 7.405563 13.046093 0.852947
v 7.541899 12.999419 0.729420
v 7.678234 12.952744 0.605893
v 7.220644 12.962611 0.976567
v 7.354199 12.906889 0.853134
v 7.487754 12.851168 0.729700
v 7.621308 12.795446 0.606267
v 7.516060 12.924830 0.729564
v 7.381029 12.976049 0.853043
v 7.245998 13.027267 0.976521
v 7.193183 12.898869 0.976609
v 7.325090 12.838693 0.853219
v 7.456997 12.778517 0.729828
v 7.588904 12.718340 0.606438
v 7.163634 12.836113 0.976649
v 7.293721 12.771538 0.853298
v 7.423809 12.706963 0.729947
v 7.098357 12.713839 0.976718
v 7.224292 12.640662 0.853436
v 7.350227 12.567485 0.730154
v 7.476161 12.494307 0.606872
v 7.516304 12.567679 0.606741
v 7.388208 12.636591 0.730056
v 7.260112 12.705503 0.853370
v 7.186327 12.577081 0.853494
v 7.309936 12.499716 0.730241
v 7.433545 12.422351 0.606988
v 6.985671 12.539428 0.976794
v 7.104154 12.453951 0.853588
v 7.222637 12.368474 0.730382
v 7.388513 12.351888 0.607090
v 7.267389 12.433355 0.730317
v 7.146265 12.514822 0.853545
v 7.025141 12.596289 0.976772
v 7.060043 12.394532 0.853624
v 7.175734 12.305142 0.730435
v 7.291424 12.215752 0.607247
v 6.836096 12.354583 0.976839
v 6.944368 12.256105 0.853677
v 7.052641 12.157626 0.730516
v 7.160913 12.059147 0.607354
v 7.239481 12.150234 0.607303
v 7.126729 12.243431 0.730477
v 7.013978 12.336628 0.853651
v 6.901227 12.429826 0.976826
v 6.767449 12.282557 0.976843
v 6.870963 12.179051 0.853686
v 6.974478 12.075545 0.730529
v 7.077992 11.972040 0.607372
v 6.695417 12.213904 0.976839
v 6.793895 12.105632 0.853677
v 6.892374 11.997359 0.730516
v 6.990853 11.889087 0.607354
v 6.620174 12.148773 0.976826
v 6.713372 12.036022 0.853651
v 6.806569 11.923271 0.730477
v 6.899766 11.810519 0.607303
v 6.510572 12.064329 0.976794
v 6.596049 11.945846 0.853588
v 6.681526 11.827363 0.730382
v 6.834248 11.758576 0.607247
v 6.744858 11.874266 0.730435
v 6.655468 11.989957 0.853624
v 6.535178 11.903735 0.853545
v 6.616645 11.782611 0.730317
v 6.698112 11.661487 0.607090
v 6.336161 11.951643 0.976718
v 6.409338 11.825708 0.853436
v 6.482515 11.699773 0.730154
v 6.555693 11.573839 0.606872
v 6.627649 11.616455 0.606988
v 6.550284 11.740064 0.730241
v 6.472919 11.863673 0.853494
v 6.395555 11.987282 0.976747
v 6.344497 11.789888 0.853370
v 6.413409 11.661792 0.730056
v 6.482321 11.533696 0.606741
v 6.343037 11.626191 0.729947
v 6.278462 11.756279 0.853298
v 6.213887 11.886366 0.976649
v 6.151131 11.856817 0.976609
v 6.211307 11.724910 0.853219
v 6.271483 11.593003 0.729828
v 6.331660 11.461096 0.606438
v 6.087389 11.829356 0.976567
v 6.143111 11.695801 0.853134
v 6.198832 11.562246 0.729700
v 6.254554 11.428692 0.606267
v 6.022733 11.804002 0.976521
v 6.073951 11.668971 0.853043
v 6.125170 11.533940 0.729564
v 6.097256 11.371766 0.605893
v 6.050581 11.508101 0.729420
v 6.003907 11.644437 0.852947
v 5.890960 11.759689 0.976423
v 5.933056 11.622219 0.852846
v 5.975152 11.484750 0.729269
v 6.017248 11.347280 0.605691
v 5.861477 11.602335 0.852741
v 5.898968 11.463903 0.729111
v 5.936459 11.325471 0.605481
v 5.854980 11.306357 0.605264
v 5.822114 11.445581 0.728948
v 5.789247 11.584804 0.852632
v 5.756380 11.724028 0.976316
v 5.688215 11.709489 0.976260
v 5.716445 11.569644 0.852520
v 5.744675 11.429800 0.728780
v 5.772905 11.289955 0.605039
v 5.643149 11.556874 0.852405
v 5.666737 11.416580 0.728607
v 5.483604 11.679508 0.976086
v 5.498090 11.538825 0.852173
v 5.512577 11.398142 0.728259
v 5.527063 11.257459 0.604346
v 5.608849 11.265539 0.604579
v 5.589816 11.406109 0.728435
v 5.570783 11.546680 0.852290
v 5.551750 11.687251 0.976145
v 5.415189 11.673957 0.976027
v 5.425145 11.533327 0.852055
v 5.435101 11.392696 0.728082
v 7.801260 13.738631 0.603761
v 7.520706 13.743902 0.851880
v 7.380429 13.746538 0.975940
v 5.262870 11.351158 0.694500
v 5.262870 11.503936 0.829667
v 5.262870 11.656714 0.964833
v 5.262870 11.809492 1.100000
v -5.262870 11.809492 1.100000
v -5.262870 11.656714 0.964833
v -5.262870 11.503936 0.829667
v -5.262870 11.351158 0.694500
v 5.314615 11.248765 0.603765
v 5.308991 11.529331 0.851883
v -5.311369 11.248740 0.603761
v -5.306098 11.529294 0.851880
v -5.303462 11.669571 0.975940
v 9.094983 25.346352 -5.900000
v 9.079947 25.519617 -5.900000
v 9.054943 25.691579 -5.900000
v 9.020054 25.861668 -5.900000
v 8.975395 26.029320 -5.900000
v 8.921116 26.193978 -5.900000
v 8.857395 26.355094 -5.900000
v 8.784445 26.512136 -5.900000
v 8.702508 26.664580 -5.900000
v 8.611855 26.811920 -5.900000
v 8.512789 26.953669 -5.900000
v 8.405637 27.089354 -5.900000
v 8.290756 27.218526 -5.900000
v 8.168526 27.340756 -5.900000
v 8.039354 27.455637 -5.900000
v 7.903669 27.562789 -5.900000
v 7.761920 27.661855 -5.900000
v 7.614580 27.752508 -5.900000
v 7.462136 27.834445 -5.900000
v 7.305094 27.907395 -5.900000
v 7.143978 27.971116 -5.900000
v 6.979320 28.025395 -5.900000
v 6.811668 28.070054 -5.900000
v 6.641579 28.104943 -5.900000
v 6.469617 28.129947 -5.900000
v 6.296352 28.144983 -5.900000
v 6.122362 28.150000 -5.900000
v 7.894585 26.944615 -3.164034
v 5.982662 27.824218 -3.290787
v 6.160132 27.805611 -3.271281
v 6.336328 27.776437 -3.253229
v 6.510621 27.736803 -3.236695
v 6.682385 27.686850 -3.221738
v 6.851007 27.626756 -3.208413
v 7.015882 27.556738 -3.196766
v 7.176421 27.477045 -3.186839
v 7.332047 27.387962 -3.178669
v 7.482205 27.289810 -3.172283
v 7.626357 27.182939 -3.167706
v 7.763986 27.067731 -3.164953
v 8.017731 26.813986 -3.164953
v 8.132939 26.676357 -3.167706
v 8.239810 26.532205 -3.172283
v 8.337962 26.382047 -3.178669
v 8.427045 26.226421 -3.186839
v 8.506738 26.065882 -3.196766
v 8.576756 25.901007 -3.208413
v 8.636850 25.732385 -3.221738
v 8.686803 25.560621 -3.236695
v 8.726437 25.386328 -3.253229
v 8.755611 25.210132 -3.271281
v 8.774218 25.032662 -3.290787
v 6.681202 25.816881 -0.000000
v 6.684419 25.851964 -0.030996
v 6.687636 25.887046 -0.061991
v 6.694070 25.957211 -0.123982
v 6.700504 26.027377 -0.185973
v 6.706938 26.097542 -0.247964
v 6.713373 26.167707 -0.309955
v 6.719807 26.237872 -0.371947
v 6.732675 26.378203 -0.495929
v 6.790276 26.375325 -0.495274
v 6.847640 26.366855 -0.494652
v 6.904174 26.352857 -0.494083
v 6.959285 26.333394 -0.493584
v 7.012380 26.308530 -0.493177
v 7.062871 26.278427 -0.492877
v 7.110217 26.243436 -0.492691
v 7.153904 26.203904 -0.492628
v 7.193436 26.160217 -0.492691
v 7.228427 26.112871 -0.492877
v 7.258530 26.062380 -0.493177
v 7.283394 26.009285 -0.493584
v 7.302857 25.954174 -0.494083
v 7.316855 25.897640 -0.494652
v 7.325325 25.840276 -0.495274
v 7.328203 25.782675 -0.495929
v 7.187872 25.769807 -0.371947
v 7.117707 25.763373 -0.309955
v 7.047542 25.756938 -0.247964
v 6.977377 25.750504 -0.185973
v 6.907211 25.744070 -0.123982
v 6.837046 25.737636 -0.061991
v 6.801964 25.734419 -0.030996
v 6.766881 25.731202 -0.000000
v 6.763853 25.748115 -0.000000
v 6.758163 25.763702 -0.000000
v 6.750087 25.777682 -0.000000
v 6.739864 25.789864 -0.000000
v 6.727682 25.800087 -0.000000
v 6.713702 25.808163 -0.000000
v 6.698115 25.813853 -0.000000
v 6.712302 25.883963 -0.061855
v 6.735945 25.877228 -0.061736
v 6.756708 25.867771 -0.061649
v 6.936322 26.264495 -0.431823
v 6.784494 25.848302 -0.061582
v 6.800303 25.832173 -0.061585
v 7.106105 26.148151 -0.431050
v 6.819225 25.803988 -0.061659
v 6.828279 25.783018 -0.061750
v 7.232746 25.937243 -0.432249
v 6.836069 25.749282 -0.061926
v 6.769628 26.306124 -0.433453
v 6.758034 26.236099 -0.371532
v 6.746440 26.166074 -0.309610
v 6.740643 26.131061 -0.278649
v 6.734847 26.096048 -0.247688
v 6.729050 26.061036 -0.216727
v 6.723253 26.026023 -0.185766
v 6.711659 25.955998 -0.123844
v 6.700065 25.885973 -0.061922
v 6.812899 26.300667 -0.432988
v 6.796133 26.231216 -0.371132
v 6.779367 26.161766 -0.309277
v 6.770984 26.127040 -0.278349
v 6.762601 26.092315 -0.247422
v 6.754218 26.057590 -0.216494
v 6.745835 26.022865 -0.185566
v 6.729068 25.953414 -0.123711
v 6.855742 26.291701 -0.432551
v 6.833832 26.223257 -0.370758
v 6.811922 26.154814 -0.308965
v 6.800967 26.120592 -0.278068
v 6.790013 26.086371 -0.247172
v 6.779058 26.052149 -0.216275
v 6.768103 26.017927 -0.185379
v 6.746193 25.949484 -0.123586
v 6.724283 25.881041 -0.061793
v 6.897843 26.279262 -0.432152
v 6.870860 26.212256 -0.370416
v 6.843877 26.145250 -0.308680
v 6.830385 26.111747 -0.277812
v 6.816894 26.078245 -0.246944
v 6.803402 26.044742 -0.216076
v 6.789911 26.011239 -0.185208
v 6.762928 25.944233 -0.123472
v 6.904688 26.199224 -0.370134
v 6.873055 26.133953 -0.308445
v 6.857238 26.101318 -0.277601
v 6.841421 26.068683 -0.246756
v 6.825604 26.036047 -0.215912
v 6.809787 26.003412 -0.185067
v 6.778154 25.938141 -0.123378
v 6.746520 25.872870 -0.061689
v 7.009476 26.226080 -0.431326
v 6.968973 26.165393 -0.369708
v 6.928470 26.104705 -0.308090
v 6.908219 26.074361 -0.277281
v 6.887968 26.044017 -0.246472
v 6.867716 26.013673 -0.215663
v 6.847465 25.983330 -0.184854
v 6.806962 25.922642 -0.123236
v 6.766459 25.861954 -0.061618
v 6.792860 25.930933 -0.123299
v 6.829011 25.994095 -0.184948
v 6.847087 26.025676 -0.215773
v 6.865163 26.057258 -0.246597
v 6.883239 26.088839 -0.277422
v 6.901315 26.120420 -0.308247
v 6.937467 26.183582 -0.369896
v 6.973619 26.246744 -0.431545
v 7.043658 26.202659 -0.431168
v 6.999004 26.144791 -0.369573
v 6.954350 26.086924 -0.307977
v 6.932023 26.057990 -0.277180
v 6.909696 26.029056 -0.246382
v 6.887370 26.000123 -0.215584
v 6.865043 25.971189 -0.184786
v 6.820389 25.913322 -0.123191
v 6.775735 25.855454 -0.061595
v 7.075942 26.176632 -0.431076
v 7.027367 26.121910 -0.369493
v 6.978793 26.067188 -0.307911
v 6.954505 26.039828 -0.277120
v 6.930218 26.012467 -0.246329
v 6.905931 25.985106 -0.215538
v 6.881643 25.957745 -0.184747
v 6.833069 25.903024 -0.123164
v 7.053870 26.096881 -0.369472
v 7.001635 26.045611 -0.307893
v 6.975518 26.019976 -0.277104
v 6.949401 25.994341 -0.246315
v 6.923283 25.968706 -0.215525
v 6.897166 25.943071 -0.184736
v 6.844931 25.891801 -0.123157
v 6.792696 25.840530 -0.061579
v 7.159271 26.084571 -0.431205
v 7.100606 26.041021 -0.369604
v 7.041941 25.997470 -0.308003
v 7.012609 25.975695 -0.277203
v 6.983276 25.953920 -0.246403
v 6.953944 25.932145 -0.215602
v 6.924612 25.910370 -0.184802
v 6.865947 25.866820 -0.123201
v 6.807282 25.823270 -0.061601
v 6.855909 25.879710 -0.123170
v 6.911514 25.927246 -0.184755
v 6.939317 25.951014 -0.215547
v 6.967119 25.974782 -0.246340
v 6.994922 25.998550 -0.277132
v 7.022725 26.022319 -0.307924
v 7.078330 26.069855 -0.369509
v 7.133935 26.117391 -0.431094
v 7.181960 26.049912 -0.431380
v 7.120567 26.010571 -0.369754
v 7.059173 25.971229 -0.308128
v 7.028477 25.951558 -0.277315
v 6.997780 25.931887 -0.246503
v 6.967083 25.912216 -0.215690
v 6.936387 25.892545 -0.184877
v 6.874993 25.853203 -0.123251
v 6.813600 25.813862 -0.061626
v 7.201849 26.013640 -0.431615
v 7.138078 25.978698 -0.369956
v 7.074308 25.943756 -0.308297
v 7.042422 25.926285 -0.277467
v 7.010537 25.908814 -0.246637
v 6.978652 25.891343 -0.215808
v 6.946766 25.873872 -0.184978
v 6.882996 25.838930 -0.123319
v 7.218794 25.975998 -0.431908
v 7.153016 25.945613 -0.370207
v 7.087238 25.915229 -0.308506
v 7.054349 25.900036 -0.277655
v 7.021460 25.884844 -0.246804
v 6.988570 25.869651 -0.215954
v 6.955681 25.854459 -0.185103
v 6.889903 25.824074 -0.123402
v 6.824125 25.793690 -0.061701
v 7.243676 25.897633 -0.432631
v 7.175008 25.876698 -0.370827
v 7.106340 25.855763 -0.309022
v 7.072006 25.845296 -0.278120
v 7.037671 25.834829 -0.247218
v 7.003337 25.824361 -0.216316
v 6.969003 25.813894 -0.185413
v 6.900335 25.792959 -0.123609
v 6.831666 25.772025 -0.061804
v 6.895690 25.808722 -0.123500
v 6.963101 25.834426 -0.185250
v 6.996807 25.847278 -0.216125
v 7.030512 25.860130 -0.247000
v 7.064218 25.872983 -0.277874
v 7.097924 25.885835 -0.308749
v 7.165335 25.911539 -0.370499
v 7.251555 25.857424 -0.433045
v 7.182007 25.841314 -0.371182
v 7.112460 25.825203 -0.309318
v 7.077686 25.817148 -0.278386
v 7.042912 25.809093 -0.247455
v 7.008138 25.801038 -0.216523
v 6.973365 25.792983 -0.185591
v 6.903817 25.776872 -0.123727
v 6.834270 25.760762 -0.061864
v 7.256351 25.816874 -0.433484
v 7.186304 25.805609 -0.371557
v 7.116257 25.794343 -0.309631
v 7.081234 25.788711 -0.278668
v 7.046210 25.783078 -0.247705
v 7.011187 25.777445 -0.216742
v 6.976163 25.771812 -0.185779
v 6.906116 25.760547 -0.123852
v 7.328245 12.378217 -0.496273
v 7.188011 12.378217 -0.372205
v 7.047778 12.378217 -0.248137
v 6.977661 12.378217 -0.186102
v 6.907544 12.378217 -0.124068
v 6.837427 12.378217 -0.062034
v 6.802369 12.378217 -0.031017
v 6.767310 12.378217 -0.000000
v 6.767310 25.721783 -0.000000
v 6.802369 25.721783 -0.031017
v 6.837427 25.721783 -0.062034
v 6.907544 25.721783 -0.124068
v 6.977661 25.721783 -0.186102
v 7.047778 25.721783 -0.248137
v 7.188011 25.721783 -0.372205
v 7.328245 25.721783 -0.496273
v 6.837324 25.730009 -0.062023
v 6.907454 25.733329 -0.124046
v 7.047714 25.739970 -0.248091
v 6.766881 12.368798 -0.000000
v 6.801964 12.365581 -0.030996
v 6.837046 12.362364 -0.061991
v 6.907211 12.355930 -0.123982
v 6.977377 12.349496 -0.185973
v 7.047542 12.343062 -0.247964
v 7.117707 12.336627 -0.309955
v 7.187872 12.330193 -0.371947
v 7.328203 12.317325 -0.495929
v 7.325325 12.259724 -0.495274
v 7.316855 12.202360 -0.494652
v 7.302857 12.145826 -0.494083
v 7.283394 12.090715 -0.493584
v 7.258530 12.037620 -0.493177
v 7.228427 11.987129 -0.492877
v 7.193436 11.939783 -0.492691
v 7.153904 11.896096 -0.492628
v 7.110217 11.856564 -0.492691
v 7.062871 11.821573 -0.492877
v 7.012380 11.791470 -0.493177
v 6.959285 11.766606 -0.493584
v 6.904174 11.747143 -0.494083
v 6.847640 11.733145 -0.494652
v 6.790276 11.724675 -0.495274
v 6.732675 11.721797 -0.495929
v 6.719807 11.862128 -0.371947
v 6.713373 11.932293 -0.309955
v 6.706938 12.002458 -0.247964
v 6.700504 12.072623 -0.185973
v 6.694070 12.142789 -0.123982
v 6.687636 12.212954 -0.061991
v 6.684419 12.248036 -0.030996
v 6.681202 12.283119 -0.000000
v 6.698115 12.286147 -0.000000
v 6.713702 12.291837 -0.000000
v 6.727682 12.299913 -0.000000
v 6.739864 12.310136 -0.000000
v 6.750087 12.322318 -0.000000
v 6.758163 12.336298 -0.000000
v 6.763853 12.351885 -0.000000
v 6.833963 12.337698 -0.061855
v 6.827228 12.314055 -0.061736
v 6.817771 12.293292 -0.061649
v 7.214495 12.113678 -0.431823
v 6.798302 12.265506 -0.061582
v 6.782173 12.249697 -0.061585
v 7.098151 11.943895 -0.431050
v 6.753988 12.230775 -0.061659
v 6.733018 12.221721 -0.061750
v 6.887243 11.817254 -0.432249
v 6.699282 12.213931 -0.061926
v 7.256124 12.280372 -0.433453
v 7.186099 12.291966 -0.371532
v 7.116074 12.303560 -0.309610
v 7.081061 12.309357 -0.278649
v 7.046048 12.315153 -0.247688
v 7.011036 12.320950 -0.216727
v 6.976023 12.326747 -0.185766
v 6.905998 12.338341 -0.123844
v 6.835973 12.349935 -0.061922
v 7.250667 12.237101 -0.432988
v 7.181216 12.253867 -0.371132
v 7.111766 12.270633 -0.309277
v 7.077040 12.279016 -0.278349
v 7.042315 12.287399 -0.247422
v 7.007590 12.295782 -0.216494
v 6.972865 12.304165 -0.185566
v 6.903414 12.320932 -0.123711
v 7.241701 12.194258 -0.432551
v 7.173257 12.216168 -0.370758
v 7.104814 12.238078 -0.308965
v 7.070592 12.249033 -0.278068
v 7.036371 12.259987 -0.247172
v 7.002149 12.270942 -0.216275
v 6.967927 12.281897 -0.185379
v 6.899484 12.303807 -0.123586
v 6.831041 12.325717 -0.061793
v 7.229262 12.152157 -0.432152
v 7.162256 12.179140 -0.370416
v 7.095250 12.206123 -0.308680
v 7.061747 12.219615 -0.277812
v 7.028245 12.233106 -0.246944
v 6.994742 12.246598 -0.216076
v 6.961239 12.260089 -0.185208
v 6.894233 12.287072 -0.123472
v 7.149224 12.145312 -0.370134
v 7.083953 12.176945 -0.308445
v 7.051318 12.192762 -0.277601
v 7.018683 12.208579 -0.246756
v 6.986047 12.224396 -0.215912
v 6.953412 12.240213 -0.185067
v 6.888141 12.271846 -0.123378
v 6.822870 12.303480 -0.061689
v 7.176080 12.040524 -0.431326
v 7.115393 12.081027 -0.369708
v 7.054705 12.121530 -0.308090
v 7.024361 12.141781 -0.277281
v 6.994017 12.162032 -0.246472
v 6.963673 12.182284 -0.215663
v 6.933330 12.202535 -0.184854
v 6.872642 12.243038 -0.123236
v 6.811954 12.283541 -0.061618
v 6.880933 12.257140 -0.123299
v 6.944095 12.220989 -0.184948
v 6.975676 12.202913 -0.215773
v 7.007258 12.184837 -0.246597
v 7.038839 12.166761 -0.277422
v 7.070420 12.148685 -0.308247
v 7.133582 12.112533 -0.369896
v 7.196744 12.076381 -0.431545
v 7.152659 12.006342 -0.431168
v 7.094791 12.050996 -0.369573
v 7.036924 12.095650 -0.307977
v 7.007990 12.117977 -0.277180
v 6.979056 12.140304 -0.246382
v 6.950123 12.162630 -0.215584
v 6.921189 12.184957 -0.184786
v 6.863322 12.229611 -0.123191
v 6.805454 12.274265 -0.061595
v 7.126632 11.974058 -0.431076
v 7.071910 12.022633 -0.369493
v 7.017188 12.071207 -0.307911
v 6.989828 12.095495 -0.277120
v 6.962467 12.119782 -0.246329
v 6.935106 12.144069 -0.215538
v 6.907745 12.168357 -0.184747
v 6.853024 12.216931 -0.123164
v 7.046881 11.996130 -0.369472
v 6.995611 12.048365 -0.307893
v 6.969976 12.074482 -0.277104
v 6.944341 12.100599 -0.246315
v 6.918706 12.126717 -0.215525
v 6.893071 12.152834 -0.184736
v 6.841801 12.205069 -0.123157
v 6.790530 12.257304 -0.061579
v 7.034571 11.890729 -0.431205
v 6.991021 11.949394 -0.369604
v 6.947470 12.008059 -0.308003
v 6.925695 12.037391 -0.277203
v 6.903920 12.066724 -0.246403
v 6.882145 12.096056 -0.215602
v 6.860370 12.125388 -0.184802
v 6.816820 12.184053 -0.123201
v 6.773270 12.242718 -0.061601
v 6.829710 12.194091 -0.123170
v 6.877246 12.138486 -0.184755
v 6.901014 12.110683 -0.215547
v 6.924782 12.082881 -0.246340
v 6.948550 12.055078 -0.277132
v 6.972319 12.027275 -0.307924
v 7.019855 11.971670 -0.369509
v 7.067391 11.916065 -0.431094
v 6.999912 11.868040 -0.431380
v 6.960571 11.929433 -0.369754
v 6.921229 11.990827 -0.308128
v 6.901558 12.021523 -0.277315
v 6.881887 12.052220 -0.246503
v 6.862216 12.082917 -0.215690
v 6.842545 12.113613 -0.184877
v 6.803203 12.175007 -0.123251
v 6.763862 12.236400 -0.061626
v 6.963640 11.848151 -0.431615
v 6.928698 11.911922 -0.369956
v 6.893756 11.975692 -0.308297
v 6.876285 12.007578 -0.277467
v 6.858814 12.039463 -0.246637
v 6.841343 12.071348 -0.215808
v 6.823872 12.103234 -0.184978
v 6.788930 12.167004 -0.123319
v 6.925998 11.831206 -0.431908
v 6.895613 11.896984 -0.370207
v 6.865229 11.962762 -0.308506
v 6.850036 11.995651 -0.277655
v 6.834844 12.028540 -0.246804
v 6.819651 12.061430 -0.215954
v 6.804459 12.094319 -0.185103
v 6.774074 12.160097 -0.123402
v 6.743690 12.225875 -0.061701
v 6.847633 11.806324 -0.432631
v 6.826698 11.874992 -0.370827
v 6.805763 11.943660 -0.309022
v 6.795296 11.977994 -0.278120
v 6.784829 12.012329 -0.247218
v 6.774361 12.046663 -0.216316
v 6.763894 12.080997 -0.185413
v 6.742959 12.149665 -0.123609
v 6.722025 12.218334 -0.061804
v 6.758722 12.154310 -0.123500
v 6.784426 12.086899 -0.185250
v 6.797278 12.053193 -0.216125
v 6.810130 12.019488 -0.247000
v 6.822983 11.985782 -0.277874
v 6.835835 11.952076 -0.308749
v 6.861539 11.884665 -0.370499
v 6.807424 11.798445 -0.433045
v 6.791314 11.867993 -0.371182
v 6.775203 11.937540 -0.309318
v 6.767148 11.972314 -0.278386
v 6.759093 12.007088 -0.247455
v 6.751038 12.041862 -0.216523
v 6.742983 12.076635 -0.185591
v 6.726872 12.146183 -0.123727
v 6.710762 12.215730 -0.061864
v 6.766874 11.793649 -0.433484
v 6.755609 11.863696 -0.371557
v 6.744343 11.933743 -0.309631
v 6.738711 11.968766 -0.278668
v 6.733078 12.003790 -0.247705
v 6.727445 12.038813 -0.216742
v 6.721812 12.073837 -0.185779
v 6.710547 12.143884 -0.123852
v 6.837337 12.370508 -0.062024
v 6.907465 12.367397 -0.124048
v 7.047722 12.361176 -0.248097
v -6.671783 11.721755 -0.496273
v -6.671783 11.861989 -0.372205
v -6.671783 12.002222 -0.248137
v -6.671783 12.072339 -0.186102
v -6.671783 12.142456 -0.124068
v -6.671783 12.212573 -0.062034
v -6.671783 12.247631 -0.031017
v -6.671783 12.282690 -0.000000
v 6.671783 12.282690 -0.000000
v 6.671783 12.247631 -0.031017
v 6.671783 12.212573 -0.062034
v 6.671783 12.142456 -0.124068
v 6.671783 12.072339 -0.186102
v 6.671783 12.002222 -0.248137
v 6.671783 11.861989 -0.372205
v 6.671783 11.721755 -0.496273
v 6.680009 12.212676 -0.062023
v 6.683329 12.142546 -0.124046
v 6.689970 12.002286 -0.248091
v -6.681202 12.283119 -0.000000
v -6.684419 12.248036 -0.030996
v -6.687636 12.212954 -0.061991
v -6.694070 12.142789 -0.123982
v -6.700504 12.072623 -0.185973
v -6.706938 12.002458 -0.247964
v -6.713373 11.932293 -0.309955
v -6.719807 11.862128 -0.371947
v -6.732675 11.721797 -0.495929
v -6.790276 11.724675 -0.495274
v -6.847640 11.733145 -0.494652
v -6.904174 11.747143 -0.494083
v -6.959285 11.766606 -0.493584
v -7.012380 11.791470 -0.493177
v -7.062871 11.821573 -0.492877
v -7.110217 11.856564 -0.492691
v -7.153904 11.896096 -0.492628
v -7.193436 11.939783 -0.492691
v -7.228427 11.987129 -0.492877
v -7.258530 12.037620 -0.493177
v -7.283394 12.090715 -0.493584
v -7.302857 12.145826 -0.494083
v -7.316855 12.202360 -0.494652
v -7.325325 12.259724 -0.495274
v -7.328203 12.317325 -0.495929
v -7.187872 12.330193 -0.371947
v -7.117707 12.336627 -0.309955
v -7.047542 12.343062 -0.247964
v -6.977377 12.349496 -0.185973
v -6.907211 12.355930 -0.123982
v -6.837046 12.362364 -0.061991
v -6.801964 12.365581 -0.030996
v -6.766881 12.368798 -0.000000
v -6.763853 12.351885 -0.000000
v -6.758163 12.336298 -0.000000
v -6.750087 12.322318 -0.000000
v -6.739864 12.310136 -0.000000
v -6.727682 12.299913 -0.000000
v -6.713702 12.291837 -0.000000
v -6.698115 12.286147 -0.000000
v -6.712302 12.216037 -0.061855
v -6.735945 12.222772 -0.061736
v -6.756708 12.232229 -0.061649
v -6.936322 11.835505 -0.431823
v -6.784494 12.251698 -0.061582
v -6.800303 12.267827 -0.061585
v -7.106105 11.951849 -0.431050
v -6.819225 12.296012 -0.061659
v -6.828279 12.316982 -0.061750
v -7.232746 12.162757 -0.432249
v -6.836069 12.350718 -0.061926
v -6.769628 11.793876 -0.433453
v -6.758034 11.863901 -0.371532
v -6.746440 11.933926 -0.309610
v -6.740643 11.968939 -0.278649
v -6.734847 12.003952 -0.247688
v -6.729050 12.038964 -0.216727
v -6.723253 12.073977 -0.185766
v -6.711659 12.144002 -0.123844
v -6.700065 12.214027 -0.061922
v -6.812899 11.799333 -0.432988
v -6.796133 11.868784 -0.371132
v -6.779367 11.938234 -0.309277
v -6.770984 11.972960 -0.278349
v -6.762601 12.007685 -0.247422
v -6.754218 12.042410 -0.216494
v -6.745835 12.077135 -0.185566
v -6.729068 12.146586 -0.123711
v -6.855742 11.808299 -0.432551
v -6.833832 11.876743 -0.370758
v -6.811922 11.945186 -0.308965
v -6.800967 11.979408 -0.278068
v -6.790013 12.013629 -0.247172
v -6.779058 12.047851 -0.216275
v -6.768103 12.082073 -0.185379
v -6.746193 12.150516 -0.123586
v -6.724283 12.218959 -0.061793
v -6.897843 11.820738 -0.432152
v -6.870860 11.887744 -0.370416
v -6.843877 11.954750 -0.308680
v -6.830385 11.988253 -0.277812
v -6.816894 12.021755 -0.246944
v -6.803402 12.055258 -0.216076
v -6.789911 12.088761 -0.185208
v -6.762928 12.155767 -0.123472
v -6.904688 11.900776 -0.370134
v -6.873055 11.966047 -0.308445
v -6.857238 11.998682 -0.277601
v -6.841421 12.031317 -0.246756
v -6.825604 12.063953 -0.215912
v -6.809787 12.096588 -0.185067
v -6.778154 12.161859 -0.123378
v -6.746520 12.227130 -0.061689
v -7.009476 11.873920 -0.431326
v -6.968973 11.934607 -0.369708
v -6.928470 11.995295 -0.308090
v -6.908219 12.025639 -0.277281
v -6.887968 12.055983 -0.246472
v -6.867716 12.086327 -0.215663
v -6.847465 12.116670 -0.184854
v -6.806962 12.177358 -0.123236
v -6.766459 12.238046 -0.061618
v -6.792860 12.169067 -0.123299
v -6.829011 12.105905 -0.184948
v -6.847087 12.074324 -0.215773
v -6.865163 12.042742 -0.246597
v -6.883239 12.011161 -0.277422
v -6.901315 11.979580 -0.308247
v -6.937467 11.916418 -0.369896
v -6.973619 11.853256 -0.431545
v -7.043658 11.897341 -0.431168
v -6.999004 11.955209 -0.369573
v -6.954350 12.013076 -0.307977
v -6.932023 12.042010 -0.277180
v -6.909696 12.070944 -0.246382
v -6.887370 12.099877 -0.215584
v -6.865043 12.128811 -0.184786
v -6.820389 12.186678 -0.123191
v -6.775735 12.244546 -0.061595
v -7.075942 11.923368 -0.431076
v -7.027367 11.978090 -0.369493
v -6.978793 12.032812 -0.307911
v -6.954505 12.060172 -0.277120
v -6.930218 12.087533 -0.246329
v -6.905931 12.114894 -0.215538
v -6.881643 12.142255 -0.184747
v -6.833069 12.196976 -0.123164
v -7.053870 12.003119 -0.369472
v -7.001635 12.054389 -0.307893
v -6.975518 12.080024 -0.277104
v -6.949401 12.105659 -0.246315
v -6.923283 12.131294 -0.215525
v -6.897166 12.156929 -0.184736
v -6.844931 12.208199 -0.123157
v -6.792696 12.259470 -0.061579
v -7.159271 12.015429 -0.431205
v -7.100606 12.058979 -0.369604
v -7.041941 12.102530 -0.308003
v -7.012609 12.124305 -0.277203
v -6.983276 12.146080 -0.246403
v -6.953944 12.167855 -0.215602
v -6.924612 12.189630 -0.184802
v -6.865947 12.233180 -0.123201
v -6.807282 12.276730 -0.061601
v -6.855909 12.220290 -0.123170
v -6.911514 12.172754 -0.184755
v -6.939317 12.148986 -0.215547
v -6.967119 12.125218 -0.246340
v -6.994922 12.101450 -0.277132
v -7.022725 12.077681 -0.307924
v -7.078330 12.030145 -0.369509
v -7.133935 11.982609 -0.431094
v -7.181960 12.050088 -0.431380
v -7.120567 12.089429 -0.369754
v -7.059173 12.128771 -0.308128
v -7.028477 12.148442 -0.277315
v -6.997780 12.168113 -0.246503
v -6.967083 12.187784 -0.215690
v -6.936387 12.207455 -0.184877
v -6.874993 12.246797 -0.123251
v -6.813600 12.286138 -0.061626
v -7.201849 12.086360 -0.431615
v -7.138078 12.121302 -0.369956
v -7.074308 12.156244 -0.308297
v -7.042422 12.173715 -0.277467
v -7.010537 12.191186 -0.246637
v -6.978652 12.208657 -0.215808
v -6.946766 12.226128 -0.184978
v -6.882996 12.261070 -0.123319
v -7.218794 12.124002 -0.431908
v -7.153016 12.154387 -0.370207
v -7.087238 12.184771 -0.308506
v -7.054349 12.199964 -0.277655
v -7.021460 12.215156 -0.246804
v -6.988570 12.230349 -0.215954
v -6.955681 12.245541 -0.185103
v -6.889903 12.275926 -0.123402
v -6.824125 12.306310 -0.061701
v -7.243676 12.202367 -0.432631
v -7.175008 12.223302 -0.370827
v -7.106340 12.244237 -0.309022
v -7.072006 12.254704 -0.278120
v -7.037671 12.265171 -0.247218
v -7.003337 12.275639 -0.216316
v -6.969003 12.286106 -0.185413
v -6.900335 12.307041 -0.123609
v -6.831666 12.327975 -0.061804
v -6.895690 12.291278 -0.123500
v -6.963101 12.265574 -0.185250
v -6.996807 12.252722 -0.216125
v -7.030512 12.239870 -0.247000
v -7.064218 12.227017 -0.277874
v -7.097924 12.214165 -0.308749
v -7.165335 12.188461 -0.370499
v -7.251555 12.242576 -0.433045
v -7.182007 12.258686 -0.371182
v -7.112460 12.274797 -0.309318
v -7.077686 12.282852 -0.278386
v -7.042912 12.290907 -0.247455
v -7.008138 12.298962 -0.216523
v -6.973365 12.307017 -0.185591
v -6.903817 12.323128 -0.123727
v -6.834270 12.339238 -0.061864
v -7.256351 12.283126 -0.433484
v -7.186304 12.294391 -0.371557
v -7.116257 12.305657 -0.309631
v -7.081234 12.311289 -0.278668
v -7.046210 12.316922 -0.247705
v -7.011187 12.322555 -0.216742
v -6.976163 12.328188 -0.185779
v -6.906116 12.339453 -0.123852
v -6.679492 12.212663 -0.062024
v -6.682603 12.142535 -0.124048
v -6.688824 12.002278 -0.248097
v -7.328245 25.721783 -0.496273
v -7.188011 25.721783 -0.372205
v -7.047778 25.721783 -0.248137
v -6.977661 25.721783 -0.186102
v -6.907544 25.721783 -0.124068
v -6.837427 25.721783 -0.062034
v -6.802369 25.721783 -0.031017
v -6.767310 25.721783 -0.000000
v -6.767310 12.378217 -0.000000
v -6.802369 12.378217 -0.031017
v -6.837427 12.378217 -0.062034
v -6.907544 12.378217 -0.124068
v -6.977661 12.378217 -0.186102
v -7.047778 12.378217 -0.248137
v -7.188011 12.378217 -0.372205
v -7.328245 12.378217 -0.496273
v -6.837324 12.369991 -0.062023
v -6.907454 12.366671 -0.124046
v -7.047714 12.360030 -0.248091
v -6.766881 25.731202 -0.000000
v -6.801964 25.734419 -0.030996
v -6.837046 25.737636 -0.061991
v -6.907211 25.744070 -0.123982
v -6.977377 25.750504 -0.185973
v -7.047542 25.756938 -0.247964
v -7.117707 25.763373 -0.309955
v -7.187872 25.769807 -0.371947
v -7.328203 25.782675 -0.495929
v -7.325325 25.840276 -0.495274
v -7.316855 25.897640 -0.494652
v -7.302857 25.954174 -0.494083
v -7.283394 26.009285 -0.493584
v -7.258530 26.062380 -0.493177
v -7.228427 26.112871 -0.492877
v -7.193436 26.160217 -0.492691
v -7.153904 26.203904 -0.492628
v -7.110217 26.243436 -0.492691
v -7.062871 26.278427 -0.492877
v -7.012380 26.308530 -0.493177
v -6.959285 26.333394 -0.493584
v -6.904174 26.352857 -0.494083
v -6.847640 26.366855 -0.494652
v -6.790276 26.375325 -0.495274
v -6.732675 26.378203 -0.495929
v -6.719807 26.237872 -0.371947
v -6.713373 26.167707 -0.309955
v -6.706938 26.097542 -0.247964
v -6.700504 26.027377 -0.185973
v -6.694070 25.957211 -0.123982
v -6.687636 25.887046 -0.061991
v -6.684419 25.851964 -0.030996
v -6.681202 25.816881 -0.000000
v -6.698115 25.813853 -0.000000
v -6.713702 25.808163 -0.000000
v -6.727682 25.800087 -0.000000
v -6.739864 25.789864 -0.000000
v -6.750087 25.777682 -0.000000
v -6.758163 25.763702 -0.000000
v -6.763853 25.748115 -0.000000
v -6.833963 25.762302 -0.061855
v -6.827228 25.785945 -0.061736
v -6.817771 25.806708 -0.061649
v -7.214495 25.986322 -0.431823
v -6.798302 25.834494 -0.061582
v -6.782173 25.850303 -0.061585
v -7.098151 26.156105 -0.431050
v -6.753988 25.869225 -0.061659
v -6.733018 25.878279 -0.061750
v -6.887243 26.282746 -0.432249
v -6.699282 25.886069 -0.061926
v -7.256124 25.819628 -0.433453
v -7.186099 25.808034 -0.371532
v -7.116074 25.796440 -0.309610
v -7.081061 25.790643 -0.278649
v -7.046048 25.784847 -0.247688
v -7.011036 25.779050 -0.216727
v -6.976023 25.773253 -0.185766
v -6.905998 25.761659 -0.123844
v -6.835973 25.750065 -0.061922
v -7.250667 25.862899 -0.432988
v -7.181216 25.846133 -0.371132
v -7.111766 25.829367 -0.309277
v -7.077040 25.820984 -0.278349
v -7.042315 25.812601 -0.247422
v -7.007590 25.804218 -0.216494
v -6.972865 25.795835 -0.185566
v -6.903414 25.779068 -0.123711
v -7.241701 25.905742 -0.432551
v -7.173257 25.883832 -0.370758
v -7.104814 25.861922 -0.308965
v -7.070592 25.850967 -0.278068
v -7.036371 25.840013 -0.247172
v -7.002149 25.829058 -0.216275
v -6.967927 25.818103 -0.185379
v -6.899484 25.796193 -0.123586
v -6.831041 25.774283 -0.061793
v -7.229262 25.947843 -0.432152
v -7.162256 25.920860 -0.370416
v -7.095250 25.893877 -0.308680
v -7.061747 25.880385 -0.277812
v -7.028245 25.866894 -0.246944
v -6.994742 25.853402 -0.216076
v -6.961239 25.839911 -0.185208
v -6.894233 25.812928 -0.123472
v -7.149224 25.954688 -0.370134
v -7.083953 25.923055 -0.308445
v -7.051318 25.907238 -0.277601
v -7.018683 25.891421 -0.246756
v -6.986047 25.875604 -0.215912
v -6.953412 25.859787 -0.185067
v -6.888141 25.828154 -0.123378
v -6.822870 25.796520 -0.061689
v -7.176080 26.059476 -0.431326
v -7.115393 26.018973 -0.369708
v -7.054705 25.978470 -0.308090
v -7.024361 25.958219 -0.277281
v -6.994017 25.937968 -0.246472
v -6.963673 25.917716 -0.215663
v -6.933330 25.897465 -0.184854
v -6.872642 25.856962 -0.123236
v -6.811954 25.816459 -0.061618
v -6.880933 25.842860 -0.123299
v -6.944095 25.879011 -0.184948
v -6.975676 25.897087 -0.215773
v -7.007258 25.915163 -0.246597
v -7.038839 25.933239 -0.277422
v -7.070420 25.951315 -0.308247
v -7.133582 25.987467 -0.369896
v -7.196744 26.023619 -0.431545
v -7.152659 26.093658 -0.431168
v -7.094791 26.049004 -0.369573
v -7.036924 26.004350 -0.307977
v -7.007990 25.982023 -0.277180
v -6.979056 25.959696 -0.246382
v -6.950123 25.937370 -0.215584
v -6.921189 25.915043 -0.184786
v -6.863322 25.870389 -0.123191
v -6.805454 25.825735 -0.061595
v -7.126632 26.125942 -0.431076
v -7.071910 26.077367 -0.369493
v -7.017188 26.028793 -0.307911
v -6.989828 26.004505 -0.277120
v -6.962467 25.980218 -0.246329
v -6.935106 25.955931 -0.215538
v -6.907745 25.931643 -0.184747
v -6.853024 25.883069 -0.123164
v -7.046881 26.103870 -0.369472
v -6.995611 26.051635 -0.307893
v -6.969976 26.025518 -0.277104
v -6.944341 25.999401 -0.246315
v -6.918706 25.973283 -0.215525
v -6.893071 25.947166 -0.184736
v -6.841801 25.894931 -0.123157
v -6.790530 25.842696 -0.061579
v -7.034571 26.209271 -0.431205
v -6.991021 26.150606 -0.369604
v -6.947470 26.091941 -0.308003
v -6.925695 26.062609 -0.277203
v -6.903920 26.033276 -0.246403
v -6.882145 26.003944 -0.215602
v -6.860370 25.974612 -0.184802
v -6.816820 25.915947 -0.123201
v -6.773270 25.857282 -0.061601
v -6.829710 25.905909 -0.123170
v -6.877246 25.961514 -0.184755
v -6.901014 25.989317 -0.215547
v -6.924782 26.017119 -0.246340
v -6.948550 26.044922 -0.277132
v -6.972319 26.072725 -0.307924
v -7.019855 26.128330 -0.369509
v -7.067391 26.183935 -0.431094
v -6.999912 26.231960 -0.431380
v -6.960571 26.170567 -0.369754
v -6.921229 26.109173 -0.308128
v -6.901558 26.078477 -0.277315
v -6.881887 26.047780 -0.246503
v -6.862216 26.017083 -0.215690
v -6.842545 25.986387 -0.184877
v -6.803203 25.924993 -0.123251
v -6.763862 25.863600 -0.061626
v -6.963640 26.251849 -0.431615
v -6.928698 26.188078 -0.369956
v -6.893756 26.124308 -0.308297
v -6.876285 26.092422 -0.277467
v -6.858814 26.060537 -0.246637
v -6.841343 26.028652 -0.215808
v -6.823872 25.996766 -0.184978
v -6.788930 25.932996 -0.123319
v -6.925998 26.268794 -0.431908
v -6.895613 26.203016 -0.370207
v -6.865229 26.137238 -0.308506
v -6.850036 26.104349 -0.277655
v -6.834844 26.071460 -0.246804
v -6.819651 26.038570 -0.215954
v -6.804459 26.005681 -0.185103
v -6.774074 25.939903 -0.123402
v -6.743690 25.874125 -0.061701
v -6.847633 26.293676 -0.432631
v -6.826698 26.225008 -0.370827
v -6.805763 26.156340 -0.309022
v -6.795296 26.122006 -0.278120
v -6.784829 26.087671 -0.247218
v -6.774361 26.053337 -0.216316
v -6.763894 26.019003 -0.185413
v -6.742959 25.950335 -0.123609
v -6.722025 25.881666 -0.061804
v -6.758722 25.945690 -0.123500
v -6.784426 26.013101 -0.185250
v -6.797278 26.046807 -0.216125
v -6.810130 26.080512 -0.247000
v -6.822983 26.114218 -0.277874
v -6.835835 26.147924 -0.308749
v -6.861539 26.215335 -0.370499
v -6.807424 26.301555 -0.433045
v -6.791314 26.232007 -0.371182
v -6.775203 26.162460 -0.309318
v -6.767148 26.127686 -0.278386
v -6.759093 26.092912 -0.247455
v -6.751038 26.058138 -0.216523
v -6.742983 26.023365 -0.185591
v -6.726872 25.953817 -0.123727
v -6.710762 25.884270 -0.061864
v -6.766874 26.306351 -0.433484
v -6.755609 26.236304 -0.371557
v -6.744343 26.166257 -0.309631
v -6.738711 26.131234 -0.278668
v -6.733078 26.096210 -0.247705
v -6.727445 26.061187 -0.216742
v -6.721812 26.026163 -0.185779
v -6.710547 25.956116 -0.123852
v -6.837337 25.729492 -0.062024
v -6.907465 25.732603 -0.124048
v -7.047722 25.738824 -0.248097
v 6.671783 26.378245 -0.496273
v 6.671783 26.238011 -0.372205
v 6.671783 26.097778 -0.248137
v 6.671783 26.027661 -0.186102
v 6.671783 25.957544 -0.124068
v 6.671783 25.887427 -0.062034
v 6.671783 25.852369 -0.031017
v 6.671783 25.817310 -0.000000
v -6.671783 25.817310 -0.000000
v -6.671783 25.852369 -0.031017
v -6.671783 25.887427 -0.062034
v -6.671783 25.957544 -0.124068
v -6.671783 26.027661 -0.186102
v -6.671783 26.097778 -0.248137
v -6.671783 26.238011 -0.372205
v -6.671783 26.378245 -0.496273
v -6.680009 25.887324 -0.062023
v -6.683329 25.957454 -0.124046
v -6.689970 26.097714 -0.248091
v 6.679492 25.887337 -0.062024
v 6.682603 25.957465 -0.124048
v 6.688824 26.097722 -0.248097
v 7.991739 11.653788 -5.900000
v 7.986665 11.575711 -5.900000
v 7.971527 11.499094 -5.900000
v 7.946579 11.425225 -5.900000
v 7.912241 11.355345 -5.900000
v 7.869088 11.290626 -5.900000
v 7.817846 11.232154 -5.900000
v 7.759374 11.180912 -5.900000
v 7.694655 11.137759 -5.900000
v 7.624775 11.103421 -5.900000
v 7.550906 11.078473 -5.900000
v 7.474289 11.063335 -5.900000
v 7.396212 11.058261 -5.900000
v 6.976475 11.561150 -1.845627
v 7.143266 11.394359 -3.204027
v 7.310056 11.227569 -4.562427
v 7.052192 11.577187 -1.838300
v 7.218982 11.410397 -3.196700
v 7.385773 11.243606 -4.555100
v 7.125344 11.602851 -1.832469
v 7.292135 11.436060 -3.190869
v 7.458926 11.269270 -4.549269
v 7.194705 11.637709 -1.828232
v 7.361495 11.470919 -3.186632
v 7.528286 11.304128 -4.545032
v 7.259109 11.681178 -1.825662
v 7.425899 11.514387 -3.184062
v 7.592690 11.347596 -4.542462
v 7.317474 11.732526 -1.824800
v 7.484265 11.565735 -3.183200
v 7.651056 11.398944 -4.541600
v 7.368822 11.790891 -1.825662
v 7.535613 11.624101 -3.184062
v 7.702404 11.457310 -4.542462
v 7.412291 11.855295 -1.828232
v 7.579081 11.688505 -3.186632
v 7.745872 11.521714 -4.545032
v 7.447149 11.924656 -1.832469
v 7.613940 11.757865 -3.190869
v 7.780730 11.591074 -4.549269
v 7.472813 11.997808 -1.838300
v 7.639603 11.831018 -3.196700
v 7.806394 11.664227 -4.555100
v 7.488850 12.073525 -1.845627
v 7.655641 11.906734 -3.204027
v 7.822431 11.739944 -4.562427
v 7.991739 26.446212 -5.900000
v 7.396212 27.041739 -5.900000
v 7.474289 27.036665 -5.900000
v 7.550906 27.021527 -5.900000
v 7.624775 26.996579 -5.900000
v 7.694655 26.962241 -5.900000
v 7.759374 26.919088 -5.900000
v 7.817846 26.867846 -5.900000
v 7.869088 26.809374 -5.900000
v 7.912241 26.744655 -5.900000
v 7.946579 26.674775 -5.900000
v 7.971527 26.600906 -5.900000
v 7.986665 26.524289 -5.900000
v 7.488850 26.026475 -1.845627
v 7.655641 26.193266 -3.204027
v 7.822431 26.360056 -4.562427
v 7.472813 26.102192 -1.838300
v 7.639603 26.268982 -3.196700
v 7.806394 26.435773 -4.555100
v 7.447149 26.175344 -1.832469
v 7.613940 26.342135 -3.190869
v 7.780730 26.508926 -4.549269
v 7.412291 26.244705 -1.828232
v 7.579081 26.411495 -3.186632
v 7.745872 26.578286 -4.545032
v 7.368822 26.309109 -1.825662
v 7.535613 26.475899 -3.184062
v 7.702404 26.642690 -4.542462
v 7.317474 26.367474 -1.824800
v 7.484265 26.534265 -3.183200
v 7.651056 26.701056 -4.541600
v 7.259109 26.418822 -1.825662
v 7.425899 26.585613 -3.184062
v 7.592690 26.752404 -4.542462
v 7.194705 26.462291 -1.828232
v 7.361495 26.629081 -3.186632
v 7.528286 26.795872 -4.545032
v 7.125344 26.497149 -1.832469
v 7.292135 26.663940 -3.190869
v 7.458926 26.830730 -4.549269
v 7.052192 26.522813 -1.838300
v 7.218982 26.689603 -3.196700
v 7.385773 26.856394 -4.555100
v 6.976475 26.538850 -1.845627
v 7.143266 26.705641 -3.204027
v 7.310056 26.872431 -4.562427
v -7.396212 27.041739 -5.900000
v -3.300000 20.600000 -0.000000
v -3.300000 17.500000 -0.000000
v -3.295185 17.401983 -0.000000
v -3.280785 17.304910 -0.000000
v -3.256940 17.209715 -0.000000
v -3.223880 17.117317 -0.000000
v -3.181921 17.028603 -0.000000
v -3.131470 16.944430 -0.000000
v -3.073010 16.865607 -0.000000
v -3.007107 16.792893 -0.000000
v -2.934393 16.726990 -0.000000
v -2.855570 16.668530 -0.000000
v -2.771397 16.618079 -0.000000
v -2.682683 16.576120 -0.000000
v -2.590285 16.543060 -0.000000
v -2.495090 16.519215 -0.000000
v -2.398017 16.504815 -0.000000
v -2.300000 16.500000 -0.000000
v 2.300000 16.500000 -0.000000
v 2.398017 16.504815 -0.000000
v 2.495090 16.519215 -0.000000
v 2.590285 16.543060 -0.000000
v 2.682683 16.576120 -0.000000
v 2.771397 16.618079 -0.000000
v 2.855570 16.668530 -0.000000
v 2.934393 16.726990 -0.000000
v 3.007107 16.792893 -0.000000
v 3.073010 16.865607 -0.000000
v 3.131470 16.944430 -0.000000
v 3.181921 17.028603 -0.000000
v 3.223880 17.117317 -0.000000
v 3.256940 17.209715 -0.000000
v 3.280785 17.304910 -0.000000
v 3.295185 17.401983 -0.000000
v 3.300000 17.500000 -0.000000
v 3.300000 20.600000 -0.000000
v 3.295185 20.698017 -0.000000
v 3.280785 20.795090 -0.000000
v 3.256940 20.890285 -0.000000
v 3.223880 20.982683 -0.000000
v 3.181921 21.071397 -0.000000
v 3.131470 21.155570 -0.000000
v 3.073010 21.234393 -0.000000
v 3.007107 21.307107 -0.000000
v 2.934393 21.373010 -0.000000
v 2.855570 21.431470 -0.000000
v 2.771397 21.481921 -0.000000
v 2.682683 21.523880 -0.000000
v 2.590285 21.556940 -0.000000
v 2.495090 21.580785 -0.000000
v 2.398017 21.595185 -0.000000
v 2.300000 21.600000 -0.000000
v -2.300000 21.600000 -0.000000
v -2.398017 21.595185 -0.000000
v -2.495090 21.580785 -0.000000
v -2.590285 21.556940 -0.000000
v -2.682683 21.523880 -0.000000
v -2.771397 21.481921 -0.000000
v -2.855570 21.431470 -0.000000
v -2.934393 21.373010 -0.000000
v -3.007107 21.307107 -0.000000
v -3.073010 21.234393 -0.000000
v -3.131470 21.155570 -0.000000
v -3.181921 21.071397 -0.000000
v -3.223880 20.982683 -0.000000
v -3.256940 20.890285 -0.000000
v -3.280785 20.795090 -0.000000
v -3.295185 20.698017 -0.000000
v -7.396212 11.058261 -5.900000
v -7.474289 11.063335 -5.900000
v -7.550906 11.078473 -5.900000
v -7.624775 11.103421 -5.900000
v -7.694655 11.137759 -5.900000
v -7.759374 11.180912 -5.900000
v -7.817846 11.232154 -5.900000
v -7.869088 11.290626 -5.900000
v -7.912241 11.355345 -5.900000
v -7.946579 11.425225 -5.900000
v -7.971527 11.499094 -5.900000
v -7.986665 11.575711 -5.900000
v -7.991739 11.653788 -5.900000
v -7.488850 12.073525 -1.845627
v -7.655641 11.906734 -3.204027
v -7.822431 11.739944 -4.562427
v -7.472813 11.997808 -1.838300
v -7.639603 11.831018 -3.196700
v -7.806394 11.664227 -4.555100
v -7.447149 11.924656 -1.832469
v -7.613940 11.757865 -3.190869
v -7.780730 11.591074 -4.549269
v -7.412291 11.855295 -1.828232
v -7.579081 11.688505 -3.186632
v -7.745872 11.521714 -4.545032
v -7.368822 11.790891 -1.825662
v -7.535613 11.624101 -3.184062
v -7.702404 11.457310 -4.542462
v -7.317474 11.732526 -1.824800
v -7.484265 11.565735 -3.183200
v -7.651056 11.398944 -4.541600
v -7.259109 11.681178 -1.825662
v -7.425899 11.514387 -3.184062
v -7.592690 11.347596 -4.542462
v -7.194705 11.637709 -1.828232
v -7.361495 11.470919 -3.186632
v -7.528286 11.304128 -4.545032
v -7.125344 11.602851 -1.832469
v -7.292135 11.436060 -3.190869
v -7.458926 11.269270 -4.549269
v -7.052192 11.577187 -1.838300
v -7.218982 11.410397 -3.196700
v -7.385773 11.243606 -4.555100
v -6.976475 11.561150 -1.845627
v -7.143266 11.394359 -3.204027
v -7.310056 11.227569 -4.562427
v -7.991739 26.446212 -5.900000
v -7.986665 26.524289 -5.900000
v -7.971527 26.600906 -5.900000
v -7.946579 26.674775 -5.900000
v -7.912241 26.744655 -5.900000
v -7.869088 26.809374 -5.900000
v -7.817846 26.867846 -5.900000
v -7.759374 26.919088 -5.900000
v -7.694655 26.962241 -5.900000
v -7.624775 26.996579 -5.900000
v -7.550906 27.021527 -5.900000
v -7.474289 27.036665 -5.900000
v -6.976475 26.538850 -1.845627
v -7.143266 26.705641 -3.204027
v -7.310056 26.872431 -4.562427
v -7.052192 26.522813 -1.838300
v -7.218982 26.689603 -3.196700
v -7.385773 26.856394 -4.555100
v -7.125344 26.497149 -1.832469
v -7.292135 26.663940 -3.190869
v -7.458926 26.830730 -4.549269
v -7.194705 26.462291 -1.828232
v -7.361495 26.629081 -3.186632
v -7.528286 26.795872 -4.545032
v -7.259109 26.418822 -1.825662
v -7.425899 26.585613 -3.184062
v -7.592690 26.752404 -4.542462
v -7.317474 26.367474 -1.824800
v -7.484265 26.534265 -3.183200
v -7.651056 26.701056 -4.541600
v -7.368822 26.309109 -1.825662
v -7.535613 26.475899 -3.184062
v -7.702404 26.642690 -4.542462
v -7.412291 26.244705 -1.828232
v -7.579081 26.411495 -3.186632
v -7.745872 26.578286 -4.545032
v -7.447149 26.175344 -1.832469
v -7.613940 26.342135 -3.190869
v -7.780730 26.508926 -4.549269
v -7.472813 26.102192 -1.838300
v -7.639603 26.268982 -3.196700
v -7.806394 26.435773 -4.555100
v -7.488850 26.026475 -1.845627
v -7.655641 26.193266 -3.204027
v -7.822431 26.360056 -4.562427
v -6.122362 28.150000 -5.900000
v -6.296352 28.144983 -5.900000
v -6.469617 28.129947 -5.900000
v -6.641579 28.104943 -5.900000
v -6.811668 28.070054 -5.900000
v -6.979320 28.025395 -5.900000
v -7.143978 27.971116 -5.900000
v -7.305094 27.907395 -5.900000
v -7.462136 27.834445 -5.900000
v -7.614580 27.752508 -5.900000
v -7.761920 27.661855 -5.900000
v -7.903669 27.562789 -5.900000
v -8.039354 27.455637 -5.900000
v -8.168526 27.340756 -5.900000
v -8.290756 27.218526 -5.900000
v -8.405637 27.089354 -5.900000
v -8.512789 26.953669 -5.900000
v -8.611855 26.811920 -5.900000
v -8.702508 26.664580 -5.900000
v -8.784445 26.512136 -5.900000
v -8.857395 26.355094 -5.900000
v -8.921116 26.193978 -5.900000
v -8.975395 26.029320 -5.900000
v -9.020054 25.861668 -5.900000
v -9.054943 25.691579 -5.900000
v -9.079947 25.519617 -5.900000
v -9.094983 25.346352 -5.900000
v -9.100000 25.172362 -5.900000
v -7.894615 26.944585 -3.164034
v -8.774218 25.032662 -3.290787
v -8.755611 25.210132 -3.271281
v -8.726437 25.386328 -3.253229
v -8.686803 25.560621 -3.236695
v -8.636850 25.732385 -3.221738
v -8.576756 25.901007 -3.208413
v -8.506738 26.065882 -3.196766
v -8.427045 26.226421 -3.186839
v -8.337962 26.382047 -3.178669
v -8.239810 26.532205 -3.172283
v -8.132939 26.676357 -3.167706
v -8.017731 26.813986 -3.164953
v -7.763986 27.067731 -3.164953
v -7.626357 27.182939 -3.167706
v -7.482205 27.289810 -3.172283
v -7.332047 27.387962 -3.178669
v -7.176421 27.477045 -3.186839
v -7.015882 27.556738 -3.196766
v -6.851007 27.626756 -3.208413
v -6.682385 27.686850 -3.221738
v -6.510621 27.736803 -3.236695
v -6.336328 27.776437 -3.253229
v -6.160132 27.805611 -3.271281
v -5.982662 27.824218 -3.290787
v 2.120000 19.820000 -3.470000
v 0.970000 19.820000 -3.470000
v 0.970000 20.050000 -3.700000
v 2.350000 20.050000 -3.700000
v 2.350000 18.050000 -3.700000
v 2.120000 18.280000 -3.470000
v 0.670000 16.930000 -3.470000
v 0.670000 17.980000 -3.470000
v 0.900000 17.980000 -3.700000
v 0.900000 16.700000 -3.700000
v -0.900000 16.700000 -3.700000
v -0.670000 16.930000 -3.470000
v -2.120000 18.280000 -3.470000
v -0.970000 18.280000 -3.470000
v -0.970000 18.050000 -3.700000
v -2.350000 18.050000 -3.700000
v -0.917906 18.275442 -3.470000
v -0.867394 18.261908 -3.470000
v -0.820000 18.239808 -3.470000
v -0.777164 18.209813 -3.470000
v -0.740187 18.172836 -3.470000
v -0.710192 18.130000 -3.470000
v -0.688092 18.082606 -3.470000
v -0.674558 18.032094 -3.470000
v -0.670000 17.980000 -3.470000
v -0.900000 17.980000 -3.700000
v -0.901063 17.992155 -3.700000
v -0.904222 18.003941 -3.700000
v -0.909378 18.015000 -3.700000
v -0.916377 18.024995 -3.700000
v -0.925005 18.033623 -3.700000
v -0.935000 18.040622 -3.700000
v -0.946059 18.045778 -3.700000
v -0.957845 18.048937 -3.700000
v -2.120000 19.820000 -3.470000
v -2.350000 20.050000 -3.700000
v -0.670000 21.170000 -3.470000
v -0.670000 20.120000 -3.470000
v -0.900000 20.120000 -3.700000
v -0.900000 21.400000 -3.700000
v -0.674558 20.067906 -3.470000
v -0.688092 20.017394 -3.470000
v -0.710192 19.970000 -3.470000
v -0.740187 19.927164 -3.470000
v -0.777164 19.890187 -3.470000
v -0.820000 19.860192 -3.470000
v -0.867394 19.838092 -3.470000
v -0.917906 19.824558 -3.470000
v -0.970000 19.820000 -3.470000
v -0.970000 20.050000 -3.700000
v -0.957845 20.051063 -3.700000
v -0.946059 20.054222 -3.700000
v -0.935000 20.059378 -3.700000
v -0.925005 20.066377 -3.700000
v -0.916377 20.075005 -3.700000
v -0.909378 20.085000 -3.700000
v -0.904222 20.096059 -3.700000
v -0.901063 20.107845 -3.700000
v 0.674558 18.032094 -3.470000
v 0.688092 18.082606 -3.470000
v 0.710192 18.130000 -3.470000
v 0.740187 18.172836 -3.470000
v 0.777164 18.209813 -3.470000
v 0.820000 18.239808 -3.470000
v 0.867394 18.261908 -3.470000
v 0.917906 18.275442 -3.470000
v 0.970000 18.280000 -3.470000
v 0.970000 18.050000 -3.700000
v 0.957845 18.048937 -3.700000
v 0.946059 18.045778 -3.700000
v 0.935000 18.040622 -3.700000
v 0.925005 18.033623 -3.700000
v 0.916377 18.024995 -3.700000
v 0.909378 18.015000 -3.700000
v 0.904222 18.003941 -3.700000
v 0.901063 17.992155 -3.700000
v 0.670000 21.170000 -3.470000
v 0.900000 21.400000 -3.700000
v 0.917906 19.824558 -3.470000
v 0.867394 19.838092 -3.470000
v 0.820000 19.860192 -3.470000
v 0.777164 19.890187 -3.470000
v 0.740187 19.927164 -3.470000
v 0.710192 19.970000 -3.470000
v 0.688092 20.017394 -3.470000
v 0.674558 20.067906 -3.470000
v 0.670000 20.120000 -3.470000
v 0.900000 20.120000 -3.700000
v 0.901063 20.107845 -3.700000
v 0.904222 20.096059 -3.700000
v 0.909378 20.085000 -3.700000
v 0.916377 20.075005 -3.700000
v 0.925005 20.066377 -3.700000
v 0.935000 20.059378 -3.700000
v 0.946059 20.054222 -3.700000
v 0.957845 20.051063 -3.700000
v -2.300000 16.700000 -3.700000
v -2.389572 16.705030 -3.700000
v -2.478017 16.720058 -3.700000
v -2.564223 16.744893 -3.700000
v -2.647107 16.779225 -3.700000
v -2.725626 16.822621 -3.700000
v -2.798792 16.874535 -3.700000
v -2.865685 16.934315 -3.700000
v -2.925465 17.001208 -3.700000
v -2.977379 17.074374 -3.700000
v -3.020775 17.152893 -3.700000
v -3.055107 17.235777 -3.700000
v -3.079942 17.321983 -3.700000
v -3.094970 17.410428 -3.700000
v -3.100000 17.500000 -3.700000
v -3.100000 20.600000 -3.700000
v -3.094970 20.689572 -3.700000
v -3.079942 20.778017 -3.700000
v -3.055107 20.864223 -3.700000
v -3.020775 20.947107 -3.700000
v -2.977379 21.025626 -3.700000
v -2.925465 21.098792 -3.700000
v -2.865685 21.165685 -3.700000
v -2.798792 21.225465 -3.700000
v -2.725626 21.277379 -3.700000
v -2.647107 21.320775 -3.700000
v -2.564223 21.355107 -3.700000
v -2.478017 21.379942 -3.700000
v -2.389572 21.394970 -3.700000
v -2.300000 21.400000 -3.700000
v 2.300000 21.400000 -3.700000
v 2.389572 21.394970 -3.700000
v 2.478017 21.379942 -3.700000
v 2.564223 21.355107 -3.700000
v 2.647107 21.320775 -3.700000
v 2.725626 21.277379 -3.700000
v 2.798792 21.225465 -3.700000
v 2.865685 21.165685 -3.700000
v 2.925465 21.098792 -3.700000
v 2.977379 21.025626 -3.700000
v 3.020775 20.947107 -3.700000
v 3.055107 20.864223 -3.700000
v 3.079942 20.778017 -3.700000
v 3.094970 20.689572 -3.700000
v 3.100000 20.600000 -3.700000
v 3.100000 17.500000 -3.700000
v 3.094970 17.410428 -3.700000
v 3.079942 17.321983 -3.700000
v 3.055107 17.235777 -3.700000
v 3.020775 17.152893 -3.700000
v 2.977379 17.074374 -3.700000
v 2.925465 17.001208 -3.700000
v 2.865685 16.934315 -3.700000
v 2.798792 16.874535 -3.700000
v 2.725626 16.822621 -3.700000
v 2.647107 16.779225 -3.700000
v 2.564223 16.744893 -3.700000
v 2.478017 16.720058 -3.700000
v 2.389572 16.705030 -3.700000
v 2.300000 16.700000 -3.700000
v -0.670000 16.930000 0.000000
v 0.670000 16.930000 0.000000
v -0.670000 17.980000 -0.000000
v -0.970000 18.280000 -0.000000
v -0.917906 18.275442 -0.000000
v -0.867394 18.261908 -0.000000
v -0.820000 18.239808 -0.000000
v -0.777164 18.209813 -0.000000
v -0.740187 18.172836 -0.000000
v -0.710192 18.130000 -0.000000
v -0.688092 18.082606 -0.000000
v -0.674558 18.032094 -0.000000
v -0.674558 18.032094 -2.313333
v -0.674558 18.032094 -1.156667
v -0.688092 18.082606 -2.313333
v -0.688092 18.082606 -1.156667
v -0.710192 18.130000 -2.313333
v -0.710192 18.130000 -1.156667
v -0.740187 18.172836 -2.313333
v -0.740187 18.172836 -1.156667
v -0.777164 18.209813 -2.313333
v -0.777164 18.209813 -1.156667
v -0.820000 18.239808 -2.313333
v -0.820000 18.239808 -1.156667
v -0.867394 18.261908 -2.313333
v -0.867394 18.261908 -1.156667
v -0.917906 18.275442 -2.313333
v -0.917906 18.275442 -1.156667
v -2.120000 18.280000 0.000000
v -2.120000 19.820000 0.000000
v -0.970000 19.820000 -0.000000
v -0.670000 20.120000 -0.000000
v -0.674558 20.067906 -0.000000
v -0.688092 20.017394 -0.000000
v -0.710192 19.970000 -0.000000
v -0.740187 19.927164 -0.000000
v -0.777164 19.890187 -0.000000
v -0.820000 19.860192 -0.000000
v -0.867394 19.838092 -0.000000
v -0.917906 19.824558 -0.000000
v -0.917906 19.824558 -2.313333
v -0.917906 19.824558 -1.156667
v -0.867394 19.838092 -2.313333
v -0.867394 19.838092 -1.156667
v -0.820000 19.860192 -2.313333
v -0.820000 19.860192 -1.156667
v -0.777164 19.890187 -2.313333
v -0.777164 19.890187 -1.156667
v -0.740187 19.927164 -2.313333
v -0.740187 19.927164 -1.156667
v -0.710192 19.970000 -2.313333
v -0.710192 19.970000 -1.156667
v -0.688092 20.017394 -2.313333
v -0.688092 20.017394 -1.156667
v -0.674558 20.067906 -2.313333
v -0.674558 20.067906 -1.156667
v -0.670000 21.170000 0.000000
v 0.970000 19.820000 -0.000000
v 0.917906 19.824558 -0.000000
v 0.867394 19.838092 -0.000000
v 0.820000 19.860192 -0.000000
v 0.777164 19.890187 -0.000000
v 0.740187 19.927164 -0.000000
v 0.710192 19.970000 -0.000000
v 0.688092 20.017394 -0.000000
v 0.674558 20.067906 -0.000000
v 0.670000 20.120000 -0.000000
v 0.674558 20.067906 -2.313333
v 0.674558 20.067906 -1.156667
v 0.688092 20.017394 -2.313333
v 0.688092 20.017394 -1.156667
v 0.710192 19.970000 -2.313333
v 0.710192 19.970000 -1.156667
v 0.740187 19.927164 -2.313333
v 0.740187 19.927164 -1.156667
v 0.777164 19.890187 -2.313333
v 0.777164 19.890187 -1.156667
v 0.820000 19.860192 -2.313333
v 0.820000 19.860192 -1.156667
v 0.867394 19.838092 -2.313333
v 0.867394 19.838092 -1.156667
v 0.917906 19.824558 -2.313333
v 0.917906 19.824558 -1.156667
v 2.120000 19.820000 0.000000
v 0.670000 17.980000 -0.000000
v 0.674558 18.032094 -0.000000
v 0.688092 18.082606 -0.000000
v 0.710192 18.130000 -0.000000
v 0.740187 18.172836 -0.000000
v 0.777164 18.209813 -0.000000
v 0.820000 18.239808 -0.000000
v 0.867394 18.261908 -0.000000
v 0.917906 18.275442 -0.000000
v 0.970000 18.280000 -0.000000
v 0.917906 18.275442 -2.313333
v 0.917906 18.275442 -1.156667
v 0.867394 18.261908 -2.313333
v 0.867394 18.261908 -1.156667
v 0.820000 18.239808 -2.313333
v 0.820000 18.239808 -1.156667
v 0.777164 18.209813 -2.313333
v 0.777164 18.209813 -1.156667
v 0.740187 18.172836 -2.313333
v 0.740187 18.172836 -1.156667
v 0.710192 18.130000 -2.313333
v 0.710192 18.130000 -1.156667
v 0.688092 18.082606 -2.313333
v 0.688092 18.082606 -1.156667
v 0.674558 18.032094 -2.313333
v 0.674558 18.032094 -1.156667
v 2.300000 21.600000 -3.500000
v -2.300000 21.600000 -3.500000
v 2.398017 21.595185 -3.500000
v 2.495090 21.580785 -3.500000
v 2.590285 21.556940 -3.500000
v 2.682683 21.523880 -3.500000
v 2.771397 21.481921 -3.500000
v 2.855570 21.431470 -3.500000
v 2.934393 21.373010 -3.500000
v 3.007107 21.307107 -3.500000
v 3.073010 21.234393 -3.500000
v 3.131470 21.155570 -3.500000
v 3.181921 21.071397 -3.500000
v 3.223880 20.982683 -3.500000
v 3.256940 20.890285 -3.500000
v 3.280785 20.795090 -3.500000
v 3.295185 20.698017 -3.500000
v 3.300000 20.600000 -3.500000
v 3.300000 17.500000 -3.500000
v 3.295185 17.401983 -3.500000
v 3.280785 17.304910 -3.500000
v 3.256940 17.209715 -3.500000
v 3.223880 17.117317 -3.500000
v 3.181921 17.028603 -3.500000
v 3.131470 16.944430 -3.500000
v 3.073010 16.865607 -3.500000
v 3.007107 16.792893 -3.500000
v 2.934393 16.726990 -3.500000
v 2.855570 16.668530 -3.500000
v 2.771397 16.618079 -3.500000
v 2.682683 16.576120 -3.500000
v 2.590285 16.543060 -3.500000
v 2.495090 16.519215 -3.500000
v 2.398017 16.504815 -3.500000
v 2.300000 16.500000 -3.500000
v -2.300000 16.500000 -3.500000
v -2.398017 16.504815 -3.500000
v -2.495090 16.519215 -3.500000
v -2.590285 16.543060 -3.500000
v -2.682683 16.576120 -3.500000
v -2.771397 16.618079 -3.500000
v -2.855570 16.668530 -3.500000
v -2.934393 16.726990 -3.500000
v -3.007107 16.792893 -3.500000
v -3.073010 16.865607 -3.500000
v -3.131470 16.944430 -3.500000
v -3.181921 17.028603 -3.500000
v -3.223880 17.117317 -3.500000
v -3.256940 17.209715 -3.500000
v -3.280785 17.304910 -3.500000
v -3.295185 17.401983 -3.500000
v -3.300000 17.500000 -3.500000
v -3.300000 20.600000 -3.500000
v -3.295185 20.698017 -3.500000
v -3.280785 20.795090 -3.500000
v -3.256940 20.890285 -3.500000
v -3.223880 20.982683 -3.500000
v -3.181921 21.071397 -3.500000
v -3.131470 21.155570 -3.500000
v -3.073010 21.234393 -3.500000
v -3.007107 21.307107 -3.500000
v -2.934393 21.373010 -3.500000
v -2.855570 21.431470 -3.500000
v -2.771397 21.481921 -3.500000
v -2.682683 21.523880 -3.500000
v -2.590285 21.556940 -3.500000
v -2.495090 21.580785 -3.500000
v -2.398017 21.595185 -3.500000
v 2.398017 16.504815 -1.750000
v 2.495090 16.519215 -1.750000
v 2.590285 16.543060 -1.750000
v 2.682683 16.576120 -1.750000
v 2.771397 16.618079 -1.750000
v 2.855570 16.668530 -1.750000
v 2.934393 16.726990 -1.750000
v 3.007107 16.792893 -1.750000
v 3.073010 16.865607 -1.750000
v 3.131470 16.944430 -1.750000
v 3.181921 17.028603 -1.750000
v 3.223880 17.117317 -1.750000
v 3.256940 17.209715 -1.750000
v 3.280785 17.304910 -1.750000
v 3.295185 17.401983 -1.750000
v 3.295185 20.698017 -1.750000
v 3.280785 20.795090 -1.750000
v 3.256940 20.890285 -1.750000
v 3.223880 20.982683 -1.750000
v 3.181921 21.071397 -1.750000
v 3.131470 21.155570 -1.750000
v 3.073010 21.234393 -1.750000
v 3.007107 21.307107 -1.750000
v 2.934393 21.373010 -1.750000
v 2.855570 21.431470 -1.750000
v 2.771397 21.481921 -1.750000
v 2.682683 21.523880 -1.750000
v 2.590285 21.556940 -1.750000
v 2.495090 21.580785 -1.750000
v 2.398017 21.595185 -1.750000
v -3.295185 17.401983 -1.750000
v -3.280785 17.304910 -1.750000
v -3.256940 17.209715 -1.750000
v -3.223880 17.117317 -1.750000
v -3.181921 17.028603 -1.750000
v -3.131470 16.944430 -1.750000
v -3.073010 16.865607 -1.750000
v -3.007107 16.792893 -1.750000
v -2.934393 16.726990 -1.750000
v -2.855570 16.668530 -1.750000
v -2.771397 16.618079 -1.750000
v -2.682683 16.576120 -1.750000
v -2.590285 16.543060 -1.750000
v -2.495090 16.519215 -1.750000
v -2.398017 16.504815 -1.750000
v -2.398017 21.595185 -1.750000
v -2.495090 21.580785 -1.750000
v -2.590285 21.556940 -1.750000
v -2.682683 21.523880 -1.750000
v -2.771397 21.481921 -1.750000
v -2.855570 21.431470 -1.750000
v -2.934393 21.373010 -1.750000
v -3.007107 21.307107 -1.750000
v -3.073010 21.234393 -1.750000
v -3.131470 21.155570 -1.750000
v -3.181921 21.071397 -1.750000
v -3.223880 20.982683 -1.750000
v -3.256940 20.890285 -1.750000
v -3.280785 20.795090 -1.750000
v -3.295185 20.698017 -1.750000
v 0.670000 21.170000 0.000000
v 2.120000 18.280000 0.000000
vt -0.000000 0.000000 0.000000
vt -0.000000 0.009622 0.000000
vt -0.009476 0.004665 0.000000
vt -0.013042 0.009622 0.000000
vt -0.018951 0.004665 0.000000
vt -0.026084 0.009622 0.000000
vt -0.030516 0.004665 0.000000
vt -0.039127 0.009622 0.000000
vt -0.042081 0.004665 0.000000
vt -0.052169 0.009622 0.000000
vt -0.053646 0.004665 0.000000
vt -0.065211 0.009622 0.000000
vt -0.065211 0.004665 0.000000
vt -0.078253 0.009622 0.000000
vt -0.078936 0.004665 0.000000
vt -0.091296 0.009622 0.000000
vt -0.091808 0.004665 0.000000
vt -0.104338 0.009622 0.000000
vt -0.104679 0.004665 0.000000
vt -0.117380 0.009622 0.000000
vt -0.117551 0.004665 0.000000
vt -0.130422 0.009622 0.000000
vt -0.130422 0.000000 0.000000
vt -0.117380 0.000000 0.000000
vt -0.104338 0.000000 0.000000
vt -0.091296 0.000000 0.000000
vt -0.078253 0.000000 0.000000
vt -0.065211 0.000000 0.000000
vt -0.052169 0.000000 0.000000
vt -0.039127 0.000000 0.000000
vt -0.026084 0.000000 0.000000
vt -0.013042 0.000000 0.000000
vt 0.156213 0.052150 0.000000
vt 0.419357 0.052150 0.000000
vt 0.156213 0.065188 0.000000
vt 0.682500 0.052150 0.000000
vt 1.208787 0.065188 0.000000
vt 0.945643 0.052150 0.000000
vt 1.208787 0.052150 0.000000
vt 1.208787 0.039113 0.000000
vt 0.945643 0.039113 0.000000
vt 1.208787 0.026075 0.000000
vt 0.945643 0.026075 0.000000
vt 1.208787 0.013038 0.000000
vt 0.945643 0.013038 0.000000
vt 1.208787 -0.000000 0.000000
vt 0.945643 -0.000000 0.000000
vt 1.208787 -0.013038 0.000000
vt 0.945643 -0.013038 0.000000
vt 1.208787 -0.026075 0.000000
vt 0.945643 -0.026075 0.000000
vt 1.208787 -0.039113 0.000000
vt 0.945643 -0.039113 0.000000
vt 1.208787 -0.052150 0.000000
vt 0.945643 -0.052150 0.000000
vt 1.208787 -0.065188 0.000000
vt 0.682500 -0.052150 0.000000
vt 0.156213 -0.065188 0.000000
vt 0.419357 -0.052150 0.000000
vt 0.156213 -0.052150 0.000000
vt 0.156213 -0.039113 0.000000
vt 0.419357 -0.039113 0.000000
vt 0.156213 -0.026075 0.000000
vt 0.419357 -0.026075 0.000000
vt 0.156213 -0.013038 0.000000
vt 0.419357 -0.013038 0.000000
vt 0.156213 0.000000 0.000000
vt 0.419357 -0.000000 0.000000
vt 0.156213 0.013038 0.000000
vt 0.419357 0.013038 0.000000
vt 0.156213 0.026075 0.000000
vt 0.419357 0.026075 0.000000
vt 0.156213 0.039113 0.000000
vt 0.419357 0.039113 0.000000
vt 0.682500 0.039113 0.000000
vt 0.682500 0.026075 0.000000
vt 0.682500 0.013038 0.000000
vt 0.682500 -0.000000 0.000000
vt 0.682500 -0.013038 0.000000
vt 0.682500 -0.026075 0.000000
vt 0.682500 -0.039113 0.000000
vt -0.000000 0.000000 0.000000
vt -0.000000 0.009622 0.000000
vt -0.009476 0.004645 0.000000
vt -0.013042 0.009622 0.000000
vt -0.018951 0.004645 0.000000
vt -0.026084 0.009622 0.000000
vt -0.030516 0.004645 0.000000
vt -0.039127 0.009622 0.000000
vt -0.042081 0.004645 0.000000
vt -0.052169 0.009622 0.000000
vt -0.053646 0.004645 0.000000
vt -0.065211 0.009622 0.000000
vt -0.065211 0.004645 0.000000
vt -0.078253 0.009622 0.000000
vt -0.078936 0.004645 0.000000
vt -0.091296 0.009622 0.000000
vt -0.091808 0.004645 0.000000
vt -0.104338 0.009622 0.000000
vt -0.104679 0.004645 0.000000
vt -0.117380 0.009622 0.000000
vt -0.117551 0.004645 0.000000
vt -0.130422 0.009622 0.000000
vt -0.130422 0.000000 0.000000
vt -0.117380 0.000000 0.000000
vt -0.104338 0.000000 0.000000
vt -0.091296 0.000000 0.000000
vt -0.078253 0.000000 0.000000
vt -0.065211 0.000000 0.000000
vt -0.052169 0.000000 0.000000
vt -0.039127 0.000000 0.000000
vt -0.026084 0.000000 0.000000
vt -0.013042 0.000000 0.000000
vt -0.000000 0.411285 0.000000
vt -0.000000 0.424552 0.000000
vt -0.009131 0.411285 0.000000
vt -0.012590 0.424552 0.000000
vt -0.018263 0.411285 0.000000
vt -0.025180 0.424552 0.000000
vt -0.029434 0.411285 0.000000
vt -0.037769 0.424552 0.000000
vt -0.040606 0.411285 0.000000
vt -0.050359 0.424552 0.000000
vt -0.051777 0.411285 0.000000
vt -0.062949 0.424552 0.000000
vt -0.062949 0.411285 0.000000
vt -0.075539 0.424552 0.000000
vt -0.076156 0.411285 0.000000
vt -0.088129 0.424552 0.000000
vt -0.088592 0.411285 0.000000
vt -0.100718 0.424552 0.000000
vt -0.101027 0.411285 0.000000
vt -0.113308 0.424552 0.000000
vt -0.113463 0.411285 0.000000
vt -0.125898 0.424552 0.000000
vt -0.125898 0.411285 0.000000
vt -0.113463 0.398018 0.000000
vt -0.125898 0.398018 0.000000
vt -0.113463 0.384751 0.000000
vt -0.125898 0.384751 0.000000
vt -0.113463 0.371483 0.000000
vt -0.125898 0.371483 0.000000
vt -0.113463 0.358216 0.000000
vt -0.125898 0.358216 0.000000
vt -0.113463 0.344949 0.000000
vt -0.125898 0.344949 0.000000
vt -0.113463 0.331682 0.000000
vt -0.125898 0.331682 0.000000
vt -0.113463 0.318414 0.000000
vt -0.125898 0.318414 0.000000
vt -0.113463 0.305147 0.000000
vt -0.125898 0.305147 0.000000
vt -0.113463 0.291880 0.000000
vt -0.125898 0.291880 0.000000
vt -0.113463 0.278613 0.000000
vt -0.125898 0.278613 0.000000
vt -0.113463 0.265345 0.000000
vt -0.125898 0.265345 0.000000
vt -0.113463 0.252078 0.000000
vt -0.125898 0.252078 0.000000
vt -0.113463 0.238811 0.000000
vt -0.125898 0.238811 0.000000
vt -0.113463 0.225543 0.000000
vt -0.125898 0.225543 0.000000
vt -0.113463 0.212276 0.000000
vt -0.125898 0.212276 0.000000
vt -0.113463 0.199009 0.000000
vt -0.125898 0.199009 0.000000
vt -0.113463 0.185742 0.000000
vt -0.125898 0.185742 0.000000
vt -0.113463 0.172474 0.000000
vt -0.125898 0.172474 0.000000
vt -0.113463 0.159207 0.000000
vt -0.125898 0.159207 0.000000
vt -0.113463 0.145940 0.000000
vt -0.125898 0.145940 0.000000
vt -0.113463 0.132673 0.000000
vt -0.125898 0.132673 0.000000
vt -0.113463 0.119405 0.000000
vt -0.125898 0.119405 0.000000
vt -0.113463 0.106138 0.000000
vt -0.125898 0.106138 0.000000
vt -0.113463 0.092871 0.000000
vt -0.125898 0.092871 0.000000
vt -0.113463 0.079604 0.000000
vt -0.125898 0.079604 0.000000
vt -0.113463 0.066336 0.000000
vt -0.125898 0.066336 0.000000
vt -0.113463 0.053069 0.000000
vt -0.125898 0.053069 0.000000
vt -0.113463 0.039802 0.000000
vt -0.125898 0.039802 0.000000
vt -0.113463 0.026535 0.000000
vt -0.125898 0.026535 0.000000
vt -0.113463 0.013267 0.000000
vt -0.125898 0.013267 0.000000
vt -0.125898 0.000000 0.000000
vt -0.113308 0.000000 0.000000
vt -0.101027 0.013267 0.000000
vt -0.101027 0.026535 0.000000
vt -0.101027 0.039802 0.000000
vt -0.101027 0.053069 0.000000
vt -0.101027 0.066336 0.000000
vt -0.101027 0.079604 0.000000
vt -0.101027 0.092871 0.000000
vt -0.101027 0.106138 0.000000
vt -0.101027 0.119405 0.000000
vt -0.101027 0.132673 0.000000
vt -0.101027 0.145940 0.000000
vt -0.101027 0.159207 0.000000
vt -0.101027 0.172474 0.000000
vt -0.101027 0.185742 0.000000
vt -0.101027 0.199009 0.000000
vt -0.101027 0.212276 0.000000
vt -0.101027 0.225543 0.000000
vt -0.101027 0.238811 0.000000
vt -0.101027 0.252078 0.000000
vt -0.101027 0.265345 0.000000
vt -0.101027 0.278613 0.000000
vt -0.101027 0.291880 0.000000
vt -0.101027 0.305147 0.000000
vt -0.101027 0.318414 0.000000
vt -0.101027 0.331682 0.000000
vt -0.101027 0.344949 0.000000
vt -0.101027 0.358216 0.000000
vt -0.101027 0.371483 0.000000
vt -0.101027 0.384751 0.000000
vt -0.101027 0.398018 0.000000
vt -0.100718 0.000000 0.000000
vt -0.088592 0.013267 0.000000
vt -0.088592 0.026535 0.000000
vt -0.088592 0.039802 0.000000
vt -0.088592 0.053069 0.000000
vt -0.088592 0.066336 0.000000
vt -0.088592 0.079604 0.000000
vt -0.088592 0.092871 0.000000
vt -0.088592 0.106138 0.000000
vt -0.088592 0.119405 0.000000
vt -0.088592 0.132673 0.000000
vt -0.088592 0.145940 0.000000
vt -0.088592 0.159207 0.000000
vt -0.088592 0.172474 0.000000
vt -0.088592 0.185742 0.000000
vt -0.088592 0.199009 0.000000
vt -0.088592 0.212276 0.000000
vt -0.088592 0.225543 0.000000
vt -0.088592 0.238811 0.000000
vt -0.088592 0.252078 0.000000
vt -0.088592 0.265345 0.000000
vt -0.088592 0.278613 0.000000
vt -0.088592 0.291880 0.000000
vt -0.088592 0.305147 0.000000
vt -0.088592 0.318414 0.000000
vt -0.088592 0.331682 0.000000
vt -0.088592 0.344949 0.000000
vt -0.088592 0.358216 0.000000
vt -0.088592 0.371483 0.000000
vt -0.088592 0.384751 0.000000
vt -0.088592 0.398018 0.000000
vt -0.088129 0.000000 0.000000
vt -0.076156 0.013267 0.000000
vt -0.076156 0.026535 0.000000
vt -0.076156 0.039802 0.000000
vt -0.076156 0.053069 0.000000
vt -0.076156 0.066336 0.000000
vt -0.076156 0.079604 0.000000
vt -0.076156 0.092871 0.000000
vt -0.076156 0.106138 0.000000
vt -0.076156 0.119405 0.000000
vt -0.076156 0.132673 0.000000
vt -0.076156 0.145940 0.000000
vt -0.076156 0.159207 0.000000
vt -0.076156 0.172474 0.000000
vt -0.076156 0.185742 0.000000
vt -0.076156 0.199009 0.000000
vt -0.076156 0.212276 0.000000
vt -0.076156 0.225543 0.000000
vt -0.076156 0.238811 0.000000
vt -0.076156 0.252078 0.000000
vt -0.076156 0.265345 0.000000
vt -0.076156 0.278613 0.000000
vt -0.076156 0.291880 0.000000
vt -0.076156 0.305147 0.000000
vt -0.076156 0.318414 0.000000
vt -0.076156 0.331682 0.000000
vt -0.076156 0.344949 0.000000
vt -0.076156 0.358216 0.000000
vt -0.076156 0.371483 0.000000
vt -0.076156 0.384751 0.000000
vt -0.076156 0.398018 0.000000
vt -0.075539 0.000000 0.000000
vt -0.062949 0.013267 0.000000
vt -0.062949 0.026535 0.000000
vt -0.062949 0.039802 0.000000
vt -0.062949 0.053069 0.000000
vt -0.062949 0.066336 0.000000
vt -0.062949 0.079604 0.000000
vt -0.062949 0.092871 0.000000
vt -0.062949 0.106138 0.000000
vt -0.062949 0.119405 0.000000
vt -0.062949 0.132673 0.000000
vt -0.062949 0.145940 0.000000
vt -0.062949 0.159207 0.000000
vt -0.062949 0.172474 0.000000
vt -0.062949 0.185742 0.000000
vt -0.062949 0.199009 0.000000
vt -0.062949 0.212276 0.000000
vt -0.062949 0.225543 0.000000
vt -0.062949 0.238811 0.000000
vt -0.062949 0.252078 0.000000
vt -0.062949 0.265345 0.000000
vt -0.062949 0.278613 0.000000
vt -0.062949 0.291880 0.000000
vt -0.062949 0.305147 0.000000
vt -0.062949 0.318414 0.000000
vt -0.062949 0.331682 0.000000
vt -0.062949 0.344949 0.000000
vt -0.062949 0.358216 0.000000
vt -0.062949 0.371483 0.000000
vt -0.062949 0.384751 0.000000
vt -0.062949 0.398018 0.000000
vt -0.062949 0.000000 0.000000
vt -0.051777 0.013267 0.000000
vt -0.051777 0.026535 0.000000
vt -0.051777 0.039802 0.000000
vt -0.051777 0.053069 0.000000
vt -0.051777 0.066336 0.000000
vt -0.051777 0.079604 0.000000
vt -0.051777 0.092871 0.000000
vt -0.051777 0.106138 0.000000
vt -0.051777 0.119405 0.000000
vt -0.051777 0.132673 0.000000
vt -0.051777 0.145940 0.000000
vt -0.051777 0.159207 0.000000
vt -0.051777 0.172474 0.000000
vt -0.051777 0.185742 0.000000
vt -0.051777 0.199009 0.000000
vt -0.051777 0.212276 0.000000
vt -0.051777 0.225543 0.000000
vt -0.051777 0.238811 0.000000
vt -0.051777 0.252078 0.000000
vt -0.051777 0.265345 0.000000
vt -0.051777 0.278613 0.000000
vt -0.051777 0.291880 0.000000
vt -0.051777 0.305147 0.000000
vt -0.051777 0.318414 0.000000
vt -0.051777 0.331682 0.000000
vt -0.051777 0.344949 0.000000
vt -0.051777 0.358216 0.000000
vt -0.051777 0.371483 0.000000
vt -0.051777 0.384751 0.000000
vt -0.051777 0.398018 0.000000
vt -0.050359 0.000000 0.000000
vt -0.040606 0.013267 0.000000
vt -0.040606 0.026535 0.000000
vt -0.040606 0.039802 0.000000
vt -0.040606 0.053069 0.000000
vt -0.040606 0.066336 0.000000
vt -0.040606 0.079604 0.000000
vt -0.040606 0.092871 0.000000
vt -0.040606 0.106138 0.000000
vt -0.040606 0.119405 0.000000
vt -0.040606 0.132673 0.000000
vt -0.040606 0.145940 0.000000
vt -0.040606 0.159207 0.000000
vt -0.040606 0.172474 0.000000
vt -0.040606 0.185742 0.000000
vt -0.040606 0.199009 0.000000
vt -0.040606 0.212276 0.000000
vt -0.040606 0.225543 0.000000
vt -0.040606 0.238811 0.000000
vt -0.040606 0.252078 0.000000
vt -0.040606 0.265345 0.000000
vt -0.040606 0.278613 0.000000
vt -0.040606 0.291880 0.000000
vt -0.040606 0.305147 0.000000
vt -0.040606 0.318414 0.000000
vt -0.040606 0.331682 0.000000
vt -0.040606 0.344949 0.000000
vt -0.040606 0.358216 0.000000
vt -0.040606 0.371483 0.000000
vt -0.040606 0.384751 0.000000
vt -0.040606 0.398018 0.000000
vt -0.037769 0.000000 0.000000
vt -0.029434 0.013267 0.000000
vt -0.029434 0.026535 0.000000
vt -0.029434 0.039802 0.000000
vt -0.029434 0.053069 0.000000
vt -0.029434 0.066336 0.000000
vt -0.029434 0.079604 0.000000
vt -0.029434 0.092871 0.000000
vt -0.029434 0.106138 0.000000
vt -0.029434 0.119405 0.000000
vt -0.029434 0.132673 0.000000
vt -0.029434 0.145940 0.000000
vt -0.029434 0.159207 0.000000
vt -0.029434 0.172474 0.000000
vt -0.029434 0.185742 0.000000
vt -0.029434 0.199009 0.000000
vt -0.029434 0.212276 0.000000
vt -0.029434 0.225543 0.000000
vt -0.029434 0.238811 0.000000
vt -0.029434 0.252078 0.000000
vt -0.029434 0.265345 0.000000
vt -0.029434 0.278613 0.000000
vt -0.029434 0.291880 0.000000
vt -0.029434 0.305147 0.000000
vt -0.029434 0.318414 0.000000
vt -0.029434 0.331682 0.000000
vt -0.029434 0.344949 0.000000
vt -0.029434 0.358216 0.000000
vt -0.029434 0.371483 0.000000
vt -0.029434 0.384751 0.000000
vt -0.029434 0.398018 0.000000
vt -0.025180 0.000000 0.000000
vt -0.018263 0.013267 0.000000
vt -0.018263 0.026535 0.000000
vt -0.018263 0.039802 0.000000
vt -0.018263 0.053069 0.000000
vt -0.018263 0.066336 0.000000
vt -0.018263 0.079604 0.000000
vt -0.018263 0.092871 0.000000
vt -0.018263 0.106138 0.000000
vt -0.018263 0.119405 0.000000
vt -0.018263 0.132673 0.000000
vt -0.018263 0.145940 0.000000
vt -0.018263 0.159207 0.000000
vt -0.018263 0.172474 0.000000
vt -0.018263 0.185742 0.000000
vt -0.018263 0.199009 0.000000
vt -0.018263 0.212276 0.000000
vt -0.018263 0.225543 0.000000
vt -0.018263 0.238811 0.000000
vt -0.018263 0.252078 0.000000
vt -0.018263 0.265345 0.000000
vt -0.018263 0.278613 0.000000
vt -0.018263 0.291880 0.000000
vt -0.018263 0.305147 0.000000
vt -0.018263 0.318414 0.000000
vt -0.018263 0.331682 0.000000
vt -0.018263 0.344949 0.000000
vt -0.018263 0.358216 0.000000
vt -0.018263 0.371483 0.000000
vt -0.018263 0.384751 0.000000
vt -0.018263 0.398018 0.000000
vt -0.012590 0.000000 0.000000
vt -0.009131 0.013267 0.000000
vt -0.009131 0.026535 0.000000
vt -0.009131 0.039802 0.000000
vt -0.009131 0.053069 0.000000
vt -0.009131 0.066336 0.000000
vt -0.009131 0.079604 0.000000
vt -0.009131 0.092871 0.000000
vt -0.009131 0.106138 0.000000
vt -0.009131 0.119405 0.000000
vt -0.009131 0.132673 0.000000
vt -0.009131 0.145940 0.000000
vt -0.009131 0.159207 0.000000
vt -0.009131 0.172474 0.000000
vt -0.009131 0.185742 0.000000
vt -0.009131 0.199009 0.000000
vt -0.009131 0.212276 0.000000
vt -0.009131 0.225543 0.000000
vt -0.009131 0.238811 0.000000
vt -0.009131 0.252078 0.000000
vt -0.009131 0.265345 0.000000
vt -0.009131 0.278613 0.000000
vt -0.009131 0.291880 0.000000
vt -0.009131 0.305147 0.000000
vt -0.009131 0.318414 0.000000
vt -0.009131 0.331682 0.000000
vt -0.009131 0.344949 0.000000
vt -0.009131 0.358216 0.000000
vt -0.009131 0.371483 0.000000
vt -0.009131 0.384751 0.000000
vt -0.009131 0.398018 0.000000
vt -0.000000 0.000000 0.000000
vt -0.000000 0.013267 0.000000
vt -0.000000 0.026535 0.000000
vt -0.000000 0.039802 0.000000
vt -0.000000 0.053069 0.000000
vt -0.000000 0.066336 0.000000
vt -0.000000 0.079604 0.000000
vt -0.000000 0.092871 0.000000
vt -0.000000 0.106138 0.000000
vt -0.000000 0.119405 0.000000
vt -0.000000 0.132673 0.000000
vt -0.000000 0.145940 0.000000
vt -0.000000 0.159207 0.000000
vt -0.000000 0.172474 0.000000
vt -0.000000 0.185742 0.000000
vt -0.000000 0.199009 0.000000
vt -0.000000 0.212276 0.000000
vt -0.000000 0.225543 0.000000
vt -0.000000 0.238811 0.000000
vt -0.000000 0.252078 0.000000
vt -0.000000 0.265345 0.000000
vt -0.000000 0.278613 0.000000
vt -0.000000 0.291880 0.000000
vt -0.000000 0.305147 0.000000
vt -0.000000 0.318414 0.000000
vt -0.000000 0.331682 0.000000
vt -0.000000 0.344949 0.000000
vt -0.000000 0.358216 0.000000
vt -0.000000 0.371483 0.000000
vt -0.000000 0.384751 0.000000
vt -0.000000 0.398018 0.000000
vt -0.000000 0.000000 0.000000
vt -0.000000 0.017001 0.000000
vt -0.009535 0.008120 0.000000
vt -0.013124 0.017001 0.000000
vt -0.019069 0.008120 0.000000
vt -0.026249 0.017001 0.000000
vt -0.030707 0.008120 0.000000
vt -0.039373 0.017001 0.000000
vt -0.042345 0.008120 0.000000
vt -0.052497 0.017001 0.000000
vt -0.053983 0.008120 0.000000
vt -0.065621 0.017001 0.000000
vt -0.065621 0.008120 0.000000
vt -0.072526 0.008120 0.000000
vt -0.065621 0.000000 0.000000
vt -0.078746 0.000000 0.000000
vt -0.079431 0.008120 0.000000
vt -0.091870 0.000000 0.000000
vt -0.092384 0.008120 0.000000
vt -0.104994 0.000000 0.000000
vt -0.105337 0.008120 0.000000
vt -0.118119 0.000000 0.000000
vt -0.118290 0.008120 0.000000
vt -0.131243 0.000000 0.000000
vt -0.131243 0.008500 0.000000
vt -0.118119 0.017001 0.000000
vt -0.131243 0.017001 0.000000
vt -0.078746 0.017001 0.000000
vt -0.091870 0.017001 0.000000
vt -0.104994 0.017001 0.000000
vt -0.052497 0.000000 0.000000
vt -0.039373 0.000000 0.000000
vt -0.026249 0.000000 0.000000
vt -0.013124 0.000000 0.000000
vt -0.000000 0.000000 0.000000
vt -0.000000 0.009622 0.000000
vt -0.009476 0.004665 0.000000
vt -0.013042 0.009622 0.000000
vt -0.018951 0.004665 0.000000
vt -0.026084 0.009622 0.000000
vt -0.030516 0.004665 0.000000
vt -0.039127 0.009622 0.000000
vt -0.042081 0.004665 0.000000
vt -0.052169 0.009622 0.000000
vt -0.053646 0.004665 0.000000
vt -0.065211 0.009622 0.000000
vt -0.065211 0.004665 0.000000
vt -0.078253 0.009622 0.000000
vt -0.078936 0.004665 0.000000
vt -0.091296 0.009622 0.000000
vt -0.091808 0.004665 0.000000
vt -0.104338 0.009622 0.000000
vt -0.104679 0.004665 0.000000
vt -0.117380 0.009622 0.000000
vt -0.117551 0.004665 0.000000
vt -0.130422 0.009622 0.000000
vt -0.130422 0.000000 0.000000
vt -0.117380 0.000000 0.000000
vt -0.104338 0.000000 0.000000
vt -0.091296 0.000000 0.000000
vt -0.078253 0.000000 0.000000
vt -0.065211 0.000000 0.000000
vt -0.052169 0.000000 0.000000
vt -0.039127 0.000000 0.000000
vt -0.026084 0.000000 0.000000
vt -0.013042 0.000000 0.000000
vt 0.156213 0.052150 0.000000
vt 0.419357 0.052150 0.000000
vt 0.156213 0.065188 0.000000
vt 0.682500 0.052150 0.000000
vt 1.208787 0.065188 0.000000
vt 0.945643 0.052150 0.000000
vt 1.208787 0.052150 0.000000
vt 1.208787 0.039113 0.000000
vt 0.945643 0.039113 0.000000
vt 1.208787 0.026075 0.000000
vt 0.945643 0.026075 0.000000
vt 1.208787 0.013038 0.000000
vt 0.945643 0.013038 0.000000
vt 1.208787 -0.000000 0.000000
vt 0.945643 -0.000000 0.000000
vt 1.208787 -0.013038 0.000000
vt 0.945643 -0.013038 0.000000
vt 1.208787 -0.026075 0.000000
vt 0.945643 -0.026075 0.000000
vt 1.208787 -0.039113 0.000000
vt 0.945643 -0.039113 0.000000
vt 1.208787 -0.052150 0.000000
vt 0.945643 -0.052150 0.000000
vt 1.208787 -0.065188 0.000000
vt 0.682500 -0.052150 0.000000
vt 0.156213 -0.065188 0.000000
vt 0.419357 -0.052150 0.000000
vt 0.156213 -0.052150 0.000000
vt 0.156213 -0.039113 0.000000
vt 0.419357 -0.039113 0.000000
vt 0.156213 -0.026075 0.000000
vt 0.419357 -0.026075 0.000000
vt 0.156213 -0.013038 0.000000
vt 0.419357 -0.013038 0.000000
vt 0.156213 0.000000 0.000000
vt 0.419357 -0.000000 0.000000
vt 0.156213 0.013038 0.000000
vt 0.419357 0.013038 0.000000
vt 0.156213 0.026075 0.000000
vt 0.419357 0.026075 0.000000
vt 0.156213 0.039113 0.000000
vt 0.419357 0.039113 0.000000
vt 0.682500 0.039113 0.000000
vt 0.682500 0.026075 0.000000
vt 0.682500 0.013038 0.000000
vt 0.682500 -0.000000 0.000000
vt 0.682500 -0.013038 0.000000
vt 0.682500 -0.026075 0.000000
vt 0.682500 -0.039113 0.000000
vt -0.000000 0.000000 0.000000
vt -0.000000 0.009622 0.000000
vt -0.009476 0.004645 0.000000
vt -0.013042 0.009622 0.000000
vt -0.018951 0.004645 0.000000
vt -0.026084 0.009622 0.000000
vt -0.030516 0.004645 0.000000
vt -0.039127 0.009622 0.000000
vt -0.042081 0.004645 0.000000
vt -0.052169 0.009622 0.000000
vt -0.053646 0.004645 0.000000
vt -0.065211 0.009622 0.000000
vt -0.065211 0.004645 0.000000
vt -0.078253 0.009622 0.000000
vt -0.078936 0.004645 0.000000
vt -0.091296 0.009622 0.000000
vt -0.091808 0.004645 0.000000
vt -0.104338 0.009622 0.000000
vt -0.104679 0.004645 0.000000
vt -0.117380 0.009622 0.000000
vt -0.117551 0.004645 0.000000
vt -0.130422 0.009622 0.000000
vt -0.130422 0.000000 0.000000
vt -0.117380 0.000000 0.000000
vt -0.104338 0.000000 0.000000
vt -0.091296 0.000000 0.000000
vt -0.078253 0.000000 0.000000
vt -0.065211 0.000000 0.000000
vt -0.052169 0.000000 0.000000
vt -0.039127 0.000000 0.000000
vt -0.026084 0.000000 0.000000
vt -0.013042 0.000000 0.000000
vt -0.000000 0.000000 0.000000
vt -0.000000 0.017002 0.000000
vt -0.009535 0.008329 0.000000
vt -0.013124 0.017002 0.000000
vt -0.019069 0.008329 0.000000
vt -0.026249 0.017002 0.000000
vt -0.030707 0.008329 0.000000
vt -0.039373 0.017002 0.000000
vt -0.042345 0.008329 0.000000
vt -0.052497 0.017002 0.000000
vt -0.053983 0.008329 0.000000
vt -0.065621 0.017002 0.000000
vt -0.065621 0.008329 0.000000
vt -0.072526 0.008329 0.000000
vt -0.065621 0.000000 0.000000
vt -0.078746 0.000000 0.000000
vt -0.079431 0.008329 0.000000
vt -0.092384 0.008329 0.000000
vt -0.091870 0.017002 0.000000
vt -0.104994 0.017002 0.000000
vt -0.078746 0.017002 0.000000
vt -0.105337 0.008329 0.000000
vt -0.118119 0.017002 0.000000
vt -0.118290 0.008329 0.000000
vt -0.131243 0.017002 0.000000
vt -0.131243 0.008501 0.000000
vt -0.131243 0.000000 0.000000
vt -0.118119 0.000000 0.000000
vt -0.104994 0.000000 0.000000
vt -0.091870 0.000000 0.000000
vt -0.052497 0.000000 0.000000
vt -0.039373 0.000000 0.000000
vt -0.026249 0.000000 0.000000
vt -0.013124 0.000000 0.000000
vt -0.000000 0.411285 0.000000
vt -0.000000 0.424552 0.000000
vt -0.009131 0.411285 0.000000
vt -0.012590 0.424552 0.000000
vt -0.018263 0.411285 0.000000
vt -0.025180 0.424552 0.000000
vt -0.029434 0.411285 0.000000
vt -0.037769 0.424552 0.000000
vt -0.040606 0.411285 0.000000
vt -0.050359 0.424552 0.000000
vt -0.051777 0.411285 0.000000
vt -0.062949 0.424552 0.000000
vt -0.062949 0.411285 0.000000
vt -0.075539 0.424552 0.000000
vt -0.076156 0.411285 0.000000
vt -0.088129 0.424552 0.000000
vt -0.088592 0.411285 0.000000
vt -0.100718 0.424552 0.000000
vt -0.101027 0.411285 0.000000
vt -0.113308 0.424552 0.000000
vt -0.113463 0.411285 0.000000
vt -0.125898 0.424552 0.000000
vt -0.125898 0.411285 0.000000
vt -0.113463 0.398018 0.000000
vt -0.125898 0.398018 0.000000
vt -0.113463 0.384751 0.000000
vt -0.125898 0.384751 0.000000
vt -0.113463 0.371483 0.000000
vt -0.125898 0.371483 0.000000
vt -0.113463 0.358216 0.000000
vt -0.125898 0.358216 0.000000
vt -0.113463 0.344949 0.000000
vt -0.125898 0.344949 0.000000
vt -0.113463 0.331682 0.000000
vt -0.125898 0.331682 0.000000
vt -0.113463 0.318414 0.000000
vt -0.125898 0.318414 0.000000
vt -0.113463 0.305147 0.000000
vt -0.125898 0.305147 0.000000
vt -0.113463 0.291880 0.000000
vt -0.125898 0.291880 0.000000
vt -0.113463 0.278613 0.000000
vt -0.125898 0.278613 0.000000
vt -0.113463 0.265345 0.000000
vt -0.125898 0.265345 0.000000
vt -0.113463 0.252078 0.000000
vt -0.125898 0.252078 0.000000
vt -0.113463 0.238811 0.000000
vt -0.125898 0.238811 0.000000
vt -0.113463 0.225543 0.000000
vt -0.125898 0.225543 0.000000
vt -0.113463 0.212276 0.000000
vt -0.125898 0.212276 0.000000
vt -0.113463 0.199009 0.000000
vt -0.125898 0.199009 0.000000
vt -0.113463 0.185742 0.000000
vt -0.125898 0.185742 0.000000
vt -0.113463 0.172474 0.000000
vt -0.125898 0.172474 0.000000
vt -0.113463 0.159207 0.000000
vt -0.125898 0.159207 0.000000
vt -0.113463 0.145940 0.000000
vt -0.125898 0.145940 0.000000
vt -0.113463 0.132673 0.000000
vt -0.125898 0.132673 0.000000
vt -0.113463 0.119405 0.000000
vt -0.125898 0.119405 0.000000
vt -0.113463 0.106138 0.000000
vt -0.125898 0.106138 0.000000
vt -0.113463 0.092871 0.000000
vt -0.125898 0.092871 0.000000
vt -0.113463 0.079604 0.000000
vt -0.125898 0.079604 0.000000
vt -0.113463 0.066336 0.000000
vt -0.125898 0.066336 0.000000
vt -0.113463 0.053069 0.000000
vt -0.125898 0.053069 0.000000
vt -0.113463 0.039802 0.000000
vt -0.125898 0.039802 0.000000
vt -0.113463 0.026535 0.000000
vt -0.125898 0.026535 0.000000
vt -0.113463 0.013267 0.000000
vt -0.125898 0.013267 0.000000
vt -0.125898 0.000000 0.000000
vt -0.113308 0.000000 0.000000
vt -0.101027 0.013267 0.000000
vt -0.101027 0.026535 0.000000
vt -0.101027 0.039802 0.000000
vt -0.101027 0.053069 0.000000
vt -0.101027 0.066336 0.000000
vt -0.101027 0.079604 0.000000
vt -0.101027 0.092871 0.000000
vt -0.101027 0.106138 0.000000
vt -0.101027 0.119405 0.000000
vt -0.101027 0.132673 0.000000
vt -0.101027 0.145940 0.000000
vt -0.101027 0.159207 0.000000
vt -0.101027 0.172474 0.000000
vt -0.101027 0.185742 0.000000
vt -0.101027 0.199009 0.000000
vt -0.101027 0.212276 0.000000
vt -0.101027 0.225543 0.000000
vt -0.101027 0.238811 0.000000
vt -0.101027 0.252078 0.000000
vt -0.101027 0.265345 0.000000
vt -0.101027 0.278613 0.000000
vt -0.101027 0.291880 0.000000
vt -0.101027 0.305147 0.000000
vt -0.101027 0.318414 0.000000
vt -0.101027 0.331682 0.000000
vt -0.101027 0.344949 0.000000
vt -0.101027 0.358216 0.000000
vt -0.101027 0.371483 0.000000
vt -0.101027 0.384751 0.000000
vt -0.101027 0.398018 0.000000
vt -0.100718 0.000000 0.000000
vt -0.088592 0.013267 0.000000
vt -0.088592 0.026535 0.000000
vt -0.088592 0.039802 0.000000
vt -0.088592 0.053069 0.000000
vt -0.088592 0.066336 0.000000
vt -0.088592 0.079604 0.000000
vt -0.088592 0.092871 0.000000
vt -0.088592 0.106138 0.000000
vt -0.088592 0.119405 0.000000
vt -0.088592 0.132673 0.000000
vt -0.088592 0.145940 0.000000
vt -0.088592 0.159207 0.000000
vt -0.088592 0.172474 0.000000
vt -0.088592 0.185742 0.000000
vt -0.088592 0.199009 0.000000
vt -0.088592 0.212276 0.000000
vt -0.088592 0.225543 0.000000
vt -0.088592 0.238811 0.000000
vt -0.088592 0.252078 0.000000
vt -0.088592 0.265345 0.000000
vt -0.088592 0.278613 0.000000
vt -0.088592 0.291880 0.000000
vt -0.088592 0.305147 0.000000
vt -0.088592 0.318414 0.000000
vt -0.088592 0.331682 0.000000
vt -0.088592 0.344949 0.000000
vt -0.088592 0.358216 0.000000
vt -0.088592 0.371483 0.000000
vt -0.088592 0.384751 0.000000
vt -0.088592 0.398018 0.000000
vt -0.088129 0.000000 0.000000
vt -0.076156 0.013267 0.000000
vt -0.076156 0.026535 0.000000
vt -0.076156 0.039802 0.000000
vt -0.076156 0.053069 0.000000
vt -0.076156 0.066336 0.000000
vt -0.076156 0.079604 0.000000
vt -0.076156 0.092871 0.000000
vt -0.076156 0.106138 0.000000
vt -0.076156 0.119405 0.000000
vt -0.076156 0.132673 0.000000
vt -0.076156 0.145940 0.000000
vt -0.076156 0.159207 0.000000
vt -0.076156 0.172474 0.000000
vt -0.076156 0.185742 0.000000
vt -0.076156 0.199009 0.000000
vt -0.076156 0.212276 0.000000
vt -0.076156 0.225543 0.000000
vt -0.076156 0.238811 0.000000
vt -0.076156 0.252078 0.000000
vt -0.076156 0.265345 0.000000
vt -0.076156 0.278613 0.000000
vt -0.076156 0.291880 0.000000
vt -0.076156 0.305147 0.000000
vt -0.076156 0.318414 0.000000
vt -0.076156 0.331682 0.000000
vt -0.076156 0.344949 0.000000
vt -0.076156 0.358216 0.000000
vt -0.076156 0.371483 0.000000
vt -0.076156 0.384751 0.000000
vt -0.076156 0.398018 0.000000
vt -0.075539 0.000000 0.000000
vt -0.062949 0.013267 0.000000
vt -0.062949 0.026535 0.000000
vt -0.062949 0.039802 0.000000
vt -0.062949 0.053069 0.000000
vt -0.062949 0.066336 0.000000
vt -0.062949 0.079604 0.000000
vt -0.062949 0.092871 0.000000
vt -0.062949 0.106138 0.000000
vt -0.062949 0.119405 0.000000
vt -0.062949 0.132673 0.000000
vt -0.062949 0.145940 0.000000
vt -0.062949 0.159207 0.000000
vt -0.062949 0.172474 0.000000
vt -0.062949 0.185742 0.000000
vt -0.062949 0.199009 0.000000
vt -0.062949 0.212276 0.000000
vt -0.062949 0.225543 0.000000
vt -0.062949 0.238811 0.000000
vt -0.062949 0.252078 0.000000
vt -0.062949 0.265345 0.000000
vt -0.062949 0.278613 0.000000
vt -0.062949 0.291880 0.000000
vt -0.062949 0.305147 0.000000
vt -0.062949 0.318414 0.000000
vt -0.062949 0.331682 0.000000
vt -0.062949 0.344949 0.000000
vt -0.062949 0.358216 0.000000
vt -0.062949 0.371483 0.000000
vt -0.062949 0.384751 0.000000
vt -0.062949 0.398018 0.000000
vt -0.062949 0.000000 0.000000
vt -0.051777 0.013267 0.000000
vt -0.051777 0.026535 0.000000
vt -0.051777 0.039802 0.000000
vt -0.051777 0.053069 0.000000
vt -0.051777 0.066336 0.000000
vt -0.051777 0.079604 0.000000
vt -0.051777 0.092871 0.000000
vt -0.051777 0.106138 0.000000
vt -0.051777 0.119405 0.000000
vt -0.051777 0.132673 0.000000
vt -0.051777 0.145940 0.000000
vt -0.051777 0.159207 0.000000
vt -0.051777 0.172474 0.000000
vt -0.051777 0.185742 0.000000
vt -0.051777 0.199009 0.000000
vt -0.051777 0.212276 0.000000
vt -0.051777 0.225543 0.000000
vt -0.051777 0.238811 0.000000
vt -0.051777 0.252078 0.000000
vt -0.051777 0.265345 0.000000
vt -0.051777 0.278613 0.000000
vt -0.051777 0.291880 0.000000
vt -0.051777 0.305147 0.000000
vt -0.051777 0.318414 0.000000
vt -0.051777 0.331682 0.000000
vt -0.051777 0.344949 0.000000
vt -0.051777 0.358216 0.000000
vt -0.051777 0.371483 0.000000
vt -0.051777 0.384751 0.000000
vt -0.051777 0.398018 0.000000
vt -0.050359 0.000000 0.000000
vt -0.040606 0.013267 0.000000
vt -0.040606 0.026535 0.000000
vt -0.040606 0.039802 0.000000
vt -0.040606 0.053069 0.000000
vt -0.040606 0.066336 0.000000
vt -0.040606 0.079604 0.000000
vt -0.040606 0.092871 0.000000
vt -0.040606 0.106138 0.000000
vt -0.040606 0.119405 0.000000
vt -0.040606 0.132673 0.000000
vt -0.040606 0.145940 0.000000
vt -0.040606 0.159207 0.000000
vt -0.040606 0.172474 0.000000
vt -0.040606 0.185742 0.000000
vt -0.040606 0.199009 0.000000
vt -0.040606 0.212276 0.000000
vt -0.040606 0.225543 0.000000
vt -0.040606 0.238811 0.000000
vt -0.040606 0.252078 0.000000
vt -0.040606 0.265345 0.000000
vt -0.040606 0.278613 0.000000
vt -0.040606 0.291880 0.000000
vt -0.040606 0.305147 0.000000
vt -0.040606 0.318414 0.000000
vt -0.040606 0.331682 0.000000
vt -0.040606 0.344949 0.000000
vt -0.040606 0.358216 0.000000
vt -0.040606 0.371483 0.000000
vt -0.040606 0.384751 0.000000
vt -0.040606 0.398018 0.000000
vt -0.037769 0.000000 0.000000
vt -0.029434 0.013267 0.000000
vt -0.029434 0.026535 0.000000
vt -0.029434 0.039802 0.000000
vt -0.029434 0.053069 0.000000
vt -0.029434 0.066336 0.000000
vt -0.029434 0.079604 0.000000
vt -0.029434 0.092871 0.000000
vt -0.029434 0.106138 0.000000
vt -0.029434 0.119405 0.000000
vt -0.029434 0.132673 0.000000
vt -0.029434 0.145940 0.000000
vt -0.029434 0.159207 0.000000
vt -0.029434 0.172474 0.000000
vt -0.029434 0.185742 0.000000
vt -0.029434 0.199009 0.000000
vt -0.029434 0.212276 0.000000
vt -0.029434 0.225543 0.000000
vt -0.029434 0.238811 0.000000
vt -0.029434 0.252078 0.000000
vt -0.029434 0.265345 0.000000
vt -0.029434 0.278613 0.000000
vt -0.029434 0.291880 0.000000
vt -0.029434 0.305147 0.000000
vt -0.029434 0.318414 0.000000
vt -0.029434 0.331682 0.000000
vt -0.029434 0.344949 0.000000
vt -0.029434 0.358216 0.000000
vt -0.029434 0.371483 0.000000
vt -0.029434 0.384751 0.000000
vt -0.029434 0.398018 0.000000
vt -0.025180 0.000000 0.000000
vt -0.018263 0.013267 0.000000
vt -0.018263 0.026535 0.000000
vt -0.018263 0.039802 0.000000
vt -0.018263 0.053069 0.000000
vt -0.018263 0.066336 0.000000
vt -0.018263 0.079604 0.000000
vt -0.018263 0.092871 0.000000
vt -0.018263 0.106138 0.000000
vt -0.018263 0.119405 0.000000
vt -0.018263 0.132673 0.000000
vt -0.018263 0.145940 0.000000
vt -0.018263 0.159207 0.000000
vt -0.018263 0.172474 0.000000
vt -0.018263 0.185742 0.000000
vt -0.018263 0.199009 0.000000
vt -0.018263 0.212276 0.000000
vt -0.018263 0.225543 0.000000
vt -0.018263 0.238811 0.000000
vt -0.018263 0.252078 0.000000
vt -0.018263 0.265345 0.000000
vt -0.018263 0.278613 0.000000
vt -0.018263 0.291880 0.000000
vt -0.018263 0.305147 0.000000
vt -0.018263 0.318414 0.000000
vt -0.018263 0.331682 0.000000
vt -0.018263 0.344949 0.000000
vt -0.018263 0.358216 0.000000
vt -0.018263 0.371483 0.000000
vt -0.018263 0.384751 0.000000
vt -0.018263 0.398018 0.000000
vt -0.012590 0.000000 0.000000
vt -0.009131 0.013267 0.000000
vt -0.009131 0.026535 0.000000
vt -0.009131 0.039802 0.000000
vt -0.009131 0.053069 0.000000
vt -0.009131 0.066336 0.000000
vt -0.009131 0.079604 0.000000
vt -0.009131 0.092871 0.000000
vt -0.009131 0.106138 0.000000
vt -0.009131 0.119405 0.000000
vt -0.009131 0.132673 0.000000
vt -0.009131 0.145940 0.000000
vt -0.009131 0.159207 0.000000
vt -0.009131 0.172474 0.000000
vt -0.009131 0.185742 0.000000
vt -0.009131 0.199009 0.000000
vt -0.009131 0.212276 0.000000
vt -0.009131 0.225543 0.000000
vt -0.009131 0.238811 0.000000
vt -0.009131 0.252078 0.000000
vt -0.009131 0.265345 0.000000
vt -0.009131 0.278613 0.000000
vt -0.009131 0.291880 0.000000
vt -0.009131 0.305147 0.000000
vt -0.009131 0.318414 0.000000
vt -0.009131 0.331682 0.000000
vt -0.009131 0.344949 0.000000
vt -0.009131 0.358216 0.000000
vt -0.009131 0.371483 0.000000
vt -0.009131 0.384751 0.000000
vt -0.009131 0.398018 0.000000
vt -0.000000 0.000000 0.000000
vt -0.000000 0.013267 0.000000
vt -0.000000 0.026535 0.000000
vt -0.000000 0.039802 0.000000
vt -0.000000 0.053069 0.000000
vt -0.000000 0.066336 0.000000
vt -0.000000 0.079604 0.000000
vt -0.000000 0.092871 0.000000
vt -0.000000 0.106138 0.000000
vt -0.000000 0.119405 0.000000
vt -0.000000 0.132673 0.000000
vt -0.000000 0.145940 0.000000
vt -0.000000 0.159207 0.000000
vt -0.000000 0.172474 0.000000
vt -0.000000 0.185742 0.000000
vt -0.000000 0.199009 0.000000
vt -0.000000 0.212276 0.000000
vt -0.000000 0.225543 0.000000
vt -0.000000 0.238811 0.000000
vt -0.000000 0.252078 0.000000
vt -0.000000 0.265345 0.000000
vt -0.000000 0.278613 0.000000
vt -0.000000 0.291880 0.000000
vt -0.000000 0.305147 0.000000
vt -0.000000 0.318414 0.000000
vt -0.000000 0.331682 0.000000
vt -0.000000 0.344949 0.000000
vt -0.000000 0.358216 0.000000
vt -0.000000 0.371483 0.000000
vt -0.000000 0.384751 0.000000
vt -0.000000 0.398018 0.000000
vt -0.000000 0.000000 0.000000
vt -0.000000 0.017001 0.000000
vt -0.009535 0.008120 0.000000
vt -0.013124 0.017001 0.000000
vt -0.019069 0.008120 0.000000
vt -0.026249 0.017001 0.000000
vt -0.030707 0.008120 0.000000
vt -0.039373 0.017001 0.000000
vt -0.042345 0.008120 0.000000
vt -0.052497 0.017001 0.000000
vt -0.053983 0.008120 0.000000
vt -0.065621 0.017001 0.000000
vt -0.065621 0.008120 0.000000
vt -0.072526 0.008120 0.000000
vt -0.065621 0.000000 0.000000
vt -0.078746 0.000000 0.000000
vt -0.079431 0.008120 0.000000
vt -0.091870 0.000000 0.000000
vt -0.092384 0.008120 0.000000
vt -0.104994 0.000000 0.000000
vt -0.105337 0.008120 0.000000
vt -0.118119 0.000000 0.000000
vt -0.118290 0.008120 0.000000
vt -0.131243 0.000000 0.000000
vt -0.131243 0.008500 0.000000
vt -0.118119 0.017001 0.000000
vt -0.131243 0.017001 0.000000
vt -0.078746 0.017001 0.000000
vt -0.091870 0.017001 0.000000
vt -0.104994 0.017001 0.000000
vt -0.052497 0.000000 0.000000
vt -0.039373 0.000000 0.000000
vt -0.026249 0.000000 0.000000
vt -0.013124 0.000000 0.000000
vt -0.000000 0.000000 0.000000
vt -0.000000 0.009622 0.000000
vt -0.009476 0.004665 0.000000
vt -0.013042 0.009622 0.000000
vt -0.018951 0.004665 0.000000
vt -0.026084 0.009622 0.000000
vt -0.030516 0.004665 0.000000
vt -0.039127 0.009622 0.000000
vt -0.042081 0.004665 0.000000
vt -0.052169 0.009622 0.000000
vt -0.053646 0.004665 0.000000
vt -0.065211 0.009622 0.000000
vt -0.065211 0.004665 0.000000
vt -0.078253 0.009622 0.000000
vt -0.078936 0.004665 0.000000
vt -0.091296 0.009622 0.000000
vt -0.091808 0.004665 0.000000
vt -0.104338 0.009622 0.000000
vt -0.104679 0.004665 0.000000
vt -0.117380 0.009622 0.000000
vt -0.117551 0.004665 0.000000
vt -0.130422 0.009622 0.000000
vt -0.130422 0.000000 0.000000
vt -0.117380 0.000000 0.000000
vt -0.104338 0.000000 0.000000
vt -0.091296 0.000000 0.000000
vt -0.078253 0.000000 0.000000
vt -0.065211 0.000000 0.000000
vt -0.052169 0.000000 0.000000
vt -0.039127 0.000000 0.000000
vt -0.026084 0.000000 0.000000
vt -0.013042 0.000000 0.000000
vt 0.156213 0.052150 0.000000
vt 0.419357 0.052150 0.000000
vt 0.156213 0.065188 0.000000
vt 0.682500 0.052150 0.000000
vt 1.208787 0.065188 0.000000
vt 0.945643 0.052150 0.000000
vt 1.208787 0.052150 0.000000
vt 1.208787 0.039113 0.000000
vt 0.945643 0.039113 0.000000
vt 1.208787 0.026075 0.000000
vt 0.945643 0.026075 0.000000
vt 1.208787 0.013038 0.000000
vt 0.945643 0.013038 0.000000
vt 1.208787 -0.000000 0.000000
vt 0.945643 -0.000000 0.000000
vt 1.208787 -0.013038 0.000000
vt 0.945643 -0.013038 0.000000
vt 1.208787 -0.026075 0.000000
vt 0.945643 -0.026075 0.000000
vt 1.208787 -0.039113 0.000000
vt 0.945643 -0.039113 0.000000
vt 1.208787 -0.052150 0.000000
vt 0.945643 -0.052150 0.000000
vt 1.208787 -0.065188 0.000000
vt 0.682500 -0.052150 0.000000
vt 0.156213 -0.065188 0.000000
vt 0.419357 -0.052150 0.000000
vt 0.156213 -0.052150 0.000000
vt 0.156213 -0.039113 0.000000
vt 0.419357 -0.039113 0.000000
vt 0.156213 -0.026075 0.000000
vt 0.419357 -0.026075 0.000000
vt 0.156213 -0.013038 0.000000
vt 0.419357 -0.013038 0.000000
vt 0.156213 -0.000000 0.000000
vt 0.419357 -0.000000 0.000000
vt 0.156213 0.013038 0.000000
vt 0.419357 0.013038 0.000000
vt 0.156213 0.026075 0.000000
vt 0.419357 0.026075 0.000000
vt 0.156213 0.039113 0.000000
vt 0.419357 0.039113 0.000000
vt 0.682500 0.039113 0.000000
vt 0.682500 0.026075 0.000000
vt 0.682500 0.013038 0.000000
vt 0.682500 -0.000000 0.000000
vt 0.682500 -0.013038 0.000000
vt 0.682500 -0.026075 0.000000
vt 0.682500 -0.039113 0.000000
vt -0.000000 0.000000 0.000000
vt -0.000000 0.009622 0.000000
vt -0.009476 0.004645 0.000000
vt -0.013042 0.009622 0.000000
vt -0.018951 0.004645 0.000000
vt -0.026084 0.009622 0.000000
vt -0.030516 0.004645 0.000000
vt -0.039127 0.009622 0.000000
vt -0.042081 0.004645 0.000000
vt -0.052169 0.009622 0.000000
vt -0.053646 0.004645 0.000000
vt -0.065211 0.009622 0.000000
vt -0.065211 0.004645 0.000000
vt -0.078253 0.009622 0.000000
vt -0.078936 0.004645 0.000000
vt -0.091296 0.009622 0.000000
vt -0.091808 0.004645 0.000000
vt -0.104338 0.009622 0.000000
vt -0.104679 0.004645 0.000000
vt -0.117380 0.009622 0.000000
vt -0.117551 0.004645 0.000000
vt -0.130422 0.009622 0.000000
vt -0.130422 0.000000 0.000000
vt -0.117380 0.000000 0.000000
vt -0.104338 0.000000 0.000000
vt -0.091296 0.000000 0.000000
vt -0.078253 0.000000 0.000000
vt -0.065211 0.000000 0.000000
vt -0.052169 0.000000 0.000000
vt -0.039127 0.000000 0.000000
vt -0.026084 0.000000 0.000000
vt -0.013042 0.000000 0.000000
vt -0.000000 0.000000 0.000000
vt -0.000000 0.017002 0.000000
vt -0.009535 0.008329 0.000000
vt -0.013124 0.017002 0.000000
vt -0.019069 0.008329 0.000000
vt -0.026249 0.017002 0.000000
vt -0.030707 0.008329 0.000000
vt -0.039373 0.017002 0.000000
vt -0.042345 0.008329 0.000000
vt -0.052497 0.017002 0.000000
vt -0.053983 0.008329 0.000000
vt -0.065621 0.017002 0.000000
vt -0.065621 0.008329 0.000000
vt -0.072526 0.008329 0.000000
vt -0.065621 0.000000 0.000000
vt -0.078746 0.000000 0.000000
vt -0.079431 0.008329 0.000000
vt -0.092384 0.008329 0.000000
vt -0.091870 0.017002 0.000000
vt -0.104994 0.017002 0.000000
vt -0.078746 0.017002 0.000000
vt -0.105337 0.008329 0.000000
vt -0.118119 0.017002 0.000000
vt -0.118290 0.008329 0.000000
vt -0.131243 0.017002 0.000000
vt -0.131243 0.008501 0.000000
vt -0.131243 0.000000 0.000000
vt -0.118119 0.000000 0.000000
vt -0.104994 0.000000 0.000000
vt -0.091870 0.000000 0.000000
vt -0.052497 0.000000 0.000000
vt -0.039373 0.000000 0.000000
vt -0.026249 0.000000 0.000000
vt -0.013124 0.000000 0.000000
vt -0.000000 0.411285 0.000000
vt -0.000000 0.424552 0.000000
vt -0.009131 0.411285 0.000000
vt -0.012590 0.424552 0.000000
vt -0.018263 0.411285 0.000000
vt -0.025180 0.424552 0.000000
vt -0.029434 0.411285 0.000000
vt -0.037769 0.424552 0.000000
vt -0.040606 0.411285 0.000000
vt -0.050359 0.424552 0.000000
vt -0.051777 0.411285 0.000000
vt -0.062949 0.424552 0.000000
vt -0.062949 0.411285 0.000000
vt -0.075539 0.424552 0.000000
vt -0.076156 0.411285 0.000000
vt -0.088129 0.424552 0.000000
vt -0.088592 0.411285 0.000000
vt -0.100718 0.424552 0.000000
vt -0.101027 0.411285 0.000000
vt -0.113308 0.424552 0.000000
vt -0.113463 0.411285 0.000000
vt -0.125898 0.424552 0.000000
vt -0.125898 0.411285 0.000000
vt -0.113463 0.398018 0.000000
vt -0.125898 0.398018 0.000000
vt -0.113463 0.384751 0.000000
vt -0.125898 0.384751 0.000000
vt -0.113463 0.371483 0.000000
vt -0.125898 0.371483 0.000000
vt -0.113463 0.358216 0.000000
vt -0.125898 0.358216 0.000000
vt -0.113463 0.344949 0.000000
vt -0.125898 0.344949 0.000000
vt -0.113463 0.331682 0.000000
vt -0.125898 0.331682 0.000000
vt -0.113463 0.318414 0.000000
vt -0.125898 0.318414 0.000000
vt -0.113463 0.305147 0.000000
vt -0.125898 0.305147 0.000000
vt -0.113463 0.291880 0.000000
vt -0.125898 0.291880 0.000000
vt -0.113463 0.278613 0.000000
vt -0.125898 0.278613 0.000000
vt -0.113463 0.265345 0.000000
vt -0.125898 0.265345 0.000000
vt -0.113463 0.252078 0.000000
vt -0.125898 0.252078 0.000000
vt -0.113463 0.238811 0.000000
vt -0.125898 0.238811 0.000000
vt -0.113463 0.225543 0.000000
vt -0.125898 0.225543 0.000000
vt -0.113463 0.212276 0.000000
vt -0.125898 0.212276 0.000000
vt -0.113463 0.199009 0.000000
vt -0.125898 0.199009 0.000000
vt -0.113463 0.185742 0.000000
vt -0.125898 0.185742 0.000000
vt -0.113463 0.172474 0.000000
vt -0.125898 0.172474 0.000000
vt -0.113463 0.159207 0.000000
vt -0.125898 0.159207 0.000000
vt -0.113463 0.145940 0.000000
vt -0.125898 0.145940 0.000000
vt -0.113463 0.132673 0.000000
vt -0.125898 0.132673 0.000000
vt -0.113463 0.119405 0.000000
vt -0.125898 0.119405 0.000000
vt -0.113463 0.106138 0.000000
vt -0.125898 0.106138 0.000000
vt -0.113463 0.092871 0.000000
vt -0.125898 0.092871 0.000000
vt -0.113463 0.079604 0.000000
vt -0.125898 0.079604 0.000000
vt -0.113463 0.066336 0.000000
vt -0.125898 0.066336 0.000000
vt -0.113463 0.053069 0.000000
vt -0.125898 0.053069 0.000000
vt -0.113463 0.039802 0.000000
vt -0.125898 0.039802 0.000000
vt -0.113463 0.026535 0.000000
vt -0.125898 0.026535 0.000000
vt -0.113463 0.013267 0.000000
vt -0.125898 0.013267 0.000000
vt -0.125898 0.000000 0.000000
vt -0.113308 0.000000 0.000000
vt -0.101027 0.013267 0.000000
vt -0.101027 0.026535 0.000000
vt -0.101027 0.039802 0.000000
vt -0.101027 0.053069 0.000000
vt -0.101027 0.066336 0.000000
vt -0.101027 0.079604 0.000000
vt -0.101027 0.092871 0.000000
vt -0.101027 0.106138 0.000000
vt -0.101027 0.119405 0.000000
vt -0.101027 0.132673 0.000000
vt -0.101027 0.145940 0.000000
vt -0.101027 0.159207 0.000000
vt -0.101027 0.172474 0.000000
vt -0.101027 0.185742 0.000000
vt -0.101027 0.199009 0.000000
vt -0.101027 0.212276 0.000000
vt -0.101027 0.225543 0.000000
vt -0.101027 0.238811 0.000000
vt -0.101027 0.252078 0.000000
vt -0.101027 0.265345 0.000000
vt -0.101027 0.278613 0.000000
vt -0.101027 0.291880 0.000000
vt -0.101027 0.305147 0.000000
vt -0.101027 0.318414 0.000000
vt -0.101027 0.331682 0.000000
vt -0.101027 0.344949 0.000000
vt -0.101027 0.358216 0.000000
vt -0.101027 0.371483 0.000000
vt -0.101027 0.384751 0.000000
vt -0.101027 0.398018 0.000000
vt -0.100718 0.000000 0.000000
vt -0.088592 0.013267 0.000000
vt -0.088592 0.026535 0.000000
vt -0.088592 0.039802 0.000000
vt -0.088592 0.053069 0.000000
vt -0.088592 0.066336 0.000000
vt -0.088592 0.079604 0.000000
vt -0.088592 0.092871 0.000000
vt -0.088592 0.106138 0.000000
vt -0.088592 0.119405 0.000000
vt -0.088592 0.132673 0.000000
vt -0.088592 0.145940 0.000000
vt -0.088592 0.159207 0.000000
vt -0.088592 0.172474 0.000000
vt -0.088592 0.185742 0.000000
vt -0.088592 0.199009 0.000000
vt -0.088592 0.212276 0.000000
vt -0.088592 0.225543 0.000000
vt -0.088592 0.238811 0.000000
vt -0.088592 0.252078 0.000000
vt -0.088592 0.265345 0.000000
vt -0.088592 0.278613 0.000000
vt -0.088592 0.291880 0.000000
vt -0.088592 0.305147 0.000000
vt -0.088592 0.318414 0.000000
vt -0.088592 0.331682 0.000000
vt -0.088592 0.344949 0.000000
vt -0.088592 0.358216 0.000000
vt -0.088592 0.371483 0.000000
vt -0.088592 0.384751 0.000000
vt -0.088592 0.398018 0.000000
vt -0.088129 0.000000 0.000000
vt -0.076156 0.013267 0.000000
vt -0.076156 0.026535 0.000000
vt -0.076156 0.039802 0.000000
vt -0.076156 0.053069 0.000000
vt -0.076156 0.066336 0.000000
vt -0.076156 0.079604 0.000000
vt -0.076156 0.092871 0.000000
vt -0.076156 0.106138 0.000000
vt -0.076156 0.119405 0.000000
vt -0.076156 0.132673 0.000000
vt -0.076156 0.145940 0.000000
vt -0.076156 0.159207 0.000000
vt -0.076156 0.172474 0.000000
vt -0.076156 0.185742 0.000000
vt -0.076156 0.199009 0.000000
vt -0.076156 0.212276 0.000000
vt -0.076156 0.225543 0.000000
vt -0.076156 0.238811 0.000000
vt -0.076156 0.252078 0.000000
vt -0.076156 0.265345 0.000000
vt -0.076156 0.278613 0.000000
vt -0.076156 0.291880 0.000000
vt -0.076156 0.305147 0.000000
vt -0.076156 0.318414 0.000000
vt -0.076156 0.331682 0.000000
vt -0.076156 0.344949 0.000000
vt -0.076156 0.358216 0.000000
vt -0.076156 0.371483 0.000000
vt -0.076156 0.384751 0.000000
vt -0.076156 0.398018 0.000000
vt -0.075539 0.000000 0.000000
vt -0.062949 0.013267 0.000000
vt -0.062949 0.026535 0.000000
vt -0.062949 0.039802 0.000000
vt -0.062949 0.053069 0.000000
vt -0.062949 0.066336 0.000000
vt -0.062949 0.079604 0.000000
vt -0.062949 0.092871 0.000000
vt -0.062949 0.106138 0.000000
vt -0.062949 0.119405 0.000000
vt -0.062949 0.132673 0.000000
vt -0.062949 0.145940 0.000000
vt -0.062949 0.159207 0.000000
vt -0.062949 0.172474 0.000000
vt -0.062949 0.185742 0.000000
vt -0.062949 0.199009 0.000000
vt -0.062949 0.212276 0.000000
vt -0.062949 0.225543 0.000000
vt -0.062949 0.238811 0.000000
vt -0.062949 0.252078 0.000000
vt -0.062949 0.265345 0.000000
vt -0.062949 0.278613 0.000000
vt -0.062949 0.291880 0.000000
vt -0.062949 0.305147 0.000000
vt -0.062949 0.318414 0.000000
vt -0.062949 0.331682 0.000000
vt -0.062949 0.344949 0.000000
vt -0.062949 0.358216 0.000000
vt -0.062949 0.371483 0.000000
vt -0.062949 0.384751 0.000000
vt -0.062949 0.398018 0.000000
vt -0.062949 0.000000 0.000000
vt -0.051777 0.013267 0.000000
vt -0.051777 0.026535 0.000000
vt -0.051777 0.039802 0.000000
vt -0.051777 0.053069 0.000000
vt -0.051777 0.066336 0.000000
vt -0.051777 0.079604 0.000000
vt -0.051777 0.092871 0.000000
vt -0.051777 0.106138 0.000000
vt -0.051777 0.119405 0.000000
vt -0.051777 0.132673 0.000000
vt -0.051777 0.145940 0.000000
vt -0.051777 0.159207 0.000000
vt -0.051777 0.172474 0.000000
vt -0.051777 0.185742 0.000000
vt -0.051777 0.199009 0.000000
vt -0.051777 0.212276 0.000000
vt -0.051777 0.225543 0.000000
vt -0.051777 0.238811 0.000000
vt -0.051777 0.252078 0.000000
vt -0.051777 0.265345 0.000000
vt -0.051777 0.278613 0.000000
vt -0.051777 0.291880 0.000000
vt -0.051777 0.305147 0.000000
vt -0.051777 0.318414 0.000000
vt -0.051777 0.331682 0.000000
vt -0.051777 0.344949 0.000000
vt -0.051777 0.358216 0.000000
vt -0.051777 0.371483 0.000000
vt -0.051777 0.384751 0.000000
vt -0.051777 0.398018 0.000000
vt -0.050359 0.000000 0.000000
vt -0.040606 0.013267 0.000000
vt -0.040606 0.026535 0.000000
vt -0.040606 0.039802 0.000000
vt -0.040606 0.053069 0.000000
vt -0.040606 0.066336 0.000000
vt -0.040606 0.079604 0.000000
vt -0.040606 0.092871 0.000000
vt -0.040606 0.106138 0.000000
vt -0.040606 0.119405 0.000000
vt -0.040606 0.132673 0.000000
vt -0.040606 0.145940 0.000000
vt -0.040606 0.159207 0.000000
vt -0.040606 0.172474 0.000000
vt -0.040606 0.185742 0.000000
vt -0.040606 0.199009 0.000000
vt -0.040606 0.212276 0.000000
vt -0.040606 0.225543 0.000000
vt -0.040606 0.238811 0.000000
vt -0.040606 0.252078 0.000000
vt -0.040606 0.265345 0.000000
vt -0.040606 0.278613 0.000000
vt -0.040606 0.291880 0.000000
vt -0.040606 0.305147 0.000000
vt -0.040606 0.318414 0.000000
vt -0.040606 0.331682 0.000000
vt -0.040606 0.344949 0.000000
vt -0.040606 0.358216 0.000000
vt -0.040606 0.371483 0.000000
vt -0.040606 0.384751 0.000000
vt -0.040606 0.398018 0.000000
vt -0.037769 0.000000 0.000000
vt -0.029434 0.013267 0.000000
vt -0.029434 0.026535 0.000000
vt -0.029434 0.039802 0.000000
vt -0.029434 0.053069 0.000000
vt -0.029434 0.066336 0.000000
vt -0.029434 0.079604 0.000000
vt -0.029434 0.092871 0.000000
vt -0.029434 0.106138 0.000000
vt -0.029434 0.119405 0.000000
vt -0.029434 0.132673 0.000000
vt -0.029434 0.145940 0.000000
vt -0.029434 0.159207 0.000000
vt -0.029434 0.172474 0.000000
vt -0.029434 0.185742 0.000000
vt -0.029434 0.199009 0.000000
vt -0.029434 0.212276 0.000000
vt -0.029434 0.225543 0.000000
vt -0.029434 0.238811 0.000000
vt -0.029434 0.252078 0.000000
vt -0.029434 0.265345 0.000000
vt -0.029434 0.278613 0.000000
vt -0.029434 0.291880 0.000000
vt -0.029434 0.305147 0.000000
vt -0.029434 0.318414 0.000000
vt -0.029434 0.331682 0.000000
vt -0.029434 0.344949 0.000000
vt -0.029434 0.358216 0.000000
vt -0.029434 0.371483 0.000000
vt -0.029434 0.384751 0.000000
vt -0.029434 0.398018 0.000000
vt -0.025180 0.000000 0.000000
vt -0.018263 0.013267 0.000000
vt -0.018263 0.026535 0.000000
vt -0.018263 0.039802 0.000000
vt -0.018263 0.053069 0.000000
vt -0.018263 0.066336 0.000000
vt -0.018263 0.079604 0.000000
vt -0.018263 0.092871 0.000000
vt -0.018263 0.106138 0.000000
vt -0.018263 0.119405 0.000000
vt -0.018263 0.132673 0.000000
vt -0.018263 0.145940 0.000000
vt -0.018263 0.159207 0.000000
vt -0.018263 0.172474 0.000000
vt -0.018263 0.185742 0.000000
vt -0.018263 0.199009 0.000000
vt -0.018263 0.212276 0.000000
vt -0.018263 0.225543 0.000000
vt -0.018263 0.238811 0.000000
vt -0.018263 0.252078 0.000000
vt -0.018263 0.265345 0.000000
vt -0.018263 0.278613 0.000000
vt -0.018263 0.291880 0.000000
vt -0.018263 0.305147 0.000000
vt -0.018263 0.318414 0.000000
vt -0.018263 0.331682 0.000000
vt -0.018263 0.344949 0.000000
vt -0.018263 0.358216 0.000000
vt -0.018263 0.371483 0.000000
vt -0.018263 0.384751 0.000000
vt -0.018263 0.398018 0.000000
vt -0.012590 0.000000 0.000000
vt -0.009131 0.013267 0.000000
vt -0.009131 0.026535 0.000000
vt -0.009131 0.039802 0.000000
vt -0.009131 0.053069 0.000000
vt -0.009131 0.066336 0.000000
vt -0.009131 0.079604 0.000000
vt -0.009131 0.092871 0.000000
vt -0.009131 0.106138 0.000000
vt -0.009131 0.119405 0.000000
vt -0.009131 0.132673 0.000000
vt -0.009131 0.145940 0.000000
vt -0.009131 0.159207 0.000000
vt -0.009131 0.172474 0.000000
vt -0.009131 0.185742 0.000000
vt -0.009131 0.199009 0.000000
vt -0.009131 0.212276 0.000000
vt -0.009131 0.225543 0.000000
vt -0.009131 0.238811 0.000000
vt -0.009131 0.252078 0.000000
vt -0.009131 0.265345 0.000000
vt -0.009131 0.278613 0.000000
vt -0.009131 0.291880 0.000000
vt -0.009131 0.305147 0.000000
vt -0.009131 0.318414 0.000000
vt -0.009131 0.331682 0.000000
vt -0.009131 0.344949 0.000000
vt -0.009131 0.358216 0.000000
vt -0.009131 0.371483 0.000000
vt -0.009131 0.384751 0.000000
vt -0.009131 0.398018 0.000000
vt -0.000000 0.000000 0.000000
vt -0.000000 0.013267 0.000000
vt -0.000000 0.026535 0.000000
vt -0.000000 0.039802 0.000000
vt -0.000000 0.053069 0.000000
vt -0.000000 0.066336 0.000000
vt -0.000000 0.079604 0.000000
vt -0.000000 0.092871 0.000000
vt -0.000000 0.106138 0.000000
vt -0.000000 0.119405 0.000000
vt -0.000000 0.132673 0.000000
vt -0.000000 0.145940 0.000000
vt -0.000000 0.159207 0.000000
vt -0.000000 0.172474 0.000000
vt -0.000000 0.185742 0.000000
vt -0.000000 0.199009 0.000000
vt -0.000000 0.212276 0.000000
vt -0.000000 0.225543 0.000000
vt -0.000000 0.238811 0.000000
vt -0.000000 0.252078 0.000000
vt -0.000000 0.265345 0.000000
vt -0.000000 0.278613 0.000000
vt -0.000000 0.291880 0.000000
vt -0.000000 0.305147 0.000000
vt -0.000000 0.318414 0.000000
vt -0.000000 0.331682 0.000000
vt -0.000000 0.344949 0.000000
vt -0.000000 0.358216 0.000000
vt -0.000000 0.371483 0.000000
vt -0.000000 0.384751 0.000000
vt -0.000000 0.398018 0.000000
vt -0.000000 0.000000 0.000000
vt -0.000000 0.017001 0.000000
vt -0.009535 0.008120 0.000000
vt -0.013124 0.017001 0.000000
vt -0.019069 0.008120 0.000000
vt -0.026249 0.017001 0.000000
vt -0.030707 0.008120 0.000000
vt -0.039373 0.017001 0.000000
vt -0.042345 0.008120 0.000000
vt -0.052497 0.017001 0.000000
vt -0.053983 0.008120 0.000000
vt -0.065621 0.017001 0.000000
vt -0.065621 0.008120 0.000000
vt -0.072526 0.008120 0.000000
vt -0.065621 0.000000 0.000000
vt -0.078746 0.000000 0.000000
vt -0.079431 0.008120 0.000000
vt -0.091870 0.000000 0.000000
vt -0.092384 0.008120 0.000000
vt -0.104994 0.000000 0.000000
vt -0.105337 0.008120 0.000000
vt -0.118119 0.000000 0.000000
vt -0.118290 0.008120 0.000000
vt -0.131243 0.000000 0.000000
vt -0.131243 0.008500 0.000000
vt -0.118119 0.017001 0.000000
vt -0.131243 0.017001 0.000000
vt -0.078746 0.017001 0.000000
vt -0.091870 0.017001 0.000000
vt -0.104994 0.017001 0.000000
vt -0.052497 0.000000 0.000000
vt -0.039373 0.000000 0.000000
vt -0.026249 0.000000 0.000000
vt -0.013124 0.000000 0.000000
vt -0.000000 0.000000 0.000000
vt -0.000000 0.009622 0.000000
vt -0.009476 0.004665 0.000000
vt -0.013042 0.009622 0.000000
vt -0.018951 0.004665 0.000000
vt -0.026084 0.009622 0.000000
vt -0.030516 0.004665 0.000000
vt -0.039127 0.009622 0.000000
vt -0.042081 0.004665 0.000000
vt -0.052169 0.009622 0.000000
vt -0.053646 0.004665 0.000000
vt -0.065211 0.009622 0.000000
vt -0.065211 0.004665 0.000000
vt -0.078253 0.009622 0.000000
vt -0.078936 0.004665 0.000000
vt -0.091296 0.009622 0.000000
vt -0.091808 0.004665 0.000000
vt -0.104338 0.009622 0.000000
vt -0.104679 0.004665 0.000000
vt -0.117380 0.009622 0.000000
vt -0.117551 0.004665 0.000000
vt -0.130422 0.009622 0.000000
vt -0.130422 0.000000 0.000000
vt -0.117380 0.000000 0.000000
vt -0.104338 0.000000 0.000000
vt -0.091296 0.000000 0.000000
vt -0.078253 0.000000 0.000000
vt -0.065211 0.000000 0.000000
vt -0.052169 0.000000 0.000000
vt -0.039127 0.000000 0.000000
vt -0.026084 0.000000 0.000000
vt -0.013042 0.000000 0.000000
vt 0.156213 0.052150 0.000000
vt 0.419357 0.052150 0.000000
vt 0.156213 0.065188 0.000000
vt 0.682500 0.052150 0.000000
vt 1.208787 0.065188 0.000000
vt 0.945643 0.052150 0.000000
vt 1.208787 0.052150 0.000000
vt 1.208787 0.039113 0.000000
vt 0.945643 0.039113 0.000000
vt 1.208787 0.026075 0.000000
vt 0.945643 0.026075 0.000000
vt 1.208787 0.013038 0.000000
vt 0.945643 0.013038 0.000000
vt 1.208787 -0.000000 0.000000
vt 0.945643 -0.000000 0.000000
vt 1.208787 -0.013038 0.000000
vt 0.945643 -0.013038 0.000000
vt 1.208787 -0.026075 0.000000
vt 0.945643 -0.026075 0.000000
vt 1.208787 -0.039113 0.000000
vt 0.945643 -0.039113 0.000000
vt 1.208787 -0.052150 0.000000
vt 0.945643 -0.052150 0.000000
vt 1.208787 -0.065188 0.000000
vt 0.682500 -0.052150 0.000000
vt 0.156213 -0.065188 0.000000
vt 0.419357 -0.052150 0.000000
vt 0.156213 -0.052150 0.000000
vt 0.156213 -0.039113 0.000000
vt 0.419357 -0.039113 0.000000
vt 0.156213 -0.026075 0.000000
vt 0.419357 -0.026075 0.000000
vt 0.156213 -0.013038 0.000000
vt 0.419357 -0.013038 0.000000
vt 0.156213 -0.000000 0.000000
vt 0.419357 -0.000000 0.000000
vt 0.156213 0.013038 0.000000
vt 0.419357 0.013038 0.000000
vt 0.156213 0.026075 0.000000
vt 0.419357 0.026075 0.000000
vt 0.156213 0.039113 0.000000
vt 0.419357 0.039113 0.000000
vt 0.682500 0.039113 0.000000
vt 0.682500 0.026075 0.000000
vt 0.682500 0.013038 0.000000
vt 0.682500 -0.000000 0.000000
vt 0.682500 -0.013038 0.000000
vt 0.682500 -0.026075 0.000000
vt 0.682500 -0.039113 0.000000
vt -0.000000 0.000000 0.000000
vt -0.000000 0.009622 0.000000
vt -0.009476 0.004645 0.000000
vt -0.013042 0.009622 0.000000
vt -0.018951 0.004645 0.000000
vt -0.026084 0.009622 0.000000
vt -0.030516 0.004645 0.000000
vt -0.039127 0.009622 0.000000
vt -0.042081 0.004645 0.000000
vt -0.052169 0.009622 0.000000
vt -0.053646 0.004645 0.000000
vt -0.065211 0.009622 0.000000
vt -0.065211 0.004645 0.000000
vt -0.078253 0.009622 0.000000
vt -0.078936 0.004645 0.000000
vt -0.091296 0.009622 0.000000
vt -0.091808 0.004645 0.000000
vt -0.104338 0.009622 0.000000
vt -0.104679 0.004645 0.000000
vt -0.117380 0.009622 0.000000
vt -0.117551 0.004645 0.000000
vt -0.130422 0.009622 0.000000
vt -0.130422 0.000000 0.000000
vt -0.117380 0.000000 0.000000
vt -0.104338 0.000000 0.000000
vt -0.091296 0.000000 0.000000
vt -0.078253 0.000000 0.000000
vt -0.065211 0.000000 0.000000
vt -0.052169 0.000000 0.000000
vt -0.039127 0.000000 0.000000
vt -0.026084 0.000000 0.000000
vt -0.013042 0.000000 0.000000
vt -0.000000 0.000000 0.000000
vt -0.000000 0.017002 0.000000
vt -0.009535 0.008329 0.000000
vt -0.013124 0.017002 0.000000
vt -0.019069 0.008329 0.000000
vt -0.026249 0.017002 0.000000
vt -0.030707 0.008329 0.000000
vt -0.039373 0.017002 0.000000
vt -0.042345 0.008329 0.000000
vt -0.052497 0.017002 0.000000
vt -0.053983 0.008329 0.000000
vt -0.065621 0.017002 0.000000
vt -0.065621 0.008329 0.000000
vt -0.072526 0.008329 0.000000
vt -0.065621 0.000000 0.000000
vt -0.078746 0.000000 0.000000
vt -0.079431 0.008329 0.000000
vt -0.092384 0.008329 0.000000
vt -0.091870 0.017002 0.000000
vt -0.104994 0.017002 0.000000
vt -0.078746 0.017002 0.000000
vt -0.105337 0.008329 0.000000
vt -0.118119 0.017002 0.000000
vt -0.118290 0.008329 0.000000
vt -0.131243 0.017002 0.000000
vt -0.131243 0.008501 0.000000
vt -0.131243 0.000000 0.000000
vt -0.118119 0.000000 0.000000
vt -0.104994 0.000000 0.000000
vt -0.091870 0.000000 0.000000
vt -0.052497 0.000000 0.000000
vt -0.039373 0.000000 0.000000
vt -0.026249 0.000000 0.000000
vt -0.013124 0.000000 0.000000
vt -0.000000 0.411285 0.000000
vt -0.000000 0.424552 0.000000
vt -0.009131 0.411285 0.000000
vt -0.012590 0.424552 0.000000
vt -0.018263 0.411285 0.000000
vt -0.025180 0.424552 0.000000
vt -0.029434 0.411285 0.000000
vt -0.037769 0.424552 0.000000
vt -0.040606 0.411285 0.000000
vt -0.050359 0.424552 0.000000
vt -0.051777 0.411285 0.000000
vt -0.062949 0.424552 0.000000
vt -0.062949 0.411285 0.000000
vt -0.075539 0.424552 0.000000
vt -0.076156 0.411285 0.000000
vt -0.088129 0.424552 0.000000
vt -0.088592 0.411285 0.000000
vt -0.100718 0.424552 0.000000
vt -0.101027 0.411285 0.000000
vt -0.113308 0.424552 0.000000
vt -0.113463 0.411285 0.000000
vt -0.125898 0.424552 0.000000
vt -0.125898 0.411285 0.000000
vt -0.113463 0.398018 0.000000
vt -0.125898 0.398018 0.000000
vt -0.113463 0.384751 0.000000
vt -0.125898 0.384751 0.000000
vt -0.113463 0.371483 0.000000
vt -0.125898 0.371483 0.000000
vt -0.113463 0.358216 0.000000
vt -0.125898 0.358216 0.000000
vt -0.113463 0.344949 0.000000
vt -0.125898 0.344949 0.000000
vt -0.113463 0.331682 0.000000
vt -0.125898 0.331682 0.000000
vt -0.113463 0.318414 0.000000
vt -0.125898 0.318414 0.000000
vt -0.113463 0.305147 0.000000
vt -0.125898 0.305147 0.000000
vt -0.113463 0.291880 0.000000
vt -0.125898 0.291880 0.000000
vt -0.113463 0.278613 0.000000
vt -0.125898 0.278613 0.000000
vt -0.113463 0.265345 0.000000
vt -0.125898 0.265345 0.000000
vt -0.113463 0.252078 0.000000
vt -0.125898 0.252078 0.000000
vt -0.113463 0.238811 0.000000
vt -0.125898 0.238811 0.000000
vt -0.113463 0.225543 0.000000
vt -0.125898 0.225543 0.000000
vt -0.113463 0.212276 0.000000
vt -0.125898 0.212276 0.000000
vt -0.113463 0.199009 0.000000
vt -0.125898 0.199009 0.000000
vt -0.113463 0.185742 0.000000
vt -0.125898 0.185742 0.000000
vt -0.113463 0.172474 0.000000
vt -0.125898 0.172474 0.000000
vt -0.113463 0.159207 0.000000
vt -0.125898 0.159207 0.000000
vt -0.113463 0.145940 0.000000
vt -0.125898 0.145940 0.000000
vt -0.113463 0.132673 0.000000
vt -0.125898 0.132673 0.000000
vt -0.113463 0.119405 0.000000
vt -0.125898 0.119405 0.000000
vt -0.113463 0.106138 0.000000
vt -0.125898 0.106138 0.000000
vt -0.113463 0.092871 0.000000
vt -0.125898 0.092871 0.000000
vt -0.113463 0.079604 0.000000
vt -0.125898 0.079604 0.000000
vt -0.113463 0.066336 0.000000
vt -0.125898 0.066336 0.000000
vt -0.113463 0.053069 0.000000
vt -0.125898 0.053069 0.000000
vt -0.113463 0.039802 0.000000
vt -0.125898 0.039802 0.000000
vt -0.113463 0.026535 0.000000
vt -0.125898 0.026535 0.000000
vt -0.113463 0.013267 0.000000
vt -0.125898 0.013267 0.000000
vt -0.125898 0.000000 0.000000
vt -0.113308 0.000000 0.000000
vt -0.101027 0.013267 0.000000
vt -0.101027 0.026535 0.000000
vt -0.101027 0.039802 0.000000
vt -0.101027 0.053069 0.000000
vt -0.101027 0.066336 0.000000
vt -0.101027 0.079604 0.000000
vt -0.101027 0.092871 0.000000
vt -0.101027 0.106138 0.000000
vt -0.101027 0.119405 0.000000
vt -0.101027 0.132673 0.000000
vt -0.101027 0.145940 0.000000
vt -0.101027 0.159207 0.000000
vt -0.101027 0.172474 0.000000
vt -0.101027 0.185742 0.000000
vt -0.101027 0.199009 0.000000
vt -0.101027 0.212276 0.000000
vt -0.101027 0.225543 0.000000
vt -0.101027 0.238811 0.000000
vt -0.101027 0.252078 0.000000
vt -0.101027 0.265345 0.000000
vt -0.101027 0.278613 0.000000
vt -0.101027 0.291880 0.000000
vt -0.101027 0.305147 0.000000
vt -0.101027 0.318414 0.000000
vt -0.101027 0.331682 0.000000
vt -0.101027 0.344949 0.000000
vt -0.101027 0.358216 0.000000
vt -0.101027 0.371483 0.000000
vt -0.101027 0.384751 0.000000
vt -0.101027 0.398018 0.000000
vt -0.100718 0.000000 0.000000
vt -0.088592 0.013267 0.000000
vt -0.088592 0.026535 0.000000
vt -0.088592 0.039802 0.000000
vt -0.088592 0.053069 0.000000
vt -0.088592 0.066336 0.000000
vt -0.088592 0.079604 0.000000
vt -0.088592 0.092871 0.000000
vt -0.088592 0.106138 0.000000
vt -0.088592 0.119405 0.000000
vt -0.088592 0.132673 0.000000
vt -0.088592 0.145940 0.000000
vt -0.088592 0.159207 0.000000
vt -0.088592 0.172474 0.000000
vt -0.088592 0.185742 0.000000
vt -0.088592 0.199009 0.000000
vt -0.088592 0.212276 0.000000
vt -0.088592 0.225543 0.000000
vt -0.088592 0.238811 0.000000
vt -0.088592 0.252078 0.000000
vt -0.088592 0.265345 0.000000
vt -0.088592 0.278613 0.000000
vt -0.088592 0.291880 0.000000
vt -0.088592 0.305147 0.000000
vt -0.088592 0.318414 0.000000
vt -0.088592 0.331682 0.000000
vt -0.088592 0.344949 0.000000
vt -0.088592 0.358216 0.000000
vt -0.088592 0.371483 0.000000
vt -0.088592 0.384751 0.000000
vt -0.088592 0.398018 0.000000
vt -0.088129 0.000000 0.000000
vt -0.076156 0.013267 0.000000
vt -0.076156 0.026535 0.000000
vt -0.076156 0.039802 0.000000
vt -0.076156 0.053069 0.000000
vt -0.076156 0.066336 0.000000
vt -0.076156 0.079604 0.000000
vt -0.076156 0.092871 0.000000
vt -0.076156 0.106138 0.000000
vt -0.076156 0.119405 0.000000
vt -0.076156 0.132673 0.000000
vt -0.076156 0.145940 0.000000
vt -0.076156 0.159207 0.000000
vt -0.076156 0.172474 0.000000
vt -0.076156 0.185742 0.000000
vt -0.076156 0.199009 0.000000
vt -0.076156 0.212276 0.000000
vt -0.076156 0.225543 0.000000
vt -0.076156 0.238811 0.000000
vt -0.076156 0.252078 0.000000
vt -0.076156 0.265345 0.000000
vt -0.076156 0.278613 0.000000
vt -0.076156 0.291880 0.000000
vt -0.076156 0.305147 0.000000
vt -0.076156 0.318414 0.000000
vt -0.076156 0.331682 0.000000
vt -0.076156 0.344949 0.000000
vt -0.076156 0.358216 0.000000
vt -0.076156 0.371483 0.000000
vt -0.076156 0.384751 0.000000
vt -0.076156 0.398018 0.000000
vt -0.075539 0.000000 0.000000
vt -0.062949 0.013267 0.000000
vt -0.062949 0.026535 0.000000
vt -0.062949 0.039802 0.000000
vt -0.062949 0.053069 0.000000
vt -0.062949 0.066336 0.000000
vt -0.062949 0.079604 0.000000
vt -0.062949 0.092871 0.000000
vt -0.062949 0.106138 0.000000
vt -0.062949 0.119405 0.000000
vt -0.062949 0.132673 0.000000
vt -0.062949 0.145940 0.000000
vt -0.062949 0.159207 0.000000
vt -0.062949 0.172474 0.000000
vt -0.062949 0.185742 0.000000
vt -0.062949 0.199009 0.000000
vt -0.062949 0.212276 0.000000
vt -0.062949 0.225543 0.000000
vt -0.062949 0.238811 0.000000
vt -0.062949 0.252078 0.000000
vt -0.062949 0.265345 0.000000
vt -0.062949 0.278613 0.000000
vt -0.062949 0.291880 0.000000
vt -0.062949 0.305147 0.000000
vt -0.062949 0.318414 0.000000
vt -0.062949 0.331682 0.000000
vt -0.062949 0.344949 0.000000
vt -0.062949 0.358216 0.000000
vt -0.062949 0.371483 0.000000
vt -0.062949 0.384751 0.000000
vt -0.062949 0.398018 0.000000
vt -0.062949 0.000000 0.000000
vt -0.051777 0.013267 0.000000
vt -0.051777 0.026535 0.000000
vt -0.051777 0.039802 0.000000
vt -0.051777 0.053069 0.000000
vt -0.051777 0.066336 0.000000
vt -0.051777 0.079604 0.000000
vt -0.051777 0.092871 0.000000
vt -0.051777 0.106138 0.000000
vt -0.051777 0.119405 0.000000
vt -0.051777 0.132673 0.000000
vt -0.051777 0.145940 0.000000
vt -0.051777 0.159207 0.000000
vt -0.051777 0.172474 0.000000
vt -0.051777 0.185742 0.000000
vt -0.051777 0.199009 0.000000
vt -0.051777 0.212276 0.000000
vt -0.051777 0.225543 0.000000
vt -0.051777 0.238811 0.000000
vt -0.051777 0.252078 0.000000
vt -0.051777 0.265345 0.000000
vt -0.051777 0.278613 0.000000
vt -0.051777 0.291880 0.000000
vt -0.051777 0.305147 0.000000
vt -0.051777 0.318414 0.000000
vt -0.051777 0.331682 0.000000
vt -0.051777 0.344949 0.000000
vt -0.051777 0.358216 0.000000
vt -0.051777 0.371483 0.000000
vt -0.051777 0.384751 0.000000
vt -0.051777 0.398018 0.000000
vt -0.050359 0.000000 0.000000
vt -0.040606 0.013267 0.000000
vt -0.040606 0.026535 0.000000
vt -0.040606 0.039802 0.000000
vt -0.040606 0.053069 0.000000
vt -0.040606 0.066336 0.000000
vt -0.040606 0.079604 0.000000
vt -0.040606 0.092871 0.000000
vt -0.040606 0.106138 0.000000
vt -0.040606 0.119405 0.000000
vt -0.040606 0.132673 0.000000
vt -0.040606 0.145940 0.000000
vt -0.040606 0.159207 0.000000
vt -0.040606 0.172474 0.000000
vt -0.040606 0.185742 0.000000
vt -0.040606 0.199009 0.000000
vt -0.040606 0.212276 0.000000
vt -0.040606 0.225543 0.000000
vt -0.040606 0.238811 0.000000
vt -0.040606 0.252078 0.000000
vt -0.040606 0.265345 0.000000
vt -0.040606 0.278613 0.000000
vt -0.040606 0.291880 0.000000
vt -0.040606 0.305147 0.000000
vt -0.040606 0.318414 0.000000
vt -0.040606 0.331682 0.000000
vt -0.040606 0.344949 0.000000
vt -0.040606 0.358216 0.000000
vt -0.040606 0.371483 0.000000
vt -0.040606 0.384751 0.000000
vt -0.040606 0.398018 0.000000
vt -0.037769 0.000000 0.000000
vt -0.029434 0.013267 0.000000
vt -0.029434 0.026535 0.000000
vt -0.029434 0.039802 0.000000
vt -0.029434 0.053069 0.000000
vt -0.029434 0.066336 0.000000
vt -0.029434 0.079604 0.000000
vt -0.029434 0.092871 0.000000
vt -0.029434 0.106138 0.000000
vt -0.029434 0.119405 0.000000
vt -0.029434 0.132673 0.000000
vt -0.029434 0.145940 0.000000
vt -0.029434 0.159207 0.000000
vt -0.029434 0.172474 0.000000
vt -0.029434 0.185742 0.000000
vt -0.029434 0.199009 0.000000
vt -0.029434 0.212276 0.000000
vt -0.029434 0.225543 0.000000
vt -0.029434 0.238811 0.000000
vt -0.029434 0.252078 0.000000
vt -0.029434 0.265345 0.000000
vt -0.029434 0.278613 0.000000
vt -0.029434 0.291880 0.000000
vt -0.029434 0.305147 0.000000
vt -0.029434 0.318414 0.000000
vt -0.029434 0.331682 0.000000
vt -0.029434 0.344949 0.000000
vt -0.029434 0.358216 0.000000
vt -0.029434 0.371483 0.000000
vt -0.029434 0.384751 0.000000
vt -0.029434 0.398018 0.000000
vt -0.025180 0.000000 0.000000
vt -0.018263 0.013267 0.000000
vt -0.018263 0.026535 0.000000
vt -0.018263 0.039802 0.000000
vt -0.018263 0.053069 0.000000
vt -0.018263 0.066336 0.000000
vt -0.018263 0.079604 0.000000
vt -0.018263 0.092871 0.000000
vt -0.018263 0.106138 0.000000
vt -0.018263 0.119405 0.000000
vt -0.018263 0.132673 0.000000
vt -0.018263 0.145940 0.000000
vt -0.018263 0.159207 0.000000
vt -0.018263 0.172474 0.000000
vt -0.018263 0.185742 0.000000
vt -0.018263 0.199009 0.000000
vt -0.018263 0.212276 0.000000
vt -0.018263 0.225543 0.000000
vt -0.018263 0.238811 0.000000
vt -0.018263 0.252078 0.000000
vt -0.018263 0.265345 0.000000
vt -0.018263 0.278613 0.000000
vt -0.018263 0.291880 0.000000
vt -0.018263 0.305147 0.000000
vt -0.018263 0.318414 0.000000
vt -0.018263 0.331682 0.000000
vt -0.018263 0.344949 0.000000
vt -0.018263 0.358216 0.000000
vt -0.018263 0.371483 0.000000
vt -0.018263 0.384751 0.000000
vt -0.018263 0.398018 0.000000
vt -0.012590 0.000000 0.000000
vt -0.009131 0.013267 0.000000
vt -0.009131 0.026535 0.000000
vt -0.009131 0.039802 0.000000
vt -0.009131 0.053069 0.000000
vt -0.009131 0.066336 0.000000
vt -0.009131 0.079604 0.000000
vt -0.009131 0.092871 0.000000
vt -0.009131 0.106138 0.000000
vt -0.009131 0.119405 0.000000
vt -0.009131 0.132673 0.000000
vt -0.009131 0.145940 0.000000
vt -0.009131 0.159207 0.000000
vt -0.009131 0.172474 0.000000
vt -0.009131 0.185742 0.000000
vt -0.009131 0.199009 0.000000
vt -0.009131 0.212276 0.000000
vt -0.009131 0.225543 0.000000
vt -0.009131 0.238811 0.000000
vt -0.009131 0.252078 0.000000
vt -0.009131 0.265345 0.000000
vt -0.009131 0.278613 0.000000
vt -0.009131 0.291880 0.000000
vt -0.009131 0.305147 0.000000
vt -0.009131 0.318414 0.000000
vt -0.009131 0.331682 0.000000
vt -0.009131 0.344949 0.000000
vt -0.009131 0.358216 0.000000
vt -0.009131 0.371483 0.000000
vt -0.009131 0.384751 0.000000
vt -0.009131 0.398018 0.000000
vt -0.000000 0.000000 0.000000
vt -0.000000 0.013267 0.000000
vt -0.000000 0.026535 0.000000
vt -0.000000 0.039802 0.000000
vt -0.000000 0.053069 0.000000
vt -0.000000 0.066336 0.000000
vt -0.000000 0.079604 0.000000
vt -0.000000 0.092871 0.000000
vt -0.000000 0.106138 0.000000
vt -0.000000 0.119405 0.000000
vt -0.000000 0.132673 0.000000
vt -0.000000 0.145940 0.000000
vt -0.000000 0.159207 0.000000
vt -0.000000 0.172474 0.000000
vt -0.000000 0.185742 0.000000
vt -0.000000 0.199009 0.000000
vt -0.000000 0.212276 0.000000
vt -0.000000 0.225543 0.000000
vt -0.000000 0.238811 0.000000
vt -0.000000 0.252078 0.000000
vt -0.000000 0.265345 0.000000
vt -0.000000 0.278613 0.000000
vt -0.000000 0.291880 0.000000
vt -0.000000 0.305147 0.000000
vt -0.000000 0.318414 0.000000
vt -0.000000 0.331682 0.000000
vt -0.000000 0.344949 0.000000
vt -0.000000 0.358216 0.000000
vt -0.000000 0.371483 0.000000
vt -0.000000 0.384751 0.000000
vt -0.000000 0.398018 0.000000
vt -0.000000 0.000000 0.000000
vt -0.000000 0.017001 0.000000
vt -0.009535 0.008120 0.000000
vt -0.013124 0.017001 0.000000
vt -0.019069 0.008120 0.000000
vt -0.026249 0.017001 0.000000
vt -0.030707 0.008120 0.000000
vt -0.039373 0.017001 0.000000
vt -0.042345 0.008120 0.000000
vt -0.052497 0.017001 0.000000
vt -0.053983 0.008120 0.000000
vt -0.065621 0.017001 0.000000
vt -0.065621 0.008120 0.000000
vt -0.072526 0.008120 0.000000
vt -0.065621 0.000000 0.000000
vt -0.078746 0.000000 0.000000
vt -0.079431 0.008120 0.000000
vt -0.091870 0.000000 0.000000
vt -0.092384 0.008120 0.000000
vt -0.104994 0.000000 0.000000
vt -0.105337 0.008120 0.000000
vt -0.118119 0.000000 0.000000
vt -0.118290 0.008120 0.000000
vt -0.131243 0.000000 0.000000
vt -0.131243 0.008500 0.000000
vt -0.118119 0.017001 0.000000
vt -0.131243 0.017001 0.000000
vt -0.078746 0.017001 0.000000
vt -0.091870 0.017001 0.000000
vt -0.104994 0.017001 0.000000
vt -0.052497 0.000000 0.000000
vt -0.039373 0.000000 0.000000
vt -0.026249 0.000000 0.000000
vt -0.013124 0.000000 0.000000
vt -0.000000 0.000000 0.000000
vt -0.000000 0.017002 0.000000
vt -0.009535 0.008329 0.000000
vt -0.013124 0.017002 0.000000
vt -0.019069 0.008329 0.000000
vt -0.026249 0.017002 0.000000
vt -0.030707 0.008329 0.000000
vt -0.039373 0.017002 0.000000
vt -0.042345 0.008329 0.000000
vt -0.052497 0.017002 0.000000
vt -0.053983 0.008329 0.000000
vt -0.065621 0.017002 0.000000
vt -0.065621 0.008329 0.000000
vt -0.072526 0.008329 0.000000
vt -0.065621 0.000000 0.000000
vt -0.078746 0.000000 0.000000
vt -0.079431 0.008329 0.000000
vt -0.092384 0.008329 0.000000
vt -0.091870 0.017002 0.000000
vt -0.104994 0.017002 0.000000
vt -0.078746 0.017002 0.000000
vt -0.105337 0.008329 0.000000
vt -0.118119 0.017002 0.000000
vt -0.118290 0.008329 0.000000
vt -0.131243 0.017002 0.000000
vt -0.131243 0.008501 0.000000
vt -0.131243 0.000000 0.000000
vt -0.118119 0.000000 0.000000
vt -0.104994 0.000000 0.000000
vt -0.091870 0.000000 0.000000
vt -0.052497 0.000000 0.000000
vt -0.039373 0.000000 0.000000
vt -0.026249 0.000000 0.000000
vt -0.013124 0.000000 0.000000
vt 0.068214 -0.181005 0.000000
vt 0.074915 -0.176635 0.000000
vt 0.068295 -0.171991 0.000000
vt 0.112372 -0.176635 0.000000
vt 0.088679 -0.171991 0.000000
vt 0.109062 -0.171991 0.000000
vt 0.131101 -0.176635 0.000000
vt 0.129446 -0.171991 0.000000
vt 0.149830 -0.171991 0.000000
vt 0.149830 -0.181005 0.000000
vt 0.129426 -0.181005 0.000000
vt 0.109022 -0.181005 0.000000
vt 0.088618 -0.181005 0.000000
vt 0.981287 0.006700 0.000000
vt -0.071287 0.006700 0.000000
vt 0.981287 -0.013699 0.000000
vt -0.071287 -0.013699 0.000000
vt 0.981287 -0.034098 0.000000
vt -0.071287 -0.034098 0.000000
vt 0.981287 -0.054497 0.000000
vt -0.071287 -0.054497 0.000000
vt 0.981287 -0.074896 0.000000
vt -0.071287 -0.074896 0.000000
vt 0.088618 0.181005 0.000000
vt 0.068214 0.181005 0.000000
vt 0.074915 0.176343 0.000000
vt 0.068295 0.171991 0.000000
vt 0.088679 0.171991 0.000000
vt 0.112372 0.176343 0.000000
vt 0.109062 0.171991 0.000000
vt 0.129446 0.171991 0.000000
vt 0.149830 0.171991 0.000000
vt 0.129426 0.181005 0.000000
vt 0.109022 0.181005 0.000000
vt 0.149830 0.181005 0.000000
vt 0.090577 0.171824 0.000000
vt 0.069756 0.171824 0.000000
vt 0.076521 0.164427 0.000000
vt 0.069867 0.162217 0.000000
vt 0.076521 0.157030 0.000000
vt 0.069582 0.152695 0.000000
vt 0.076521 0.149632 0.000000
vt 0.069110 0.143133 0.000000
vt 0.076521 0.142235 0.000000
vt 0.068668 0.133579 0.000000
vt 0.076521 0.134700 0.000000
vt 0.076521 0.127166 0.000000
vt 0.095651 0.127166 0.000000
vt 0.095651 0.119631 0.000000
vt 0.114781 0.119631 0.000000
vt 0.114781 0.112097 0.000000
vt 0.133911 0.112097 0.000000
vt 0.133911 0.104562 0.000000
vt 0.153037 0.107392 0.000000
vt 0.153039 0.096653 0.000000
vt 0.133911 0.097028 0.000000
vt 0.133911 0.089493 0.000000
vt 0.114781 0.097028 0.000000
vt 0.114781 0.089493 0.000000
vt 0.095651 0.097028 0.000000
vt 0.095651 0.089493 0.000000
vt 0.076521 0.097028 0.000000
vt 0.076521 0.089493 0.000000
vt 0.067210 0.095398 0.000000
vt 0.066924 0.085856 0.000000
vt 0.068255 0.124030 0.000000
vt 0.076521 0.119631 0.000000
vt 0.095651 0.112097 0.000000
vt 0.114781 0.104562 0.000000
vt 0.067874 0.114485 0.000000
vt 0.076521 0.112097 0.000000
vt 0.095651 0.104562 0.000000
vt 0.067526 0.104941 0.000000
vt 0.076521 0.104562 0.000000
vt 0.076521 0.081958 0.000000
vt 0.066665 0.076315 0.000000
vt 0.076521 0.074424 0.000000
vt 0.066431 0.066775 0.000000
vt 0.076521 0.066889 0.000000
vt 0.076521 0.059355 0.000000
vt 0.095651 0.059355 0.000000
vt 0.095651 0.051820 0.000000
vt 0.114781 0.051820 0.000000
vt 0.114781 0.044286 0.000000
vt 0.133911 0.044286 0.000000
vt 0.133911 0.036751 0.000000
vt 0.153041 0.042956 0.000000
vt 0.153041 0.032217 0.000000
vt 0.133911 0.029216 0.000000
vt 0.153041 0.021478 0.000000
vt 0.133911 0.021682 0.000000
vt 0.133911 0.010841 0.000000
vt 0.114781 0.021682 0.000000
vt 0.114781 0.010841 0.000000
vt 0.095651 0.021682 0.000000
vt 0.095651 0.010841 0.000000
vt 0.076521 0.021682 0.000000
vt 0.076521 0.010841 0.000000
vt 0.065721 0.019079 0.000000
vt 0.065675 0.009538 0.000000
vt 0.066223 0.057237 0.000000
vt 0.076521 0.051820 0.000000
vt 0.095651 0.044286 0.000000
vt 0.114781 0.036751 0.000000
vt 0.066046 0.047698 0.000000
vt 0.076521 0.044286 0.000000
vt 0.095651 0.036751 0.000000
vt 0.114781 0.029216 0.000000
vt 0.065905 0.038159 0.000000
vt 0.076521 0.036751 0.000000
vt 0.095651 0.029216 0.000000
vt 0.065797 0.028619 0.000000
vt 0.076521 0.029216 0.000000
vt 0.076521 -0.000002 0.000000
vt 0.065657 -0.000002 0.000000
vt 0.065668 -0.009543 0.000000
vt 0.076521 -0.010841 0.000000
vt 0.065710 -0.019083 0.000000
vt 0.076521 -0.021682 0.000000
vt 0.065788 -0.028622 0.000000
vt 0.076521 -0.029216 0.000000
vt 0.076521 -0.036751 0.000000
vt 0.095651 -0.036751 0.000000
vt 0.095651 -0.044286 0.000000
vt 0.114781 -0.044286 0.000000
vt 0.114781 -0.051820 0.000000
vt 0.133911 -0.051820 0.000000
vt 0.133911 -0.059355 0.000000
vt 0.153041 -0.053695 0.000000
vt 0.153041 -0.064434 0.000000
vt 0.133911 -0.066889 0.000000
vt 0.153041 -0.075174 0.000000
vt 0.133911 -0.074424 0.000000
vt 0.133911 -0.081958 0.000000
vt 0.114781 -0.074424 0.000000
vt 0.114781 -0.081958 0.000000
vt 0.095651 -0.074424 0.000000
vt 0.095651 -0.081958 0.000000
vt 0.076521 -0.074424 0.000000
vt 0.076521 -0.081958 0.000000
vt 0.066693 -0.076308 0.000000
vt 0.066950 -0.085850 0.000000
vt 0.065905 -0.038160 0.000000
vt 0.076521 -0.044286 0.000000
vt 0.095651 -0.051820 0.000000
vt 0.114781 -0.059355 0.000000
vt 0.066058 -0.047696 0.000000
vt 0.076521 -0.051820 0.000000
vt 0.095651 -0.059355 0.000000
vt 0.114781 -0.066889 0.000000
vt 0.066244 -0.057231 0.000000
vt 0.076521 -0.059355 0.000000
vt 0.095651 -0.066889 0.000000
vt 0.066457 -0.066768 0.000000
vt 0.076521 -0.066889 0.000000
vt 0.076521 -0.089493 0.000000
vt 0.067233 -0.095393 0.000000
vt 0.076521 -0.097028 0.000000
vt 0.067542 -0.104938 0.000000
vt 0.076521 -0.104562 0.000000
vt 0.076521 -0.112097 0.000000
vt 0.095651 -0.112097 0.000000
vt 0.095651 -0.119631 0.000000
vt 0.114781 -0.119631 0.000000
vt 0.114781 -0.127166 0.000000
vt 0.133911 -0.127166 0.000000
vt 0.133911 -0.134700 0.000000
vt 0.153034 -0.128870 0.000000
vt 0.153034 -0.139608 0.000000
vt 0.133911 -0.142235 0.000000
vt 0.153035 -0.150347 0.000000
vt 0.133911 -0.149632 0.000000
vt 0.133911 -0.157030 0.000000
vt 0.114781 -0.149632 0.000000
vt 0.114781 -0.157030 0.000000
vt 0.095651 -0.149632 0.000000
vt 0.095651 -0.157030 0.000000
vt 0.076521 -0.149632 0.000000
vt 0.076521 -0.157030 0.000000
vt 0.069582 -0.152695 0.000000
vt 0.069867 -0.162217 0.000000
vt 0.067882 -0.114483 0.000000
vt 0.076521 -0.119631 0.000000
vt 0.095651 -0.127166 0.000000
vt 0.114781 -0.134700 0.000000
vt 0.068256 -0.124030 0.000000
vt 0.076521 -0.127166 0.000000
vt 0.095651 -0.134700 0.000000
vt 0.114781 -0.142235 0.000000
vt 0.068667 -0.133579 0.000000
vt 0.076521 -0.134700 0.000000
vt 0.095651 -0.142235 0.000000
vt 0.076521 -0.142235 0.000000
vt 0.069110 -0.143133 0.000000
vt 0.076521 -0.164427 0.000000
vt 0.069756 -0.171824 0.000000
vt 0.090577 -0.171824 0.000000
vt 0.111398 -0.171824 0.000000
vt 0.095651 -0.164427 0.000000
vt 0.132219 -0.171824 0.000000
vt 0.114781 -0.164427 0.000000
vt 0.153040 -0.171824 0.000000
vt 0.133911 -0.164427 0.000000
vt 0.153036 -0.161085 0.000000
vt 0.153036 -0.118131 0.000000
vt 0.133911 -0.119631 0.000000
vt 0.114781 -0.112097 0.000000
vt 0.095651 -0.104562 0.000000
vt 0.133911 -0.112097 0.000000
vt 0.153037 -0.107392 0.000000
vt 0.133911 -0.104562 0.000000
vt 0.153039 -0.096653 0.000000
vt 0.133911 -0.097028 0.000000
vt 0.133911 -0.089493 0.000000
vt 0.114781 -0.089493 0.000000
vt 0.153040 -0.085913 0.000000
vt 0.153041 -0.042956 0.000000
vt 0.133911 -0.044286 0.000000
vt 0.114781 -0.036751 0.000000
vt 0.095651 -0.029216 0.000000
vt 0.133911 -0.036751 0.000000
vt 0.153041 -0.032217 0.000000
vt 0.133911 -0.029216 0.000000
vt 0.153041 -0.021478 0.000000
vt 0.133911 -0.021682 0.000000
vt 0.133911 -0.010841 0.000000
vt 0.114781 -0.010841 0.000000
vt 0.114781 -0.000001 0.000000
vt 0.095651 -0.000002 0.000000
vt 0.153041 -0.010739 0.000000
vt 0.133911 -0.000001 0.000000
vt 0.153041 0.000000 0.000000
vt 0.153041 0.010739 0.000000
vt 0.153041 0.053695 0.000000
vt 0.133911 0.051820 0.000000
vt 0.114781 0.059355 0.000000
vt 0.095651 0.066889 0.000000
vt 0.133911 0.059355 0.000000
vt 0.153041 0.064434 0.000000
vt 0.133911 0.066889 0.000000
vt 0.153041 0.075174 0.000000
vt 0.133911 0.074424 0.000000
vt 0.133911 0.081958 0.000000
vt 0.114781 0.081958 0.000000
vt 0.153040 0.085913 0.000000
vt 0.153036 0.118131 0.000000
vt 0.133911 0.119631 0.000000
vt 0.114781 0.127166 0.000000
vt 0.095651 0.134700 0.000000
vt 0.153034 0.128870 0.000000
vt 0.133911 0.127166 0.000000
vt 0.114781 0.134700 0.000000
vt 0.095651 0.142235 0.000000
vt 0.133911 0.134700 0.000000
vt 0.153034 0.139608 0.000000
vt 0.133911 0.142235 0.000000
vt 0.153035 0.150347 0.000000
vt 0.133911 0.149632 0.000000
vt 0.133911 0.157030 0.000000
vt 0.114781 0.157030 0.000000
vt 0.114781 0.164427 0.000000
vt 0.095651 0.164427 0.000000
vt 0.111398 0.171824 0.000000
vt 0.153036 0.161085 0.000000
vt 0.133911 0.164427 0.000000
vt 0.132219 0.171824 0.000000
vt 0.153040 0.171824 0.000000
vt 0.095651 0.157030 0.000000
vt 0.095651 0.149632 0.000000
vt 0.114781 0.149632 0.000000
vt 0.114781 0.142235 0.000000
vt 0.095651 0.081958 0.000000
vt 0.095651 0.074424 0.000000
vt 0.114781 0.074424 0.000000
vt 0.114781 0.066889 0.000000
vt 0.095651 -0.010841 0.000000
vt 0.114781 -0.021682 0.000000
vt 0.095651 -0.021682 0.000000
vt 0.114781 -0.029216 0.000000
vt 0.095651 -0.089493 0.000000
vt 0.095651 -0.097028 0.000000
vt 0.114781 -0.097028 0.000000
vt 0.114781 -0.104562 0.000000
vt 0.068214 -0.181005 0.000000
vt 0.074915 -0.176635 0.000000
vt 0.068295 -0.171991 0.000000
vt 0.112372 -0.176635 0.000000
vt 0.088679 -0.171991 0.000000
vt 0.109062 -0.171991 0.000000
vt 0.131101 -0.176635 0.000000
vt 0.129446 -0.171991 0.000000
vt 0.149830 -0.171991 0.000000
vt 0.149830 -0.181005 0.000000
vt 0.129426 -0.181005 0.000000
vt 0.109022 -0.181005 0.000000
vt 0.088618 -0.181005 0.000000
vt -0.006700 -0.071287 0.000000
vt 0.013699 -0.071287 0.000000
vt -0.006700 0.981287 0.000000
vt 0.013699 0.981287 0.000000
vt 0.034098 -0.071287 0.000000
vt 0.034098 0.981287 0.000000
vt 0.054497 -0.071287 0.000000
vt 0.054497 0.981287 0.000000
vt 0.074896 -0.071287 0.000000
vt 0.074896 0.981287 0.000000
vt 0.088618 0.181005 0.000000
vt 0.068214 0.181005 0.000000
vt 0.074915 0.176343 0.000000
vt 0.068295 0.171991 0.000000
vt 0.088679 0.171991 0.000000
vt 0.112372 0.176343 0.000000
vt 0.109062 0.171991 0.000000
vt 0.129446 0.171991 0.000000
vt 0.149830 0.171991 0.000000
vt 0.129426 0.181005 0.000000
vt 0.109022 0.181005 0.000000
vt 0.149830 0.181005 0.000000
vt 0.090577 0.171824 0.000000
vt 0.069756 0.171824 0.000000
vt 0.076521 0.164427 0.000000
vt 0.069867 0.162217 0.000000
vt 0.076521 0.157030 0.000000
vt 0.069582 0.152695 0.000000
vt 0.076521 0.149632 0.000000
vt 0.069110 0.143133 0.000000
vt 0.076521 0.142235 0.000000
vt 0.068668 0.133579 0.000000
vt 0.076521 0.134700 0.000000
vt 0.076521 0.127166 0.000000
vt 0.095651 0.127166 0.000000
vt 0.095651 0.119631 0.000000
vt 0.114781 0.119631 0.000000
vt 0.114781 0.112097 0.000000
vt 0.133911 0.112097 0.000000
vt 0.133911 0.104562 0.000000
vt 0.153037 0.107392 0.000000
vt 0.153039 0.096653 0.000000
vt 0.133911 0.097028 0.000000
vt 0.133911 0.089493 0.000000
vt 0.114781 0.097028 0.000000
vt 0.114781 0.089493 0.000000
vt 0.095651 0.097028 0.000000
vt 0.095651 0.089493 0.000000
vt 0.076521 0.097028 0.000000
vt 0.076521 0.089493 0.000000
vt 0.067210 0.095398 0.000000
vt 0.066924 0.085856 0.000000
vt 0.068255 0.124030 0.000000
vt 0.076521 0.119631 0.000000
vt 0.095651 0.112097 0.000000
vt 0.114781 0.104562 0.000000
vt 0.067874 0.114485 0.000000
vt 0.076521 0.112097 0.000000
vt 0.095651 0.104562 0.000000
vt 0.067526 0.104941 0.000000
vt 0.076521 0.104562 0.000000
vt 0.076521 0.081958 0.000000
vt 0.066665 0.076315 0.000000
vt 0.076521 0.074424 0.000000
vt 0.066431 0.066775 0.000000
vt 0.076521 0.066889 0.000000
vt 0.076521 0.059355 0.000000
vt 0.095651 0.059355 0.000000
vt 0.095651 0.051820 0.000000
vt 0.114781 0.051820 0.000000
vt 0.114781 0.044286 0.000000
vt 0.133911 0.044286 0.000000
vt 0.133911 0.036751 0.000000
vt 0.153041 0.042956 0.000000
vt 0.153041 0.032217 0.000000
vt 0.133911 0.029216 0.000000
vt 0.153041 0.021478 0.000000
vt 0.133911 0.021682 0.000000
vt 0.133911 0.010841 0.000000
vt 0.114781 0.021682 0.000000
vt 0.114781 0.010841 0.000000
vt 0.095651 0.021682 0.000000
vt 0.095651 0.010841 0.000000
vt 0.076521 0.021682 0.000000
vt 0.076521 0.010841 0.000000
vt 0.065721 0.019079 0.000000
vt 0.065675 0.009538 0.000000
vt 0.066223 0.057237 0.000000
vt 0.076521 0.051820 0.000000
vt 0.095651 0.044286 0.000000
vt 0.114781 0.036751 0.000000
vt 0.066046 0.047698 0.000000
vt 0.076521 0.044286 0.000000
vt 0.095651 0.036751 0.000000
vt 0.114781 0.029216 0.000000
vt 0.065905 0.038159 0.000000
vt 0.076521 0.036751 0.000000
vt 0.095651 0.029216 0.000000
vt 0.065797 0.028619 0.000000
vt 0.076521 0.029216 0.000000
vt 0.076521 -0.000002 0.000000
vt 0.065657 -0.000002 0.000000
vt 0.065668 -0.009543 0.000000
vt 0.076521 -0.010841 0.000000
vt 0.065710 -0.019083 0.000000
vt 0.076521 -0.021682 0.000000
vt 0.065788 -0.028622 0.000000
vt 0.076521 -0.029216 0.000000
vt 0.076521 -0.036751 0.000000
vt 0.095651 -0.036751 0.000000
vt 0.095651 -0.044286 0.000000
vt 0.114781 -0.044286 0.000000
vt 0.114781 -0.051820 0.000000
vt 0.133911 -0.051820 0.000000
vt 0.133911 -0.059355 0.000000
vt 0.153041 -0.053695 0.000000
vt 0.153041 -0.064434 0.000000
vt 0.133911 -0.066889 0.000000
vt 0.153041 -0.075174 0.000000
vt 0.133911 -0.074424 0.000000
vt 0.133911 -0.081958 0.000000
vt 0.114781 -0.074424 0.000000
vt 0.114781 -0.081958 0.000000
vt 0.095651 -0.074424 0.000000
vt 0.095651 -0.081958 0.000000
vt 0.076521 -0.074424 0.000000
vt 0.076521 -0.081958 0.000000
vt 0.066693 -0.076308 0.000000
vt 0.066950 -0.085850 0.000000
vt 0.065905 -0.038160 0.000000
vt 0.076521 -0.044286 0.000000
vt 0.095651 -0.051820 0.000000
vt 0.114781 -0.059355 0.000000
vt 0.066058 -0.047696 0.000000
vt 0.076521 -0.051820 0.000000
vt 0.095651 -0.059355 0.000000
vt 0.114781 -0.066889 0.000000
vt 0.066244 -0.057231 0.000000
vt 0.076521 -0.059355 0.000000
vt 0.095651 -0.066889 0.000000
vt 0.066457 -0.066768 0.000000
vt 0.076521 -0.066889 0.000000
vt 0.076521 -0.089493 0.000000
vt 0.067233 -0.095393 0.000000
vt 0.076521 -0.097028 0.000000
vt 0.067542 -0.104938 0.000000
vt 0.076521 -0.104562 0.000000
vt 0.076521 -0.112097 0.000000
vt 0.095651 -0.112097 0.000000
vt 0.095651 -0.119631 0.000000
vt 0.114781 -0.119631 0.000000
vt 0.114781 -0.127166 0.000000
vt 0.133911 -0.127166 0.000000
vt 0.133911 -0.134700 0.000000
vt 0.153034 -0.128870 0.000000
vt 0.153034 -0.139608 0.000000
vt 0.133911 -0.142235 0.000000
vt 0.153035 -0.150347 0.000000
vt 0.133911 -0.149632 0.000000
vt 0.133911 -0.157030 0.000000
vt 0.114781 -0.149632 0.000000
vt 0.114781 -0.157030 0.000000
vt 0.095651 -0.149632 0.000000
vt 0.095651 -0.157030 0.000000
vt 0.076521 -0.149632 0.000000
vt 0.076521 -0.157030 0.000000
vt 0.069582 -0.152695 0.000000
vt 0.069867 -0.162217 0.000000
vt 0.067882 -0.114483 0.000000
vt 0.076521 -0.119631 0.000000
vt 0.095651 -0.127166 0.000000
vt 0.114781 -0.134700 0.000000
vt 0.068256 -0.124030 0.000000
vt 0.076521 -0.127166 0.000000
vt 0.095651 -0.134700 0.000000
vt 0.114781 -0.142235 0.000000
vt 0.068667 -0.133579 0.000000
vt 0.076521 -0.134700 0.000000
vt 0.095651 -0.142235 0.000000
vt 0.076521 -0.142235 0.000000
vt 0.069110 -0.143133 0.000000
vt 0.076521 -0.164427 0.000000
vt 0.069756 -0.171824 0.000000
vt 0.090577 -0.171824 0.000000
vt 0.111398 -0.171824 0.000000
vt 0.095651 -0.164427 0.000000
vt 0.132219 -0.171824 0.000000
vt 0.114781 -0.164427 0.000000
vt 0.153040 -0.171824 0.000000
vt 0.133911 -0.164427 0.000000
vt 0.153036 -0.161085 0.000000
vt 0.153036 -0.118131 0.000000
vt 0.133911 -0.119631 0.000000
vt 0.114781 -0.112097 0.000000
vt 0.095651 -0.104562 0.000000
vt 0.133911 -0.112097 0.000000
vt 0.153037 -0.107392 0.000000
vt 0.133911 -0.104562 0.000000
vt 0.153039 -0.096653 0.000000
vt 0.133911 -0.097028 0.000000
vt 0.133911 -0.089493 0.000000
vt 0.114781 -0.089493 0.000000
vt 0.153040 -0.085913 0.000000
vt 0.153041 -0.042956 0.000000
vt 0.133911 -0.044286 0.000000
vt 0.114781 -0.036751 0.000000
vt 0.095651 -0.029216 0.000000
vt 0.133911 -0.036751 0.000000
vt 0.153041 -0.032217 0.000000
vt 0.133911 -0.029216 0.000000
vt 0.153041 -0.021478 0.000000
vt 0.133911 -0.021682 0.000000
vt 0.133911 -0.010841 0.000000
vt 0.114781 -0.010841 0.000000
vt 0.114781 -0.000001 0.000000
vt 0.095651 -0.000002 0.000000
vt 0.153041 -0.010739 0.000000
vt 0.133911 -0.000001 0.000000
vt 0.153041 0.000000 0.000000
vt 0.153041 0.010739 0.000000
vt 0.153041 0.053695 0.000000
vt 0.133911 0.051820 0.000000
vt 0.114781 0.059355 0.000000
vt 0.095651 0.066889 0.000000
vt 0.133911 0.059355 0.000000
vt 0.153041 0.064434 0.000000
vt 0.133911 0.066889 0.000000
vt 0.153041 0.075174 0.000000
vt 0.133911 0.074424 0.000000
vt 0.133911 0.081958 0.000000
vt 0.114781 0.081958 0.000000
vt 0.153040 0.085913 0.000000
vt 0.153036 0.118131 0.000000
vt 0.133911 0.119631 0.000000
vt 0.114781 0.127166 0.000000
vt 0.095651 0.134700 0.000000
vt 0.153034 0.128870 0.000000
vt 0.133911 0.127166 0.000000
vt 0.114781 0.134700 0.000000
vt 0.095651 0.142235 0.000000
vt 0.133911 0.134700 0.000000
vt 0.153034 0.139608 0.000000
vt 0.133911 0.142235 0.000000
vt 0.153035 0.150347 0.000000
vt 0.133911 0.149632 0.000000
vt 0.133911 0.157030 0.000000
vt 0.114781 0.157030 0.000000
vt 0.114781 0.164427 0.000000
vt 0.095651 0.164427 0.000000
vt 0.111398 0.171824 0.000000
vt 0.153036 0.161085 0.000000
vt 0.133911 0.164427 0.000000
vt 0.132219 0.171824 0.000000
vt 0.153040 0.171824 0.000000
vt 0.095651 0.157030 0.000000
vt 0.095651 0.149632 0.000000
vt 0.114781 0.149632 0.000000
vt 0.114781 0.142235 0.000000
vt 0.095651 0.081958 0.000000
vt 0.095651 0.074424 0.000000
vt 0.114781 0.074424 0.000000
vt 0.114781 0.066889 0.000000
vt 0.095651 -0.010841 0.000000
vt 0.114781 -0.021682 0.000000
vt 0.095651 -0.021682 0.000000
vt 0.114781 -0.029216 0.000000
vt 0.095651 -0.089493 0.000000
vt 0.095651 -0.097028 0.000000
vt 0.114781 -0.097028 0.000000
vt 0.114781 -0.104562 0.000000
vt -0.374756 0.537014 0.000000
vt -0.383713 0.537061 0.000000
vt -0.363135 0.536406 0.000000
vt -0.297764 -0.000000 0.000000
vt -1.436287 0.537061 0.000000
vt -1.522236 0.000000 0.000000
vt -1.456865 0.536406 0.000000
vt -1.445244 0.537014 0.000000
vt -0.465088 0.219005 0.000000
vt -0.188641 0.215438 0.000000
vt -0.466310 0.233392 0.000000
vt 0.076109 0.216103 0.000000
vt 0.074065 0.233392 0.000000
vt -0.463933 0.204584 0.000000
vt -0.188641 0.197485 0.000000
vt 0.078023 0.198815 0.000000
vt 0.079801 0.181527 0.000000
vt -0.188641 0.179532 0.000000
vt 0.081437 0.164238 0.000000
vt -0.188641 0.161579 0.000000
vt 0.082924 0.146950 0.000000
vt -0.188641 0.143626 0.000000
vt 0.084260 0.129662 0.000000
vt -0.188641 0.125672 0.000000
vt 0.085438 0.112374 0.000000
vt -0.188641 0.107719 0.000000
vt 0.086455 0.095085 0.000000
vt -0.188641 0.089766 0.000000
vt 0.087308 0.077797 0.000000
vt -0.188641 0.071813 0.000000
vt 0.087994 0.060509 0.000000
vt -0.188641 0.053860 0.000000
vt 0.088510 0.043221 0.000000
vt -0.188641 0.035906 0.000000
vt 0.088856 0.025932 0.000000
vt -0.188641 0.017953 0.000000
vt 0.089028 0.008644 0.000000
vt -0.188641 0.000002 0.000000
vt 0.089028 -0.008644 0.000000
vt -0.188641 -0.017953 0.000000
vt 0.088856 -0.025932 0.000000
vt -0.188641 -0.035906 0.000000
vt 0.088510 -0.043221 0.000000
vt -0.188641 -0.053860 0.000000
vt 0.087994 -0.060509 0.000000
vt -0.188641 -0.071813 0.000000
vt 0.087308 -0.077797 0.000000
vt -0.188641 -0.089766 0.000000
vt 0.086455 -0.095085 0.000000
vt -0.188641 -0.107719 0.000000
vt 0.085438 -0.112374 0.000000
vt -0.188641 -0.125672 0.000000
vt 0.084260 -0.129662 0.000000
vt -0.188641 -0.143626 0.000000
vt 0.082924 -0.146950 0.000000
vt -0.188641 -0.161579 0.000000
vt 0.081437 -0.164238 0.000000
vt -0.188641 -0.179532 0.000000
vt 0.079801 -0.181527 0.000000
vt -0.188641 -0.197485 0.000000
vt 0.078023 -0.198815 0.000000
vt -0.188641 -0.215438 0.000000
vt 0.076109 -0.216103 0.000000
vt 0.074065 -0.233392 0.000000
vt -0.465088 -0.219004 0.000000
vt -0.466310 -0.233392 0.000000
vt -0.462846 0.190129 0.000000
vt -0.461830 0.175640 0.000000
vt -0.460888 0.161119 0.000000
vt -0.460020 0.146568 0.000000
vt -0.459229 0.131990 0.000000
vt -0.458515 0.117387 0.000000
vt -0.457880 0.102765 0.000000
vt -0.457327 0.088124 0.000000
vt -0.456855 0.073469 0.000000
vt -0.456468 0.058799 0.000000
vt -0.456166 0.044114 0.000000
vt -0.455951 0.029416 0.000000
vt -0.455822 0.014712 0.000000
vt -0.455780 0.000004 0.000000
vt -0.455823 -0.014704 0.000000
vt -0.455953 -0.029410 0.000000
vt -0.456168 -0.044109 0.000000
vt -0.456468 -0.058798 0.000000
vt -0.456853 -0.073475 0.000000
vt -0.457323 -0.088136 0.000000
vt -0.457875 -0.102778 0.000000
vt -0.458510 -0.117400 0.000000
vt -0.459224 -0.131999 0.000000
vt -0.460016 -0.146575 0.000000
vt -0.460885 -0.161123 0.000000
vt -0.461829 -0.175642 0.000000
vt -0.462846 -0.190129 0.000000
vt -0.463933 -0.204583 0.000000
vt -0.374756 0.537014 0.000000
vt -0.383713 0.537061 0.000000
vt -0.363135 0.536406 0.000000
vt -0.297764 -0.000000 0.000000
vt -1.436287 0.537061 0.000000
vt -1.522236 0.000000 0.000000
vt -1.456865 0.536406 0.000000
vt -1.445244 0.537014 0.000000
vt -0.465088 0.219005 0.000000
vt -0.188641 0.215438 0.000000
vt -0.466310 0.233392 0.000000
vt 0.076109 0.216103 0.000000
vt 0.074065 0.233392 0.000000
vt -0.463933 0.204584 0.000000
vt -0.188641 0.197485 0.000000
vt 0.078023 0.198815 0.000000
vt 0.079801 0.181527 0.000000
vt -0.188641 0.179532 0.000000
vt 0.081437 0.164238 0.000000
vt -0.188641 0.161579 0.000000
vt 0.082924 0.146950 0.000000
vt -0.188641 0.143626 0.000000
vt 0.084260 0.129662 0.000000
vt -0.188641 0.125672 0.000000
vt 0.085438 0.112374 0.000000
vt -0.188641 0.107719 0.000000
vt 0.086455 0.095085 0.000000
vt -0.188641 0.089766 0.000000
vt 0.087308 0.077797 0.000000
vt -0.188641 0.071813 0.000000
vt 0.087994 0.060509 0.000000
vt -0.188641 0.053860 0.000000
vt 0.088510 0.043221 0.000000
vt -0.188641 0.035906 0.000000
vt 0.088856 0.025932 0.000000
vt -0.188641 0.017953 0.000000
vt 0.089028 0.008644 0.000000
vt -0.188641 0.000002 0.000000
vt 0.089028 -0.008644 0.000000
vt -0.188641 -0.017953 0.000000
vt 0.088856 -0.025932 0.000000
vt -0.188641 -0.035906 0.000000
vt 0.088510 -0.043221 0.000000
vt -0.188641 -0.053860 0.000000
vt 0.087994 -0.060509 0.000000
vt -0.188641 -0.071813 0.000000
vt 0.087308 -0.077797 0.000000
vt -0.188641 -0.089766 0.000000
vt 0.086455 -0.095085 0.000000
vt -0.188641 -0.107719 0.000000
vt 0.085438 -0.112374 0.000000
vt -0.188641 -0.125672 0.000000
vt 0.084260 -0.129662 0.000000
vt -0.188641 -0.143626 0.000000
vt 0.082924 -0.146950 0.000000
vt -0.188641 -0.161579 0.000000
vt 0.081437 -0.164238 0.000000
vt -0.188641 -0.179532 0.000000
vt 0.079801 -0.181527 0.000000
vt -0.188641 -0.197485 0.000000
vt 0.078023 -0.198815 0.000000
vt -0.188641 -0.215438 0.000000
vt 0.076109 -0.216103 0.000000
vt 0.074065 -0.233392 0.000000
vt -0.465088 -0.219004 0.000000
vt -0.466310 -0.233392 0.000000
vt -0.462846 0.190129 0.000000
vt -0.461830 0.175640 0.000000
vt -0.460888 0.161119 0.000000
vt -0.460020 0.146568 0.000000
vt -0.459229 0.131990 0.000000
vt -0.458515 0.117387 0.000000
vt -0.457880 0.102765 0.000000
vt -0.457327 0.088124 0.000000
vt -0.456855 0.073469 0.000000
vt -0.456468 0.058799 0.000000
vt -0.456166 0.044114 0.000000
vt -0.455951 0.029416 0.000000
vt -0.455822 0.014712 0.000000
vt -0.455780 0.000004 0.000000
vt -0.455823 -0.014704 0.000000
vt -0.455953 -0.029410 0.000000
vt -0.456168 -0.044109 0.000000
vt -0.456468 -0.058798 0.000000
vt -0.456853 -0.073475 0.000000
vt -0.457323 -0.088136 0.000000
vt -0.457875 -0.102778 0.000000
vt -0.458510 -0.117400 0.000000
vt -0.459224 -0.131999 0.000000
vt -0.460016 -0.146575 0.000000
vt -0.460885 -0.161123 0.000000
vt -0.461829 -0.175642 0.000000
vt -0.462846 -0.190129 0.000000
vt -0.463933 -0.204583 0.000000
vt 0.069867 -0.162217 0.000000
vt 0.076521 -0.157030 0.000000
vt 0.069582 -0.152695 0.000000
vt 0.076521 -0.149632 0.000000
vt 0.069110 -0.143133 0.000000
vt 0.076521 -0.142235 0.000000
vt 0.068667 -0.133579 0.000000
vt 0.076521 -0.134700 0.000000
vt 0.076521 -0.127166 0.000000
vt 0.095651 -0.134700 0.000000
vt 0.095651 -0.127166 0.000000
vt 0.114781 -0.134700 0.000000
vt 0.114781 -0.127166 0.000000
vt 0.133911 -0.134700 0.000000
vt 0.133911 -0.127166 0.000000
vt 0.153034 -0.128870 0.000000
vt 0.153036 -0.118131 0.000000
vt 0.076521 -0.164427 0.000000
vt 0.069756 -0.171824 0.000000
vt 0.090577 -0.171824 0.000000
vt 0.111398 -0.171824 0.000000
vt 0.095651 -0.164427 0.000000
vt 0.095651 -0.157030 0.000000
vt 0.095651 -0.149632 0.000000
vt 0.095651 -0.142235 0.000000
vt 0.132219 -0.171824 0.000000
vt 0.114781 -0.164427 0.000000
vt 0.114781 -0.157030 0.000000
vt 0.114781 -0.149632 0.000000
vt 0.114781 -0.142235 0.000000
vt 0.153040 -0.171824 0.000000
vt 0.133911 -0.164427 0.000000
vt 0.133911 -0.157030 0.000000
vt 0.133911 -0.149632 0.000000
vt 0.133911 -0.142235 0.000000
vt 0.153036 -0.161085 0.000000
vt 0.153035 -0.150347 0.000000
vt 0.153034 -0.139608 0.000000
vt 0.153037 -0.107392 0.000000
vt 0.133911 -0.112097 0.000000
vt 0.133911 -0.119631 0.000000
vt 0.114781 -0.119631 0.000000
vt 0.095651 -0.119631 0.000000
vt 0.076521 -0.119631 0.000000
vt 0.068256 -0.124030 0.000000
vt 0.133911 -0.104562 0.000000
vt 0.153039 -0.096653 0.000000
vt 0.133911 -0.097028 0.000000
vt 0.133911 -0.089493 0.000000
vt 0.114781 -0.089493 0.000000
vt 0.114781 -0.081958 0.000000
vt 0.095651 -0.081958 0.000000
vt 0.095651 -0.074424 0.000000
vt 0.076521 -0.074424 0.000000
vt 0.076521 -0.066889 0.000000
vt 0.066457 -0.066768 0.000000
vt 0.076521 -0.059355 0.000000
vt 0.066244 -0.057231 0.000000
vt 0.076521 -0.051820 0.000000
vt 0.066058 -0.047696 0.000000
vt 0.076521 -0.044286 0.000000
vt 0.065905 -0.038160 0.000000
vt 0.076521 -0.036751 0.000000
vt 0.065788 -0.028622 0.000000
vt 0.076521 -0.029216 0.000000
vt 0.076521 -0.021682 0.000000
vt 0.095651 -0.029216 0.000000
vt 0.095651 -0.021682 0.000000
vt 0.114781 -0.029216 0.000000
vt 0.114781 -0.021682 0.000000
vt 0.133911 -0.029216 0.000000
vt 0.133911 -0.021682 0.000000
vt 0.153041 -0.021478 0.000000
vt 0.133911 -0.010841 0.000000
vt 0.153041 -0.010739 0.000000
vt 0.133911 -0.000001 0.000000
vt 0.153041 0.000000 0.000000
vt 0.153041 0.010739 0.000000
vt 0.153040 -0.085913 0.000000
vt 0.133911 -0.081958 0.000000
vt 0.114781 -0.074424 0.000000
vt 0.095651 -0.066889 0.000000
vt 0.153041 -0.075174 0.000000
vt 0.133911 -0.074424 0.000000
vt 0.114781 -0.066889 0.000000
vt 0.095651 -0.059355 0.000000
vt 0.133911 -0.066889 0.000000
vt 0.153041 -0.064434 0.000000
vt 0.133911 -0.059355 0.000000
vt 0.153041 -0.053695 0.000000
vt 0.133911 -0.051820 0.000000
vt 0.153041 -0.042956 0.000000
vt 0.133911 -0.044286 0.000000
vt 0.133911 -0.036751 0.000000
vt 0.114781 -0.036751 0.000000
vt 0.153041 -0.032217 0.000000
vt 0.133911 0.010841 0.000000
vt 0.153041 0.021478 0.000000
vt 0.133911 0.021682 0.000000
vt 0.133911 0.029216 0.000000
vt 0.114781 0.029216 0.000000
vt 0.114781 0.036751 0.000000
vt 0.095651 0.036751 0.000000
vt 0.095651 0.044286 0.000000
vt 0.076521 0.044286 0.000000
vt 0.076521 0.051820 0.000000
vt 0.066046 0.047698 0.000000
vt 0.066223 0.057237 0.000000
vt 0.076521 0.059355 0.000000
vt 0.066431 0.066775 0.000000
vt 0.076521 0.066889 0.000000
vt 0.076521 0.074424 0.000000
vt 0.095651 0.066889 0.000000
vt 0.095651 0.074424 0.000000
vt 0.114781 0.066889 0.000000
vt 0.114781 0.074424 0.000000
vt 0.133911 0.066889 0.000000
vt 0.133911 0.074424 0.000000
vt 0.153041 0.075174 0.000000
vt 0.133911 0.081958 0.000000
vt 0.153040 0.085913 0.000000
vt 0.133911 0.089493 0.000000
vt 0.153039 0.096653 0.000000
vt 0.133911 0.097028 0.000000
vt 0.133911 0.104562 0.000000
vt 0.114781 0.104562 0.000000
vt 0.114781 0.112097 0.000000
vt 0.095651 0.112097 0.000000
vt 0.095651 0.119631 0.000000
vt 0.076521 0.119631 0.000000
vt 0.076521 0.127166 0.000000
vt 0.068255 0.124030 0.000000
vt 0.068668 0.133579 0.000000
vt 0.076521 0.134700 0.000000
vt 0.076521 0.142235 0.000000
vt 0.095651 0.134700 0.000000
vt 0.095651 0.142235 0.000000
vt 0.114781 0.134700 0.000000
vt 0.114781 0.142235 0.000000
vt 0.133911 0.134700 0.000000
vt 0.133911 0.142235 0.000000
vt 0.153034 0.139608 0.000000
vt 0.153035 0.150347 0.000000
vt 0.153041 0.032217 0.000000
vt 0.133911 0.036751 0.000000
vt 0.114781 0.044286 0.000000
vt 0.095651 0.051820 0.000000
vt 0.153041 0.042956 0.000000
vt 0.133911 0.044286 0.000000
vt 0.114781 0.051820 0.000000
vt 0.095651 0.059355 0.000000
vt 0.153041 0.053695 0.000000
vt 0.133911 0.051820 0.000000
vt 0.114781 0.059355 0.000000
vt 0.133911 0.059355 0.000000
vt 0.153041 0.064434 0.000000
vt 0.153037 0.107392 0.000000
vt 0.133911 0.112097 0.000000
vt 0.114781 0.119631 0.000000
vt 0.095651 0.127166 0.000000
vt 0.153036 0.118131 0.000000
vt 0.133911 0.119631 0.000000
vt 0.114781 0.127166 0.000000
vt 0.153034 0.128870 0.000000
vt 0.133911 0.127166 0.000000
vt 0.153036 0.161085 0.000000
vt 0.133911 0.157030 0.000000
vt 0.133911 0.149632 0.000000
vt 0.114781 0.149632 0.000000
vt 0.095651 0.149632 0.000000
vt 0.076521 0.149632 0.000000
vt 0.069110 0.143133 0.000000
vt 0.133911 0.164427 0.000000
vt 0.153040 0.171824 0.000000
vt 0.132219 0.171824 0.000000
vt 0.114781 0.164427 0.000000
vt 0.111398 0.171824 0.000000
vt 0.095651 0.164427 0.000000
vt 0.090577 0.171824 0.000000
vt 0.076521 0.164427 0.000000
vt 0.069756 0.171824 0.000000
vt 0.069867 0.162217 0.000000
vt 0.076521 0.157030 0.000000
vt 0.069582 0.152695 0.000000
vt 0.067874 0.114485 0.000000
vt 0.076521 0.112097 0.000000
vt 0.095651 0.104562 0.000000
vt 0.114781 0.097028 0.000000
vt 0.067526 0.104941 0.000000
vt 0.076521 0.104562 0.000000
vt 0.095651 0.097028 0.000000
vt 0.114781 0.089493 0.000000
vt 0.076521 0.097028 0.000000
vt 0.067210 0.095398 0.000000
vt 0.076521 0.089493 0.000000
vt 0.066924 0.085856 0.000000
vt 0.076521 0.081958 0.000000
vt 0.066665 0.076315 0.000000
vt 0.065905 0.038159 0.000000
vt 0.076521 0.036751 0.000000
vt 0.095651 0.029216 0.000000
vt 0.114781 0.021682 0.000000
vt 0.065797 0.028619 0.000000
vt 0.076521 0.029216 0.000000
vt 0.095651 0.021682 0.000000
vt 0.114781 0.010841 0.000000
vt 0.076521 0.021682 0.000000
vt 0.065721 0.019079 0.000000
vt 0.076521 0.010841 0.000000
vt 0.065675 0.009538 0.000000
vt 0.076521 -0.000002 0.000000
vt 0.065657 -0.000002 0.000000
vt 0.065668 -0.009543 0.000000
vt 0.076521 -0.010841 0.000000
vt 0.065710 -0.019083 0.000000
vt 0.066693 -0.076308 0.000000
vt 0.076521 -0.081958 0.000000
vt 0.095651 -0.089493 0.000000
vt 0.114781 -0.097028 0.000000
vt 0.066950 -0.085850 0.000000
vt 0.076521 -0.089493 0.000000
vt 0.095651 -0.097028 0.000000
vt 0.114781 -0.104562 0.000000
vt 0.067233 -0.095393 0.000000
vt 0.076521 -0.097028 0.000000
vt 0.095651 -0.104562 0.000000
vt 0.114781 -0.112097 0.000000
vt 0.067542 -0.104938 0.000000
vt 0.076521 -0.104562 0.000000
vt 0.095651 -0.112097 0.000000
vt 0.076521 -0.112097 0.000000
vt 0.067882 -0.114483 0.000000
vt 0.114781 -0.059355 0.000000
vt 0.095651 -0.051820 0.000000
vt 0.114781 -0.051820 0.000000
vt 0.114781 -0.044286 0.000000
vt 0.095651 -0.044286 0.000000
vt 0.095651 -0.036751 0.000000
vt 0.114781 -0.010841 0.000000
vt 0.114781 -0.000001 0.000000
vt 0.095651 -0.010841 0.000000
vt 0.095651 -0.000002 0.000000
vt 0.095651 0.010841 0.000000
vt 0.095651 0.081958 0.000000
vt 0.095651 0.089493 0.000000
vt 0.114781 0.081958 0.000000
vt 0.114781 0.157030 0.000000
vt 0.095651 0.157030 0.000000
vt 0.006700 0.071287 0.000000
vt -0.013699 0.071287 0.000000
vt 0.006700 -0.981287 0.000000
vt -0.013699 -0.981287 0.000000
vt -0.034098 0.071287 0.000000
vt -0.034098 -0.981287 0.000000
vt -0.054497 0.071287 0.000000
vt -0.054497 -0.981287 0.000000
vt -0.074896 0.071287 0.000000
vt -0.074896 -0.981287 0.000000
vt 0.088618 0.181005 0.000000
vt 0.068214 0.181005 0.000000
vt 0.074915 0.176343 0.000000
vt 0.068295 0.171991 0.000000
vt 0.088679 0.171991 0.000000
vt 0.112372 0.176343 0.000000
vt 0.109062 0.171991 0.000000
vt 0.129446 0.171991 0.000000
vt 0.149830 0.171991 0.000000
vt 0.129426 0.181005 0.000000
vt 0.109022 0.181005 0.000000
vt 0.149830 0.181005 0.000000
vt 0.069867 -0.162217 0.000000
vt 0.076521 -0.157030 0.000000
vt 0.069582 -0.152695 0.000000
vt 0.076521 -0.149632 0.000000
vt 0.069110 -0.143133 0.000000
vt 0.076521 -0.142235 0.000000
vt 0.068667 -0.133579 0.000000
vt 0.076521 -0.134700 0.000000
vt 0.076521 -0.127166 0.000000
vt 0.095651 -0.134700 0.000000
vt 0.095651 -0.127166 0.000000
vt 0.114781 -0.134700 0.000000
vt 0.114781 -0.127166 0.000000
vt 0.133911 -0.134700 0.000000
vt 0.133911 -0.127166 0.000000
vt 0.153034 -0.128870 0.000000
vt 0.153036 -0.118131 0.000000
vt 0.076521 -0.164427 0.000000
vt 0.069756 -0.171824 0.000000
vt 0.090577 -0.171824 0.000000
vt 0.111398 -0.171824 0.000000
vt 0.095651 -0.164427 0.000000
vt 0.095651 -0.157030 0.000000
vt 0.095651 -0.149632 0.000000
vt 0.095651 -0.142235 0.000000
vt 0.132219 -0.171824 0.000000
vt 0.114781 -0.164427 0.000000
vt 0.114781 -0.157030 0.000000
vt 0.114781 -0.149632 0.000000
vt 0.114781 -0.142235 0.000000
vt 0.153040 -0.171824 0.000000
vt 0.133911 -0.164427 0.000000
vt 0.133911 -0.157030 0.000000
vt 0.133911 -0.149632 0.000000
vt 0.133911 -0.142235 0.000000
vt 0.153036 -0.161085 0.000000
vt 0.153035 -0.150347 0.000000
vt 0.153034 -0.139608 0.000000
vt 0.153037 -0.107392 0.000000
vt 0.133911 -0.112097 0.000000
vt 0.133911 -0.119631 0.000000
vt 0.114781 -0.119631 0.000000
vt 0.095651 -0.119631 0.000000
vt 0.076521 -0.119631 0.000000
vt 0.068256 -0.124030 0.000000
vt 0.133911 -0.104562 0.000000
vt 0.153039 -0.096653 0.000000
vt 0.133911 -0.097028 0.000000
vt 0.133911 -0.089493 0.000000
vt 0.114781 -0.089493 0.000000
vt 0.114781 -0.081958 0.000000
vt 0.095651 -0.081958 0.000000
vt 0.095651 -0.074424 0.000000
vt 0.076521 -0.074424 0.000000
vt 0.076521 -0.066889 0.000000
vt 0.066457 -0.066768 0.000000
vt 0.076521 -0.059355 0.000000
vt 0.066244 -0.057231 0.000000
vt 0.076521 -0.051820 0.000000
vt 0.066058 -0.047696 0.000000
vt 0.076521 -0.044286 0.000000
vt 0.065905 -0.038160 0.000000
vt 0.076521 -0.036751 0.000000
vt 0.065788 -0.028622 0.000000
vt 0.076521 -0.029216 0.000000
vt 0.076521 -0.021682 0.000000
vt 0.095651 -0.029216 0.000000
vt 0.095651 -0.021682 0.000000
vt 0.114781 -0.029216 0.000000
vt 0.114781 -0.021682 0.000000
vt 0.133911 -0.029216 0.000000
vt 0.133911 -0.021682 0.000000
vt 0.153041 -0.021478 0.000000
vt 0.133911 -0.010841 0.000000
vt 0.153041 -0.010739 0.000000
vt 0.133911 -0.000001 0.000000
vt 0.153041 -0.000000 0.000000
vt 0.153041 0.010739 0.000000
vt 0.153040 -0.085913 0.000000
vt 0.133911 -0.081958 0.000000
vt 0.114781 -0.074424 0.000000
vt 0.095651 -0.066889 0.000000
vt 0.153041 -0.075174 0.000000
vt 0.133911 -0.074424 0.000000
vt 0.114781 -0.066889 0.000000
vt 0.095651 -0.059355 0.000000
vt 0.133911 -0.066889 0.000000
vt 0.153041 -0.064434 0.000000
vt 0.133911 -0.059355 0.000000
vt 0.153041 -0.053695 0.000000
vt 0.133911 -0.051820 0.000000
vt 0.153041 -0.042956 0.000000
vt 0.133911 -0.044286 0.000000
vt 0.133911 -0.036751 0.000000
vt 0.114781 -0.036751 0.000000
vt 0.153041 -0.032217 0.000000
vt 0.133911 0.010841 0.000000
vt 0.153041 0.021478 0.000000
vt 0.133911 0.021682 0.000000
vt 0.133911 0.029216 0.000000
vt 0.114781 0.029216 0.000000
vt 0.114781 0.036751 0.000000
vt 0.095651 0.036751 0.000000
vt 0.095651 0.044286 0.000000
vt 0.076521 0.044286 0.000000
vt 0.076521 0.051820 0.000000
vt 0.066046 0.047698 0.000000
vt 0.066223 0.057237 0.000000
vt 0.076521 0.059355 0.000000
vt 0.066431 0.066775 0.000000
vt 0.076521 0.066889 0.000000
vt 0.076521 0.074424 0.000000
vt 0.095651 0.066889 0.000000
vt 0.095651 0.074424 0.000000
vt 0.114781 0.066889 0.000000
vt 0.114781 0.074424 0.000000
vt 0.133911 0.066889 0.000000
vt 0.133911 0.074424 0.000000
vt 0.153041 0.075174 0.000000
vt 0.133911 0.081958 0.000000
vt 0.153040 0.085913 0.000000
vt 0.133911 0.089493 0.000000
vt 0.153039 0.096653 0.000000
vt 0.133911 0.097028 0.000000
vt 0.133911 0.104562 0.000000
vt 0.114781 0.104562 0.000000
vt 0.114781 0.112097 0.000000
vt 0.095651 0.112097 0.000000
vt 0.095651 0.119631 0.000000
vt 0.076521 0.119631 0.000000
vt 0.076521 0.127166 0.000000
vt 0.068255 0.124030 0.000000
vt 0.068668 0.133579 0.000000
vt 0.076521 0.134700 0.000000
vt 0.076521 0.142235 0.000000
vt 0.095651 0.134700 0.000000
vt 0.095651 0.142235 0.000000
vt 0.114781 0.134700 0.000000
vt 0.114781 0.142235 0.000000
vt 0.133911 0.134700 0.000000
vt 0.133911 0.142235 0.000000
vt 0.153034 0.139608 0.000000
vt 0.153035 0.150347 0.000000
vt 0.153041 0.032217 0.000000
vt 0.133911 0.036751 0.000000
vt 0.114781 0.044286 0.000000
vt 0.095651 0.051820 0.000000
vt 0.153041 0.042956 0.000000
vt 0.133911 0.044286 0.000000
vt 0.114781 0.051820 0.000000
vt 0.095651 0.059355 0.000000
vt 0.153041 0.053695 0.000000
vt 0.133911 0.051820 0.000000
vt 0.114781 0.059355 0.000000
vt 0.133911 0.059355 0.000000
vt 0.153041 0.064434 0.000000
vt 0.153037 0.107392 0.000000
vt 0.133911 0.112097 0.000000
vt 0.114781 0.119631 0.000000
vt 0.095651 0.127166 0.000000
vt 0.153036 0.118131 0.000000
vt 0.133911 0.119631 0.000000
vt 0.114781 0.127166 0.000000
vt 0.153034 0.128870 0.000000
vt 0.133911 0.127166 0.000000
vt 0.153036 0.161085 0.000000
vt 0.133911 0.157030 0.000000
vt 0.133911 0.149632 0.000000
vt 0.114781 0.149632 0.000000
vt 0.095651 0.149632 0.000000
vt 0.076521 0.149632 0.000000
vt 0.069110 0.143133 0.000000
vt 0.133911 0.164427 0.000000
vt 0.153040 0.171824 0.000000
vt 0.132219 0.171824 0.000000
vt 0.114781 0.164427 0.000000
vt 0.111398 0.171824 0.000000
vt 0.095651 0.164427 0.000000
vt 0.090577 0.171824 0.000000
vt 0.076521 0.164427 0.000000
vt 0.069756 0.171824 0.000000
vt 0.069867 0.162217 0.000000
vt 0.076521 0.157030 0.000000
vt 0.069582 0.152695 0.000000
vt 0.067874 0.114485 0.000000
vt 0.076521 0.112097 0.000000
vt 0.095651 0.104562 0.000000
vt 0.114781 0.097028 0.000000
vt 0.067526 0.104941 0.000000
vt 0.076521 0.104562 0.000000
vt 0.095651 0.097028 0.000000
vt 0.114781 0.089493 0.000000
vt 0.076521 0.097028 0.000000
vt 0.067210 0.095398 0.000000
vt 0.076521 0.089493 0.000000
vt 0.066924 0.085856 0.000000
vt 0.076521 0.081958 0.000000
vt 0.066665 0.076315 0.000000
vt 0.065905 0.038159 0.000000
vt 0.076521 0.036751 0.000000
vt 0.095651 0.029216 0.000000
vt 0.114781 0.021682 0.000000
vt 0.065797 0.028619 0.000000
vt 0.076521 0.029216 0.000000
vt 0.095651 0.021682 0.000000
vt 0.114781 0.010841 0.000000
vt 0.076521 0.021682 0.000000
vt 0.065721 0.019079 0.000000
vt 0.076521 0.010841 0.000000
vt 0.065675 0.009538 0.000000
vt 0.076521 -0.000002 0.000000
vt 0.065657 -0.000002 0.000000
vt 0.065668 -0.009543 0.000000
vt 0.076521 -0.010841 0.000000
vt 0.065710 -0.019083 0.000000
vt 0.066693 -0.076308 0.000000
vt 0.076521 -0.081958 0.000000
vt 0.095651 -0.089493 0.000000
vt 0.114781 -0.097028 0.000000
vt 0.066950 -0.085850 0.000000
vt 0.076521 -0.089493 0.000000
vt 0.095651 -0.097028 0.000000
vt 0.114781 -0.104562 0.000000
vt 0.067233 -0.095393 0.000000
vt 0.076521 -0.097028 0.000000
vt 0.095651 -0.104562 0.000000
vt 0.114781 -0.112097 0.000000
vt 0.067542 -0.104938 0.000000
vt 0.076521 -0.104562 0.000000
vt 0.095651 -0.112097 0.000000
vt 0.076521 -0.112097 0.000000
vt 0.067882 -0.114483 0.000000
vt 0.114781 -0.059355 0.000000
vt 0.095651 -0.051820 0.000000
vt 0.114781 -0.051820 0.000000
vt 0.114781 -0.044286 0.000000
vt 0.095651 -0.044286 0.000000
vt 0.095651 -0.036751 0.000000
vt 0.114781 -0.010841 0.000000
vt 0.114781 -0.000001 0.000000
vt 0.095651 -0.010841 0.000000
vt 0.095651 -0.000002 0.000000
vt 0.095651 0.010841 0.000000
vt 0.095651 0.081958 0.000000
vt 0.095651 0.089493 0.000000
vt 0.114781 0.081958 0.000000
vt 0.114781 0.157030 0.000000
vt 0.095651 0.157030 0.000000
vt 0.068214 -0.181005 0.000000
vt 0.074915 -0.176635 0.000000
vt 0.068295 -0.171991 0.000000
vt 0.112372 -0.176635 0.000000
vt 0.088679 -0.171991 0.000000
vt 0.109062 -0.171991 0.000000
vt 0.131101 -0.176635 0.000000
vt 0.129446 -0.171991 0.000000
vt 0.149830 -0.171991 0.000000
vt 0.149830 -0.181005 0.000000
vt 0.129426 -0.181005 0.000000
vt 0.109022 -0.181005 0.000000
vt 0.088618 -0.181005 0.000000
vt -0.981287 -0.006700 0.000000
vt 0.071287 -0.006700 0.000000
vt -0.981287 0.013699 0.000000
vt 0.071287 0.013699 0.000000
vt -0.981287 0.034098 0.000000
vt 0.071287 0.034098 0.000000
vt -0.981287 0.054497 0.000000
vt 0.071287 0.054497 0.000000
vt -0.981287 0.074896 0.000000
vt 0.071287 0.074896 0.000000
vt 0.088618 0.181005 0.000000
vt 0.068214 0.181005 0.000000
vt 0.074915 0.176343 0.000000
vt 0.068295 0.171991 0.000000
vt 0.088679 0.171991 0.000000
vt 0.112372 0.176343 0.000000
vt 0.109062 0.171991 0.000000
vt 0.129446 0.171991 0.000000
vt 0.149830 0.171991 0.000000
vt 0.129426 0.181005 0.000000
vt 0.109022 0.181005 0.000000
vt 0.149830 0.181005 0.000000
vt 0.068214 -0.181005 0.000000
vt 0.074915 -0.176635 0.000000
vt 0.068295 -0.171991 0.000000
vt 0.112372 -0.176635 0.000000
vt 0.088679 -0.171991 0.000000
vt 0.109062 -0.171991 0.000000
vt 0.131101 -0.176635 0.000000
vt 0.129446 -0.171991 0.000000
vt 0.149830 -0.171991 0.000000
vt 0.149830 -0.181005 0.000000
vt 0.129426 -0.181005 0.000000
vt 0.109022 -0.181005 0.000000
vt 0.088618 -0.181005 0.000000
vt -0.465088 0.219005 0.000000
vt -0.188641 0.215438 0.000000
vt -0.466310 0.233392 0.000000
vt 0.076109 0.216103 0.000000
vt 0.074065 0.233392 0.000000
vt -0.463933 0.204584 0.000000
vt -0.188641 0.197485 0.000000
vt 0.078023 0.198815 0.000000
vt 0.079801 0.181527 0.000000
vt -0.188641 0.179532 0.000000
vt 0.081437 0.164238 0.000000
vt -0.188641 0.161579 0.000000
vt 0.082924 0.146950 0.000000
vt -0.188641 0.143626 0.000000
vt 0.084260 0.129662 0.000000
vt -0.188641 0.125672 0.000000
vt 0.085438 0.112374 0.000000
vt -0.188641 0.107719 0.000000
vt 0.086455 0.095085 0.000000
vt -0.188641 0.089766 0.000000
vt 0.087308 0.077797 0.000000
vt -0.188641 0.071813 0.000000
vt 0.087994 0.060509 0.000000
vt -0.188641 0.053860 0.000000
vt 0.088510 0.043221 0.000000
vt -0.188641 0.035906 0.000000
vt 0.088856 0.025932 0.000000
vt -0.188641 0.017953 0.000000
vt 0.089028 0.008644 0.000000
vt -0.188641 0.000002 0.000000
vt 0.089028 -0.008644 0.000000
vt -0.188641 -0.017953 0.000000
vt 0.088856 -0.025932 0.000000
vt -0.188641 -0.035906 0.000000
vt 0.088510 -0.043221 0.000000
vt -0.188641 -0.053860 0.000000
vt 0.087994 -0.060509 0.000000
vt -0.188641 -0.071813 0.000000
vt 0.087308 -0.077797 0.000000
vt -0.188641 -0.089766 0.000000
vt 0.086455 -0.095085 0.000000
vt -0.188641 -0.107719 0.000000
vt 0.085438 -0.112374 0.000000
vt -0.188641 -0.125672 0.000000
vt 0.084260 -0.129662 0.000000
vt -0.188641 -0.143626 0.000000
vt 0.082924 -0.146950 0.000000
vt -0.188641 -0.161579 0.000000
vt 0.081437 -0.164238 0.000000
vt -0.188641 -0.179532 0.000000
vt 0.079801 -0.181527 0.000000
vt -0.188641 -0.197485 0.000000
vt 0.078023 -0.198815 0.000000
vt -0.188641 -0.215438 0.000000
vt 0.076109 -0.216103 0.000000
vt 0.074065 -0.233392 0.000000
vt -0.465088 -0.219004 0.000000
vt -0.466310 -0.233392 0.000000
vt -0.462846 0.190129 0.000000
vt -0.461830 0.175640 0.000000
vt -0.460888 0.161119 0.000000
vt -0.460020 0.146568 0.000000
vt -0.459229 0.131990 0.000000
vt -0.458515 0.117387 0.000000
vt -0.457880 0.102765 0.000000
vt -0.457327 0.088124 0.000000
vt -0.456855 0.073469 0.000000
vt -0.456468 0.058799 0.000000
vt -0.456166 0.044114 0.000000
vt -0.455951 0.029416 0.000000
vt -0.455822 0.014712 0.000000
vt -0.455780 0.000004 0.000000
vt -0.455823 -0.014704 0.000000
vt -0.455953 -0.029410 0.000000
vt -0.456168 -0.044109 0.000000
vt -0.456468 -0.058798 0.000000
vt -0.456853 -0.073475 0.000000
vt -0.457323 -0.088136 0.000000
vt -0.457875 -0.102778 0.000000
vt -0.458510 -0.117400 0.000000
vt -0.459224 -0.131999 0.000000
vt -0.460016 -0.146575 0.000000
vt -0.460885 -0.161123 0.000000
vt -0.461829 -0.175642 0.000000
vt -0.462846 -0.190129 0.000000
vt -0.463933 -0.204583 0.000000
vt -0.534113 -0.723899 0.000000
vt -0.526287 -0.724051 0.000000
vt -0.724051 -0.526287 0.000000
vt 0.526287 -0.724051 0.000000
vt -0.724051 0.526287 0.000000
vt 0.724051 -0.526287 0.000000
vt -0.526287 0.724051 0.000000
vt 0.724051 0.526287 0.000000
vt 0.526287 0.724051 0.000000
vt 0.723899 0.534113 0.000000
vt 0.534113 0.723899 0.000000
vt 0.723320 0.543413 0.000000
vt 0.722309 0.552660 0.000000
vt 0.534113 -0.723899 0.000000
vt 0.723899 -0.534113 0.000000
vt 0.543413 -0.723320 0.000000
vt 0.552660 -0.722309 0.000000
vt 0.561835 -0.720873 0.000000
vt 0.570921 -0.719016 0.000000
vt 0.579898 -0.716746 0.000000
vt 0.588749 -0.714067 0.000000
vt 0.597454 -0.710986 0.000000
vt 0.605996 -0.707508 0.000000
vt 0.614355 -0.703639 0.000000
vt 0.622514 -0.699386 0.000000
vt 0.630456 -0.694757 0.000000
vt 0.638166 -0.689764 0.000000
vt 0.645629 -0.684421 0.000000
vt 0.652832 -0.678737 0.000000
vt 0.659758 -0.672724 0.000000
vt 0.666394 -0.666394 0.000000
vt 0.672724 -0.659758 0.000000
vt 0.678737 -0.652832 0.000000
vt 0.684421 -0.645629 0.000000
vt 0.689764 -0.638166 0.000000
vt 0.694757 -0.630456 0.000000
vt 0.699386 -0.622514 0.000000
vt 0.703639 -0.614355 0.000000
vt 0.707508 -0.605996 0.000000
vt 0.710986 -0.597454 0.000000
vt 0.714067 -0.588749 0.000000
vt 0.716746 -0.579898 0.000000
vt 0.719016 -0.570921 0.000000
vt 0.720873 -0.561835 0.000000
vt 0.722309 -0.552660 0.000000
vt 0.723320 -0.543413 0.000000
vt 0.720873 0.561835 0.000000
vt 0.719016 0.570921 0.000000
vt 0.716746 0.579898 0.000000
vt 0.714067 0.588749 0.000000
vt 0.710986 0.597454 0.000000
vt 0.707508 0.605996 0.000000
vt 0.703639 0.614355 0.000000
vt 0.699386 0.622514 0.000000
vt 0.694757 0.630456 0.000000
vt 0.689764 0.638166 0.000000
vt 0.684421 0.645629 0.000000
vt 0.678737 0.652832 0.000000
vt 0.672724 0.659758 0.000000
vt 0.666394 0.666394 0.000000
vt 0.659758 0.672724 0.000000
vt 0.652832 0.678737 0.000000
vt 0.645629 0.684421 0.000000
vt 0.638166 0.689764 0.000000
vt 0.630456 0.694757 0.000000
vt 0.622514 0.699386 0.000000
vt 0.614355 0.703639 0.000000
vt 0.605996 0.707508 0.000000
vt 0.597454 0.710986 0.000000
vt 0.588749 0.714067 0.000000
vt 0.579898 0.716746 0.000000
vt 0.570921 0.719016 0.000000
vt 0.561835 0.720873 0.000000
vt 0.552660 0.722309 0.000000
vt 0.543413 0.723320 0.000000
vt -0.723899 0.534113 0.000000
vt -0.534113 0.723899 0.000000
vt -0.723320 0.543413 0.000000
vt -0.722309 0.552660 0.000000
vt -0.720873 0.561835 0.000000
vt -0.719016 0.570921 0.000000
vt -0.716746 0.579898 0.000000
vt -0.714067 0.588749 0.000000
vt -0.710986 0.597454 0.000000
vt -0.707508 0.605996 0.000000
vt -0.703639 0.614355 0.000000
vt -0.699386 0.622514 0.000000
vt -0.694757 0.630456 0.000000
vt -0.689764 0.638166 0.000000
vt -0.684421 0.645629 0.000000
vt -0.678737 0.652832 0.000000
vt -0.672724 0.659758 0.000000
vt -0.666394 0.666394 0.000000
vt -0.659758 0.672724 0.000000
vt -0.652832 0.678737 0.000000
vt -0.645629 0.684421 0.000000
vt -0.638166 0.689764 0.000000
vt -0.630456 0.694757 0.000000
vt -0.622514 0.699386 0.000000
vt -0.614355 0.703639 0.000000
vt -0.605996 0.707508 0.000000
vt -0.597454 0.710986 0.000000
vt -0.588749 0.714067 0.000000
vt -0.579898 0.716746 0.000000
vt -0.570921 0.719016 0.000000
vt -0.561835 0.720873 0.000000
vt -0.552660 0.722309 0.000000
vt -0.543413 0.723320 0.000000
vt -0.723899 -0.534113 0.000000
vt -0.543413 -0.723320 0.000000
vt -0.552660 -0.722309 0.000000
vt -0.561835 -0.720873 0.000000
vt -0.570921 -0.719016 0.000000
vt -0.579898 -0.716746 0.000000
vt -0.588749 -0.714067 0.000000
vt -0.597454 -0.710986 0.000000
vt -0.605996 -0.707508 0.000000
vt -0.614355 -0.703639 0.000000
vt -0.622514 -0.699386 0.000000
vt -0.630456 -0.694757 0.000000
vt -0.638166 -0.689764 0.000000
vt -0.645629 -0.684421 0.000000
vt -0.652832 -0.678737 0.000000
vt -0.659758 -0.672724 0.000000
vt -0.666394 -0.666394 0.000000
vt -0.672724 -0.659758 0.000000
vt -0.678737 -0.652832 0.000000
vt -0.684421 -0.645629 0.000000
vt -0.689764 -0.638166 0.000000
vt -0.694757 -0.630456 0.000000
vt -0.699386 -0.622514 0.000000
vt -0.703639 -0.614355 0.000000
vt -0.707508 -0.605996 0.000000
vt -0.710986 -0.597454 0.000000
vt -0.714067 -0.588749 0.000000
vt -0.716746 -0.579898 0.000000
vt -0.719016 -0.570921 0.000000
vt -0.720873 -0.561835 0.000000
vt -0.722309 -0.552660 0.000000
vt -0.723320 -0.543413 0.000000
vt 0.004783 -0.026757 0.000000
vt 0.009565 -0.023938 0.000000
vt 0.000000 -0.026757 0.000000
vt 0.009565 -0.021119 0.000000
vt 0.000000 -0.020068 0.000000
vt 0.009565 -0.018301 0.000000
vt 0.009565 -0.015482 0.000000
vt 0.019130 -0.018301 0.000000
vt 0.019130 -0.015482 0.000000
vt 0.028695 -0.018301 0.000000
vt 0.028695 -0.015482 0.000000
vt 0.033478 -0.018301 0.000000
vt 0.033478 -0.015482 0.000000
vt 0.038260 -0.018301 0.000000
vt 0.038260 -0.015482 0.000000
vt 0.043043 -0.018301 0.000000
vt 0.043043 -0.015482 0.000000
vt 0.047825 -0.018301 0.000000
vt 0.047825 -0.015482 0.000000
vt 0.057391 -0.018301 0.000000
vt 0.057391 -0.015482 0.000000
vt 0.066956 -0.018301 0.000000
vt 0.066956 -0.015482 0.000000
vt 0.076521 -0.016723 0.000000
vt 0.076521 -0.013379 0.000000
vt 0.009565 -0.026757 0.000000
vt 0.019130 -0.023938 0.000000
vt 0.019130 -0.021119 0.000000
vt 0.019130 -0.026757 0.000000
vt 0.028695 -0.023938 0.000000
vt 0.028695 -0.021119 0.000000
vt 0.028695 -0.026757 0.000000
vt 0.033478 -0.023938 0.000000
vt 0.033478 -0.021119 0.000000
vt 0.038260 -0.026757 0.000000
vt 0.038260 -0.023938 0.000000
vt 0.038260 -0.021119 0.000000
vt 0.043043 -0.023938 0.000000
vt 0.047825 -0.026757 0.000000
vt 0.047825 -0.023938 0.000000
vt 0.057391 -0.023938 0.000000
vt 0.047825 -0.021119 0.000000
vt 0.057391 -0.021119 0.000000
vt 0.057391 -0.026757 0.000000
vt 0.066956 -0.023938 0.000000
vt 0.066956 -0.021119 0.000000
vt 0.076521 -0.026757 0.000000
vt 0.076521 -0.023412 0.000000
vt 0.076521 -0.020068 0.000000
vt 0.066956 -0.012842 0.000000
vt 0.076521 -0.010034 0.000000
vt 0.066956 -0.010202 0.000000
vt 0.066956 -0.007562 0.000000
vt 0.057391 -0.007562 0.000000
vt 0.057391 -0.004922 0.000000
vt 0.047825 -0.004922 0.000000
vt 0.047825 -0.002282 0.000000
vt 0.043043 -0.002282 0.000000
vt 0.043043 0.000358 0.000000
vt 0.038260 0.000358 0.000000
vt 0.038260 0.002998 0.000000
vt 0.033478 0.002998 0.000000
vt 0.033478 0.005638 0.000000
vt 0.028695 0.005638 0.000000
vt 0.028695 0.008278 0.000000
vt 0.019130 0.008278 0.000000
vt 0.019130 0.010918 0.000000
vt 0.009565 0.010918 0.000000
vt 0.009565 0.013557 0.000000
vt 0.000000 0.013379 0.000000
vt 0.009565 0.016197 0.000000
vt 0.000000 0.020068 0.000000
vt 0.009565 0.018837 0.000000
vt 0.009565 0.021477 0.000000
vt 0.019130 0.018837 0.000000
vt 0.019130 0.021477 0.000000
vt 0.028695 0.018837 0.000000
vt 0.028695 0.021477 0.000000
vt 0.033478 0.018837 0.000000
vt 0.033478 0.021477 0.000000
vt 0.038260 0.018837 0.000000
vt 0.038260 0.021477 0.000000
vt 0.043043 0.018837 0.000000
vt 0.043043 0.021477 0.000000
vt 0.047825 0.018837 0.000000
vt 0.047825 0.021477 0.000000
vt 0.057391 0.018837 0.000000
vt 0.057391 0.021477 0.000000
vt 0.066956 0.018837 0.000000
vt 0.066956 0.021477 0.000000
vt 0.076521 0.020068 0.000000
vt 0.076521 0.023412 0.000000
vt 0.076521 -0.006689 0.000000
vt 0.066956 -0.004922 0.000000
vt 0.057391 -0.002282 0.000000
vt 0.047825 0.000358 0.000000
vt 0.043043 0.002998 0.000000
vt 0.038260 0.005638 0.000000
vt 0.033478 0.008278 0.000000
vt 0.028695 0.010918 0.000000
vt 0.019130 0.013557 0.000000
vt 0.076521 -0.003345 0.000000
vt 0.066956 -0.002282 0.000000
vt 0.057391 0.000358 0.000000
vt 0.047825 0.002998 0.000000
vt 0.043043 0.005638 0.000000
vt 0.038260 0.008278 0.000000
vt 0.033478 0.010918 0.000000
vt 0.028695 0.013557 0.000000
vt 0.019130 0.016197 0.000000
vt 0.076521 -0.000000 0.000000
vt 0.066956 0.000358 0.000000
vt 0.057391 0.002998 0.000000
vt 0.047825 0.005638 0.000000
vt 0.043043 0.008278 0.000000
vt 0.038260 0.010918 0.000000
vt 0.033478 0.013557 0.000000
vt 0.028695 0.016197 0.000000
vt 0.076521 0.003345 0.000000
vt 0.066956 0.002998 0.000000
vt 0.057391 0.005638 0.000000
vt 0.047825 0.008278 0.000000
vt 0.043043 0.010918 0.000000
vt 0.038260 0.013557 0.000000
vt 0.033478 0.016197 0.000000
vt 0.066956 0.005638 0.000000
vt 0.076521 0.006689 0.000000
vt 0.066956 0.008278 0.000000
vt 0.076521 0.010034 0.000000
vt 0.066956 0.010918 0.000000
vt 0.076521 0.013379 0.000000
vt 0.066956 0.013557 0.000000
vt 0.066956 0.016197 0.000000
vt 0.057391 0.016197 0.000000
vt 0.076521 0.016723 0.000000
vt 0.066956 0.024117 0.000000
vt 0.076521 0.026757 0.000000
vt 0.057391 0.026757 0.000000
vt 0.057391 0.024117 0.000000
vt 0.047825 0.026757 0.000000
vt 0.047825 0.024117 0.000000
vt 0.038260 0.026757 0.000000
vt 0.043043 0.024117 0.000000
vt 0.038260 0.024117 0.000000
vt 0.028695 0.026757 0.000000
vt 0.033478 0.024117 0.000000
vt 0.028695 0.024117 0.000000
vt 0.019130 0.026757 0.000000
vt 0.019130 0.024117 0.000000
vt 0.009565 0.026757 0.000000
vt 0.009565 0.024117 0.000000
vt 0.004783 0.026757 0.000000
vt 0.000000 0.026757 0.000000
vt 0.000000 0.006689 0.000000
vt 0.009565 0.008278 0.000000
vt 0.019130 0.005638 0.000000
vt 0.028695 0.002998 0.000000
vt 0.033478 0.000358 0.000000
vt 0.038260 -0.002282 0.000000
vt 0.043043 -0.004922 0.000000
vt 0.047825 -0.007562 0.000000
vt 0.057391 -0.010202 0.000000
vt 0.000000 -0.000000 0.000000
vt 0.009565 0.002998 0.000000
vt 0.009565 0.005638 0.000000
vt 0.000000 -0.006689 0.000000
vt 0.009565 -0.002282 0.000000
vt 0.009565 0.000358 0.000000
vt 0.019130 0.000358 0.000000
vt 0.019130 0.002998 0.000000
vt 0.028695 0.000358 0.000000
vt 0.000000 -0.013379 0.000000
vt 0.009565 -0.010202 0.000000
vt 0.009565 -0.007562 0.000000
vt 0.009565 -0.004922 0.000000
vt 0.019130 -0.007562 0.000000
vt 0.019130 -0.004922 0.000000
vt 0.028695 -0.007562 0.000000
vt 0.028695 -0.004922 0.000000
vt 0.033478 -0.007562 0.000000
vt 0.033478 -0.004922 0.000000
vt 0.038260 -0.007562 0.000000
vt 0.038260 -0.004922 0.000000
vt 0.043043 -0.007562 0.000000
vt 0.009565 -0.012842 0.000000
vt 0.019130 -0.012842 0.000000
vt 0.019130 -0.010202 0.000000
vt 0.028695 -0.012842 0.000000
vt 0.028695 -0.010202 0.000000
vt 0.033478 -0.012842 0.000000
vt 0.033478 -0.010202 0.000000
vt 0.038260 -0.012842 0.000000
vt 0.038260 -0.010202 0.000000
vt 0.043043 -0.012842 0.000000
vt 0.043043 -0.010202 0.000000
vt 0.047825 -0.012842 0.000000
vt 0.047825 -0.010202 0.000000
vt 0.057391 -0.012842 0.000000
vt 0.019130 -0.002282 0.000000
vt 0.028695 -0.002282 0.000000
vt 0.033478 -0.002282 0.000000
vt 0.043043 -0.021119 0.000000
vt 0.057391 0.008278 0.000000
vt 0.047825 0.010918 0.000000
vt 0.043043 0.013557 0.000000
vt 0.038260 0.016197 0.000000
vt 0.057391 0.010918 0.000000
vt 0.047825 0.013557 0.000000
vt 0.043043 0.016197 0.000000
vt 0.057391 0.013557 0.000000
vt 0.047825 0.016197 0.000000
vt -0.037448 -1.122178 0.000000
vt -0.018724 -1.122178 0.000000
vt -0.037448 0.212178 0.000000
vt -0.018724 0.212178 0.000000
vt 0.000000 -1.122178 0.000000
vt 0.000000 0.212178 0.000000
vt 0.009362 -1.122178 0.000000
vt 0.009362 0.212178 0.000000
vt 0.018724 -1.122178 0.000000
vt 0.018724 0.212178 0.000000
vt 0.028086 -1.122178 0.000000
vt 0.028086 0.212178 0.000000
vt 0.032767 -1.122178 0.000000
vt 0.032767 0.212178 0.000000
vt 0.037448 -1.122178 0.000000
vt 0.037448 0.212178 0.000000
vt 0.074941 0.029937 0.000000
vt 0.056206 0.029937 0.000000
vt 0.074941 0.026424 0.000000
vt 0.056206 0.026424 0.000000
vt 0.037471 0.028118 0.000000
vt 0.046838 0.026424 0.000000
vt 0.037471 0.026424 0.000000
vt 0.028103 0.026424 0.000000
vt 0.018735 0.028118 0.000000
vt 0.018735 0.026424 0.000000
vt 0.009368 0.028118 0.000000
vt 0.009368 0.026424 0.000000
vt 0.004684 0.026424 0.000000
vt 0.000000 0.029937 0.000000
vt 0.000000 0.026424 0.000000
vt 0.037471 0.029937 0.000000
vt 0.028103 0.029937 0.000000
vt 0.018735 0.029937 0.000000
vt 0.009368 0.029937 0.000000
vt 0.004684 0.029937 0.000000
vt 0.004783 -0.026757 0.000000
vt 0.009565 -0.023938 0.000000
vt 0.000000 -0.026757 0.000000
vt 0.009565 -0.021119 0.000000
vt 0.000000 -0.020068 0.000000
vt 0.009565 -0.018301 0.000000
vt 0.009565 -0.015482 0.000000
vt 0.019130 -0.018301 0.000000
vt 0.019130 -0.015482 0.000000
vt 0.028695 -0.018301 0.000000
vt 0.028695 -0.015482 0.000000
vt 0.033478 -0.018301 0.000000
vt 0.033478 -0.015482 0.000000
vt 0.038260 -0.018301 0.000000
vt 0.038260 -0.015482 0.000000
vt 0.043043 -0.018301 0.000000
vt 0.043043 -0.015482 0.000000
vt 0.047825 -0.018301 0.000000
vt 0.047825 -0.015482 0.000000
vt 0.057391 -0.018301 0.000000
vt 0.057391 -0.015482 0.000000
vt 0.066956 -0.018301 0.000000
vt 0.066956 -0.015482 0.000000
vt 0.076521 -0.016723 0.000000
vt 0.076521 -0.013379 0.000000
vt 0.009565 -0.026757 0.000000
vt 0.019130 -0.023938 0.000000
vt 0.019130 -0.021119 0.000000
vt 0.019130 -0.026757 0.000000
vt 0.028695 -0.023938 0.000000
vt 0.028695 -0.021119 0.000000
vt 0.028695 -0.026757 0.000000
vt 0.033478 -0.023938 0.000000
vt 0.033478 -0.021119 0.000000
vt 0.038260 -0.026757 0.000000
vt 0.038260 -0.023938 0.000000
vt 0.038260 -0.021119 0.000000
vt 0.043043 -0.023938 0.000000
vt 0.047825 -0.026757 0.000000
vt 0.047825 -0.023938 0.000000
vt 0.057391 -0.023938 0.000000
vt 0.047825 -0.021119 0.000000
vt 0.057391 -0.021119 0.000000
vt 0.057391 -0.026757 0.000000
vt 0.066956 -0.023938 0.000000
vt 0.066956 -0.021119 0.000000
vt 0.076521 -0.026757 0.000000
vt 0.076521 -0.023412 0.000000
vt 0.076521 -0.020068 0.000000
vt 0.066956 -0.012842 0.000000
vt 0.076521 -0.010034 0.000000
vt 0.066956 -0.010202 0.000000
vt 0.066956 -0.007562 0.000000
vt 0.057391 -0.007562 0.000000
vt 0.057391 -0.004922 0.000000
vt 0.047825 -0.004922 0.000000
vt 0.047825 -0.002282 0.000000
vt 0.043043 -0.002282 0.000000
vt 0.043043 0.000358 0.000000
vt 0.038260 0.000358 0.000000
vt 0.038260 0.002998 0.000000
vt 0.033478 0.002998 0.000000
vt 0.033478 0.005638 0.000000
vt 0.028695 0.005638 0.000000
vt 0.028695 0.008278 0.000000
vt 0.019130 0.008278 0.000000
vt 0.019130 0.010918 0.000000
vt 0.009565 0.010918 0.000000
vt 0.009565 0.013557 0.000000
vt 0.000000 0.013379 0.000000
vt 0.009565 0.016197 0.000000
vt 0.000000 0.020068 0.000000
vt 0.009565 0.018837 0.000000
vt 0.009565 0.021477 0.000000
vt 0.019130 0.018837 0.000000
vt 0.019130 0.021477 0.000000
vt 0.028695 0.018837 0.000000
vt 0.028695 0.021477 0.000000
vt 0.033478 0.018837 0.000000
vt 0.033478 0.021477 0.000000
vt 0.038260 0.018837 0.000000
vt 0.038260 0.021477 0.000000
vt 0.043043 0.018837 0.000000
vt 0.043043 0.021477 0.000000
vt 0.047825 0.018837 0.000000
vt 0.047825 0.021477 0.000000
vt 0.057391 0.018837 0.000000
vt 0.057391 0.021477 0.000000
vt 0.066956 0.018837 0.000000
vt 0.066956 0.021477 0.000000
vt 0.076521 0.020068 0.000000
vt 0.076521 0.023412 0.000000
vt 0.076521 -0.006689 0.000000
vt 0.066956 -0.004922 0.000000
vt 0.057391 -0.002282 0.000000
vt 0.047825 0.000358 0.000000
vt 0.043043 0.002998 0.000000
vt 0.038260 0.005638 0.000000
vt 0.033478 0.008278 0.000000
vt 0.028695 0.010918 0.000000
vt 0.019130 0.013557 0.000000
vt 0.076521 -0.003345 0.000000
vt 0.066956 -0.002282 0.000000
vt 0.057391 0.000358 0.000000
vt 0.047825 0.002998 0.000000
vt 0.043043 0.005638 0.000000
vt 0.038260 0.008278 0.000000
vt 0.033478 0.010918 0.000000
vt 0.028695 0.013557 0.000000
vt 0.019130 0.016197 0.000000
vt 0.076521 -0.000000 0.000000
vt 0.066956 0.000358 0.000000
vt 0.057391 0.002998 0.000000
vt 0.047825 0.005638 0.000000
vt 0.043043 0.008278 0.000000
vt 0.038260 0.010918 0.000000
vt 0.033478 0.013557 0.000000
vt 0.028695 0.016197 0.000000
vt 0.076521 0.003345 0.000000
vt 0.066956 0.002998 0.000000
vt 0.057391 0.005638 0.000000
vt 0.047825 0.008278 0.000000
vt 0.043043 0.010918 0.000000
vt 0.038260 0.013557 0.000000
vt 0.033478 0.016197 0.000000
vt 0.066956 0.005638 0.000000
vt 0.076521 0.006689 0.000000
vt 0.066956 0.008278 0.000000
vt 0.076521 0.010034 0.000000
vt 0.066956 0.010918 0.000000
vt 0.076521 0.013379 0.000000
vt 0.066956 0.013557 0.000000
vt 0.066956 0.016197 0.000000
vt 0.057391 0.016197 0.000000
vt 0.076521 0.016723 0.000000
vt 0.066956 0.024117 0.000000
vt 0.076521 0.026757 0.000000
vt 0.057391 0.026757 0.000000
vt 0.057391 0.024117 0.000000
vt 0.047825 0.026757 0.000000
vt 0.047825 0.024117 0.000000
vt 0.038260 0.026757 0.000000
vt 0.043043 0.024117 0.000000
vt 0.038260 0.024117 0.000000
vt 0.028695 0.026757 0.000000
vt 0.033478 0.024117 0.000000
vt 0.028695 0.024117 0.000000
vt 0.019130 0.026757 0.000000
vt 0.019130 0.024117 0.000000
vt 0.009565 0.026757 0.000000
vt 0.009565 0.024117 0.000000
vt 0.004783 0.026757 0.000000
vt 0.000000 0.026757 0.000000
vt 0.000000 0.006689 0.000000
vt 0.009565 0.008278 0.000000
vt 0.019130 0.005638 0.000000
vt 0.028695 0.002998 0.000000
vt 0.033478 0.000358 0.000000
vt 0.038260 -0.002282 0.000000
vt 0.043043 -0.004922 0.000000
vt 0.047825 -0.007562 0.000000
vt 0.057391 -0.010202 0.000000
vt 0.000000 -0.000000 0.000000
vt 0.009565 0.002998 0.000000
vt 0.009565 0.005638 0.000000
vt 0.000000 -0.006689 0.000000
vt 0.009565 -0.002282 0.000000
vt 0.009565 0.000358 0.000000
vt 0.019130 0.000358 0.000000
vt 0.019130 0.002998 0.000000
vt 0.028695 0.000358 0.000000
vt 0.000000 -0.013379 0.000000
vt 0.009565 -0.010202 0.000000
vt 0.009565 -0.007562 0.000000
vt 0.009565 -0.004922 0.000000
vt 0.019130 -0.007562 0.000000
vt 0.019130 -0.004922 0.000000
vt 0.028695 -0.007562 0.000000
vt 0.028695 -0.004922 0.000000
vt 0.033478 -0.007562 0.000000
vt 0.033478 -0.004922 0.000000
vt 0.038260 -0.007562 0.000000
vt 0.038260 -0.004922 0.000000
vt 0.043043 -0.007562 0.000000
vt 0.009565 -0.012842 0.000000
vt 0.019130 -0.012842 0.000000
vt 0.019130 -0.010202 0.000000
vt 0.028695 -0.012842 0.000000
vt 0.028695 -0.010202 0.000000
vt 0.033478 -0.012842 0.000000
vt 0.033478 -0.010202 0.000000
vt 0.038260 -0.012842 0.000000
vt 0.038260 -0.010202 0.000000
vt 0.043043 -0.012842 0.000000
vt 0.043043 -0.010202 0.000000
vt 0.047825 -0.012842 0.000000
vt 0.047825 -0.010202 0.000000
vt 0.057391 -0.012842 0.000000
vt 0.019130 -0.002282 0.000000
vt 0.028695 -0.002282 0.000000
vt 0.033478 -0.002282 0.000000
vt 0.043043 -0.021119 0.000000
vt 0.057391 0.008278 0.000000
vt 0.047825 0.010918 0.000000
vt 0.043043 0.013557 0.000000
vt 0.038260 0.016197 0.000000
vt 0.057391 0.010918 0.000000
vt 0.047825 0.013557 0.000000
vt 0.043043 0.016197 0.000000
vt 0.057391 0.013557 0.000000
vt 0.047825 0.016197 0.000000
vt 0.074941 -0.026424 0.000000
vt 0.056206 -0.026424 0.000000
vt 0.074941 -0.029938 0.000000
vt 0.056206 -0.029938 0.000000
vt 0.046838 -0.026424 0.000000
vt 0.037471 -0.028233 0.000000
vt 0.037471 -0.026424 0.000000
vt 0.028103 -0.026424 0.000000
vt 0.018735 -0.028233 0.000000
vt 0.018735 -0.026424 0.000000
vt 0.009368 -0.026424 0.000000
vt 0.009368 -0.028233 0.000000
vt 0.004684 -0.026424 0.000000
vt 0.000000 -0.026424 0.000000
vt 0.000000 -0.029938 0.000000
vt 0.004684 -0.029938 0.000000
vt 0.009368 -0.029938 0.000000
vt 0.018735 -0.029938 0.000000
vt 0.028103 -0.029938 0.000000
vt 0.037471 -0.029938 0.000000
vt -0.212178 -0.037448 0.000000
vt 1.122178 -0.037448 0.000000
vt -0.212178 -0.018724 0.000000
vt 1.122178 -0.018724 0.000000
vt -0.212178 0.000000 0.000000
vt 1.122178 0.000000 0.000000
vt -0.212178 0.009362 0.000000
vt 1.122178 0.009362 0.000000
vt -0.212178 0.018724 0.000000
vt 1.122178 0.018724 0.000000
vt -0.212178 0.028086 0.000000
vt 1.122178 0.028086 0.000000
vt -0.212178 0.032767 0.000000
vt 1.122178 0.032767 0.000000
vt -0.212178 0.037448 0.000000
vt 1.122178 0.037448 0.000000
vt 0.074941 0.029937 0.000000
vt 0.056206 0.029937 0.000000
vt 0.074941 0.026424 0.000000
vt 0.056206 0.026424 0.000000
vt 0.037471 0.028118 0.000000
vt 0.046838 0.026424 0.000000
vt 0.037471 0.026424 0.000000
vt 0.028103 0.026424 0.000000
vt 0.018735 0.028118 0.000000
vt 0.018735 0.026424 0.000000
vt 0.009368 0.028118 0.000000
vt 0.009368 0.026424 0.000000
vt 0.004684 0.026424 0.000000
vt 0.000000 0.029937 0.000000
vt 0.000000 0.026424 0.000000
vt 0.037471 0.029937 0.000000
vt 0.028103 0.029937 0.000000
vt 0.018735 0.029937 0.000000
vt 0.009368 0.029937 0.000000
vt 0.004684 0.029937 0.000000
vt 0.004783 -0.026757 0.000000
vt 0.009565 -0.023938 0.000000
vt 0.000000 -0.026757 0.000000
vt 0.009565 -0.021119 0.000000
vt 0.000000 -0.020068 0.000000
vt 0.009565 -0.018301 0.000000
vt 0.009565 -0.015482 0.000000
vt 0.019130 -0.018301 0.000000
vt 0.019130 -0.015482 0.000000
vt 0.028695 -0.018301 0.000000
vt 0.028695 -0.015482 0.000000
vt 0.033478 -0.018301 0.000000
vt 0.033478 -0.015482 0.000000
vt 0.038260 -0.018301 0.000000
vt 0.038260 -0.015482 0.000000
vt 0.043043 -0.018301 0.000000
vt 0.043043 -0.015482 0.000000
vt 0.047825 -0.018301 0.000000
vt 0.047825 -0.015482 0.000000
vt 0.057391 -0.018301 0.000000
vt 0.057391 -0.015482 0.000000
vt 0.066956 -0.018301 0.000000
vt 0.066956 -0.015482 0.000000
vt 0.076521 -0.016723 0.000000
vt 0.076521 -0.013379 0.000000
vt 0.009565 -0.026757 0.000000
vt 0.019130 -0.023938 0.000000
vt 0.019130 -0.021119 0.000000
vt 0.019130 -0.026757 0.000000
vt 0.028695 -0.023938 0.000000
vt 0.028695 -0.021119 0.000000
vt 0.028695 -0.026757 0.000000
vt 0.033478 -0.023938 0.000000
vt 0.033478 -0.021119 0.000000
vt 0.038260 -0.026757 0.000000
vt 0.038260 -0.023938 0.000000
vt 0.038260 -0.021119 0.000000
vt 0.043043 -0.023938 0.000000
vt 0.047825 -0.026757 0.000000
vt 0.047825 -0.023938 0.000000
vt 0.057391 -0.023938 0.000000
vt 0.047825 -0.021119 0.000000
vt 0.057391 -0.021119 0.000000
vt 0.057391 -0.026757 0.000000
vt 0.066956 -0.023938 0.000000
vt 0.066956 -0.021119 0.000000
vt 0.076521 -0.026757 0.000000
vt 0.076521 -0.023412 0.000000
vt 0.076521 -0.020068 0.000000
vt 0.066956 -0.012842 0.000000
vt 0.076521 -0.010034 0.000000
vt 0.066956 -0.010202 0.000000
vt 0.066956 -0.007562 0.000000
vt 0.057391 -0.007562 0.000000
vt 0.057391 -0.004922 0.000000
vt 0.047825 -0.004922 0.000000
vt 0.047825 -0.002282 0.000000
vt 0.043043 -0.002282 0.000000
vt 0.043043 0.000358 0.000000
vt 0.038260 0.000358 0.000000
vt 0.038260 0.002998 0.000000
vt 0.033478 0.002998 0.000000
vt 0.033478 0.005638 0.000000
vt 0.028695 0.005638 0.000000
vt 0.028695 0.008278 0.000000
vt 0.019130 0.008278 0.000000
vt 0.019130 0.010918 0.000000
vt 0.009565 0.010918 0.000000
vt 0.009565 0.013557 0.000000
vt 0.000000 0.013379 0.000000
vt 0.009565 0.016197 0.000000
vt 0.000000 0.020068 0.000000
vt 0.009565 0.018837 0.000000
vt 0.009565 0.021477 0.000000
vt 0.019130 0.018837 0.000000
vt 0.019130 0.021477 0.000000
vt 0.028695 0.018837 0.000000
vt 0.028695 0.021477 0.000000
vt 0.033478 0.018837 0.000000
vt 0.033478 0.021477 0.000000
vt 0.038260 0.018837 0.000000
vt 0.038260 0.021477 0.000000
vt 0.043043 0.018837 0.000000
vt 0.043043 0.021477 0.000000
vt 0.047825 0.018837 0.000000
vt 0.047825 0.021477 0.000000
vt 0.057391 0.018837 0.000000
vt 0.057391 0.021477 0.000000
vt 0.066956 0.018837 0.000000
vt 0.066956 0.021477 0.000000
vt 0.076521 0.020068 0.000000
vt 0.076521 0.023412 0.000000
vt 0.076521 -0.006689 0.000000
vt 0.066956 -0.004922 0.000000
vt 0.057391 -0.002282 0.000000
vt 0.047825 0.000358 0.000000
vt 0.043043 0.002998 0.000000
vt 0.038260 0.005638 0.000000
vt 0.033478 0.008278 0.000000
vt 0.028695 0.010918 0.000000
vt 0.019130 0.013557 0.000000
vt 0.076521 -0.003345 0.000000
vt 0.066956 -0.002282 0.000000
vt 0.057391 0.000358 0.000000
vt 0.047825 0.002998 0.000000
vt 0.043043 0.005638 0.000000
vt 0.038260 0.008278 0.000000
vt 0.033478 0.010918 0.000000
vt 0.028695 0.013557 0.000000
vt 0.019130 0.016197 0.000000
vt 0.076521 -0.000000 0.000000
vt 0.066956 0.000358 0.000000
vt 0.057391 0.002998 0.000000
vt 0.047825 0.005638 0.000000
vt 0.043043 0.008278 0.000000
vt 0.038260 0.010918 0.000000
vt 0.033478 0.013557 0.000000
vt 0.028695 0.016197 0.000000
vt 0.076521 0.003345 0.000000
vt 0.066956 0.002998 0.000000
vt 0.057391 0.005638 0.000000
vt 0.047825 0.008278 0.000000
vt 0.043043 0.010918 0.000000
vt 0.038260 0.013557 0.000000
vt 0.033478 0.016197 0.000000
vt 0.066956 0.005638 0.000000
vt 0.076521 0.006689 0.000000
vt 0.066956 0.008278 0.000000
vt 0.076521 0.010034 0.000000
vt 0.066956 0.010918 0.000000
vt 0.076521 0.013379 0.000000
vt 0.066956 0.013557 0.000000
vt 0.066956 0.016197 0.000000
vt 0.057391 0.016197 0.000000
vt 0.076521 0.016723 0.000000
vt 0.066956 0.024117 0.000000
vt 0.076521 0.026757 0.000000
vt 0.057391 0.026757 0.000000
vt 0.057391 0.024117 0.000000
vt 0.047825 0.026757 0.000000
vt 0.047825 0.024117 0.000000
vt 0.038260 0.026757 0.000000
vt 0.043043 0.024117 0.000000
vt 0.038260 0.024117 0.000000
vt 0.028695 0.026757 0.000000
vt 0.033478 0.024117 0.000000
vt 0.028695 0.024117 0.000000
vt 0.019130 0.026757 0.000000
vt 0.019130 0.024117 0.000000
vt 0.009565 0.026757 0.000000
vt 0.009565 0.024117 0.000000
vt 0.004783 0.026757 0.000000
vt 0.000000 0.026757 0.000000
vt 0.000000 0.006689 0.000000
vt 0.009565 0.008278 0.000000
vt 0.019130 0.005638 0.000000
vt 0.028695 0.002998 0.000000
vt 0.033478 0.000358 0.000000
vt 0.038260 -0.002282 0.000000
vt 0.043043 -0.004922 0.000000
vt 0.047825 -0.007562 0.000000
vt 0.057391 -0.010202 0.000000
vt 0.000000 -0.000000 0.000000
vt 0.009565 0.002998 0.000000
vt 0.009565 0.005638 0.000000
vt 0.000000 -0.006689 0.000000
vt 0.009565 -0.002282 0.000000
vt 0.009565 0.000358 0.000000
vt 0.019130 0.000358 0.000000
vt 0.019130 0.002998 0.000000
vt 0.028695 0.000358 0.000000
vt 0.000000 -0.013379 0.000000
vt 0.009565 -0.010202 0.000000
vt 0.009565 -0.007562 0.000000
vt 0.009565 -0.004922 0.000000
vt 0.019130 -0.007562 0.000000
vt 0.019130 -0.004922 0.000000
vt 0.028695 -0.007562 0.000000
vt 0.028695 -0.004922 0.000000
vt 0.033478 -0.007562 0.000000
vt 0.033478 -0.004922 0.000000
vt 0.038260 -0.007562 0.000000
vt 0.038260 -0.004922 0.000000
vt 0.043043 -0.007562 0.000000
vt 0.009565 -0.012842 0.000000
vt 0.019130 -0.012842 0.000000
vt 0.019130 -0.010202 0.000000
vt 0.028695 -0.012842 0.000000
vt 0.028695 -0.010202 0.000000
vt 0.033478 -0.012842 0.000000
vt 0.033478 -0.010202 0.000000
vt 0.038260 -0.012842 0.000000
vt 0.038260 -0.010202 0.000000
vt 0.043043 -0.012842 0.000000
vt 0.043043 -0.010202 0.000000
vt 0.047825 -0.012842 0.000000
vt 0.047825 -0.010202 0.000000
vt 0.057391 -0.012842 0.000000
vt 0.019130 -0.002282 0.000000
vt 0.028695 -0.002282 0.000000
vt 0.033478 -0.002282 0.000000
vt 0.043043 -0.021119 0.000000
vt 0.057391 0.008278 0.000000
vt 0.047825 0.010918 0.000000
vt 0.043043 0.013557 0.000000
vt 0.038260 0.016197 0.000000
vt 0.057391 0.010918 0.000000
vt 0.047825 0.013557 0.000000
vt 0.043043 0.016197 0.000000
vt 0.057391 0.013557 0.000000
vt 0.047825 0.016197 0.000000
vt 0.074941 -0.026424 0.000000
vt 0.056206 -0.026424 0.000000
vt 0.074941 -0.029938 0.000000
vt 0.056206 -0.029938 0.000000
vt 0.046838 -0.026424 0.000000
vt 0.037471 -0.028233 0.000000
vt 0.037471 -0.026424 0.000000
vt 0.028103 -0.026424 0.000000
vt 0.018735 -0.028233 0.000000
vt 0.018735 -0.026424 0.000000
vt 0.009368 -0.026424 0.000000
vt 0.009368 -0.028233 0.000000
vt 0.004684 -0.026424 0.000000
vt 0.000000 -0.026424 0.000000
vt 0.000000 -0.029938 0.000000
vt 0.004684 -0.029938 0.000000
vt 0.009368 -0.029938 0.000000
vt 0.018735 -0.029938 0.000000
vt 0.028103 -0.029938 0.000000
vt 0.037471 -0.029938 0.000000
vt 0.037448 1.122178 0.000000
vt 0.018724 1.122178 0.000000
vt 0.037448 -0.212178 0.000000
vt 0.018724 -0.212178 0.000000
vt -0.000000 1.122178 0.000000
vt 0.000000 -0.212178 0.000000
vt -0.009362 1.122178 0.000000
vt -0.009362 -0.212178 0.000000
vt -0.018724 1.122178 0.000000
vt -0.018724 -0.212178 0.000000
vt -0.028086 1.122178 0.000000
vt -0.028086 -0.212178 0.000000
vt -0.032767 1.122178 0.000000
vt -0.032767 -0.212178 0.000000
vt -0.037448 1.122178 0.000000
vt -0.037448 -0.212178 0.000000
vt 0.074941 0.029937 0.000000
vt 0.056206 0.029937 0.000000
vt 0.074941 0.026424 0.000000
vt 0.056206 0.026424 0.000000
vt 0.037471 0.028118 0.000000
vt 0.046838 0.026424 0.000000
vt 0.037471 0.026424 0.000000
vt 0.028103 0.026424 0.000000
vt 0.018735 0.028118 0.000000
vt 0.018735 0.026424 0.000000
vt 0.009368 0.028118 0.000000
vt 0.009368 0.026424 0.000000
vt 0.004684 0.026424 0.000000
vt 0.000000 0.029937 0.000000
vt 0.000000 0.026424 0.000000
vt 0.037471 0.029937 0.000000
vt 0.028103 0.029937 0.000000
vt 0.018735 0.029937 0.000000
vt 0.009368 0.029937 0.000000
vt 0.004684 0.029937 0.000000
vt 0.004783 -0.026757 0.000000
vt 0.009565 -0.023938 0.000000
vt 0.000000 -0.026757 0.000000
vt 0.009565 -0.021119 0.000000
vt 0.000000 -0.020068 0.000000
vt 0.009565 -0.018301 0.000000
vt 0.009565 -0.015482 0.000000
vt 0.019130 -0.018301 0.000000
vt 0.019130 -0.015482 0.000000
vt 0.028695 -0.018301 0.000000
vt 0.028695 -0.015482 0.000000
vt 0.033478 -0.018301 0.000000
vt 0.033478 -0.015482 0.000000
vt 0.038260 -0.018301 0.000000
vt 0.038260 -0.015482 0.000000
vt 0.043043 -0.018301 0.000000
vt 0.043043 -0.015482 0.000000
vt 0.047825 -0.018301 0.000000
vt 0.047825 -0.015482 0.000000
vt 0.057391 -0.018301 0.000000
vt 0.057391 -0.015482 0.000000
vt 0.066956 -0.018301 0.000000
vt 0.066956 -0.015482 0.000000
vt 0.076521 -0.016723 0.000000
vt 0.076521 -0.013379 0.000000
vt 0.009565 -0.026757 0.000000
vt 0.019130 -0.023938 0.000000
vt 0.019130 -0.021119 0.000000
vt 0.019130 -0.026757 0.000000
vt 0.028695 -0.023938 0.000000
vt 0.028695 -0.021119 0.000000
vt 0.028695 -0.026757 0.000000
vt 0.033478 -0.023938 0.000000
vt 0.033478 -0.021119 0.000000
vt 0.038260 -0.026757 0.000000
vt 0.038260 -0.023938 0.000000
vt 0.038260 -0.021119 0.000000
vt 0.043043 -0.023938 0.000000
vt 0.047825 -0.026757 0.000000
vt 0.047825 -0.023938 0.000000
vt 0.057391 -0.023938 0.000000
vt 0.047825 -0.021119 0.000000
vt 0.057391 -0.021119 0.000000
vt 0.057391 -0.026757 0.000000
vt 0.066956 -0.023938 0.000000
vt 0.066956 -0.021119 0.000000
vt 0.076521 -0.026757 0.000000
vt 0.076521 -0.023412 0.000000
vt 0.076521 -0.020068 0.000000
vt 0.066956 -0.012842 0.000000
vt 0.076521 -0.010034 0.000000
vt 0.066956 -0.010202 0.000000
vt 0.066956 -0.007562 0.000000
vt 0.057391 -0.007562 0.000000
vt 0.057391 -0.004922 0.000000
vt 0.047825 -0.004922 0.000000
vt 0.047825 -0.002282 0.000000
vt 0.043043 -0.002282 0.000000
vt 0.043043 0.000358 0.000000
vt 0.038260 0.000358 0.000000
vt 0.038260 0.002998 0.000000
vt 0.033478 0.002998 0.000000
vt 0.033478 0.005638 0.000000
vt 0.028695 0.005638 0.000000
vt 0.028695 0.008278 0.000000
vt 0.019130 0.008278 0.000000
vt 0.019130 0.010918 0.000000
vt 0.009565 0.010918 0.000000
vt 0.009565 0.013557 0.000000
vt 0.000000 0.013379 0.000000
vt 0.009565 0.016197 0.000000
vt 0.000000 0.020068 0.000000
vt 0.009565 0.018837 0.000000
vt 0.009565 0.021477 0.000000
vt 0.019130 0.018837 0.000000
vt 0.019130 0.021477 0.000000
vt 0.028695 0.018837 0.000000
vt 0.028695 0.021477 0.000000
vt 0.033478 0.018837 0.000000
vt 0.033478 0.021477 0.000000
vt 0.038260 0.018837 0.000000
vt 0.038260 0.021477 0.000000
vt 0.043043 0.018837 0.000000
vt 0.043043 0.021477 0.000000
vt 0.047825 0.018837 0.000000
vt 0.047825 0.021477 0.000000
vt 0.057391 0.018837 0.000000
vt 0.057391 0.021477 0.000000
vt 0.066956 0.018837 0.000000
vt 0.066956 0.021477 0.000000
vt 0.076521 0.020068 0.000000
vt 0.076521 0.023412 0.000000
vt 0.076521 -0.006689 0.000000
vt 0.066956 -0.004922 0.000000
vt 0.057391 -0.002282 0.000000
vt 0.047825 0.000358 0.000000
vt 0.043043 0.002998 0.000000
vt 0.038260 0.005638 0.000000
vt 0.033478 0.008278 0.000000
vt 0.028695 0.010918 0.000000
vt 0.019130 0.013557 0.000000
vt 0.076521 -0.003345 0.000000
vt 0.066956 -0.002282 0.000000
vt 0.057391 0.000358 0.000000
vt 0.047825 0.002998 0.000000
vt 0.043043 0.005638 0.000000
vt 0.038260 0.008278 0.000000
vt 0.033478 0.010918 0.000000
vt 0.028695 0.013557 0.000000
vt 0.019130 0.016197 0.000000
vt 0.076521 -0.000000 0.000000
vt 0.066956 0.000358 0.000000
vt 0.057391 0.002998 0.000000
vt 0.047825 0.005638 0.000000
vt 0.043043 0.008278 0.000000
vt 0.038260 0.010918 0.000000
vt 0.033478 0.013557 0.000000
vt 0.028695 0.016197 0.000000
vt 0.076521 0.003345 0.000000
vt 0.066956 0.002998 0.000000
vt 0.057391 0.005638 0.000000
vt 0.047825 0.008278 0.000000
vt 0.043043 0.010918 0.000000
vt 0.038260 0.013557 0.000000
vt 0.033478 0.016197 0.000000
vt 0.066956 0.005638 0.000000
vt 0.076521 0.006689 0.000000
vt 0.066956 0.008278 0.000000
vt 0.076521 0.010034 0.000000
vt 0.066956 0.010918 0.000000
vt 0.076521 0.013379 0.000000
vt 0.066956 0.013557 0.000000
vt 0.066956 0.016197 0.000000
vt 0.057391 0.016197 0.000000
vt 0.076521 0.016723 0.000000
vt 0.066956 0.024117 0.000000
vt 0.076521 0.026757 0.000000
vt 0.057391 0.026757 0.000000
vt 0.057391 0.024117 0.000000
vt 0.047825 0.026757 0.000000
vt 0.047825 0.024117 0.000000
vt 0.038260 0.026757 0.000000
vt 0.043043 0.024117 0.000000
vt 0.038260 0.024117 0.000000
vt 0.028695 0.026757 0.000000
vt 0.033478 0.024117 0.000000
vt 0.028695 0.024117 0.000000
vt 0.019130 0.026757 0.000000
vt 0.019130 0.024117 0.000000
vt 0.009565 0.026757 0.000000
vt 0.009565 0.024117 0.000000
vt 0.004783 0.026757 0.000000
vt 0.000000 0.026757 0.000000
vt 0.000000 0.006689 0.000000
vt 0.009565 0.008278 0.000000
vt 0.019130 0.005638 0.000000
vt 0.028695 0.002998 0.000000
vt 0.033478 0.000358 0.000000
vt 0.038260 -0.002282 0.000000
vt 0.043043 -0.004922 0.000000
vt 0.047825 -0.007562 0.000000
vt 0.057391 -0.010202 0.000000
vt 0.000000 -0.000000 0.000000
vt 0.009565 0.002998 0.000000
vt 0.009565 0.005638 0.000000
vt 0.000000 -0.006689 0.000000
vt 0.009565 -0.002282 0.000000
vt 0.009565 0.000358 0.000000
vt 0.019130 0.000358 0.000000
vt 0.019130 0.002998 0.000000
vt 0.028695 0.000358 0.000000
vt 0.000000 -0.013379 0.000000
vt 0.009565 -0.010202 0.000000
vt 0.009565 -0.007562 0.000000
vt 0.009565 -0.004922 0.000000
vt 0.019130 -0.007562 0.000000
vt 0.019130 -0.004922 0.000000
vt 0.028695 -0.007562 0.000000
vt 0.028695 -0.004922 0.000000
vt 0.033478 -0.007562 0.000000
vt 0.033478 -0.004922 0.000000
vt 0.038260 -0.007562 0.000000
vt 0.038260 -0.004922 0.000000
vt 0.043043 -0.007562 0.000000
vt 0.009565 -0.012842 0.000000
vt 0.019130 -0.012842 0.000000
vt 0.019130 -0.010202 0.000000
vt 0.028695 -0.012842 0.000000
vt 0.028695 -0.010202 0.000000
vt 0.033478 -0.012842 0.000000
vt 0.033478 -0.010202 0.000000
vt 0.038260 -0.012842 0.000000
vt 0.038260 -0.010202 0.000000
vt 0.043043 -0.012842 0.000000
vt 0.043043 -0.010202 0.000000
vt 0.047825 -0.012842 0.000000
vt 0.047825 -0.010202 0.000000
vt 0.057391 -0.012842 0.000000
vt 0.019130 -0.002282 0.000000
vt 0.028695 -0.002282 0.000000
vt 0.033478 -0.002282 0.000000
vt 0.043043 -0.021119 0.000000
vt 0.057391 0.008278 0.000000
vt 0.047825 0.010918 0.000000
vt 0.043043 0.013557 0.000000
vt 0.038260 0.016197 0.000000
vt 0.057391 0.010918 0.000000
vt 0.047825 0.013557 0.000000
vt 0.043043 0.016197 0.000000
vt 0.057391 0.013557 0.000000
vt 0.047825 0.016197 0.000000
vt 0.074941 -0.026424 0.000000
vt 0.056206 -0.026424 0.000000
vt 0.074941 -0.029938 0.000000
vt 0.056206 -0.029938 0.000000
vt 0.046838 -0.026424 0.000000
vt 0.037471 -0.028233 0.000000
vt 0.037471 -0.026424 0.000000
vt 0.028103 -0.026424 0.000000
vt 0.018735 -0.028233 0.000000
vt 0.018735 -0.026424 0.000000
vt 0.009368 -0.026424 0.000000
vt 0.009368 -0.028233 0.000000
vt 0.004684 -0.026424 0.000000
vt 0.000000 -0.026424 0.000000
vt 0.000000 -0.029938 0.000000
vt 0.004684 -0.029938 0.000000
vt 0.009368 -0.029938 0.000000
vt 0.018735 -0.029938 0.000000
vt 0.028103 -0.029938 0.000000
vt 0.037471 -0.029938 0.000000
vt 0.212178 0.037448 0.000000
vt -1.122178 0.037448 0.000000
vt 0.212178 0.018724 0.000000
vt -1.122178 0.018724 0.000000
vt 0.212178 0.000000 0.000000
vt -1.122178 -0.000000 0.000000
vt 0.212178 -0.009362 0.000000
vt -1.122178 -0.009362 0.000000
vt 0.212178 -0.018724 0.000000
vt -1.122178 -0.018724 0.000000
vt 0.212178 -0.028086 0.000000
vt -1.122178 -0.028086 0.000000
vt 0.212178 -0.032767 0.000000
vt -1.122178 -0.032767 0.000000
vt 0.212178 -0.037448 0.000000
vt -1.122178 -0.037448 0.000000
vt 0.074941 0.029937 0.000000
vt 0.056206 0.029937 0.000000
vt 0.074941 0.026424 0.000000
vt 0.056206 0.026424 0.000000
vt 0.037471 0.028118 0.000000
vt 0.046838 0.026424 0.000000
vt 0.037471 0.026424 0.000000
vt 0.028103 0.026424 0.000000
vt 0.018735 0.028118 0.000000
vt 0.018735 0.026424 0.000000
vt 0.009368 0.028118 0.000000
vt 0.009368 0.026424 0.000000
vt 0.004684 0.026424 0.000000
vt 0.000000 0.029937 0.000000
vt 0.000000 0.026424 0.000000
vt 0.037471 0.029937 0.000000
vt 0.028103 0.029937 0.000000
vt 0.018735 0.029937 0.000000
vt 0.009368 0.029937 0.000000
vt 0.004684 0.029937 0.000000
vt 0.074941 -0.026424 0.000000
vt 0.056206 -0.026424 0.000000
vt 0.074941 -0.029938 0.000000
vt 0.056206 -0.029938 0.000000
vt 0.046838 -0.026424 0.000000
vt 0.037471 -0.028233 0.000000
vt 0.037471 -0.026424 0.000000
vt 0.028103 -0.026424 0.000000
vt 0.018735 -0.028233 0.000000
vt 0.018735 -0.026424 0.000000
vt 0.009368 -0.026424 0.000000
vt 0.009368 -0.028233 0.000000
vt 0.004684 -0.026424 0.000000
vt 0.000000 -0.026424 0.000000
vt 0.000000 -0.029938 0.000000
vt 0.004684 -0.029938 0.000000
vt 0.009368 -0.029938 0.000000
vt 0.018735 -0.029938 0.000000
vt 0.028103 -0.029938 0.000000
vt 0.037471 -0.029938 0.000000
vt 0.471828 -0.040939 0.000000
vt 0.334553 -0.038899 0.000000
vt 0.472426 -0.046678 0.000000
vt 0.196680 -0.038899 0.000000
vt -0.076068 -0.046678 0.000000
vt 0.058808 -0.038899 0.000000
vt -0.076951 -0.038899 0.000000
vt 0.058808 -0.031119 0.000000
vt -0.077695 -0.031119 0.000000
vt 0.058808 -0.023339 0.000000
vt -0.078287 -0.023339 0.000000
vt 0.058808 -0.015559 0.000000
vt -0.078717 -0.015559 0.000000
vt 0.058808 -0.007780 0.000000
vt -0.078978 -0.007780 0.000000
vt 0.058808 -0.000000 0.000000
vt -0.079065 -0.000000 0.000000
vt -0.078978 0.007780 0.000000
vt 0.058808 0.007780 0.000000
vt -0.078717 0.015559 0.000000
vt 0.058808 0.015559 0.000000
vt -0.078287 0.023339 0.000000
vt 0.058808 0.023339 0.000000
vt -0.077695 0.031119 0.000000
vt 0.058808 0.031119 0.000000
vt -0.076951 0.038899 0.000000
vt 0.058808 0.038899 0.000000
vt -0.076068 0.046678 0.000000
vt 0.196680 0.038899 0.000000
vt 0.334553 0.038899 0.000000
vt 0.334553 0.031119 0.000000
vt 0.471298 0.035162 0.000000
vt 0.470840 0.029352 0.000000
vt 0.334553 0.023339 0.000000
vt 0.470457 0.023517 0.000000
vt 0.470156 0.017659 0.000000
vt 0.334553 0.015559 0.000000
vt 0.469939 0.011782 0.000000
vt 0.334553 0.007780 0.000000
vt 0.469808 0.005894 0.000000
vt 0.334553 0.000000 0.000000
vt 0.469764 0.000000 0.000000
vt 0.469808 -0.005894 0.000000
vt 0.334553 -0.007780 0.000000
vt 0.469939 -0.011782 0.000000
vt 0.334553 -0.015559 0.000000
vt 0.470156 -0.017659 0.000000
vt 0.334553 -0.023339 0.000000
vt 0.470457 -0.023517 0.000000
vt 0.470840 -0.029352 0.000000
vt 0.334553 -0.031119 0.000000
vt 0.471298 -0.035162 0.000000
vt 0.471828 0.040939 0.000000
vt 0.472426 0.046678 0.000000
vt 0.196680 -0.031119 0.000000
vt 0.196680 -0.023339 0.000000
vt 0.196680 -0.015559 0.000000
vt 0.196680 -0.007780 0.000000
vt 0.196680 0.000000 0.000000
vt 0.196680 0.007780 0.000000
vt 0.196680 0.015559 0.000000
vt 0.196680 0.023339 0.000000
vt 0.196680 0.031119 0.000000
vt 1.583267 0.557972 0.000000
vt 1.577178 0.557937 0.000000
vt 1.649621 0.013506 0.000000
vt 0.242822 0.557937 0.000000
vt 0.170379 0.013506 0.000000
vt 0.236733 0.557972 0.000000
vt 0.471828 -0.040939 0.000000
vt 0.334553 -0.038899 0.000000
vt 0.472426 -0.046678 0.000000
vt 0.196680 -0.038899 0.000000
vt -0.076068 -0.046678 0.000000
vt 0.058808 -0.038899 0.000000
vt -0.076951 -0.038899 0.000000
vt 0.058808 -0.031119 0.000000
vt -0.077695 -0.031119 0.000000
vt 0.058808 -0.023339 0.000000
vt -0.078287 -0.023339 0.000000
vt 0.058808 -0.015559 0.000000
vt -0.078717 -0.015559 0.000000
vt 0.058808 -0.007780 0.000000
vt -0.078978 -0.007780 0.000000
vt 0.058808 0.000000 0.000000
vt -0.079065 0.000000 0.000000
vt -0.078978 0.007780 0.000000
vt 0.058808 0.007780 0.000000
vt -0.078717 0.015559 0.000000
vt 0.058808 0.015559 0.000000
vt -0.078287 0.023339 0.000000
vt 0.058808 0.023339 0.000000
vt -0.077695 0.031119 0.000000
vt 0.058808 0.031119 0.000000
vt -0.076951 0.038899 0.000000
vt 0.058808 0.038899 0.000000
vt -0.076068 0.046678 0.000000
vt 0.196680 0.038899 0.000000
vt 0.334553 0.038899 0.000000
vt 0.334553 0.031119 0.000000
vt 0.471298 0.035162 0.000000
vt 0.470840 0.029352 0.000000
vt 0.334553 0.023339 0.000000
vt 0.470457 0.023517 0.000000
vt 0.470156 0.017659 0.000000
vt 0.334553 0.015559 0.000000
vt 0.469939 0.011782 0.000000
vt 0.334553 0.007780 0.000000
vt 0.469808 0.005894 0.000000
vt 0.334553 0.000000 0.000000
vt 0.469764 0.000000 0.000000
vt 0.469808 -0.005894 0.000000
vt 0.334553 -0.007780 0.000000
vt 0.469939 -0.011782 0.000000
vt 0.334553 -0.015559 0.000000
vt 0.470156 -0.017659 0.000000
vt 0.334553 -0.023339 0.000000
vt 0.470457 -0.023517 0.000000
vt 0.470840 -0.029352 0.000000
vt 0.334553 -0.031119 0.000000
vt 0.471298 -0.035162 0.000000
vt 0.471828 0.040939 0.000000
vt 0.472426 0.046678 0.000000
vt 0.196680 -0.031119 0.000000
vt 0.196680 -0.023339 0.000000
vt 0.196680 -0.015559 0.000000
vt 0.196680 -0.007780 0.000000
vt 0.196680 0.000000 0.000000
vt 0.196680 0.007780 0.000000
vt 0.196680 0.015559 0.000000
vt 0.196680 0.023339 0.000000
vt 0.196680 0.031119 0.000000
vt 1.583267 0.557972 0.000000
vt 1.577178 0.557937 0.000000
vt 1.649621 0.013506 0.000000
vt 0.242822 0.557937 0.000000
vt 0.170379 0.013506 0.000000
vt 0.236733 0.557972 0.000000
vt 0.330000 -0.155000 0.000000
vt 0.676731 -0.667178 0.000000
vt 0.330000 0.155000 0.000000
vt 0.676731 0.667178 0.000000
vt 0.329518 0.164802 0.000000
vt 0.328079 0.174509 0.000000
vt 0.325694 0.184028 0.000000
vt 0.322388 0.193268 0.000000
vt 0.318192 0.202140 0.000000
vt 0.313147 0.210557 0.000000
vt 0.307301 0.218439 0.000000
vt 0.300711 0.225711 0.000000
vt 0.293439 0.232301 0.000000
vt 0.667178 0.676731 0.000000
vt 0.285557 0.238147 0.000000
vt 0.277140 0.243192 0.000000
vt 0.268268 0.247388 0.000000
vt 0.259028 0.250694 0.000000
vt 0.249509 0.253079 0.000000
vt 0.239802 0.254518 0.000000
vt 0.230000 0.255000 0.000000
vt -0.667178 0.676731 0.000000
vt -0.230000 0.255000 0.000000
vt -0.239802 0.254518 0.000000
vt -0.249509 0.253079 0.000000
vt -0.259028 0.250694 0.000000
vt -0.268268 0.247388 0.000000
vt -0.277140 0.243192 0.000000
vt -0.285557 0.238147 0.000000
vt -0.293439 0.232301 0.000000
vt -0.676731 0.667178 0.000000
vt -0.300711 0.225711 0.000000
vt -0.307301 0.218439 0.000000
vt -0.313147 0.210557 0.000000
vt -0.318192 0.202140 0.000000
vt -0.322388 0.193268 0.000000
vt -0.325694 0.184028 0.000000
vt -0.328079 0.174509 0.000000
vt -0.329518 0.164802 0.000000
vt -0.330000 0.155000 0.000000
vt -0.676731 -0.667178 0.000000
vt -0.330000 -0.155000 0.000000
vt -0.329518 -0.164802 0.000000
vt -0.328079 -0.174509 0.000000
vt -0.325694 -0.184028 0.000000
vt -0.322388 -0.193268 0.000000
vt -0.318192 -0.202140 0.000000
vt -0.313147 -0.210557 0.000000
vt -0.307301 -0.218439 0.000000
vt -0.300711 -0.225711 0.000000
vt -0.293439 -0.232301 0.000000
vt -0.667178 -0.676731 0.000000
vt -0.285557 -0.238147 0.000000
vt -0.277140 -0.243192 0.000000
vt -0.268268 -0.247388 0.000000
vt -0.259028 -0.250694 0.000000
vt -0.249509 -0.253079 0.000000
vt -0.239802 -0.254518 0.000000
vt -0.230000 -0.255000 0.000000
vt 0.667178 -0.676731 0.000000
vt 0.230000 -0.255000 0.000000
vt 0.239802 -0.254518 0.000000
vt 0.249509 -0.253079 0.000000
vt 0.259028 -0.250694 0.000000
vt 0.268268 -0.247388 0.000000
vt 0.277140 -0.243192 0.000000
vt 0.285557 -0.238147 0.000000
vt 0.293439 -0.232301 0.000000
vt 0.300711 -0.225711 0.000000
vt 0.307301 -0.218439 0.000000
vt 0.313147 -0.210557 0.000000
vt 0.318192 -0.202140 0.000000
vt 0.322388 -0.193268 0.000000
vt 0.325694 -0.184028 0.000000
vt 0.328079 -0.174509 0.000000
vt 0.329518 -0.164802 0.000000
vt -0.676688 0.668120 0.000000
vt -0.668120 0.676688 0.000000
vt -0.676385 0.669811 0.000000
vt -0.675816 0.671370 0.000000
vt -0.675009 0.672768 0.000000
vt -0.673986 0.673986 0.000000
vt -0.672768 0.675009 0.000000
vt -0.669811 0.676385 0.000000
vt -0.671370 0.675816 0.000000
vt -0.668120 -0.676688 0.000000
vt -0.676688 -0.668120 0.000000
vt -0.669811 -0.676385 0.000000
vt -0.671370 -0.675816 0.000000
vt -0.672768 -0.675009 0.000000
vt -0.673986 -0.673986 0.000000
vt -0.675009 -0.672768 0.000000
vt -0.676385 -0.669811 0.000000
vt -0.675816 -0.671370 0.000000
vt 0.668120 -0.676688 0.000000
vt 0.676688 -0.668120 0.000000
vt 0.669811 -0.676385 0.000000
vt 0.671370 -0.675816 0.000000
vt 0.672768 -0.675009 0.000000
vt 0.673986 -0.673986 0.000000
vt 0.675009 -0.672768 0.000000
vt 0.675816 -0.671370 0.000000
vt 0.676385 -0.669811 0.000000
vt 0.676688 0.668120 0.000000
vt 0.668120 0.676688 0.000000
vt 0.676385 0.669811 0.000000
vt 0.675816 0.671370 0.000000
vt 0.675009 0.672768 0.000000
vt 0.673986 0.673986 0.000000
vt 0.672768 0.675009 0.000000
vt 0.671370 0.675816 0.000000
vt 0.669811 0.676385 0.000000
vt 0.471828 -0.040939 0.000000
vt 0.334553 -0.038899 0.000000
vt 0.472426 -0.046678 0.000000
vt 0.196680 -0.038899 0.000000
vt -0.076068 -0.046678 0.000000
vt 0.058808 -0.038899 0.000000
vt -0.076951 -0.038899 0.000000
vt 0.058808 -0.031119 0.000000
vt -0.077695 -0.031119 0.000000
vt 0.058808 -0.023339 0.000000
vt -0.078287 -0.023339 0.000000
vt 0.058808 -0.015559 0.000000
vt -0.078717 -0.015559 0.000000
vt 0.058808 -0.007780 0.000000
vt -0.078978 -0.007780 0.000000
vt 0.058808 0.000000 0.000000
vt -0.079065 0.000000 0.000000
vt -0.078978 0.007780 0.000000
vt 0.058808 0.007780 0.000000
vt -0.078717 0.015559 0.000000
vt 0.058808 0.015559 0.000000
vt -0.078287 0.023339 0.000000
vt 0.058808 0.023339 0.000000
vt -0.077695 0.031119 0.000000
vt 0.058808 0.031119 0.000000
vt -0.076951 0.038899 0.000000
vt 0.058808 0.038899 0.000000
vt -0.076068 0.046678 0.000000
vt 0.196680 0.038899 0.000000
vt 0.334553 0.038899 0.000000
vt 0.334553 0.031119 0.000000
vt 0.471298 0.035162 0.000000
vt 0.470840 0.029352 0.000000
vt 0.334553 0.023339 0.000000
vt 0.470457 0.023517 0.000000
vt 0.470156 0.017659 0.000000
vt 0.334553 0.015559 0.000000
vt 0.469939 0.011782 0.000000
vt 0.334553 0.007780 0.000000
vt 0.469808 0.005894 0.000000
vt 0.334553 0.000000 0.000000
vt 0.469764 0.000000 0.000000
vt 0.469808 -0.005894 0.000000
vt 0.334553 -0.007780 0.000000
vt 0.469939 -0.011782 0.000000
vt 0.334553 -0.015559 0.000000
vt 0.470156 -0.017659 0.000000
vt 0.334553 -0.023339 0.000000
vt 0.470457 -0.023517 0.000000
vt 0.470840 -0.029352 0.000000
vt 0.334553 -0.031119 0.000000
vt 0.471298 -0.035162 0.000000
vt 0.471828 0.040939 0.000000
vt 0.472426 0.046678 0.000000
vt 0.196680 -0.031119 0.000000
vt 0.196680 -0.023339 0.000000
vt 0.196680 -0.015559 0.000000
vt 0.196680 -0.007780 0.000000
vt 0.196680 0.000000 0.000000
vt 0.196680 0.007780 0.000000
vt 0.196680 0.015559 0.000000
vt 0.196680 0.023339 0.000000
vt 0.196680 0.031119 0.000000
vt 0.236733 0.557972 0.000000
vt 0.170379 0.013506 0.000000
vt 0.242822 0.557937 0.000000
vt 1.649621 0.013506 0.000000
vt 1.577178 0.557937 0.000000
vt 1.583267 0.557972 0.000000
vt 0.471828 -0.040939 0.000000
vt 0.334553 -0.038899 0.000000
vt 0.472426 -0.046678 0.000000
vt 0.196680 -0.038899 0.000000
vt -0.076068 -0.046678 0.000000
vt 0.058808 -0.038899 0.000000
vt -0.076951 -0.038899 0.000000
vt 0.058808 -0.031119 0.000000
vt -0.077695 -0.031119 0.000000
vt 0.058808 -0.023339 0.000000
vt -0.078287 -0.023339 0.000000
vt 0.058808 -0.015559 0.000000
vt -0.078717 -0.015559 0.000000
vt 0.058808 -0.007780 0.000000
vt -0.078978 -0.007780 0.000000
vt 0.058808 -0.000000 0.000000
vt -0.079065 -0.000000 0.000000
vt -0.078978 0.007780 0.000000
vt 0.058808 0.007780 0.000000
vt -0.078717 0.015559 0.000000
vt 0.058808 0.015559 0.000000
vt -0.078287 0.023339 0.000000
vt 0.058808 0.023339 0.000000
vt -0.077695 0.031119 0.000000
vt 0.058808 0.031119 0.000000
vt -0.076951 0.038899 0.000000
vt 0.058808 0.038899 0.000000
vt -0.076068 0.046678 0.000000
vt 0.196680 0.038899 0.000000
vt 0.334553 0.038899 0.000000
vt 0.334553 0.031119 0.000000
vt 0.471298 0.035162 0.000000
vt 0.470840 0.029352 0.000000
vt 0.334553 0.023339 0.000000
vt 0.470457 0.023517 0.000000
vt 0.470156 0.017659 0.000000
vt 0.334553 0.015559 0.000000
vt 0.469939 0.011782 0.000000
vt 0.334553 0.007780 0.000000
vt 0.469808 0.005894 0.000000
vt 0.334553 -0.000000 0.000000
vt 0.469764 -0.000000 0.000000
vt 0.469808 -0.005894 0.000000
vt 0.334553 -0.007780 0.000000
vt 0.469939 -0.011782 0.000000
vt 0.334553 -0.015559 0.000000
vt 0.470156 -0.017659 0.000000
vt 0.334553 -0.023339 0.000000
vt 0.470457 -0.023517 0.000000
vt 0.470840 -0.029352 0.000000
vt 0.334553 -0.031119 0.000000
vt 0.471298 -0.035162 0.000000
vt 0.471828 0.040939 0.000000
vt 0.472426 0.046678 0.000000
vt 0.196680 -0.031119 0.000000
vt 0.196680 -0.023339 0.000000
vt 0.196680 -0.015559 0.000000
vt 0.196680 -0.007780 0.000000
vt 0.196680 -0.000000 0.000000
vt 0.196680 0.007780 0.000000
vt 0.196680 0.015559 0.000000
vt 0.196680 0.023339 0.000000
vt 0.196680 0.031119 0.000000
vt -0.465088 0.219005 0.000000
vt -0.188641 0.215438 0.000000
vt -0.466310 0.233392 0.000000
vt 0.076109 0.216103 0.000000
vt 0.074065 0.233392 0.000000
vt -0.463933 0.204584 0.000000
vt -0.188641 0.197485 0.000000
vt 0.078023 0.198815 0.000000
vt 0.079801 0.181527 0.000000
vt -0.188641 0.179532 0.000000
vt 0.081437 0.164238 0.000000
vt -0.188641 0.161579 0.000000
vt 0.082924 0.146950 0.000000
vt -0.188641 0.143626 0.000000
vt 0.084260 0.129662 0.000000
vt -0.188641 0.125672 0.000000
vt 0.085438 0.112374 0.000000
vt -0.188641 0.107719 0.000000
vt 0.086455 0.095085 0.000000
vt -0.188641 0.089766 0.000000
vt 0.087308 0.077797 0.000000
vt -0.188641 0.071813 0.000000
vt 0.087994 0.060509 0.000000
vt -0.188641 0.053860 0.000000
vt 0.088510 0.043221 0.000000
vt -0.188641 0.035906 0.000000
vt 0.088856 0.025932 0.000000
vt -0.188641 0.017953 0.000000
vt 0.089028 0.008644 0.000000
vt -0.188641 0.000002 0.000000
vt 0.089028 -0.008644 0.000000
vt -0.188641 -0.017953 0.000000
vt 0.088856 -0.025932 0.000000
vt -0.188641 -0.035906 0.000000
vt 0.088510 -0.043221 0.000000
vt -0.188641 -0.053860 0.000000
vt 0.087994 -0.060509 0.000000
vt -0.188641 -0.071813 0.000000
vt 0.087308 -0.077797 0.000000
vt -0.188641 -0.089766 0.000000
vt 0.086455 -0.095085 0.000000
vt -0.188641 -0.107719 0.000000
vt 0.085438 -0.112374 0.000000
vt -0.188641 -0.125672 0.000000
vt 0.084260 -0.129662 0.000000
vt -0.188641 -0.143626 0.000000
vt 0.082924 -0.146950 0.000000
vt -0.188641 -0.161579 0.000000
vt 0.081437 -0.164238 0.000000
vt -0.188641 -0.179532 0.000000
vt 0.079801 -0.181527 0.000000
vt -0.188641 -0.197485 0.000000
vt 0.078023 -0.198815 0.000000
vt -0.188641 -0.215438 0.000000
vt 0.076109 -0.216103 0.000000
vt 0.074065 -0.233392 0.000000
vt -0.465088 -0.219004 0.000000
vt -0.466310 -0.233392 0.000000
vt -0.462846 0.190129 0.000000
vt -0.461830 0.175640 0.000000
vt -0.460888 0.161119 0.000000
vt -0.460020 0.146568 0.000000
vt -0.459229 0.131990 0.000000
vt -0.458515 0.117387 0.000000
vt -0.457880 0.102765 0.000000
vt -0.457327 0.088124 0.000000
vt -0.456855 0.073469 0.000000
vt -0.456468 0.058799 0.000000
vt -0.456166 0.044114 0.000000
vt -0.455951 0.029416 0.000000
vt -0.455822 0.014712 0.000000
vt -0.455780 0.000004 0.000000
vt -0.455823 -0.014704 0.000000
vt -0.455953 -0.029410 0.000000
vt -0.456168 -0.044109 0.000000
vt -0.456468 -0.058798 0.000000
vt -0.456853 -0.073475 0.000000
vt -0.457323 -0.088136 0.000000
vt -0.457875 -0.102778 0.000000
vt -0.458510 -0.117400 0.000000
vt -0.459224 -0.131999 0.000000
vt -0.460016 -0.146575 0.000000
vt -0.460885 -0.161123 0.000000
vt -0.461829 -0.175642 0.000000
vt -0.462846 -0.190129 0.000000
vt -0.463933 -0.204583 0.000000
vt -1.445244 0.537014 0.000000
vt -1.456865 0.536406 0.000000
vt -1.436287 0.537061 0.000000
vt -1.522236 0.000000 0.000000
vt -0.297764 -0.000000 0.000000
vt -0.383713 0.537061 0.000000
vt -0.363135 0.536406 0.000000
vt -0.374756 0.537014 0.000000
vt -0.739621 -0.799174 0.000000
vt 0.612236 -0.910000 0.000000
vt 0.739621 -0.799174 0.000000
vt 0.629635 -0.909498 0.000000
vt 0.646962 -0.907995 0.000000
vt -0.747429 -0.798666 0.000000
vt -0.761458 -0.870251 0.000000
vt -0.746214 -0.878445 0.000000
vt -0.730509 -0.885740 0.000000
vt -0.776192 -0.861186 0.000000
vt -0.755091 -0.797153 0.000000
vt -0.790367 -0.851279 0.000000
vt -0.762477 -0.794658 0.000000
vt -0.803935 -0.840564 0.000000
vt -0.769466 -0.791224 0.000000
vt -0.775937 -0.786909 0.000000
vt -0.816853 -0.829076 0.000000
vt -0.781785 -0.781785 0.000000
vt -0.829076 -0.816853 0.000000
vt -0.786909 -0.775937 0.000000
vt -0.840564 -0.803935 0.000000
vt -0.791224 -0.769466 0.000000
vt -0.794658 -0.762477 0.000000
vt -0.851279 -0.790367 0.000000
vt -0.797153 -0.755091 0.000000
vt -0.861186 -0.776192 0.000000
vt -0.798666 -0.747429 0.000000
vt -0.870251 -0.761458 0.000000
vt -0.799174 -0.739621 0.000000
vt -0.878445 -0.746214 0.000000
vt -0.885740 -0.730509 0.000000
vt -0.892112 -0.714398 0.000000
vt -0.897540 -0.697932 0.000000
vt -0.902005 -0.681167 0.000000
vt -0.905494 -0.664158 0.000000
vt -0.907995 -0.646962 0.000000
vt -0.909498 -0.629635 0.000000
vt -0.910000 -0.612236 0.000000
vt -0.910000 0.612236 0.000000
vt -0.799174 0.739621 0.000000
vt -0.909498 0.629635 0.000000
vt -0.907995 0.646962 0.000000
vt -0.905494 0.664158 0.000000
vt -0.902005 0.681167 0.000000
vt -0.897540 0.697932 0.000000
vt -0.892112 0.714398 0.000000
vt -0.885740 0.730509 0.000000
vt -0.878445 0.746214 0.000000
vt -0.870251 0.761458 0.000000
vt -0.798666 0.747429 0.000000
vt -0.861186 0.776192 0.000000
vt -0.797153 0.755091 0.000000
vt -0.851279 0.790367 0.000000
vt -0.794658 0.762477 0.000000
vt -0.840564 0.803935 0.000000
vt -0.791224 0.769466 0.000000
vt -0.786909 0.775937 0.000000
vt -0.829076 0.816853 0.000000
vt -0.781785 0.781785 0.000000
vt -0.816853 0.829076 0.000000
vt -0.775937 0.786909 0.000000
vt -0.803935 0.840564 0.000000
vt -0.769466 0.791224 0.000000
vt -0.762477 0.794658 0.000000
vt -0.790367 0.851279 0.000000
vt -0.755091 0.797153 0.000000
vt -0.776192 0.861186 0.000000
vt -0.747429 0.798666 0.000000
vt -0.761458 0.870251 0.000000
vt -0.739621 0.799174 0.000000
vt -0.746214 0.878445 0.000000
vt -0.730509 0.885740 0.000000
vt -0.714398 0.892112 0.000000
vt -0.697932 0.897540 0.000000
vt -0.681167 0.902005 0.000000
vt -0.664158 0.905494 0.000000
vt -0.646962 0.907995 0.000000
vt -0.629635 0.909498 0.000000
vt -0.612236 0.910000 0.000000
vt 0.739621 0.799174 0.000000
vt 0.612236 0.910000 0.000000
vt 0.629635 0.909498 0.000000
vt 0.646962 0.907995 0.000000
vt 0.664158 0.905494 0.000000
vt 0.681167 0.902005 0.000000
vt 0.697932 0.897540 0.000000
vt 0.714398 0.892112 0.000000
vt 0.730509 0.885740 0.000000
vt 0.746214 0.878445 0.000000
vt 0.761458 0.870251 0.000000
vt 0.747429 0.798666 0.000000
vt 0.776192 0.861186 0.000000
vt 0.755091 0.797153 0.000000
vt 0.790367 0.851279 0.000000
vt 0.762477 0.794658 0.000000
vt 0.803935 0.840564 0.000000
vt 0.769466 0.791224 0.000000
vt 0.775937 0.786909 0.000000
vt 0.816853 0.829076 0.000000
vt 0.781785 0.781785 0.000000
vt 0.829076 0.816853 0.000000
vt 0.786909 0.775937 0.000000
vt 0.840564 0.803935 0.000000
vt 0.791224 0.769466 0.000000
vt 0.794658 0.762477 0.000000
vt 0.851279 0.790367 0.000000
vt 0.797153 0.755091 0.000000
vt 0.861186 0.776192 0.000000
vt 0.798666 0.747429 0.000000
vt 0.870251 0.761458 0.000000
vt 0.799174 0.739621 0.000000
vt 0.878445 0.746214 0.000000
vt 0.885740 0.730509 0.000000
vt 0.892112 0.714398 0.000000
vt 0.897540 0.697932 0.000000
vt 0.902005 0.681167 0.000000
vt 0.905494 0.664158 0.000000
vt 0.907995 0.646962 0.000000
vt 0.909498 0.629635 0.000000
vt 0.910000 0.612236 0.000000
vt 0.799174 -0.739621 0.000000
vt 0.910000 -0.612236 0.000000
vt 0.909498 -0.629635 0.000000
vt 0.907995 -0.646962 0.000000
vt 0.905494 -0.664158 0.000000
vt 0.902005 -0.681167 0.000000
vt 0.897540 -0.697932 0.000000
vt 0.892112 -0.714398 0.000000
vt 0.885740 -0.730509 0.000000
vt 0.878445 -0.746214 0.000000
vt 0.870251 -0.761458 0.000000
vt 0.798666 -0.747429 0.000000
vt 0.861186 -0.776192 0.000000
vt 0.797153 -0.755091 0.000000
vt 0.851279 -0.790367 0.000000
vt 0.794658 -0.762477 0.000000
vt 0.840564 -0.803935 0.000000
vt 0.791224 -0.769466 0.000000
vt 0.786909 -0.775937 0.000000
vt 0.829076 -0.816853 0.000000
vt 0.781785 -0.781785 0.000000
vt 0.816853 -0.829076 0.000000
vt 0.775937 -0.786909 0.000000
vt 0.803935 -0.840564 0.000000
vt 0.769466 -0.791224 0.000000
vt 0.762477 -0.794658 0.000000
vt 0.790367 -0.851279 0.000000
vt 0.755091 -0.797153 0.000000
vt 0.776192 -0.861186 0.000000
vt 0.747429 -0.798666 0.000000
vt 0.761458 -0.870251 0.000000
vt 0.746214 -0.878445 0.000000
vt 0.730509 -0.885740 0.000000
vt 0.714398 -0.892112 0.000000
vt 0.697932 -0.897540 0.000000
vt 0.681167 -0.902005 0.000000
vt 0.664158 -0.905494 0.000000
vt -0.714398 -0.892112 0.000000
vt -0.697932 -0.897540 0.000000
vt -0.681167 -0.902005 0.000000
vt -0.664158 -0.905494 0.000000
vt -0.646962 -0.907995 0.000000
vt -0.629635 -0.909498 0.000000
vt -0.612236 -0.910000 0.000000
vt 0.009000 -0.016263 0.000000
vt 0.009000 0.016263 0.000000
vt -0.106000 -0.016263 0.000000
vt -0.129000 0.016263 0.000000
vt -0.016263 0.138500 0.000000
vt -0.016263 -0.061500 0.000000
vt 0.016263 0.115500 0.000000
vt 0.016263 -0.038500 0.000000
vt 0.016263 -0.001000 0.000000
vt -0.016263 -0.001000 0.000000
vt 0.016263 -0.106000 0.000000
vt -0.016263 -0.129000 0.000000
vt -0.123500 -0.016263 0.000000
vt 0.056500 -0.016263 0.000000
vt -0.100500 0.016263 0.000000
vt 0.033500 0.016263 0.000000
vt -0.009000 0.016263 0.000000
vt -0.009000 -0.016263 0.000000
vt 0.106000 0.016263 0.000000
vt 0.129000 -0.016263 0.000000
vt 0.016263 0.014530 0.000000
vt -0.016263 0.014530 0.000000
vt 0.016263 0.011301 0.000000
vt -0.016263 0.011301 0.000000
vt 0.016263 0.008072 0.000000
vt -0.016263 0.008072 0.000000
vt 0.016263 0.004843 0.000000
vt -0.016263 0.004843 0.000000
vt 0.016263 0.001614 0.000000
vt -0.016263 0.001614 0.000000
vt 0.016263 -0.001614 0.000000
vt -0.016263 -0.001614 0.000000
vt 0.016263 -0.004843 0.000000
vt -0.016263 -0.004843 0.000000
vt 0.016263 -0.008072 0.000000
vt -0.016263 -0.008072 0.000000
vt 0.016263 -0.011301 0.000000
vt -0.016263 -0.011301 0.000000
vt 0.016263 -0.014530 0.000000
vt -0.016263 -0.014530 0.000000
vt 0.016263 -0.196500 0.000000
vt 0.016263 -0.068500 0.000000
vt -0.016263 -0.173500 0.000000
vt -0.016263 -0.068500 0.000000
vt -0.016263 -0.115500 0.000000
vt 0.016263 -0.138500 0.000000
vt -0.016263 0.038500 0.000000
vt 0.016263 0.061500 0.000000
vt -0.016263 0.001000 0.000000
vt 0.016263 0.001000 0.000000
vt -0.016263 0.106000 0.000000
vt 0.016263 0.129000 0.000000
vt 0.016263 0.014530 0.000000
vt -0.016263 0.014530 0.000000
vt 0.016263 0.011301 0.000000
vt -0.016263 0.011301 0.000000
vt 0.016263 0.008072 0.000000
vt -0.016263 0.008072 0.000000
vt 0.016263 0.004843 0.000000
vt -0.016263 0.004843 0.000000
vt 0.016263 0.001614 0.000000
vt -0.016263 0.001614 0.000000
vt 0.016263 -0.001614 0.000000
vt -0.016263 -0.001614 0.000000
vt 0.016263 -0.004843 0.000000
vt -0.016263 -0.004843 0.000000
vt 0.016263 -0.008072 0.000000
vt -0.016263 -0.008072 0.000000
vt 0.016263 -0.011301 0.000000
vt -0.016263 -0.011301 0.000000
vt 0.016263 -0.014530 0.000000
vt -0.016263 -0.014530 0.000000
vt 0.201500 0.016263 0.000000
vt 0.063500 0.016263 0.000000
vt 0.178500 -0.016263 0.000000
vt 0.063500 -0.016263 0.000000
vt 0.016263 0.014530 0.000000
vt -0.016263 0.014530 0.000000
vt 0.016263 0.011301 0.000000
vt -0.016263 0.011301 0.000000
vt 0.016263 0.008072 0.000000
vt -0.016263 0.008072 0.000000
vt 0.016263 0.004843 0.000000
vt -0.016263 0.004843 0.000000
vt 0.016263 0.001614 0.000000
vt -0.016263 0.001614 0.000000
vt 0.016263 -0.001614 0.000000
vt -0.016263 -0.001614 0.000000
vt 0.016263 -0.004843 0.000000
vt -0.016263 -0.004843 0.000000
vt 0.016263 -0.008072 0.000000
vt -0.016263 -0.008072 0.000000
vt 0.016263 -0.011301 0.000000
vt -0.016263 -0.011301 0.000000
vt 0.016263 -0.014530 0.000000
vt -0.016263 -0.014530 0.000000
vt -0.201500 -0.016263 0.000000
vt -0.063500 -0.016263 0.000000
vt -0.178500 0.016263 0.000000
vt -0.063500 0.016263 0.000000
vt -0.033500 -0.016263 0.000000
vt 0.100500 -0.016263 0.000000
vt -0.056500 0.016263 0.000000
vt 0.123500 0.016263 0.000000
vt 0.016263 0.014530 0.000000
vt -0.016263 0.014530 0.000000
vt 0.016263 0.011301 0.000000
vt -0.016263 0.011301 0.000000
vt 0.016263 0.008072 0.000000
vt -0.016263 0.008072 0.000000
vt 0.016263 0.004843 0.000000
vt -0.016263 0.004843 0.000000
vt 0.016263 0.001614 0.000000
vt -0.016263 0.001614 0.000000
vt 0.016263 -0.001614 0.000000
vt -0.016263 -0.001614 0.000000
vt 0.016263 -0.004843 0.000000
vt -0.016263 -0.004843 0.000000
vt 0.016263 -0.008072 0.000000
vt -0.016263 -0.008072 0.000000
vt 0.016263 -0.011301 0.000000
vt -0.016263 -0.011301 0.000000
vt 0.016263 -0.014530 0.000000
vt -0.016263 -0.014530 0.000000
vt -0.016263 0.196500 0.000000
vt -0.016263 0.068500 0.000000
vt 0.016263 0.173500 0.000000
vt 0.016263 0.068500 0.000000
vt 0.090000 -0.235000 0.000000
vt 0.097000 -0.100000 0.000000
vt 0.090000 -0.107000 0.000000
vt 0.095784 -0.100106 0.000000
vt 0.094606 -0.100422 0.000000
vt 0.230000 -0.235000 0.000000
vt 0.235000 -0.100000 0.000000
vt 0.238957 -0.234497 0.000000
vt 0.247802 -0.232994 0.000000
vt 0.256422 -0.230511 0.000000
vt 0.264711 -0.227078 0.000000
vt 0.272563 -0.222738 0.000000
vt 0.279879 -0.217547 0.000000
vt 0.286569 -0.211569 0.000000
vt 0.292547 -0.204879 0.000000
vt 0.310000 -0.155000 0.000000
vt 0.297738 -0.197563 0.000000
vt 0.302078 -0.189711 0.000000
vt 0.305511 -0.181422 0.000000
vt 0.307994 -0.172802 0.000000
vt 0.309497 -0.163957 0.000000
vt 0.235000 0.100000 0.000000
vt 0.310000 0.155000 0.000000
vt 0.292547 0.204879 0.000000
vt 0.297738 0.197563 0.000000
vt 0.302078 0.189711 0.000000
vt 0.305511 0.181422 0.000000
vt 0.307994 0.172802 0.000000
vt 0.309497 0.163957 0.000000
vt 0.286569 0.211569 0.000000
vt 0.279879 0.217547 0.000000
vt 0.272563 0.222738 0.000000
vt 0.264711 0.227078 0.000000
vt 0.256422 0.230511 0.000000
vt 0.247802 0.232994 0.000000
vt 0.238957 0.234497 0.000000
vt 0.230000 0.235000 0.000000
vt 0.097000 0.100000 0.000000
vt 0.090000 0.235000 0.000000
vt 0.090000 0.107000 0.000000
vt 0.090106 0.105784 0.000000
vt 0.090422 0.104606 0.000000
vt 0.090938 0.103500 0.000000
vt 0.091638 0.102500 0.000000
vt 0.092500 0.101638 0.000000
vt 0.093500 0.100938 0.000000
vt 0.094606 0.100422 0.000000
vt 0.095784 0.100106 0.000000
vt 0.093500 -0.100938 0.000000
vt 0.092500 -0.101638 0.000000
vt 0.091638 -0.102500 0.000000
vt 0.090938 -0.103500 0.000000
vt 0.090422 -0.104606 0.000000
vt 0.090106 -0.105784 0.000000
vt -0.230000 -0.235000 0.000000
vt -0.090000 -0.235000 0.000000
vt -0.097000 -0.100000 0.000000
vt -0.090000 -0.107000 0.000000
vt -0.095784 -0.100106 0.000000
vt -0.094606 -0.100422 0.000000
vt -0.093500 -0.100938 0.000000
vt -0.092500 -0.101638 0.000000
vt -0.091638 -0.102500 0.000000
vt -0.090938 -0.103500 0.000000
vt -0.090422 -0.104606 0.000000
vt -0.090106 -0.105784 0.000000
vt -0.235000 -0.100000 0.000000
vt -0.238957 -0.234497 0.000000
vt -0.247802 -0.232994 0.000000
vt -0.256422 -0.230511 0.000000
vt -0.264711 -0.227078 0.000000
vt -0.272563 -0.222738 0.000000
vt -0.279879 -0.217547 0.000000
vt -0.286569 -0.211569 0.000000
vt -0.292547 -0.204879 0.000000
vt -0.310000 -0.155000 0.000000
vt -0.297738 -0.197563 0.000000
vt -0.302078 -0.189711 0.000000
vt -0.305511 -0.181422 0.000000
vt -0.307994 -0.172802 0.000000
vt -0.309497 -0.163957 0.000000
vt -0.235000 0.100000 0.000000
vt -0.310000 0.155000 0.000000
vt -0.292547 0.204879 0.000000
vt -0.297738 0.197563 0.000000
vt -0.097000 0.100000 0.000000
vt -0.230000 0.235000 0.000000
vt -0.238957 0.234497 0.000000
vt -0.247802 0.232994 0.000000
vt -0.095784 0.100106 0.000000
vt -0.090000 0.107000 0.000000
vt -0.090000 0.235000 0.000000
vt -0.094606 0.100422 0.000000
vt -0.093500 0.100938 0.000000
vt -0.092500 0.101638 0.000000
vt -0.091638 0.102500 0.000000
vt -0.090938 0.103500 0.000000
vt -0.090422 0.104606 0.000000
vt -0.090106 0.105784 0.000000
vt -0.256422 0.230511 0.000000
vt -0.264711 0.227078 0.000000
vt -0.272563 0.222738 0.000000
vt -0.279879 0.217547 0.000000
vt -0.286569 0.211569 0.000000
vt -0.302078 0.189711 0.000000
vt -0.305511 0.181422 0.000000
vt -0.307994 0.172802 0.000000
vt -0.309497 0.163957 0.000000
vt 0.134000 0.347000 0.000000
vt 0.000000 0.347000 0.000000
vt 0.134000 0.000000 0.000000
vt 0.000000 0.000000 0.000000
vt 0.135000 0.347000 0.000000
vt 0.030000 0.347000 0.000000
vt 0.135000 0.000000 0.000000
vt 0.030000 0.000000 0.000000
vt -0.347000 0.018326 0.000000
vt -0.231333 0.018326 0.000000
vt -0.347000 0.023562 0.000000
vt -0.115667 0.018326 0.000000
vt -0.000000 0.023562 0.000000
vt -0.000000 0.018326 0.000000
vt -0.000000 0.013090 0.000000
vt -0.115667 0.013090 0.000000
vt -0.000000 0.007854 0.000000
vt -0.115667 0.007854 0.000000
vt -0.000000 0.002618 0.000000
vt -0.115667 0.002618 0.000000
vt -0.000000 -0.002618 0.000000
vt -0.115667 -0.002618 0.000000
vt -0.000000 -0.007854 0.000000
vt -0.115667 -0.007854 0.000000
vt -0.000000 -0.013090 0.000000
vt -0.115667 -0.013090 0.000000
vt -0.000000 -0.018326 0.000000
vt -0.115667 -0.018326 0.000000
vt -0.000000 -0.023562 0.000000
vt -0.231333 -0.018326 0.000000
vt -0.347000 -0.023562 0.000000
vt -0.347000 -0.018326 0.000000
vt -0.347000 -0.013090 0.000000
vt -0.231333 -0.013090 0.000000
vt -0.347000 -0.007854 0.000000
vt -0.231333 -0.007854 0.000000
vt -0.347000 -0.002618 0.000000
vt -0.231333 -0.002618 0.000000
vt -0.347000 0.002618 0.000000
vt -0.231333 0.002618 0.000000
vt -0.347000 0.007854 0.000000
vt -0.231333 0.007854 0.000000
vt -0.347000 0.013090 0.000000
vt -0.231333 0.013090 0.000000
vt 0.115000 0.347000 0.000000
vt 0.000000 0.347000 0.000000
vt 0.115000 0.000000 0.000000
vt 0.000000 0.000000 0.000000
vt 0.154000 0.347000 0.000000
vt 0.000000 0.347000 0.000000
vt 0.154000 0.000000 0.000000
vt 0.000000 0.000000 0.000000
vt 0.145000 0.347000 0.000000
vt 0.030000 0.347000 0.000000
vt 0.145000 0.000000 0.000000
vt 0.030000 0.000000 0.000000
vt -0.347000 0.018326 0.000000
vt -0.231333 0.018326 0.000000
vt -0.347000 0.023562 0.000000
vt -0.115667 0.018326 0.000000
vt -0.000000 0.023562 0.000000
vt -0.000000 0.018326 0.000000
vt -0.000000 0.013090 0.000000
vt -0.115667 0.013090 0.000000
vt -0.000000 0.007854 0.000000
vt -0.115667 0.007854 0.000000
vt -0.000000 0.002618 0.000000
vt -0.115667 0.002618 0.000000
vt -0.000000 -0.002618 0.000000
vt -0.115667 -0.002618 0.000000
vt -0.000000 -0.007854 0.000000
vt -0.115667 -0.007854 0.000000
vt -0.000000 -0.013090 0.000000
vt -0.115667 -0.013090 0.000000
vt -0.000000 -0.018326 0.000000
vt -0.115667 -0.018326 0.000000
vt -0.000000 -0.023562 0.000000
vt -0.231333 -0.018326 0.000000
vt -0.347000 -0.023562 0.000000
vt -0.347000 -0.018326 0.000000
vt -0.347000 -0.013090 0.000000
vt -0.231333 -0.013090 0.000000
vt -0.347000 -0.007854 0.000000
vt -0.231333 -0.007854 0.000000
vt -0.347000 -0.002618 0.000000
vt -0.231333 -0.002618 0.000000
vt -0.347000 0.002618 0.000000
vt -0.231333 0.002618 0.000000
vt -0.347000 0.007854 0.000000
vt -0.231333 0.007854 0.000000
vt -0.347000 0.013090 0.000000
vt -0.231333 0.013090 0.000000
vt 0.105000 0.347000 0.000000
vt 0.000000 0.347000 0.000000
vt 0.105000 0.000000 0.000000
vt 0.000000 0.000000 0.000000
vt -0.347000 0.018326 0.000000
vt -0.231333 0.018326 0.000000
vt -0.347000 0.023562 0.000000
vt -0.115667 0.018326 0.000000
vt -0.000000 0.023562 0.000000
vt -0.000000 0.018326 0.000000
vt -0.000000 0.013090 0.000000
vt -0.115667 0.013090 0.000000
vt -0.000000 0.007854 0.000000
vt -0.115667 0.007854 0.000000
vt -0.000000 0.002618 0.000000
vt -0.115667 0.002618 0.000000
vt -0.000000 -0.002618 0.000000
vt -0.115667 -0.002618 0.000000
vt -0.000000 -0.007854 0.000000
vt -0.115667 -0.007854 0.000000
vt -0.000000 -0.013090 0.000000
vt -0.115667 -0.013090 0.000000
vt -0.000000 -0.018326 0.000000
vt -0.115667 -0.018326 0.000000
vt -0.000000 -0.023562 0.000000
vt -0.231333 -0.018326 0.000000
vt -0.347000 -0.023562 0.000000
vt -0.347000 -0.018326 0.000000
vt -0.347000 -0.013090 0.000000
vt -0.231333 -0.013090 0.000000
vt -0.347000 -0.007854 0.000000
vt -0.231333 -0.007854 0.000000
vt -0.347000 -0.002618 0.000000
vt -0.231333 -0.002618 0.000000
vt -0.347000 0.002618 0.000000
vt -0.231333 0.002618 0.000000
vt -0.347000 0.007854 0.000000
vt -0.231333 0.007854 0.000000
vt -0.347000 0.013090 0.000000
vt -0.231333 0.013090 0.000000
vt 0.115000 0.347000 0.000000
vt 0.000000 0.347000 0.000000
vt 0.115000 0.000000 0.000000
vt 0.000000 0.000000 0.000000
vt -0.347000 0.018326 0.000000
vt -0.231333 0.018326 0.000000
vt -0.347000 0.023562 0.000000
vt -0.115667 0.018326 0.000000
vt -0.000000 0.023562 0.000000
vt -0.000000 0.018326 0.000000
vt -0.000000 0.013090 0.000000
vt -0.115667 0.013090 0.000000
vt -0.000000 0.007854 0.000000
vt -0.115667 0.007854 0.000000
vt -0.000000 0.002618 0.000000
vt -0.115667 0.002618 0.000000
vt -0.000000 -0.002618 0.000000
vt -0.115667 -0.002618 0.000000
vt -0.000000 -0.007854 0.000000
vt -0.115667 -0.007854 0.000000
vt -0.000000 -0.013090 0.000000
vt -0.115667 -0.013090 0.000000
vt -0.000000 -0.018326 0.000000
vt -0.115667 -0.018326 0.000000
vt -0.000000 -0.023562 0.000000
vt -0.231333 -0.018326 0.000000
vt -0.347000 -0.023562 0.000000
vt -0.347000 -0.018326 0.000000
vt -0.347000 -0.013090 0.000000
vt -0.231333 -0.013090 0.000000
vt -0.347000 -0.007854 0.000000
vt -0.231333 -0.007854 0.000000
vt -0.347000 -0.002618 0.000000
vt -0.231333 -0.002618 0.000000
vt -0.347000 0.002618 0.000000
vt -0.231333 0.002618 0.000000
vt -0.347000 0.007854 0.000000
vt -0.231333 0.007854 0.000000
vt -0.347000 0.013090 0.000000
vt -0.231333 0.013090 0.000000
vt 0.105000 0.347000 0.000000
vt 0.000000 0.347000 0.000000
vt 0.105000 0.000000 0.000000
vt 0.000000 0.000000 0.000000
vt -0.395000 -0.014142 0.000000
vt -0.255000 -0.014142 0.000000
vt -0.395000 0.014142 0.000000
vt -0.075000 -0.014142 0.000000
vt 0.065000 0.014142 0.000000
vt 0.065000 -0.014142 0.000000
vt -0.014142 0.070686 0.000000
vt -0.014142 0.061850 0.000000
vt 0.014142 0.070686 0.000000
vt 0.014142 0.060588 0.000000
vt -0.014142 0.053014 0.000000
vt 0.014142 0.050490 0.000000
vt -0.014142 0.044179 0.000000
vt 0.014142 0.040392 0.000000
vt -0.014142 0.035343 0.000000
vt 0.014142 0.030294 0.000000
vt -0.014142 0.026507 0.000000
vt 0.014142 0.020196 0.000000
vt -0.014142 0.017671 0.000000
vt 0.014142 0.010098 0.000000
vt -0.014142 0.008836 0.000000
vt 0.014142 -0.000000 0.000000
vt -0.014142 -0.000000 0.000000
vt -0.014142 -0.008836 0.000000
vt 0.014142 -0.010098 0.000000
vt -0.014142 -0.017671 0.000000
vt 0.014142 -0.020196 0.000000
vt -0.014142 -0.026507 0.000000
vt 0.014142 -0.030294 0.000000
vt -0.014142 -0.035343 0.000000
vt 0.014142 -0.040392 0.000000
vt -0.014142 -0.044179 0.000000
vt 0.014142 -0.050490 0.000000
vt -0.014142 -0.053014 0.000000
vt 0.014142 -0.060588 0.000000
vt -0.014142 -0.061850 0.000000
vt 0.014142 -0.070686 0.000000
vt -0.014142 -0.070686 0.000000
vt -0.014142 -0.282500 0.000000
vt 0.014142 -0.282500 0.000000
vt -0.014142 0.027500 0.000000
vt 0.014142 0.027500 0.000000
vt -0.014142 0.070686 0.000000
vt -0.014142 0.061850 0.000000
vt 0.014142 0.070686 0.000000
vt 0.014142 0.060588 0.000000
vt -0.014142 0.053014 0.000000
vt 0.014142 0.050490 0.000000
vt -0.014142 0.044179 0.000000
vt 0.014142 0.040392 0.000000
vt -0.014142 0.035343 0.000000
vt 0.014142 0.030294 0.000000
vt -0.014142 0.026507 0.000000
vt 0.014142 0.020196 0.000000
vt -0.014142 0.017671 0.000000
vt 0.014142 0.010098 0.000000
vt -0.014142 0.008836 0.000000
vt 0.014142 -0.000000 0.000000
vt -0.014142 0.000000 0.000000
vt -0.014142 -0.008836 0.000000
vt 0.014142 -0.010098 0.000000
vt -0.014142 -0.017671 0.000000
vt 0.014142 -0.020196 0.000000
vt -0.014142 -0.026507 0.000000
vt 0.014142 -0.030294 0.000000
vt -0.014142 -0.035343 0.000000
vt 0.014142 -0.040392 0.000000
vt -0.014142 -0.044179 0.000000
vt 0.014142 -0.050490 0.000000
vt -0.014142 -0.053014 0.000000
vt 0.014142 -0.060588 0.000000
vt -0.014142 -0.061850 0.000000
vt 0.014142 -0.070686 0.000000
vt -0.014142 -0.070686 0.000000
vt 0.395000 0.014142 0.000000
vt 0.255000 0.014142 0.000000
vt 0.395000 -0.014142 0.000000
vt 0.075000 0.014142 0.000000
vt -0.065000 -0.014142 0.000000
vt -0.065000 0.014142 0.000000
vt -0.014142 0.070686 0.000000
vt -0.014142 0.061850 0.000000
vt 0.014142 0.070686 0.000000
vt 0.014142 0.060588 0.000000
vt -0.014142 0.053014 0.000000
vt 0.014142 0.050490 0.000000
vt -0.014142 0.044179 0.000000
vt 0.014142 0.040392 0.000000
vt -0.014142 0.035343 0.000000
vt 0.014142 0.030294 0.000000
vt -0.014142 0.026507 0.000000
vt 0.014142 0.020196 0.000000
vt -0.014142 0.017671 0.000000
vt 0.014142 0.010098 0.000000
vt -0.014142 0.008836 0.000000
vt 0.014142 -0.000000 0.000000
vt -0.014142 0.000000 0.000000
vt -0.014142 -0.008836 0.000000
vt 0.014142 -0.010098 0.000000
vt -0.014142 -0.017671 0.000000
vt 0.014142 -0.020196 0.000000
vt -0.014142 -0.026507 0.000000
vt 0.014142 -0.030294 0.000000
vt -0.014142 -0.035343 0.000000
vt 0.014142 -0.040392 0.000000
vt -0.014142 -0.044179 0.000000
vt 0.014142 -0.050490 0.000000
vt -0.014142 -0.053014 0.000000
vt 0.014142 -0.060588 0.000000
vt -0.014142 -0.061850 0.000000
vt 0.014142 -0.070686 0.000000
vt -0.014142 -0.070686 0.000000
vt 0.014142 0.282500 0.000000
vt -0.014142 0.282500 0.000000
vt 0.014142 -0.027500 0.000000
vt -0.014142 -0.027500 0.000000
vt -0.014142 0.070686 0.000000
vt -0.014142 0.061850 0.000000
vt 0.014142 0.070686 0.000000
vt 0.014142 0.060588 0.000000
vt -0.014142 0.053014 0.000000
vt 0.014142 0.050490 0.000000
vt -0.014142 0.044179 0.000000
vt 0.014142 0.040392 0.000000
vt -0.014142 0.035343 0.000000
vt 0.014142 0.030294 0.000000
vt -0.014142 0.026507 0.000000
vt 0.014142 0.020196 0.000000
vt -0.014142 0.017671 0.000000
vt 0.014142 0.010098 0.000000
vt -0.014142 0.008836 0.000000
vt 0.014142 0.000000 0.000000
vt -0.014142 0.000000 0.000000
vt -0.014142 -0.008836 0.000000
vt 0.014142 -0.010098 0.000000
vt -0.014142 -0.017671 0.000000
vt 0.014142 -0.020196 0.000000
vt -0.014142 -0.026507 0.000000
vt 0.014142 -0.030294 0.000000
vt -0.014142 -0.035343 0.000000
vt 0.014142 -0.040392 0.000000
vt -0.014142 -0.044179 0.000000
vt 0.014142 -0.050490 0.000000
vt -0.014142 -0.053014 0.000000
vt 0.014142 -0.060588 0.000000
vt -0.014142 -0.061850 0.000000
vt 0.014142 -0.070686 0.000000
vt -0.014142 -0.070686 0.000000
vt -0.000000 0.078540 0.000000
vt -0.350000 0.078540 0.000000
vt -0.175000 0.068722 0.000000
vt -0.350000 0.068722 0.000000
vt -0.175000 0.058905 0.000000
vt -0.350000 0.058905 0.000000
vt -0.175000 0.049087 0.000000
vt -0.350000 0.049087 0.000000
vt -0.175000 0.039270 0.000000
vt -0.350000 0.039270 0.000000
vt -0.175000 0.029452 0.000000
vt -0.350000 0.029452 0.000000
vt -0.175000 0.019635 0.000000
vt -0.350000 0.019635 0.000000
vt -0.175000 0.009817 0.000000
vt -0.350000 0.009817 0.000000
vt -0.175000 -0.000000 0.000000
vt -0.350000 -0.000000 0.000000
vt -0.175000 -0.009817 0.000000
vt -0.350000 -0.009817 0.000000
vt -0.175000 -0.019635 0.000000
vt -0.350000 -0.019635 0.000000
vt -0.175000 -0.029452 0.000000
vt -0.350000 -0.029452 0.000000
vt -0.175000 -0.039270 0.000000
vt -0.350000 -0.039270 0.000000
vt -0.175000 -0.049087 0.000000
vt -0.350000 -0.049087 0.000000
vt -0.175000 -0.058905 0.000000
vt -0.350000 -0.058905 0.000000
vt -0.175000 -0.068722 0.000000
vt -0.350000 -0.068722 0.000000
vt -0.350000 -0.078540 0.000000
vt -0.000000 -0.078540 0.000000
vt -0.000000 -0.068722 0.000000
vt -0.000000 -0.058905 0.000000
vt -0.000000 -0.049087 0.000000
vt -0.000000 -0.039270 0.000000
vt -0.000000 -0.029452 0.000000
vt -0.000000 -0.019635 0.000000
vt -0.000000 -0.009817 0.000000
vt -0.000000 -0.000000 0.000000
vt -0.000000 0.009817 0.000000
vt -0.000000 0.019635 0.000000
vt -0.000000 0.029452 0.000000
vt -0.000000 0.039270 0.000000
vt -0.000000 0.049087 0.000000
vt -0.000000 0.058905 0.000000
vt -0.000000 0.068722 0.000000
vt 0.410000 0.350000 0.000000
vt 0.100000 0.350000 0.000000
vt 0.410000 0.000000 0.000000
vt 0.100000 0.000000 0.000000
vt -0.000000 0.078540 0.000000
vt -0.350000 0.078540 0.000000
vt -0.175000 0.068722 0.000000
vt -0.350000 0.068722 0.000000
vt -0.175000 0.058905 0.000000
vt -0.350000 0.058905 0.000000
vt -0.175000 0.049087 0.000000
vt -0.350000 0.049087 0.000000
vt -0.175000 0.039270 0.000000
vt -0.350000 0.039270 0.000000
vt -0.175000 0.029452 0.000000
vt -0.350000 0.029452 0.000000
vt -0.175000 0.019635 0.000000
vt -0.350000 0.019635 0.000000
vt -0.175000 0.009817 0.000000
vt -0.350000 0.009817 0.000000
vt -0.175000 0.000000 0.000000
vt -0.350000 0.000000 0.000000
vt -0.175000 -0.009817 0.000000
vt -0.350000 -0.009817 0.000000
vt -0.175000 -0.019635 0.000000
vt -0.350000 -0.019635 0.000000
vt -0.175000 -0.029452 0.000000
vt -0.350000 -0.029452 0.000000
vt -0.175000 -0.039270 0.000000
vt -0.350000 -0.039270 0.000000
vt -0.175000 -0.049087 0.000000
vt -0.350000 -0.049087 0.000000
vt -0.175000 -0.058905 0.000000
vt -0.350000 -0.058905 0.000000
vt -0.175000 -0.068722 0.000000
vt -0.350000 -0.068722 0.000000
vt -0.350000 -0.078540 0.000000
vt -0.000000 -0.078540 0.000000
vt -0.000000 -0.068722 0.000000
vt -0.000000 -0.058905 0.000000
vt -0.000000 -0.049087 0.000000
vt -0.000000 -0.039270 0.000000
vt -0.000000 -0.029452 0.000000
vt -0.000000 -0.019635 0.000000
vt -0.000000 -0.009817 0.000000
vt -0.000000 0.000000 0.000000
vt -0.000000 0.009817 0.000000
vt -0.000000 0.019635 0.000000
vt -0.000000 0.029452 0.000000
vt -0.000000 0.039270 0.000000
vt -0.000000 0.049087 0.000000
vt -0.000000 0.058905 0.000000
vt -0.000000 0.068722 0.000000
vt 0.560000 0.350000 0.000000
vt 0.100000 0.350000 0.000000
vt 0.560000 0.000000 0.000000
vt 0.100000 0.000000 0.000000
vt -0.000000 0.078540 0.000000
vt -0.350000 0.078540 0.000000
vt -0.175000 0.068722 0.000000
vt -0.350000 0.068722 0.000000
vt -0.175000 0.058905 0.000000
vt -0.350000 0.058905 0.000000
vt -0.175000 0.049087 0.000000
vt -0.350000 0.049087 0.000000
vt -0.175000 0.039270 0.000000
vt -0.350000 0.039270 0.000000
vt -0.175000 0.029452 0.000000
vt -0.350000 0.029452 0.000000
vt -0.175000 0.019635 0.000000
vt -0.350000 0.019635 0.000000
vt -0.175000 0.009817 0.000000
vt -0.350000 0.009817 0.000000
vt -0.175000 -0.000000 0.000000
vt -0.350000 -0.000000 0.000000
vt -0.175000 -0.009817 0.000000
vt -0.350000 -0.009817 0.000000
vt -0.175000 -0.019635 0.000000
vt -0.350000 -0.019635 0.000000
vt -0.175000 -0.029452 0.000000
vt -0.350000 -0.029452 0.000000
vt -0.175000 -0.039270 0.000000
vt -0.350000 -0.039270 0.000000
vt -0.175000 -0.049087 0.000000
vt -0.350000 -0.049087 0.000000
vt -0.175000 -0.058905 0.000000
vt -0.350000 -0.058905 0.000000
vt -0.175000 -0.068722 0.000000
vt -0.350000 -0.068722 0.000000
vt -0.350000 -0.078540 0.000000
vt -0.000000 -0.078540 0.000000
vt -0.000000 -0.068722 0.000000
vt -0.000000 -0.058905 0.000000
vt -0.000000 -0.049087 0.000000
vt -0.000000 -0.039270 0.000000
vt -0.000000 -0.029452 0.000000
vt -0.000000 -0.019635 0.000000
vt -0.000000 -0.009817 0.000000
vt -0.000000 -0.000000 0.000000
vt -0.000000 0.009817 0.000000
vt -0.000000 0.019635 0.000000
vt -0.000000 0.029452 0.000000
vt -0.000000 0.039270 0.000000
vt -0.000000 0.049087 0.000000
vt -0.000000 0.058905 0.000000
vt -0.000000 0.068722 0.000000
vt 0.410000 0.350000 0.000000
vt 0.100000 0.350000 0.000000
vt 0.410000 0.000000 0.000000
vt 0.100000 0.000000 0.000000
vt 0.560000 0.350000 0.000000
vt 0.100000 0.350000 0.000000
vt 0.560000 0.000000 0.000000
vt 0.100000 0.000000 0.000000
vt -0.000000 0.078540 0.000000
vt -0.350000 0.078540 0.000000
vt -0.175000 0.068722 0.000000
vt -0.350000 0.068722 0.000000
vt -0.175000 0.058905 0.000000
vt -0.350000 0.058905 0.000000
vt -0.175000 0.049087 0.000000
vt -0.350000 0.049087 0.000000
vt -0.175000 0.039270 0.000000
vt -0.350000 0.039270 0.000000
vt -0.175000 0.029452 0.000000
vt -0.350000 0.029452 0.000000
vt -0.175000 0.019635 0.000000
vt -0.350000 0.019635 0.000000
vt -0.175000 0.009817 0.000000
vt -0.350000 0.009817 0.000000
vt -0.175000 0.000000 0.000000
vt -0.350000 0.000000 0.000000
vt -0.175000 -0.009817 0.000000
vt -0.350000 -0.009817 0.000000
vt -0.175000 -0.019635 0.000000
vt -0.350000 -0.019635 0.000000
vt -0.175000 -0.029452 0.000000
vt -0.350000 -0.029452 0.000000
vt -0.175000 -0.039270 0.000000
vt -0.350000 -0.039270 0.000000
vt -0.175000 -0.049087 0.000000
vt -0.350000 -0.049087 0.000000
vt -0.175000 -0.058905 0.000000
vt -0.350000 -0.058905 0.000000
vt -0.175000 -0.068722 0.000000
vt -0.350000 -0.068722 0.000000
vt -0.350000 -0.078540 0.000000
vt -0.000000 -0.078540 0.000000
vt -0.000000 -0.068722 0.000000
vt -0.000000 -0.058905 0.000000
vt -0.000000 -0.049087 0.000000
vt -0.000000 -0.039270 0.000000
vt -0.000000 -0.029452 0.000000
vt -0.000000 -0.019635 0.000000
vt -0.000000 -0.009817 0.000000
vt -0.000000 0.000000 0.000000
vt -0.000000 0.009817 0.000000
vt -0.000000 0.019635 0.000000
vt -0.000000 0.029452 0.000000
vt -0.000000 0.039270 0.000000
vt -0.000000 0.049087 0.000000
vt -0.000000 0.058905 0.000000
vt -0.000000 0.068722 0.000000
vt 0.134000 0.347000 0.000000
vt 0.000000 0.347000 0.000000
vt 0.134000 0.000000 0.000000
vt 0.000000 0.000000 0.000000
vt 0.135000 0.347000 0.000000
vt 0.030000 0.347000 0.000000
vt 0.135000 0.000000 0.000000
vt 0.030000 0.000000 0.000000
vt 0.154000 0.347000 0.000000
vt 0.000000 0.347000 0.000000
vt 0.154000 0.000000 0.000000
vt 0.000000 0.000000 0.000000
vt 0.145000 0.347000 0.000000
vt 0.030000 0.347000 0.000000
vt 0.145000 0.000000 0.000000
vt 0.030000 0.000000 0.000000
vt 0.236733 0.557972 0.000000
vt 0.170379 0.013506 0.000000
vt 0.242822 0.557937 0.000000
vt 1.649621 0.013506 0.000000
vt 1.577178 0.557937 0.000000
vt 1.583267 0.557972 0.000000
vt 0.212000 0.077000 0.000000
vt 0.097000 0.077000 0.000000
vt 0.212000 -0.077000 0.000000
vt 0.097000 -0.077000 0.000000
vt 0.091791 -0.077456 0.000000
vt 0.091791 0.077456 0.000000
vt 0.086739 -0.078809 0.000000
vt 0.086739 0.078809 0.000000
vt 0.082000 -0.081019 0.000000
vt 0.082000 0.081019 0.000000
vt 0.077716 -0.084019 0.000000
vt 0.077716 0.084019 0.000000
vt -0.077716 0.084019 0.000000
vt -0.074019 0.087716 0.000000
vt 0.074019 0.087716 0.000000
vt -0.071019 0.092000 0.000000
vt 0.071019 0.092000 0.000000
vt -0.068809 0.096739 0.000000
vt 0.068809 0.096739 0.000000
vt -0.067456 0.101791 0.000000
vt 0.067456 0.101791 0.000000
vt -0.067000 0.107000 0.000000
vt 0.067000 0.107000 0.000000
vt -0.067000 0.212000 0.000000
vt 0.067000 0.212000 0.000000
vt -0.077716 -0.084019 0.000000
vt -0.082000 0.081019 0.000000
vt -0.082000 -0.081019 0.000000
vt -0.086739 0.078809 0.000000
vt -0.086739 -0.078809 0.000000
vt -0.091791 0.077456 0.000000
vt -0.091791 -0.077456 0.000000
vt -0.097000 0.077000 0.000000
vt -0.097000 -0.077000 0.000000
vt -0.212000 0.077000 0.000000
vt -0.212000 -0.077000 0.000000
vt 0.074019 -0.087716 0.000000
vt -0.074019 -0.087716 0.000000
vt 0.071019 -0.092000 0.000000
vt -0.071019 -0.092000 0.000000
vt 0.068809 -0.096739 0.000000
vt -0.068809 -0.096739 0.000000
vt 0.067456 -0.101791 0.000000
vt -0.067456 -0.101791 0.000000
vt 0.067000 -0.107000 0.000000
vt -0.067000 -0.107000 0.000000
vt 0.067000 -0.212000 0.000000
vt -0.067000 -0.212000 0.000000
vt -1.445244 0.537014 0.000000
vt -1.456865 0.536406 0.000000
vt -1.436287 0.537061 0.000000
vt -1.522236 0.000000 0.000000
vt -0.297764 -0.000000 0.000000
vt -0.383713 0.537061 0.000000
vt -0.363135 0.536406 0.000000
vt -0.374756 0.537014 0.000000
vn -0.000000 -0.099255 0.012187
vn 0.000000 -0.099255 0.012187
vn -0.000028 -0.098475 0.017397
vn -0.000000 -0.098112 0.019340
vn -0.000057 -0.097425 0.022548
vn -0.000000 -0.096457 0.026383
vn -0.000091 -0.095776 0.028756
vn -0.000000 -0.094292 0.033303
vn -0.000125 -0.093730 0.034853
vn -0.000000 -0.091637 0.040033
vn -0.000158 -0.091302 0.040792
vn -0.000000 -0.088499 0.046561
vn -0.000191 -0.088492 0.046573
vn -0.000000 -0.084896 0.052846
vn -0.000229 -0.084687 0.053180
vn -0.000000 -0.080853 0.058845
vn -0.000263 -0.080674 0.059090
vn -0.000000 -0.076377 0.064549
vn -0.000296 -0.076240 0.064710
vn -0.000000 -0.071510 0.069902
vn -0.000327 -0.071427 0.069987
vn -0.000000 -0.066262 0.074896
vn -0.000689 -0.066186 0.074960
vn -0.000631 -0.071446 0.069965
vn -0.000569 -0.076324 0.064609
vn -0.000505 -0.080811 0.058901
vn -0.000438 -0.084864 0.052896
vn -0.000369 -0.088475 0.046605
vn -0.000297 -0.091621 0.040069
vn -0.000224 -0.094282 0.033331
vn -0.000150 -0.096452 0.026402
vn -0.000075 -0.098110 0.019350
vn -0.000000 -0.098112 0.019338
vn -0.000000 -0.098112 0.019338
vn -0.000000 -0.099255 0.012187
vn -0.000000 -0.098112 0.019338
vn -0.000000 -0.098112 0.019338
vn -0.000000 -0.098112 0.019338
vn -0.000000 -0.096456 0.026387
vn -0.000000 -0.096456 0.026387
vn -0.000000 -0.094293 0.033298
vn -0.000000 -0.094293 0.033298
vn -0.000000 -0.091636 0.040035
vn -0.000000 -0.091636 0.040035
vn -0.000000 -0.088499 0.046561
vn -0.000000 -0.084897 0.052844
vn -0.000000 -0.084897 0.052844
vn -0.000000 -0.080850 0.058849
vn -0.000000 -0.080850 0.058849
vn -0.000000 -0.076380 0.064546
vn -0.000000 -0.076380 0.064546
vn -0.000000 -0.071508 0.069904
vn -0.000000 -0.071508 0.069904
vn -0.000000 -0.071508 0.069904
vn -0.000000 -0.066262 0.074896
vn -0.000000 -0.071508 0.069904
vn -0.000000 -0.071508 0.069904
vn -0.000000 -0.076380 0.064546
vn -0.000000 -0.076380 0.064546
vn -0.000000 -0.080850 0.058849
vn -0.000000 -0.080850 0.058849
vn -0.000000 -0.084897 0.052844
vn -0.000000 -0.084897 0.052844
vn -0.000000 -0.088499 0.046561
vn -0.000000 -0.088499 0.046561
vn -0.000000 -0.091636 0.040035
vn -0.000000 -0.091636 0.040035
vn -0.000000 -0.094293 0.033298
vn -0.000000 -0.094293 0.033298
vn -0.000000 -0.096456 0.026387
vn -0.000000 -0.096456 0.026387
vn -0.000000 -0.096456 0.026387
vn -0.000000 -0.094293 0.033298
vn -0.000000 -0.091636 0.040035
vn -0.000000 -0.088499 0.046561
vn -0.000000 -0.084897 0.052844
vn -0.000000 -0.080850 0.058849
vn -0.000000 -0.076380 0.064546
vn -0.000000 -0.099255 0.012187
vn 0.000027 -0.098475 0.017397
vn 0.000075 -0.098110 0.019350
vn 0.000053 -0.097425 0.022548
vn 0.000150 -0.096452 0.026402
vn 0.000085 -0.095776 0.028756
vn 0.000224 -0.094282 0.033331
vn 0.000117 -0.093730 0.034852
vn 0.000297 -0.091621 0.040069
vn 0.000148 -0.091302 0.040791
vn 0.000369 -0.088475 0.046605
vn 0.000179 -0.088493 0.046572
vn 0.000438 -0.084864 0.052896
vn 0.000214 -0.084688 0.053179
vn 0.000505 -0.080811 0.058901
vn 0.000247 -0.080676 0.059088
vn 0.000569 -0.076324 0.064609
vn 0.000277 -0.076242 0.064708
vn 0.000631 -0.071446 0.069965
vn 0.000307 -0.071429 0.069985
vn 0.000689 -0.066186 0.074960
vn 0.000000 -0.071510 0.069902
vn 0.000000 -0.076377 0.064549
vn 0.000000 -0.080853 0.058845
vn 0.000000 -0.084896 0.052846
vn 0.000000 -0.091637 0.040033
vn 0.000000 -0.094292 0.033303
vn 0.000000 -0.096457 0.026383
vn 0.000000 -0.098112 0.019340
vn 0.099070 -0.004759 0.012748
vn 0.099255 0.000000 0.012187
vn 0.098236 -0.005186 0.017968
vn 0.098096 -0.000685 0.019408
vn 0.097128 -0.005599 0.023126
vn 0.096411 -0.001366 0.026516
vn 0.095401 -0.006082 0.029353
vn 0.094201 -0.002040 0.033496
vn 0.093271 -0.006539 0.035465
vn 0.091489 -0.002703 0.040280
vn 0.090754 -0.006970 0.041414
vn 0.088280 -0.003352 0.046856
vn 0.087851 -0.007371 0.047200
vn 0.084594 -0.003982 0.053179
vn 0.083946 -0.007804 0.053779
vn 0.080458 -0.004591 0.059207
vn 0.079822 -0.008171 0.059680
vn 0.075877 -0.005175 0.064930
vn 0.075273 -0.008495 0.065282
vn 0.070899 -0.005731 0.070289
vn 0.070343 -0.008775 0.070532
vn 0.065531 -0.006256 0.075276
vn 0.065041 -0.009010 0.075422
vn 0.069729 -0.011790 0.070702
vn 0.064442 -0.011740 0.075560
vn 0.068989 -0.014820 0.070858
vn 0.063733 -0.014482 0.075686
vn 0.068128 -0.017810 0.071003
vn 0.062917 -0.017186 0.075803
vn 0.067153 -0.020736 0.071137
vn 0.062001 -0.019832 0.075912
vn 0.066065 -0.023602 0.071263
vn 0.060985 -0.022423 0.076013
vn 0.064866 -0.026411 0.071379
vn 0.059873 -0.024961 0.076107
vn 0.063556 -0.029166 0.071484
vn 0.058662 -0.027450 0.076192
vn 0.062135 -0.031870 0.071579
vn 0.057355 -0.029893 0.076268
vn 0.060602 -0.034523 0.071662
vn 0.055948 -0.032290 0.076336
vn 0.058955 -0.037128 0.071734
vn 0.054441 -0.034644 0.076393
vn 0.057192 -0.039686 0.071792
vn 0.052831 -0.036956 0.076440
vn 0.055309 -0.042195 0.071836
vn 0.051116 -0.039225 0.076476
vn 0.053328 -0.044624 0.071867
vn 0.049314 -0.041423 0.076500
vn 0.051269 -0.046948 0.071884
vn 0.047445 -0.043527 0.076514
vn 0.049132 -0.049173 0.071889
vn 0.045506 -0.045544 0.076518
vn 0.046915 -0.051303 0.071882
vn 0.043497 -0.047475 0.076512
vn 0.044617 -0.053339 0.071863
vn 0.041417 -0.049324 0.076497
vn 0.042236 -0.055284 0.071832
vn 0.039262 -0.051093 0.076472
vn 0.039767 -0.057138 0.071790
vn 0.037029 -0.052783 0.076438
vn 0.037208 -0.058903 0.071736
vn 0.034716 -0.054394 0.076394
vn 0.034569 -0.060569 0.071668
vn 0.032332 -0.055918 0.076340
vn 0.031889 -0.062115 0.071588
vn 0.029910 -0.057336 0.076276
vn 0.029160 -0.063547 0.071495
vn 0.027445 -0.058654 0.076201
vn 0.026384 -0.064864 0.071390
vn 0.024936 -0.059871 0.076116
vn 0.023556 -0.066069 0.071274
vn 0.022381 -0.060989 0.076023
vn 0.020675 -0.067161 0.071148
vn 0.019777 -0.062008 0.075920
vn 0.017738 -0.068138 0.071011
vn 0.017122 -0.062926 0.075810
vn 0.014777 -0.068994 0.070862
vn 0.014444 -0.063738 0.075690
vn 0.011791 -0.069729 0.070702
vn 0.011741 -0.064442 0.075560
vn 0.008778 -0.070343 0.070532
vn 0.009012 -0.065041 0.075422
vn 0.006256 -0.065531 0.075276
vn 0.005731 -0.070899 0.070289
vn 0.008498 -0.075273 0.065282
vn 0.011780 -0.074650 0.065487
vn 0.015034 -0.073892 0.065680
vn 0.018263 -0.072999 0.065860
vn 0.021467 -0.071971 0.066025
vn 0.024612 -0.070814 0.066178
vn 0.027699 -0.069532 0.066318
vn 0.030731 -0.068122 0.066445
vn 0.033709 -0.066586 0.066558
vn 0.036637 -0.064921 0.066656
vn 0.039517 -0.063123 0.066737
vn 0.042310 -0.061214 0.066803
vn 0.045004 -0.059204 0.066855
vn 0.047601 -0.057093 0.066892
vn 0.050105 -0.054881 0.066915
vn 0.052519 -0.052564 0.066923
vn 0.054844 -0.050142 0.066917
vn 0.057082 -0.047609 0.066896
vn 0.059232 -0.044960 0.066859
vn 0.061273 -0.042221 0.066806
vn 0.063180 -0.039430 0.066735
vn 0.064958 -0.036586 0.066648
vn 0.066608 -0.033688 0.066547
vn 0.068132 -0.030737 0.066432
vn 0.069533 -0.027729 0.066305
vn 0.070809 -0.024662 0.066165
vn 0.071962 -0.021534 0.066014
vn 0.072988 -0.018342 0.065850
vn 0.073887 -0.015082 0.065676
vn 0.074650 -0.011779 0.065487
vn 0.005175 -0.075877 0.064930
vn 0.008175 -0.079822 0.059679
vn 0.011709 -0.079198 0.059922
vn 0.015217 -0.078424 0.060151
vn 0.018698 -0.077502 0.060364
vn 0.022155 -0.076430 0.060560
vn 0.025549 -0.075218 0.060742
vn 0.028881 -0.073866 0.060908
vn 0.032154 -0.072374 0.061058
vn 0.035371 -0.070742 0.061192
vn 0.038531 -0.068968 0.061309
vn 0.041642 -0.067047 0.061406
vn 0.044657 -0.065004 0.061484
vn 0.047562 -0.062849 0.061545
vn 0.050363 -0.060583 0.061590
vn 0.053063 -0.058204 0.061617
vn 0.055663 -0.055712 0.061627
vn 0.058165 -0.053102 0.061620
vn 0.060570 -0.050372 0.061595
vn 0.062879 -0.047515 0.061551
vn 0.065068 -0.044559 0.061487
vn 0.067109 -0.041546 0.061403
vn 0.069007 -0.038475 0.061300
vn 0.070765 -0.035347 0.061179
vn 0.072384 -0.032160 0.061043
vn 0.073866 -0.028914 0.060892
vn 0.075212 -0.025604 0.060726
vn 0.076420 -0.022228 0.060546
vn 0.077490 -0.018784 0.060353
vn 0.078418 -0.015269 0.060146
vn 0.079197 -0.011708 0.059922
vn 0.004591 -0.080458 0.059207
vn 0.007808 -0.083946 0.053779
vn 0.011577 -0.083327 0.054061
vn 0.015320 -0.082546 0.054327
vn 0.019037 -0.081604 0.054575
vn 0.022730 -0.080498 0.054804
vn 0.026356 -0.079238 0.055015
vn 0.029917 -0.077826 0.055209
vn 0.033416 -0.076262 0.055384
vn 0.036855 -0.074545 0.055541
vn 0.040235 -0.072673 0.055676
vn 0.043561 -0.070640 0.055790
vn 0.046783 -0.068473 0.055881
vn 0.049888 -0.066185 0.055953
vn 0.052879 -0.063775 0.056004
vn 0.055760 -0.061243 0.056036
vn 0.058534 -0.058587 0.056048
vn 0.061201 -0.055803 0.056040
vn 0.063762 -0.052889 0.056010
vn 0.066218 -0.049837 0.055959
vn 0.068543 -0.046678 0.055884
vn 0.070707 -0.043456 0.055786
vn 0.072715 -0.040173 0.055666
vn 0.074569 -0.036829 0.055526
vn 0.076272 -0.033423 0.055367
vn 0.077826 -0.029952 0.055190
vn 0.079231 -0.026415 0.054997
vn 0.080486 -0.022809 0.054788
vn 0.081590 -0.019130 0.054563
vn 0.082539 -0.015376 0.054322
vn 0.083327 -0.011576 0.054061
vn 0.003982 -0.084594 0.053179
vn 0.007374 -0.087851 0.047199
vn 0.011372 -0.087247 0.047525
vn 0.015344 -0.086468 0.047831
vn 0.019292 -0.085513 0.048118
vn 0.023217 -0.084381 0.048383
vn 0.027071 -0.083081 0.048627
vn 0.030858 -0.081617 0.048851
vn 0.034580 -0.079987 0.049055
vn 0.038237 -0.078191 0.049236
vn 0.041833 -0.076226 0.049393
vn 0.045371 -0.074087 0.049524
vn 0.048798 -0.071802 0.049631
vn 0.052099 -0.069385 0.049714
vn 0.055278 -0.066836 0.049773
vn 0.058337 -0.064154 0.049810
vn 0.061280 -0.061338 0.049824
vn 0.064108 -0.058384 0.049814
vn 0.066822 -0.055288 0.049780
vn 0.069421 -0.052044 0.049721
vn 0.071877 -0.048684 0.049634
vn 0.074159 -0.045258 0.049520
vn 0.076271 -0.041766 0.049381
vn 0.078216 -0.038209 0.049218
vn 0.079997 -0.034586 0.049034
vn 0.081615 -0.030896 0.048830
vn 0.083072 -0.027136 0.048607
vn 0.084367 -0.023303 0.048365
vn 0.085498 -0.019394 0.048105
vn 0.086460 -0.015405 0.047826
vn 0.087247 -0.011371 0.047525
vn 0.003352 -0.088280 0.046856
vn 0.006974 -0.090754 0.041414
vn 0.011147 -0.090169 0.041777
vn 0.015296 -0.089398 0.042119
vn 0.019423 -0.088440 0.042439
vn 0.023527 -0.087294 0.042735
vn 0.027558 -0.085970 0.043008
vn 0.031520 -0.084470 0.043259
vn 0.035415 -0.082794 0.043486
vn 0.039243 -0.080940 0.043688
vn 0.043006 -0.078907 0.043864
vn 0.046710 -0.076688 0.044012
vn 0.050297 -0.074314 0.044131
vn 0.053751 -0.071799 0.044223
vn 0.057075 -0.069144 0.044290
vn 0.060272 -0.066347 0.044332
vn 0.063347 -0.063408 0.044347
vn 0.066299 -0.060322 0.044336
vn 0.069129 -0.057086 0.044298
vn 0.071838 -0.053692 0.044231
vn 0.074395 -0.050176 0.044134
vn 0.076765 -0.046589 0.044006
vn 0.078954 -0.042934 0.043851
vn 0.080966 -0.039212 0.043669
vn 0.082803 -0.035421 0.043464
vn 0.084467 -0.031560 0.043236
vn 0.085959 -0.027627 0.042986
vn 0.087279 -0.023618 0.042716
vn 0.088423 -0.019531 0.042425
vn 0.089390 -0.015362 0.042113
vn 0.090169 -0.011146 0.041777
vn 0.002703 -0.091489 0.040280
vn 0.006544 -0.093271 0.035465
vn 0.010875 -0.092711 0.035865
vn 0.015184 -0.091956 0.036244
vn 0.019473 -0.091002 0.036597
vn 0.023740 -0.089850 0.036924
vn 0.027934 -0.088509 0.037226
vn 0.032055 -0.086982 0.037503
vn 0.036108 -0.085269 0.037755
vn 0.040092 -0.083368 0.037979
vn 0.044010 -0.081277 0.038174
vn 0.047866 -0.078988 0.038337
vn 0.051599 -0.076535 0.038469
vn 0.055192 -0.073933 0.038571
vn 0.058649 -0.071182 0.038646
vn 0.061972 -0.068282 0.038691
vn 0.065166 -0.065231 0.038708
vn 0.068231 -0.062025 0.038696
vn 0.071167 -0.058661 0.038654
vn 0.073975 -0.055130 0.038580
vn 0.076620 -0.051470 0.038472
vn 0.079069 -0.047737 0.038331
vn 0.081326 -0.043933 0.038158
vn 0.083394 -0.040058 0.037958
vn 0.085277 -0.036114 0.037730
vn 0.086978 -0.032097 0.037478
vn 0.088497 -0.028006 0.037202
vn 0.089833 -0.023837 0.036903
vn 0.090984 -0.019587 0.036581
vn 0.091947 -0.015254 0.036237
vn 0.092711 -0.010874 0.035866
vn 0.002040 -0.094201 0.033496
vn 0.006087 -0.095401 0.029353
vn 0.010558 -0.094874 0.029791
vn 0.015011 -0.094140 0.030205
vn 0.019445 -0.093199 0.030593
vn 0.023859 -0.092048 0.030951
vn 0.028199 -0.090699 0.031282
vn 0.032465 -0.089154 0.031586
vn 0.036660 -0.087412 0.031862
vn 0.040786 -0.085473 0.032107
vn 0.044844 -0.083333 0.032321
vn 0.048838 -0.080985 0.032500
vn 0.052704 -0.078464 0.032645
vn 0.056423 -0.075785 0.032758
vn 0.060000 -0.072949 0.032840
vn 0.063437 -0.069957 0.032890
vn 0.066738 -0.066806 0.032908
vn 0.069904 -0.063493 0.032895
vn 0.072934 -0.060013 0.032849
vn 0.075829 -0.056358 0.032768
vn 0.078554 -0.052568 0.032649
vn 0.081070 -0.048701 0.032494
vn 0.083383 -0.044762 0.032305
vn 0.085499 -0.040750 0.032084
vn 0.087419 -0.036666 0.031835
vn 0.089147 -0.032508 0.031559
vn 0.090684 -0.028275 0.031256
vn 0.092029 -0.023962 0.030928
vn 0.093179 -0.019566 0.030576
vn 0.094130 -0.015085 0.030198
vn 0.094874 -0.010558 0.029792
vn 0.001366 -0.096411 0.026516
vn 0.005604 -0.097128 0.023125
vn 0.010198 -0.096639 0.023600
vn 0.014775 -0.095934 0.024050
vn 0.019337 -0.095012 0.024470
vn 0.023881 -0.093871 0.024859
vn 0.028350 -0.092522 0.025219
vn 0.032744 -0.090967 0.025549
vn 0.037067 -0.089207 0.025849
vn 0.041319 -0.087239 0.026116
vn 0.045501 -0.085061 0.026349
vn 0.049619 -0.082664 0.026544
vn 0.053604 -0.080085 0.026702
vn 0.057435 -0.077341 0.026825
vn 0.061118 -0.074433 0.026913
vn 0.064655 -0.071361 0.026968
vn 0.068051 -0.068123 0.026988
vn 0.071305 -0.064715 0.026974
vn 0.074417 -0.061133 0.026923
vn 0.077388 -0.057367 0.026835
vn 0.080180 -0.053460 0.026706
vn 0.082753 -0.049474 0.026537
vn 0.085113 -0.045414 0.026331
vn 0.087265 -0.041280 0.026092
vn 0.089213 -0.037072 0.025821
vn 0.090959 -0.032789 0.025520
vn 0.092505 -0.028429 0.025191
vn 0.093850 -0.023989 0.024835
vn 0.094991 -0.019465 0.024452
vn 0.095924 -0.014853 0.024042
vn 0.096639 -0.010197 0.023601
vn 0.000685 -0.098096 0.019408
vn 0.005191 -0.098236 0.017967
vn 0.009871 -0.097782 0.018472
vn 0.014537 -0.097106 0.018949
vn 0.019189 -0.096206 0.019396
vn 0.023827 -0.095078 0.019810
vn 0.028388 -0.093736 0.020192
vn 0.032875 -0.092180 0.020544
vn 0.037289 -0.090412 0.020863
vn 0.041633 -0.088428 0.021147
vn 0.045906 -0.086226 0.021395
vn 0.050113 -0.083797 0.021603
vn 0.054184 -0.081180 0.021771
vn 0.058097 -0.078391 0.021902
vn 0.061856 -0.075432 0.021996
vn 0.065466 -0.072304 0.022054
vn 0.068929 -0.069004 0.022076
vn 0.072246 -0.065528 0.022060
vn 0.075416 -0.061872 0.022006
vn 0.078440 -0.058026 0.021912
vn 0.081278 -0.054034 0.021775
vn 0.083889 -0.049962 0.021595
vn 0.086279 -0.045814 0.021376
vn 0.088454 -0.041591 0.021122
vn 0.090416 -0.037294 0.020833
vn 0.092170 -0.032922 0.020513
vn 0.093717 -0.028471 0.020163
vn 0.095055 -0.023940 0.019785
vn 0.096183 -0.019323 0.019377
vn 0.097095 -0.014618 0.018941
vn 0.097782 -0.009870 0.018472
vn -0.000000 -0.099255 0.012187
vn 0.004765 -0.099070 0.012748
vn 0.009518 -0.098656 0.013281
vn 0.014260 -0.098013 0.013786
vn 0.018990 -0.097139 0.014259
vn 0.023710 -0.096030 0.014697
vn 0.028352 -0.094700 0.015102
vn 0.032919 -0.093150 0.015474
vn 0.037415 -0.091379 0.015812
vn 0.041839 -0.089386 0.016113
vn 0.046192 -0.087167 0.016376
vn 0.050479 -0.084714 0.016596
vn 0.054625 -0.082065 0.016774
vn 0.058610 -0.079239 0.016913
vn 0.062436 -0.076238 0.017013
vn 0.066109 -0.073062 0.017075
vn 0.069631 -0.069708 0.017098
vn 0.073002 -0.066174 0.017081
vn 0.076222 -0.062453 0.017024
vn 0.079291 -0.058536 0.016924
vn 0.082168 -0.054470 0.016778
vn 0.084809 -0.050321 0.016588
vn 0.087222 -0.046096 0.016356
vn 0.089411 -0.041795 0.016087
vn 0.091382 -0.037419 0.015781
vn 0.093138 -0.032968 0.015442
vn 0.094679 -0.028438 0.015072
vn 0.096006 -0.023826 0.014671
vn 0.097115 -0.019130 0.014239
vn 0.098002 -0.014344 0.013778
vn 0.098656 -0.009516 0.013282
vn 0.000000 -0.099255 0.012187
vn -0.000000 -0.099255 0.012187
vn 0.000268 -0.098470 0.017421
vn 0.000685 -0.098096 0.019408
vn 0.000535 -0.097412 0.022596
vn 0.001366 -0.096411 0.026516
vn 0.000859 -0.095750 0.028832
vn 0.002041 -0.094201 0.033496
vn 0.001179 -0.093685 0.034955
vn 0.002703 -0.091489 0.040280
vn 0.001494 -0.091233 0.040918
vn 0.003352 -0.088280 0.046856
vn 0.001803 -0.088397 0.046720
vn 0.001983 -0.086537 0.050074
vn 0.000369 -0.088475 0.046605
vn 0.000438 -0.084864 0.052896
vn 0.002160 -0.084553 0.053348
vn 0.000505 -0.080811 0.058901
vn 0.002484 -0.080501 0.059274
vn 0.000569 -0.076324 0.064609
vn 0.002794 -0.076023 0.064905
vn 0.000631 -0.071446 0.069965
vn 0.003090 -0.071162 0.070188
vn 0.000689 -0.066186 0.074960
vn 0.003495 -0.065912 0.075123
vn 0.005731 -0.070899 0.070289
vn 0.006256 -0.065531 0.075276
vn 0.003982 -0.084594 0.053179
vn 0.004591 -0.080458 0.059207
vn 0.005175 -0.075877 0.064930
vn 0.000297 -0.091621 0.040069
vn 0.000224 -0.094282 0.033331
vn 0.000150 -0.096452 0.026402
vn 0.000075 -0.098110 0.019350
vn 0.099255 0.000000 0.012187
vn 0.099255 -0.000000 0.012187
vn 0.098475 -0.000028 0.017397
vn 0.098112 -0.000000 0.019340
vn 0.097425 -0.000057 0.022548
vn 0.096457 -0.000000 0.026383
vn 0.095776 -0.000091 0.028756
vn 0.094292 -0.000000 0.033303
vn 0.093730 -0.000125 0.034853
vn 0.091637 -0.000000 0.040033
vn 0.091302 -0.000158 0.040792
vn 0.088499 -0.000000 0.046561
vn 0.088492 -0.000191 0.046573
vn 0.084896 -0.000000 0.052846
vn 0.084687 -0.000229 0.053180
vn 0.080853 -0.000000 0.058845
vn 0.080674 -0.000263 0.059090
vn 0.076377 -0.000000 0.064549
vn 0.076240 -0.000296 0.064710
vn 0.071510 -0.000000 0.069902
vn 0.071427 -0.000327 0.069987
vn 0.066262 -0.000000 0.074896
vn 0.066186 -0.000689 0.074960
vn 0.071446 -0.000631 0.069965
vn 0.076324 -0.000569 0.064609
vn 0.080811 -0.000505 0.058901
vn 0.084864 -0.000438 0.052896
vn 0.088475 -0.000369 0.046605
vn 0.091621 -0.000297 0.040069
vn 0.094282 -0.000224 0.033331
vn 0.096452 -0.000150 0.026402
vn 0.098110 -0.000075 0.019350
vn 0.098112 -0.000000 0.019338
vn 0.098112 -0.000000 0.019338
vn 0.099255 -0.000000 0.012187
vn 0.098112 -0.000000 0.019338
vn 0.098112 -0.000000 0.019338
vn 0.098112 -0.000000 0.019338
vn 0.096456 -0.000000 0.026387
vn 0.096456 -0.000000 0.026387
vn 0.094293 -0.000000 0.033298
vn 0.094293 -0.000000 0.033298
vn 0.091636 -0.000000 0.040035
vn 0.091636 -0.000000 0.040035
vn 0.088499 -0.000000 0.046561
vn 0.084897 -0.000000 0.052844
vn 0.084897 -0.000000 0.052844
vn 0.080850 -0.000000 0.058849
vn 0.080850 -0.000000 0.058849
vn 0.076380 -0.000000 0.064546
vn 0.076380 -0.000000 0.064546
vn 0.071508 -0.000000 0.069904
vn 0.071508 -0.000000 0.069904
vn 0.071508 -0.000000 0.069904
vn 0.066262 -0.000000 0.074896
vn 0.071508 -0.000000 0.069904
vn 0.071508 -0.000000 0.069904
vn 0.076380 -0.000000 0.064546
vn 0.076380 -0.000000 0.064546
vn 0.080850 -0.000000 0.058849
vn 0.080850 -0.000000 0.058849
vn 0.084897 -0.000000 0.052844
vn 0.084897 -0.000000 0.052844
vn 0.088499 -0.000000 0.046561
vn 0.088499 -0.000000 0.046561
vn 0.091636 -0.000000 0.040035
vn 0.091636 -0.000000 0.040035
vn 0.094293 -0.000000 0.033298
vn 0.094293 -0.000000 0.033298
vn 0.096456 -0.000000 0.026387
vn 0.096456 -0.000000 0.026387
vn 0.096456 -0.000000 0.026387
vn 0.094293 -0.000000 0.033298
vn 0.091636 -0.000000 0.040035
vn 0.088499 -0.000000 0.046561
vn 0.084897 -0.000000 0.052844
vn 0.080850 -0.000000 0.058849
vn 0.076380 -0.000000 0.064546
vn 0.099255 -0.000000 0.012187
vn 0.098475 0.000027 0.017397
vn 0.098110 0.000075 0.019350
vn 0.097425 0.000053 0.022548
vn 0.096452 0.000150 0.026402
vn 0.095776 0.000085 0.028756
vn 0.094282 0.000224 0.033331
vn 0.093730 0.000117 0.034852
vn 0.091621 0.000297 0.040069
vn 0.091302 0.000148 0.040791
vn 0.088475 0.000369 0.046605
vn 0.088493 0.000179 0.046572
vn 0.084864 0.000438 0.052896
vn 0.084688 0.000214 0.053179
vn 0.080811 0.000505 0.058901
vn 0.080676 0.000247 0.059088
vn 0.076324 0.000569 0.064609
vn 0.076242 0.000277 0.064708
vn 0.071446 0.000631 0.069965
vn 0.071429 0.000307 0.069985
vn 0.066186 0.000689 0.074960
vn 0.071510 -0.000000 0.069902
vn 0.076377 -0.000000 0.064549
vn 0.080853 -0.000000 0.058845
vn 0.084896 -0.000000 0.052846
vn 0.091637 -0.000000 0.040033
vn 0.094292 -0.000000 0.033303
vn 0.096457 -0.000000 0.026383
vn 0.098112 -0.000000 0.019340
vn 0.099255 0.000000 0.012187
vn 0.098470 -0.000283 0.017422
vn 0.098110 -0.000075 0.019350
vn 0.097411 -0.000564 0.022598
vn 0.096452 -0.000150 0.026402
vn 0.095748 -0.000905 0.028836
vn 0.094282 -0.000224 0.033331
vn 0.093682 -0.001243 0.034960
vn 0.091621 -0.000297 0.040069
vn 0.091229 -0.001575 0.040925
vn 0.088475 -0.000369 0.046605
vn 0.088390 -0.001900 0.046728
vn 0.086529 -0.002090 0.050083
vn 0.088280 -0.003352 0.046856
vn 0.084594 -0.003982 0.053179
vn 0.084545 -0.002277 0.053358
vn 0.080490 -0.002617 0.059284
vn 0.080811 -0.000505 0.058901
vn 0.076324 -0.000569 0.064609
vn 0.084864 -0.000438 0.052896
vn 0.076008 -0.002944 0.064916
vn 0.071446 -0.000631 0.069965
vn 0.071144 -0.003256 0.070199
vn 0.066186 -0.000689 0.074960
vn 0.065912 -0.003495 0.075123
vn 0.065531 -0.006256 0.075276
vn 0.070899 -0.005731 0.070289
vn 0.075877 -0.005175 0.064930
vn 0.080458 -0.004591 0.059207
vn 0.091489 -0.002703 0.040280
vn 0.094201 -0.002041 0.033496
vn 0.096411 -0.001366 0.026516
vn 0.098096 -0.000685 0.019408
vn 0.004759 0.099070 0.012748
vn -0.000000 0.099255 0.012187
vn 0.005186 0.098236 0.017968
vn 0.000685 0.098096 0.019408
vn 0.005599 0.097128 0.023126
vn 0.001366 0.096411 0.026516
vn 0.006082 0.095401 0.029353
vn 0.002040 0.094201 0.033496
vn 0.006539 0.093271 0.035465
vn 0.002703 0.091489 0.040280
vn 0.006970 0.090754 0.041414
vn 0.003352 0.088280 0.046856
vn 0.007371 0.087851 0.047200
vn 0.003982 0.084594 0.053179
vn 0.007804 0.083946 0.053779
vn 0.004591 0.080458 0.059207
vn 0.008171 0.079822 0.059680
vn 0.005175 0.075877 0.064930
vn 0.008495 0.075273 0.065282
vn 0.005731 0.070899 0.070289
vn 0.008775 0.070343 0.070532
vn 0.006256 0.065531 0.075276
vn 0.009010 0.065041 0.075422
vn 0.011790 0.069729 0.070702
vn 0.011740 0.064442 0.075560
vn 0.014820 0.068989 0.070858
vn 0.014482 0.063733 0.075686
vn 0.017810 0.068128 0.071003
vn 0.017186 0.062917 0.075803
vn 0.020736 0.067153 0.071137
vn 0.019832 0.062001 0.075912
vn 0.023602 0.066065 0.071263
vn 0.022423 0.060985 0.076013
vn 0.026411 0.064866 0.071379
vn 0.024961 0.059873 0.076107
vn 0.029166 0.063556 0.071484
vn 0.027450 0.058662 0.076192
vn 0.031870 0.062135 0.071579
vn 0.029893 0.057355 0.076268
vn 0.034523 0.060602 0.071662
vn 0.032290 0.055948 0.076336
vn 0.037128 0.058955 0.071734
vn 0.034644 0.054441 0.076393
vn 0.039686 0.057192 0.071792
vn 0.036956 0.052831 0.076440
vn 0.042195 0.055309 0.071836
vn 0.039225 0.051116 0.076476
vn 0.044624 0.053328 0.071867
vn 0.041423 0.049314 0.076500
vn 0.046948 0.051269 0.071884
vn 0.043527 0.047445 0.076514
vn 0.049173 0.049132 0.071889
vn 0.045544 0.045506 0.076518
vn 0.051303 0.046915 0.071882
vn 0.047475 0.043497 0.076512
vn 0.053339 0.044617 0.071863
vn 0.049324 0.041417 0.076497
vn 0.055284 0.042236 0.071832
vn 0.051093 0.039262 0.076472
vn 0.057138 0.039767 0.071790
vn 0.052783 0.037029 0.076438
vn 0.058903 0.037208 0.071736
vn 0.054394 0.034716 0.076394
vn 0.060569 0.034569 0.071668
vn 0.055918 0.032332 0.076340
vn 0.062115 0.031889 0.071588
vn 0.057336 0.029910 0.076276
vn 0.063547 0.029160 0.071495
vn 0.058654 0.027445 0.076201
vn 0.064864 0.026384 0.071390
vn 0.059871 0.024936 0.076116
vn 0.066069 0.023556 0.071274
vn 0.060989 0.022381 0.076023
vn 0.067161 0.020675 0.071148
vn 0.062008 0.019777 0.075920
vn 0.068138 0.017738 0.071011
vn 0.062926 0.017122 0.075810
vn 0.068994 0.014777 0.070862
vn 0.063738 0.014444 0.075690
vn 0.069729 0.011791 0.070702
vn 0.064442 0.011741 0.075560
vn 0.070343 0.008778 0.070532
vn 0.065041 0.009012 0.075422
vn 0.065531 0.006256 0.075276
vn 0.070899 0.005731 0.070289
vn 0.075273 0.008498 0.065282
vn 0.074650 0.011780 0.065487
vn 0.073892 0.015034 0.065680
vn 0.072999 0.018263 0.065860
vn 0.071971 0.021467 0.066025
vn 0.070814 0.024612 0.066178
vn 0.069532 0.027699 0.066318
vn 0.068122 0.030731 0.066445
vn 0.066586 0.033709 0.066558
vn 0.064921 0.036637 0.066656
vn 0.063123 0.039517 0.066737
vn 0.061214 0.042310 0.066803
vn 0.059204 0.045004 0.066855
vn 0.057093 0.047601 0.066892
vn 0.054881 0.050105 0.066915
vn 0.052564 0.052519 0.066923
vn 0.050142 0.054844 0.066917
vn 0.047609 0.057082 0.066896
vn 0.044960 0.059232 0.066859
vn 0.042221 0.061273 0.066806
vn 0.039430 0.063180 0.066735
vn 0.036586 0.064958 0.066648
vn 0.033688 0.066608 0.066547
vn 0.030737 0.068132 0.066432
vn 0.027729 0.069533 0.066305
vn 0.024662 0.070809 0.066165
vn 0.021534 0.071962 0.066014
vn 0.018342 0.072988 0.065850
vn 0.015082 0.073887 0.065676
vn 0.011779 0.074650 0.065487
vn 0.075877 0.005175 0.064930
vn 0.079822 0.008175 0.059679
vn 0.079198 0.011709 0.059922
vn 0.078424 0.015217 0.060151
vn 0.077502 0.018698 0.060364
vn 0.076430 0.022155 0.060560
vn 0.075218 0.025549 0.060742
vn 0.073866 0.028881 0.060908
vn 0.072374 0.032154 0.061058
vn 0.070742 0.035371 0.061192
vn 0.068968 0.038531 0.061309
vn 0.067047 0.041642 0.061406
vn 0.065004 0.044657 0.061484
vn 0.062849 0.047562 0.061545
vn 0.060583 0.050363 0.061590
vn 0.058204 0.053063 0.061617
vn 0.055712 0.055663 0.061627
vn 0.053102 0.058165 0.061620
vn 0.050372 0.060570 0.061595
vn 0.047515 0.062879 0.061551
vn 0.044559 0.065068 0.061487
vn 0.041546 0.067109 0.061403
vn 0.038475 0.069007 0.061300
vn 0.035347 0.070765 0.061179
vn 0.032160 0.072384 0.061043
vn 0.028914 0.073866 0.060892
vn 0.025604 0.075212 0.060726
vn 0.022228 0.076420 0.060546
vn 0.018784 0.077490 0.060353
vn 0.015269 0.078418 0.060146
vn 0.011708 0.079197 0.059922
vn 0.080458 0.004591 0.059207
vn 0.083946 0.007808 0.053779
vn 0.083327 0.011577 0.054061
vn 0.082546 0.015320 0.054327
vn 0.081604 0.019037 0.054575
vn 0.080498 0.022730 0.054804
vn 0.079238 0.026356 0.055015
vn 0.077826 0.029917 0.055209
vn 0.076262 0.033416 0.055384
vn 0.074545 0.036855 0.055541
vn 0.072673 0.040235 0.055676
vn 0.070640 0.043561 0.055790
vn 0.068473 0.046783 0.055881
vn 0.066185 0.049888 0.055953
vn 0.063775 0.052879 0.056004
vn 0.061243 0.055760 0.056036
vn 0.058587 0.058534 0.056048
vn 0.055803 0.061201 0.056040
vn 0.052889 0.063762 0.056010
vn 0.049837 0.066218 0.055959
vn 0.046678 0.068543 0.055884
vn 0.043456 0.070707 0.055786
vn 0.040173 0.072715 0.055666
vn 0.036829 0.074569 0.055526
vn 0.033423 0.076272 0.055367
vn 0.029952 0.077826 0.055190
vn 0.026415 0.079231 0.054997
vn 0.022809 0.080486 0.054788
vn 0.019130 0.081590 0.054563
vn 0.015376 0.082539 0.054322
vn 0.011576 0.083327 0.054061
vn 0.084594 0.003982 0.053179
vn 0.087851 0.007374 0.047199
vn 0.087247 0.011372 0.047525
vn 0.086468 0.015344 0.047831
vn 0.085513 0.019292 0.048118
vn 0.084381 0.023217 0.048383
vn 0.083081 0.027071 0.048627
vn 0.081617 0.030858 0.048851
vn 0.079987 0.034580 0.049055
vn 0.078191 0.038237 0.049236
vn 0.076226 0.041833 0.049393
vn 0.074087 0.045371 0.049524
vn 0.071802 0.048798 0.049631
vn 0.069385 0.052099 0.049714
vn 0.066836 0.055278 0.049773
vn 0.064154 0.058337 0.049810
vn 0.061338 0.061280 0.049824
vn 0.058384 0.064108 0.049814
vn 0.055288 0.066822 0.049780
vn 0.052044 0.069421 0.049721
vn 0.048684 0.071877 0.049634
vn 0.045258 0.074159 0.049520
vn 0.041766 0.076271 0.049381
vn 0.038209 0.078216 0.049218
vn 0.034586 0.079997 0.049034
vn 0.030896 0.081615 0.048830
vn 0.027136 0.083072 0.048607
vn 0.023303 0.084367 0.048365
vn 0.019394 0.085498 0.048105
vn 0.015405 0.086460 0.047826
vn 0.011371 0.087247 0.047525
vn 0.088280 0.003352 0.046856
vn 0.090754 0.006974 0.041414
vn 0.090169 0.011147 0.041777
vn 0.089398 0.015296 0.042119
vn 0.088440 0.019423 0.042439
vn 0.087294 0.023527 0.042735
vn 0.085970 0.027558 0.043008
vn 0.084470 0.031520 0.043259
vn 0.082794 0.035415 0.043486
vn 0.080940 0.039243 0.043688
vn 0.078907 0.043006 0.043864
vn 0.076688 0.046710 0.044012
vn 0.074314 0.050297 0.044131
vn 0.071799 0.053751 0.044223
vn 0.069144 0.057075 0.044290
vn 0.066347 0.060272 0.044332
vn 0.063408 0.063347 0.044347
vn 0.060322 0.066299 0.044336
vn 0.057086 0.069129 0.044298
vn 0.053692 0.071838 0.044231
vn 0.050176 0.074395 0.044134
vn 0.046589 0.076765 0.044006
vn 0.042934 0.078954 0.043851
vn 0.039212 0.080966 0.043669
vn 0.035421 0.082803 0.043464
vn 0.031560 0.084467 0.043236
vn 0.027627 0.085959 0.042986
vn 0.023618 0.087279 0.042716
vn 0.019531 0.088423 0.042425
vn 0.015362 0.089390 0.042113
vn 0.011146 0.090169 0.041777
vn 0.091489 0.002703 0.040280
vn 0.093271 0.006544 0.035465
vn 0.092711 0.010875 0.035865
vn 0.091956 0.015184 0.036244
vn 0.091002 0.019473 0.036597
vn 0.089850 0.023740 0.036924
vn 0.088509 0.027934 0.037226
vn 0.086982 0.032055 0.037503
vn 0.085269 0.036108 0.037755
vn 0.083368 0.040092 0.037979
vn 0.081277 0.044010 0.038174
vn 0.078988 0.047866 0.038337
vn 0.076535 0.051599 0.038469
vn 0.073933 0.055192 0.038571
vn 0.071182 0.058649 0.038646
vn 0.068282 0.061972 0.038691
vn 0.065231 0.065166 0.038708
vn 0.062025 0.068231 0.038696
vn 0.058661 0.071167 0.038654
vn 0.055130 0.073975 0.038580
vn 0.051470 0.076620 0.038472
vn 0.047737 0.079069 0.038331
vn 0.043933 0.081326 0.038158
vn 0.040058 0.083394 0.037958
vn 0.036114 0.085277 0.037730
vn 0.032097 0.086978 0.037478
vn 0.028006 0.088497 0.037202
vn 0.023837 0.089833 0.036903
vn 0.019587 0.090984 0.036581
vn 0.015254 0.091947 0.036237
vn 0.010874 0.092711 0.035866
vn 0.094201 0.002040 0.033496
vn 0.095401 0.006087 0.029353
vn 0.094874 0.010558 0.029791
vn 0.094140 0.015011 0.030205
vn 0.093199 0.019445 0.030593
vn 0.092048 0.023859 0.030951
vn 0.090699 0.028199 0.031282
vn 0.089154 0.032465 0.031586
vn 0.087412 0.036660 0.031862
vn 0.085473 0.040786 0.032107
vn 0.083333 0.044844 0.032321
vn 0.080985 0.048838 0.032500
vn 0.078464 0.052704 0.032645
vn 0.075785 0.056423 0.032758
vn 0.072949 0.060000 0.032840
vn 0.069957 0.063437 0.032890
vn 0.066806 0.066738 0.032908
vn 0.063493 0.069904 0.032895
vn 0.060013 0.072934 0.032849
vn 0.056358 0.075829 0.032768
vn 0.052568 0.078554 0.032649
vn 0.048701 0.081070 0.032494
vn 0.044762 0.083383 0.032305
vn 0.040750 0.085499 0.032084
vn 0.036666 0.087419 0.031835
vn 0.032508 0.089147 0.031559
vn 0.028275 0.090684 0.031256
vn 0.023962 0.092029 0.030928
vn 0.019566 0.093179 0.030576
vn 0.015085 0.094130 0.030198
vn 0.010558 0.094874 0.029792
vn 0.096411 0.001366 0.026516
vn 0.097128 0.005604 0.023125
vn 0.096639 0.010198 0.023600
vn 0.095934 0.014775 0.024050
vn 0.095012 0.019337 0.024470
vn 0.093871 0.023881 0.024859
vn 0.092522 0.028350 0.025219
vn 0.090967 0.032744 0.025549
vn 0.089207 0.037067 0.025849
vn 0.087239 0.041319 0.026116
vn 0.085061 0.045501 0.026349
vn 0.082664 0.049619 0.026544
vn 0.080085 0.053604 0.026702
vn 0.077341 0.057435 0.026825
vn 0.074433 0.061118 0.026913
vn 0.071361 0.064655 0.026968
vn 0.068123 0.068051 0.026988
vn 0.064715 0.071305 0.026974
vn 0.061133 0.074417 0.026923
vn 0.057367 0.077388 0.026835
vn 0.053460 0.080180 0.026706
vn 0.049474 0.082753 0.026537
vn 0.045414 0.085113 0.026331
vn 0.041280 0.087265 0.026092
vn 0.037072 0.089213 0.025821
vn 0.032789 0.090959 0.025520
vn 0.028429 0.092505 0.025191
vn 0.023989 0.093850 0.024835
vn 0.019465 0.094991 0.024452
vn 0.014853 0.095924 0.024042
vn 0.010197 0.096639 0.023601
vn 0.098096 0.000685 0.019408
vn 0.098236 0.005191 0.017967
vn 0.097782 0.009871 0.018472
vn 0.097106 0.014537 0.018949
vn 0.096206 0.019189 0.019396
vn 0.095078 0.023827 0.019810
vn 0.093736 0.028388 0.020192
vn 0.092180 0.032875 0.020544
vn 0.090412 0.037289 0.020863
vn 0.088428 0.041633 0.021147
vn 0.086226 0.045906 0.021395
vn 0.083797 0.050113 0.021603
vn 0.081180 0.054184 0.021771
vn 0.078391 0.058097 0.021902
vn 0.075432 0.061856 0.021996
vn 0.072304 0.065466 0.022054
vn 0.069004 0.068929 0.022076
vn 0.065528 0.072246 0.022060
vn 0.061872 0.075416 0.022006
vn 0.058026 0.078440 0.021912
vn 0.054034 0.081278 0.021775
vn 0.049962 0.083889 0.021595
vn 0.045814 0.086279 0.021376
vn 0.041591 0.088454 0.021122
vn 0.037294 0.090416 0.020833
vn 0.032922 0.092170 0.020513
vn 0.028471 0.093717 0.020163
vn 0.023940 0.095055 0.019785
vn 0.019323 0.096183 0.019377
vn 0.014618 0.097095 0.018941
vn 0.009870 0.097782 0.018472
vn 0.099255 -0.000000 0.012187
vn 0.099070 0.004765 0.012748
vn 0.098656 0.009518 0.013281
vn 0.098013 0.014260 0.013786
vn 0.097139 0.018990 0.014259
vn 0.096030 0.023710 0.014697
vn 0.094700 0.028352 0.015102
vn 0.093150 0.032919 0.015474
vn 0.091379 0.037415 0.015812
vn 0.089386 0.041839 0.016113
vn 0.087167 0.046192 0.016376
vn 0.084714 0.050479 0.016596
vn 0.082065 0.054625 0.016774
vn 0.079239 0.058610 0.016913
vn 0.076238 0.062436 0.017013
vn 0.073062 0.066109 0.017075
vn 0.069708 0.069631 0.017098
vn 0.066174 0.073002 0.017081
vn 0.062453 0.076222 0.017024
vn 0.058536 0.079291 0.016924
vn 0.054470 0.082168 0.016778
vn 0.050321 0.084809 0.016588
vn 0.046096 0.087222 0.016356
vn 0.041795 0.089411 0.016087
vn 0.037419 0.091382 0.015781
vn 0.032968 0.093138 0.015442
vn 0.028438 0.094679 0.015072
vn 0.023826 0.096006 0.014671
vn 0.019130 0.097115 0.014239
vn 0.014344 0.098002 0.013778
vn 0.009516 0.098656 0.013282
vn 0.099255 -0.000000 0.012187
vn 0.098470 0.000268 0.017421
vn 0.098096 0.000685 0.019408
vn 0.097412 0.000535 0.022596
vn 0.096411 0.001366 0.026516
vn 0.095750 0.000859 0.028832
vn 0.094201 0.002041 0.033496
vn 0.093685 0.001179 0.034955
vn 0.091489 0.002703 0.040280
vn 0.091233 0.001494 0.040918
vn 0.088280 0.003352 0.046856
vn 0.088397 0.001803 0.046720
vn 0.086537 0.001983 0.050074
vn 0.088475 0.000369 0.046605
vn 0.084864 0.000438 0.052896
vn 0.084553 0.002160 0.053348
vn 0.080811 0.000505 0.058901
vn 0.080501 0.002484 0.059274
vn 0.076324 0.000569 0.064609
vn 0.076023 0.002794 0.064905
vn 0.071446 0.000631 0.069965
vn 0.071162 0.003090 0.070188
vn 0.066186 0.000689 0.074960
vn 0.065912 0.003495 0.075123
vn 0.070899 0.005731 0.070289
vn 0.065531 0.006256 0.075276
vn 0.084594 0.003982 0.053179
vn 0.080458 0.004591 0.059207
vn 0.075877 0.005175 0.064930
vn 0.091621 0.000297 0.040069
vn 0.094282 0.000224 0.033331
vn 0.096452 0.000150 0.026402
vn 0.098110 0.000075 0.019350
vn 0.000000 0.099255 0.012187
vn 0.000000 0.099255 0.012187
vn 0.000028 0.098475 0.017397
vn 0.000000 0.098112 0.019340
vn 0.000057 0.097425 0.022548
vn 0.000000 0.096457 0.026383
vn 0.000091 0.095776 0.028756
vn 0.000000 0.094292 0.033303
vn 0.000125 0.093730 0.034853
vn 0.000000 0.091637 0.040033
vn 0.000158 0.091302 0.040792
vn 0.000000 0.088499 0.046561
vn 0.000191 0.088492 0.046573
vn 0.000000 0.084896 0.052846
vn 0.000229 0.084687 0.053180
vn 0.000000 0.080853 0.058845
vn 0.000263 0.080674 0.059090
vn 0.000000 0.076377 0.064549
vn 0.000296 0.076240 0.064710
vn 0.000000 0.071510 0.069902
vn 0.000327 0.071427 0.069987
vn 0.000000 0.066262 0.074896
vn 0.000689 0.066186 0.074960
vn 0.000631 0.071446 0.069965
vn 0.000569 0.076324 0.064609
vn 0.000505 0.080811 0.058901
vn 0.000438 0.084864 0.052896
vn 0.000369 0.088475 0.046605
vn 0.000297 0.091621 0.040069
vn 0.000224 0.094282 0.033331
vn 0.000150 0.096452 0.026402
vn 0.000075 0.098110 0.019350
vn 0.000000 0.098112 0.019338
vn 0.000000 0.098112 0.019338
vn 0.000000 0.099255 0.012187
vn 0.000000 0.098112 0.019338
vn 0.000000 0.098112 0.019338
vn 0.000000 0.098112 0.019338
vn 0.000000 0.096456 0.026387
vn 0.000000 0.096456 0.026387
vn 0.000000 0.094293 0.033298
vn 0.000000 0.094293 0.033298
vn 0.000000 0.091636 0.040035
vn 0.000000 0.091636 0.040035
vn 0.000000 0.088499 0.046561
vn 0.000000 0.084897 0.052844
vn 0.000000 0.084897 0.052844
vn 0.000000 0.080850 0.058849
vn 0.000000 0.080850 0.058849
vn 0.000000 0.076380 0.064546
vn 0.000000 0.076380 0.064546
vn 0.000000 0.071508 0.069904
vn 0.000000 0.071508 0.069904
vn 0.000000 0.071508 0.069904
vn 0.000000 0.066262 0.074896
vn 0.000000 0.071508 0.069904
vn 0.000000 0.071508 0.069904
vn 0.000000 0.076380 0.064546
vn 0.000000 0.076380 0.064546
vn 0.000000 0.080850 0.058849
vn 0.000000 0.080850 0.058849
vn 0.000000 0.084897 0.052844
vn 0.000000 0.084897 0.052844
vn 0.000000 0.088499 0.046561
vn 0.000000 0.088499 0.046561
vn 0.000000 0.091636 0.040035
vn 0.000000 0.091636 0.040035
vn 0.000000 0.094293 0.033298
vn 0.000000 0.094293 0.033298
vn 0.000000 0.096456 0.026387
vn 0.000000 0.096456 0.026387
vn 0.000000 0.096456 0.026387
vn 0.000000 0.094293 0.033298
vn 0.000000 0.091636 0.040035
vn 0.000000 0.088499 0.046561
vn 0.000000 0.084897 0.052844
vn 0.000000 0.080850 0.058849
vn 0.000000 0.076380 0.064546
vn 0.000000 0.099255 0.012187
vn -0.000027 0.098475 0.017397
vn -0.000075 0.098110 0.019350
vn -0.000053 0.097425 0.022548
vn -0.000150 0.096452 0.026402
vn -0.000085 0.095776 0.028756
vn -0.000224 0.094282 0.033331
vn -0.000117 0.093730 0.034852
vn -0.000297 0.091621 0.040069
vn -0.000148 0.091302 0.040791
vn -0.000369 0.088475 0.046605
vn -0.000179 0.088493 0.046572
vn -0.000438 0.084864 0.052896
vn -0.000214 0.084688 0.053179
vn -0.000505 0.080811 0.058901
vn -0.000247 0.080676 0.059088
vn -0.000569 0.076324 0.064609
vn -0.000277 0.076242 0.064708
vn -0.000631 0.071446 0.069965
vn -0.000307 0.071429 0.069985
vn -0.000689 0.066186 0.074960
vn -0.000000 0.071510 0.069902
vn -0.000000 0.076377 0.064549
vn -0.000000 0.080853 0.058845
vn -0.000000 0.084896 0.052846
vn -0.000000 0.091637 0.040033
vn -0.000000 0.094292 0.033303
vn -0.000000 0.096457 0.026383
vn -0.000000 0.098112 0.019340
vn 0.000000 0.099255 0.012187
vn 0.000283 0.098470 0.017422
vn 0.000075 0.098110 0.019350
vn 0.000564 0.097411 0.022598
vn 0.000150 0.096452 0.026402
vn 0.000905 0.095748 0.028836
vn 0.000224 0.094282 0.033331
vn 0.001243 0.093682 0.034960
vn 0.000297 0.091621 0.040069
vn 0.001575 0.091229 0.040925
vn 0.000369 0.088475 0.046605
vn 0.001900 0.088390 0.046728
vn 0.002090 0.086529 0.050083
vn 0.003352 0.088280 0.046856
vn 0.003982 0.084594 0.053179
vn 0.002277 0.084545 0.053358
vn 0.002617 0.080490 0.059284
vn 0.000505 0.080811 0.058901
vn 0.000569 0.076324 0.064609
vn 0.000438 0.084864 0.052896
vn 0.002944 0.076008 0.064916
vn 0.000631 0.071446 0.069965
vn 0.003256 0.071144 0.070199
vn 0.000689 0.066186 0.074960
vn 0.003495 0.065912 0.075123
vn 0.006256 0.065531 0.075276
vn 0.005731 0.070899 0.070289
vn 0.005175 0.075877 0.064930
vn 0.004591 0.080458 0.059207
vn 0.002703 0.091489 0.040280
vn 0.002041 0.094201 0.033496
vn 0.001366 0.096411 0.026516
vn 0.000685 0.098096 0.019408
vn -0.099070 0.004759 0.012748
vn -0.099255 -0.000000 0.012187
vn -0.098236 0.005186 0.017968
vn -0.098096 0.000685 0.019408
vn -0.097128 0.005599 0.023126
vn -0.096411 0.001366 0.026516
vn -0.095401 0.006082 0.029353
vn -0.094201 0.002040 0.033496
vn -0.093271 0.006539 0.035465
vn -0.091489 0.002703 0.040280
vn -0.090754 0.006970 0.041414
vn -0.088280 0.003352 0.046856
vn -0.087851 0.007371 0.047200
vn -0.084594 0.003982 0.053179
vn -0.083946 0.007804 0.053779
vn -0.080458 0.004591 0.059207
vn -0.079822 0.008171 0.059680
vn -0.075877 0.005175 0.064930
vn -0.075273 0.008495 0.065282
vn -0.070899 0.005731 0.070289
vn -0.070343 0.008775 0.070532
vn -0.065531 0.006256 0.075276
vn -0.065041 0.009010 0.075422
vn -0.069729 0.011790 0.070702
vn -0.064442 0.011740 0.075560
vn -0.068989 0.014820 0.070858
vn -0.063733 0.014482 0.075686
vn -0.068128 0.017810 0.071003
vn -0.062917 0.017186 0.075803
vn -0.067153 0.020736 0.071137
vn -0.062001 0.019832 0.075912
vn -0.066065 0.023602 0.071263
vn -0.060985 0.022423 0.076013
vn -0.064866 0.026411 0.071379
vn -0.059873 0.024961 0.076107
vn -0.063556 0.029166 0.071484
vn -0.058662 0.027450 0.076192
vn -0.062135 0.031870 0.071579
vn -0.057355 0.029893 0.076268
vn -0.060602 0.034523 0.071662
vn -0.055948 0.032290 0.076336
vn -0.058955 0.037128 0.071734
vn -0.054441 0.034644 0.076393
vn -0.057192 0.039686 0.071792
vn -0.052831 0.036956 0.076440
vn -0.055309 0.042195 0.071836
vn -0.051116 0.039225 0.076476
vn -0.053328 0.044624 0.071867
vn -0.049314 0.041423 0.076500
vn -0.051269 0.046948 0.071884
vn -0.047445 0.043527 0.076514
vn -0.049132 0.049173 0.071889
vn -0.045506 0.045544 0.076518
vn -0.046915 0.051303 0.071882
vn -0.043497 0.047475 0.076512
vn -0.044617 0.053339 0.071863
vn -0.041417 0.049324 0.076497
vn -0.042236 0.055284 0.071832
vn -0.039262 0.051093 0.076472
vn -0.039767 0.057138 0.071790
vn -0.037029 0.052783 0.076438
vn -0.037208 0.058903 0.071736
vn -0.034716 0.054394 0.076394
vn -0.034569 0.060569 0.071668
vn -0.032332 0.055918 0.076340
vn -0.031889 0.062115 0.071588
vn -0.029910 0.057336 0.076276
vn -0.029160 0.063547 0.071495
vn -0.027445 0.058654 0.076201
vn -0.026384 0.064864 0.071390
vn -0.024936 0.059871 0.076116
vn -0.023556 0.066069 0.071274
vn -0.022381 0.060989 0.076023
vn -0.020675 0.067161 0.071148
vn -0.019777 0.062008 0.075920
vn -0.017738 0.068138 0.071011
vn -0.017122 0.062926 0.075810
vn -0.014777 0.068994 0.070862
vn -0.014444 0.063738 0.075690
vn -0.011791 0.069729 0.070702
vn -0.011741 0.064442 0.075560
vn -0.008778 0.070343 0.070532
vn -0.009012 0.065041 0.075422
vn -0.006256 0.065531 0.075276
vn -0.005731 0.070899 0.070289
vn -0.008498 0.075273 0.065282
vn -0.011780 0.074650 0.065487
vn -0.015034 0.073892 0.065680
vn -0.018263 0.072999 0.065860
vn -0.021467 0.071971 0.066025
vn -0.024612 0.070814 0.066178
vn -0.027699 0.069532 0.066318
vn -0.030731 0.068122 0.066445
vn -0.033709 0.066586 0.066558
vn -0.036637 0.064921 0.066656
vn -0.039517 0.063123 0.066737
vn -0.042310 0.061214 0.066803
vn -0.045004 0.059204 0.066855
vn -0.047601 0.057093 0.066892
vn -0.050105 0.054881 0.066915
vn -0.052519 0.052564 0.066923
vn -0.054844 0.050142 0.066917
vn -0.057082 0.047609 0.066896
vn -0.059232 0.044960 0.066859
vn -0.061273 0.042221 0.066806
vn -0.063180 0.039430 0.066735
vn -0.064958 0.036586 0.066648
vn -0.066608 0.033688 0.066547
vn -0.068132 0.030737 0.066432
vn -0.069533 0.027729 0.066305
vn -0.070809 0.024662 0.066165
vn -0.071962 0.021534 0.066014
vn -0.072988 0.018342 0.065850
vn -0.073887 0.015082 0.065676
vn -0.074650 0.011779 0.065487
vn -0.005175 0.075877 0.064930
vn -0.008175 0.079822 0.059679
vn -0.011709 0.079198 0.059922
vn -0.015217 0.078424 0.060151
vn -0.018698 0.077502 0.060364
vn -0.022155 0.076430 0.060560
vn -0.025549 0.075218 0.060742
vn -0.028881 0.073866 0.060908
vn -0.032154 0.072374 0.061058
vn -0.035371 0.070742 0.061192
vn -0.038531 0.068968 0.061309
vn -0.041642 0.067047 0.061406
vn -0.044657 0.065004 0.061484
vn -0.047562 0.062849 0.061545
vn -0.050363 0.060583 0.061590
vn -0.053063 0.058204 0.061617
vn -0.055663 0.055712 0.061627
vn -0.058165 0.053102 0.061620
vn -0.060570 0.050372 0.061595
vn -0.062879 0.047515 0.061551
vn -0.065068 0.044559 0.061487
vn -0.067109 0.041546 0.061403
vn -0.069007 0.038475 0.061300
vn -0.070765 0.035347 0.061179
vn -0.072384 0.032160 0.061043
vn -0.073866 0.028914 0.060892
vn -0.075212 0.025604 0.060726
vn -0.076420 0.022228 0.060546
vn -0.077490 0.018784 0.060353
vn -0.078418 0.015269 0.060146
vn -0.079197 0.011708 0.059922
vn -0.004591 0.080458 0.059207
vn -0.007808 0.083946 0.053779
vn -0.011577 0.083327 0.054061
vn -0.015320 0.082546 0.054327
vn -0.019037 0.081604 0.054575
vn -0.022730 0.080498 0.054804
vn -0.026356 0.079238 0.055015
vn -0.029917 0.077826 0.055209
vn -0.033416 0.076262 0.055384
vn -0.036855 0.074545 0.055541
vn -0.040235 0.072673 0.055676
vn -0.043561 0.070640 0.055790
vn -0.046783 0.068473 0.055881
vn -0.049888 0.066185 0.055953
vn -0.052879 0.063775 0.056004
vn -0.055760 0.061243 0.056036
vn -0.058534 0.058587 0.056048
vn -0.061201 0.055803 0.056040
vn -0.063762 0.052889 0.056010
vn -0.066218 0.049837 0.055959
vn -0.068543 0.046678 0.055884
vn -0.070707 0.043456 0.055786
vn -0.072715 0.040173 0.055666
vn -0.074569 0.036829 0.055526
vn -0.076272 0.033423 0.055367
vn -0.077826 0.029952 0.055190
vn -0.079231 0.026415 0.054997
vn -0.080486 0.022809 0.054788
vn -0.081590 0.019130 0.054563
vn -0.082539 0.015376 0.054322
vn -0.083327 0.011576 0.054061
vn -0.003982 0.084594 0.053179
vn -0.007374 0.087851 0.047199
vn -0.011372 0.087247 0.047525
vn -0.015344 0.086468 0.047831
vn -0.019292 0.085513 0.048118
vn -0.023217 0.084381 0.048383
vn -0.027071 0.083081 0.048627
vn -0.030858 0.081617 0.048851
vn -0.034580 0.079987 0.049055
vn -0.038237 0.078191 0.049236
vn -0.041833 0.076226 0.049393
vn -0.045371 0.074087 0.049524
vn -0.048798 0.071802 0.049631
vn -0.052099 0.069385 0.049714
vn -0.055278 0.066836 0.049773
vn -0.058337 0.064154 0.049810
vn -0.061280 0.061338 0.049824
vn -0.064108 0.058384 0.049814
vn -0.066822 0.055288 0.049780
vn -0.069421 0.052044 0.049721
vn -0.071877 0.048684 0.049634
vn -0.074159 0.045258 0.049520
vn -0.076271 0.041766 0.049381
vn -0.078216 0.038209 0.049218
vn -0.079997 0.034586 0.049034
vn -0.081615 0.030896 0.048830
vn -0.083072 0.027136 0.048607
vn -0.084367 0.023303 0.048365
vn -0.085498 0.019394 0.048105
vn -0.086460 0.015405 0.047826
vn -0.087247 0.011371 0.047525
vn -0.003352 0.088280 0.046856
vn -0.006974 0.090754 0.041414
vn -0.011147 0.090169 0.041777
vn -0.015296 0.089398 0.042119
vn -0.019423 0.088440 0.042439
vn -0.023527 0.087294 0.042735
vn -0.027558 0.085970 0.043008
vn -0.031520 0.084470 0.043259
vn -0.035415 0.082794 0.043486
vn -0.039243 0.080940 0.043688
vn -0.043006 0.078907 0.043864
vn -0.046710 0.076688 0.044012
vn -0.050297 0.074314 0.044131
vn -0.053751 0.071799 0.044223
vn -0.057075 0.069144 0.044290
vn -0.060272 0.066347 0.044332
vn -0.063347 0.063408 0.044347
vn -0.066299 0.060322 0.044336
vn -0.069129 0.057086 0.044298
vn -0.071838 0.053692 0.044231
vn -0.074395 0.050176 0.044134
vn -0.076765 0.046589 0.044006
vn -0.078954 0.042934 0.043851
vn -0.080966 0.039212 0.043669
vn -0.082803 0.035421 0.043464
vn -0.084467 0.031560 0.043236
vn -0.085959 0.027627 0.042986
vn -0.087279 0.023618 0.042716
vn -0.088423 0.019531 0.042425
vn -0.089390 0.015362 0.042113
vn -0.090169 0.011146 0.041777
vn -0.002703 0.091489 0.040280
vn -0.006544 0.093271 0.035465
vn -0.010875 0.092711 0.035865
vn -0.015184 0.091956 0.036244
vn -0.019473 0.091002 0.036597
vn -0.023740 0.089850 0.036924
vn -0.027934 0.088509 0.037226
vn -0.032055 0.086982 0.037503
vn -0.036108 0.085269 0.037755
vn -0.040092 0.083368 0.037979
vn -0.044010 0.081277 0.038174
vn -0.047866 0.078988 0.038337
vn -0.051599 0.076535 0.038469
vn -0.055192 0.073933 0.038571
vn -0.058649 0.071182 0.038646
vn -0.061972 0.068282 0.038691
vn -0.065166 0.065231 0.038708
vn -0.068231 0.062025 0.038696
vn -0.071167 0.058661 0.038654
vn -0.073975 0.055130 0.038580
vn -0.076620 0.051470 0.038472
vn -0.079069 0.047737 0.038331
vn -0.081326 0.043933 0.038158
vn -0.083394 0.040058 0.037958
vn -0.085277 0.036114 0.037730
vn -0.086978 0.032097 0.037478
vn -0.088497 0.028006 0.037202
vn -0.089833 0.023837 0.036903
vn -0.090984 0.019587 0.036581
vn -0.091947 0.015254 0.036237
vn -0.092711 0.010874 0.035866
vn -0.002040 0.094201 0.033496
vn -0.006087 0.095401 0.029353
vn -0.010558 0.094874 0.029791
vn -0.015011 0.094140 0.030205
vn -0.019445 0.093199 0.030593
vn -0.023859 0.092048 0.030951
vn -0.028199 0.090699 0.031282
vn -0.032465 0.089154 0.031586
vn -0.036660 0.087412 0.031862
vn -0.040786 0.085473 0.032107
vn -0.044844 0.083333 0.032321
vn -0.048838 0.080985 0.032500
vn -0.052704 0.078464 0.032645
vn -0.056423 0.075785 0.032758
vn -0.060000 0.072949 0.032840
vn -0.063437 0.069957 0.032890
vn -0.066738 0.066806 0.032908
vn -0.069904 0.063493 0.032895
vn -0.072934 0.060013 0.032849
vn -0.075829 0.056358 0.032768
vn -0.078554 0.052568 0.032649
vn -0.081070 0.048701 0.032494
vn -0.083383 0.044762 0.032305
vn -0.085499 0.040750 0.032084
vn -0.087419 0.036666 0.031835
vn -0.089147 0.032508 0.031559
vn -0.090684 0.028275 0.031256
vn -0.092029 0.023962 0.030928
vn -0.093179 0.019566 0.030576
vn -0.094130 0.015085 0.030198
vn -0.094874 0.010558 0.029792
vn -0.001366 0.096411 0.026516
vn -0.005604 0.097128 0.023125
vn -0.010198 0.096639 0.023600
vn -0.014775 0.095934 0.024050
vn -0.019337 0.095012 0.024470
vn -0.023881 0.093871 0.024859
vn -0.028350 0.092522 0.025219
vn -0.032744 0.090967 0.025549
vn -0.037067 0.089207 0.025849
vn -0.041319 0.087239 0.026116
vn -0.045501 0.085061 0.026349
vn -0.049619 0.082664 0.026544
vn -0.053604 0.080085 0.026702
vn -0.057435 0.077341 0.026825
vn -0.061118 0.074433 0.026913
vn -0.064655 0.071361 0.026968
vn -0.068051 0.068123 0.026988
vn -0.071305 0.064715 0.026974
vn -0.074417 0.061133 0.026923
vn -0.077388 0.057367 0.026835
vn -0.080180 0.053460 0.026706
vn -0.082753 0.049474 0.026537
vn -0.085113 0.045414 0.026331
vn -0.087265 0.041280 0.026092
vn -0.089213 0.037072 0.025821
vn -0.090959 0.032789 0.025520
vn -0.092505 0.028429 0.025191
vn -0.093850 0.023989 0.024835
vn -0.094991 0.019465 0.024452
vn -0.095924 0.014853 0.024042
vn -0.096639 0.010197 0.023601
vn -0.000685 0.098096 0.019408
vn -0.005191 0.098236 0.017967
vn -0.009871 0.097782 0.018472
vn -0.014537 0.097106 0.018949
vn -0.019189 0.096206 0.019396
vn -0.023827 0.095078 0.019810
vn -0.028388 0.093736 0.020192
vn -0.032875 0.092180 0.020544
vn -0.037289 0.090412 0.020863
vn -0.041633 0.088428 0.021147
vn -0.045906 0.086226 0.021395
vn -0.050113 0.083797 0.021603
vn -0.054184 0.081180 0.021771
vn -0.058097 0.078391 0.021902
vn -0.061856 0.075432 0.021996
vn -0.065466 0.072304 0.022054
vn -0.068929 0.069004 0.022076
vn -0.072246 0.065528 0.022060
vn -0.075416 0.061872 0.022006
vn -0.078440 0.058026 0.021912
vn -0.081278 0.054034 0.021775
vn -0.083889 0.049962 0.021595
vn -0.086279 0.045814 0.021376
vn -0.088454 0.041591 0.021122
vn -0.090416 0.037294 0.020833
vn -0.092170 0.032922 0.020513
vn -0.093717 0.028471 0.020163
vn -0.095055 0.023940 0.019785
vn -0.096183 0.019323 0.019377
vn -0.097095 0.014618 0.018941
vn -0.097782 0.009870 0.018472
vn 0.000000 0.099255 0.012187
vn -0.004765 0.099070 0.012748
vn -0.009518 0.098656 0.013281
vn -0.014260 0.098013 0.013786
vn -0.018990 0.097139 0.014259
vn -0.023710 0.096030 0.014697
vn -0.028352 0.094700 0.015102
vn -0.032919 0.093150 0.015474
vn -0.037415 0.091379 0.015812
vn -0.041839 0.089386 0.016113
vn -0.046192 0.087167 0.016376
vn -0.050479 0.084714 0.016596
vn -0.054625 0.082065 0.016774
vn -0.058610 0.079239 0.016913
vn -0.062436 0.076238 0.017013
vn -0.066109 0.073062 0.017075
vn -0.069631 0.069708 0.017098
vn -0.073002 0.066174 0.017081
vn -0.076222 0.062453 0.017024
vn -0.079291 0.058536 0.016924
vn -0.082168 0.054470 0.016778
vn -0.084809 0.050321 0.016588
vn -0.087222 0.046096 0.016356
vn -0.089411 0.041795 0.016087
vn -0.091382 0.037419 0.015781
vn -0.093138 0.032968 0.015442
vn -0.094679 0.028438 0.015072
vn -0.096006 0.023826 0.014671
vn -0.097115 0.019130 0.014239
vn -0.098002 0.014344 0.013778
vn -0.098656 0.009516 0.013282
vn -0.000000 0.099255 0.012187
vn 0.000000 0.099255 0.012187
vn -0.000268 0.098470 0.017421
vn -0.000685 0.098096 0.019408
vn -0.000535 0.097412 0.022596
vn -0.001366 0.096411 0.026516
vn -0.000859 0.095750 0.028832
vn -0.002041 0.094201 0.033496
vn -0.001179 0.093685 0.034955
vn -0.002703 0.091489 0.040280
vn -0.001494 0.091233 0.040918
vn -0.003352 0.088280 0.046856
vn -0.001803 0.088397 0.046720
vn -0.001983 0.086537 0.050074
vn -0.000369 0.088475 0.046605
vn -0.000438 0.084864 0.052896
vn -0.002160 0.084553 0.053348
vn -0.000505 0.080811 0.058901
vn -0.002484 0.080501 0.059274
vn -0.000569 0.076324 0.064609
vn -0.002794 0.076023 0.064905
vn -0.000631 0.071446 0.069965
vn -0.003090 0.071162 0.070188
vn -0.000689 0.066186 0.074960
vn -0.003495 0.065912 0.075123
vn -0.005731 0.070899 0.070289
vn -0.006256 0.065531 0.075276
vn -0.003982 0.084594 0.053179
vn -0.004591 0.080458 0.059207
vn -0.005175 0.075877 0.064930
vn -0.000297 0.091621 0.040069
vn -0.000224 0.094282 0.033331
vn -0.000150 0.096452 0.026402
vn -0.000075 0.098110 0.019350
vn -0.099255 -0.000000 0.012187
vn -0.099255 -0.000000 0.012187
vn -0.098475 0.000028 0.017397
vn -0.098112 0.000000 0.019340
vn -0.097425 0.000057 0.022548
vn -0.096457 0.000000 0.026383
vn -0.095776 0.000091 0.028756
vn -0.094292 0.000000 0.033303
vn -0.093730 0.000125 0.034853
vn -0.091637 0.000000 0.040033
vn -0.091302 0.000158 0.040792
vn -0.088499 0.000000 0.046561
vn -0.088492 0.000191 0.046573
vn -0.084896 0.000000 0.052846
vn -0.084687 0.000229 0.053180
vn -0.080853 0.000000 0.058845
vn -0.080674 0.000263 0.059090
vn -0.076377 0.000000 0.064549
vn -0.076240 0.000296 0.064710
vn -0.071510 0.000000 0.069902
vn -0.071427 0.000327 0.069987
vn -0.066262 0.000000 0.074896
vn -0.066186 0.000689 0.074960
vn -0.071446 0.000631 0.069965
vn -0.076324 0.000569 0.064609
vn -0.080811 0.000505 0.058901
vn -0.084864 0.000438 0.052896
vn -0.088475 0.000369 0.046605
vn -0.091621 0.000297 0.040069
vn -0.094282 0.000224 0.033331
vn -0.096452 0.000150 0.026402
vn -0.098110 0.000075 0.019350
vn -0.098112 0.000000 0.019338
vn -0.098112 0.000000 0.019338
vn -0.099255 0.000000 0.012187
vn -0.098112 0.000000 0.019338
vn -0.098112 0.000000 0.019338
vn -0.098112 0.000000 0.019338
vn -0.096456 0.000000 0.026387
vn -0.096456 0.000000 0.026387
vn -0.094293 0.000000 0.033298
vn -0.094293 0.000000 0.033298
vn -0.091636 0.000000 0.040035
vn -0.091636 0.000000 0.040035
vn -0.088499 0.000000 0.046561
vn -0.084897 0.000000 0.052844
vn -0.084897 0.000000 0.052844
vn -0.080850 0.000000 0.058849
vn -0.080850 0.000000 0.058849
vn -0.076380 0.000000 0.064546
vn -0.076380 0.000000 0.064546
vn -0.071508 0.000000 0.069904
vn -0.071508 0.000000 0.069904
vn -0.071508 0.000000 0.069904
vn -0.066262 0.000000 0.074896
vn -0.071508 0.000000 0.069904
vn -0.071508 0.000000 0.069904
vn -0.076380 0.000000 0.064546
vn -0.076380 0.000000 0.064546
vn -0.080850 0.000000 0.058849
vn -0.080850 0.000000 0.058849
vn -0.084897 0.000000 0.052844
vn -0.084897 0.000000 0.052844
vn -0.088499 0.000000 0.046561
vn -0.088499 0.000000 0.046561
vn -0.091636 0.000000 0.040035
vn -0.091636 0.000000 0.040035
vn -0.094293 0.000000 0.033298
vn -0.094293 0.000000 0.033298
vn -0.096456 0.000000 0.026387
vn -0.096456 0.000000 0.026387
vn -0.096456 0.000000 0.026387
vn -0.094293 0.000000 0.033298
vn -0.091636 0.000000 0.040035
vn -0.088499 0.000000 0.046561
vn -0.084897 0.000000 0.052844
vn -0.080850 0.000000 0.058849
vn -0.076380 0.000000 0.064546
vn -0.099255 0.000000 0.012187
vn -0.098475 -0.000027 0.017397
vn -0.098110 -0.000075 0.019350
vn -0.097425 -0.000053 0.022548
vn -0.096452 -0.000150 0.026402
vn -0.095776 -0.000085 0.028756
vn -0.094282 -0.000224 0.033331
vn -0.093730 -0.000117 0.034852
vn -0.091621 -0.000297 0.040069
vn -0.091302 -0.000148 0.040791
vn -0.088475 -0.000369 0.046605
vn -0.088493 -0.000179 0.046572
vn -0.084864 -0.000438 0.052896
vn -0.084688 -0.000214 0.053179
vn -0.080811 -0.000505 0.058901
vn -0.080676 -0.000247 0.059088
vn -0.076324 -0.000569 0.064609
vn -0.076242 -0.000277 0.064708
vn -0.071446 -0.000631 0.069965
vn -0.071429 -0.000307 0.069985
vn -0.066186 -0.000689 0.074960
vn -0.071510 -0.000000 0.069902
vn -0.076377 -0.000000 0.064549
vn -0.080853 -0.000000 0.058845
vn -0.084896 -0.000000 0.052846
vn -0.091637 -0.000000 0.040033
vn -0.094292 -0.000000 0.033303
vn -0.096457 -0.000000 0.026383
vn -0.098112 -0.000000 0.019340
vn -0.099255 -0.000000 0.012187
vn -0.098470 0.000283 0.017422
vn -0.098110 0.000075 0.019350
vn -0.097411 0.000564 0.022598
vn -0.096452 0.000150 0.026402
vn -0.095748 0.000905 0.028836
vn -0.094282 0.000224 0.033331
vn -0.093682 0.001243 0.034960
vn -0.091621 0.000297 0.040069
vn -0.091229 0.001575 0.040925
vn -0.088475 0.000369 0.046605
vn -0.088390 0.001900 0.046728
vn -0.086529 0.002090 0.050083
vn -0.088280 0.003352 0.046856
vn -0.084594 0.003982 0.053179
vn -0.084545 0.002277 0.053358
vn -0.080490 0.002617 0.059284
vn -0.080811 0.000505 0.058901
vn -0.076324 0.000569 0.064609
vn -0.084864 0.000438 0.052896
vn -0.076008 0.002944 0.064916
vn -0.071446 0.000631 0.069965
vn -0.071144 0.003256 0.070199
vn -0.066186 0.000689 0.074960
vn -0.065912 0.003495 0.075123
vn -0.065531 0.006256 0.075276
vn -0.070899 0.005731 0.070289
vn -0.075877 0.005175 0.064930
vn -0.080458 0.004591 0.059207
vn -0.091489 0.002703 0.040280
vn -0.094201 0.002041 0.033496
vn -0.096411 0.001366 0.026516
vn -0.098096 0.000685 0.019408
vn -0.004759 -0.099070 0.012748
vn 0.000000 -0.099255 0.012187
vn -0.005186 -0.098236 0.017968
vn -0.000685 -0.098096 0.019408
vn -0.005599 -0.097128 0.023126
vn -0.001366 -0.096411 0.026516
vn -0.006082 -0.095401 0.029353
vn -0.002040 -0.094201 0.033496
vn -0.006539 -0.093271 0.035465
vn -0.002703 -0.091489 0.040280
vn -0.006970 -0.090754 0.041414
vn -0.003352 -0.088280 0.046856
vn -0.007371 -0.087851 0.047200
vn -0.003982 -0.084594 0.053179
vn -0.007804 -0.083946 0.053779
vn -0.004591 -0.080458 0.059207
vn -0.008171 -0.079822 0.059680
vn -0.005175 -0.075877 0.064930
vn -0.008495 -0.075273 0.065282
vn -0.005731 -0.070899 0.070289
vn -0.008775 -0.070343 0.070532
vn -0.006256 -0.065531 0.075276
vn -0.009010 -0.065041 0.075422
vn -0.011790 -0.069729 0.070702
vn -0.011740 -0.064442 0.075560
vn -0.014820 -0.068989 0.070858
vn -0.014482 -0.063733 0.075686
vn -0.017810 -0.068128 0.071003
vn -0.017186 -0.062917 0.075803
vn -0.020736 -0.067153 0.071137
vn -0.019832 -0.062001 0.075912
vn -0.023602 -0.066065 0.071263
vn -0.022423 -0.060985 0.076013
vn -0.026411 -0.064866 0.071379
vn -0.024961 -0.059873 0.076107
vn -0.029166 -0.063556 0.071484
vn -0.027450 -0.058662 0.076192
vn -0.031870 -0.062135 0.071579
vn -0.029893 -0.057355 0.076268
vn -0.034523 -0.060602 0.071662
vn -0.032290 -0.055948 0.076336
vn -0.037128 -0.058955 0.071734
vn -0.034644 -0.054441 0.076393
vn -0.039686 -0.057192 0.071792
vn -0.036956 -0.052831 0.076440
vn -0.042195 -0.055309 0.071836
vn -0.039225 -0.051116 0.076476
vn -0.044624 -0.053328 0.071867
vn -0.041423 -0.049314 0.076500
vn -0.046948 -0.051269 0.071884
vn -0.043527 -0.047445 0.076514
vn -0.049173 -0.049132 0.071889
vn -0.045544 -0.045506 0.076518
vn -0.051303 -0.046915 0.071882
vn -0.047475 -0.043497 0.076512
vn -0.053339 -0.044617 0.071863
vn -0.049324 -0.041417 0.076497
vn -0.055284 -0.042236 0.071832
vn -0.051093 -0.039262 0.076472
vn -0.057138 -0.039767 0.071790
vn -0.052783 -0.037029 0.076438
vn -0.058903 -0.037208 0.071736
vn -0.054394 -0.034716 0.076394
vn -0.060569 -0.034569 0.071668
vn -0.055918 -0.032332 0.076340
vn -0.062115 -0.031889 0.071588
vn -0.057336 -0.029910 0.076276
vn -0.063547 -0.029160 0.071495
vn -0.058654 -0.027445 0.076201
vn -0.064864 -0.026384 0.071390
vn -0.059871 -0.024936 0.076116
vn -0.066069 -0.023556 0.071274
vn -0.060989 -0.022381 0.076023
vn -0.067161 -0.020675 0.071148
vn -0.062008 -0.019777 0.075920
vn -0.068138 -0.017738 0.071011
vn -0.062926 -0.017122 0.075810
vn -0.068994 -0.014777 0.070862
vn -0.063738 -0.014444 0.075690
vn -0.069729 -0.011791 0.070702
vn -0.064442 -0.011741 0.075560
vn -0.070343 -0.008778 0.070532
vn -0.065041 -0.009012 0.075422
vn -0.065531 -0.006256 0.075276
vn -0.070899 -0.005731 0.070289
vn -0.075273 -0.008498 0.065282
vn -0.074650 -0.011780 0.065487
vn -0.073892 -0.015034 0.065680
vn -0.072999 -0.018263 0.065860
vn -0.071971 -0.021467 0.066025
vn -0.070814 -0.024612 0.066178
vn -0.069532 -0.027699 0.066318
vn -0.068122 -0.030731 0.066445
vn -0.066586 -0.033709 0.066558
vn -0.064921 -0.036637 0.066656
vn -0.063123 -0.039517 0.066737
vn -0.061214 -0.042310 0.066803
vn -0.059204 -0.045004 0.066855
vn -0.057093 -0.047601 0.066892
vn -0.054881 -0.050105 0.066915
vn -0.052564 -0.052519 0.066923
vn -0.050142 -0.054844 0.066917
vn -0.047609 -0.057082 0.066896
vn -0.044960 -0.059232 0.066859
vn -0.042221 -0.061273 0.066806
vn -0.039430 -0.063180 0.066735
vn -0.036586 -0.064958 0.066648
vn -0.033688 -0.066608 0.066547
vn -0.030737 -0.068132 0.066432
vn -0.027729 -0.069533 0.066305
vn -0.024662 -0.070809 0.066165
vn -0.021534 -0.071962 0.066014
vn -0.018342 -0.072988 0.065850
vn -0.015082 -0.073887 0.065676
vn -0.011779 -0.074650 0.065487
vn -0.075877 -0.005175 0.064930
vn -0.079822 -0.008175 0.059679
vn -0.079198 -0.011709 0.059922
vn -0.078424 -0.015217 0.060151
vn -0.077502 -0.018698 0.060364
vn -0.076430 -0.022155 0.060560
vn -0.075218 -0.025549 0.060742
vn -0.073866 -0.028881 0.060908
vn -0.072374 -0.032154 0.061058
vn -0.070742 -0.035371 0.061192
vn -0.068968 -0.038531 0.061309
vn -0.067047 -0.041642 0.061406
vn -0.065004 -0.044657 0.061484
vn -0.062849 -0.047562 0.061545
vn -0.060583 -0.050363 0.061590
vn -0.058204 -0.053063 0.061617
vn -0.055712 -0.055663 0.061627
vn -0.053102 -0.058165 0.061620
vn -0.050372 -0.060570 0.061595
vn -0.047515 -0.062879 0.061551
vn -0.044559 -0.065068 0.061487
vn -0.041546 -0.067109 0.061403
vn -0.038475 -0.069007 0.061300
vn -0.035347 -0.070765 0.061179
vn -0.032160 -0.072384 0.061043
vn -0.028914 -0.073866 0.060892
vn -0.025604 -0.075212 0.060726
vn -0.022228 -0.076420 0.060546
vn -0.018784 -0.077490 0.060353
vn -0.015269 -0.078418 0.060146
vn -0.011708 -0.079197 0.059922
vn -0.080458 -0.004591 0.059207
vn -0.083946 -0.007808 0.053779
vn -0.083327 -0.011577 0.054061
vn -0.082546 -0.015320 0.054327
vn -0.081604 -0.019037 0.054575
vn -0.080498 -0.022730 0.054804
vn -0.079238 -0.026356 0.055015
vn -0.077826 -0.029917 0.055209
vn -0.076262 -0.033416 0.055384
vn -0.074545 -0.036855 0.055541
vn -0.072673 -0.040235 0.055676
vn -0.070640 -0.043561 0.055790
vn -0.068473 -0.046783 0.055881
vn -0.066185 -0.049888 0.055953
vn -0.063775 -0.052879 0.056004
vn -0.061243 -0.055760 0.056036
vn -0.058587 -0.058534 0.056048
vn -0.055803 -0.061201 0.056040
vn -0.052889 -0.063762 0.056010
vn -0.049837 -0.066218 0.055959
vn -0.046678 -0.068543 0.055884
vn -0.043456 -0.070707 0.055786
vn -0.040173 -0.072715 0.055666
vn -0.036829 -0.074569 0.055526
vn -0.033423 -0.076272 0.055367
vn -0.029952 -0.077826 0.055190
vn -0.026415 -0.079231 0.054997
vn -0.022809 -0.080486 0.054788
vn -0.019130 -0.081590 0.054563
vn -0.015376 -0.082539 0.054322
vn -0.011576 -0.083327 0.054061
vn -0.084594 -0.003982 0.053179
vn -0.087851 -0.007374 0.047199
vn -0.087247 -0.011372 0.047525
vn -0.086468 -0.015344 0.047831
vn -0.085513 -0.019292 0.048118
vn -0.084381 -0.023217 0.048383
vn -0.083081 -0.027071 0.048627
vn -0.081617 -0.030858 0.048851
vn -0.079987 -0.034580 0.049055
vn -0.078191 -0.038237 0.049236
vn -0.076226 -0.041833 0.049393
vn -0.074087 -0.045371 0.049524
vn -0.071802 -0.048798 0.049631
vn -0.069385 -0.052099 0.049714
vn -0.066836 -0.055278 0.049773
vn -0.064154 -0.058337 0.049810
vn -0.061338 -0.061280 0.049824
vn -0.058384 -0.064108 0.049814
vn -0.055288 -0.066822 0.049780
vn -0.052044 -0.069421 0.049721
vn -0.048684 -0.071877 0.049634
vn -0.045258 -0.074159 0.049520
vn -0.041766 -0.076271 0.049381
vn -0.038209 -0.078216 0.049218
vn -0.034586 -0.079997 0.049034
vn -0.030896 -0.081615 0.048830
vn -0.027136 -0.083072 0.048607
vn -0.023303 -0.084367 0.048365
vn -0.019394 -0.085498 0.048105
vn -0.015405 -0.086460 0.047826
vn -0.011371 -0.087247 0.047525
vn -0.088280 -0.003352 0.046856
vn -0.090754 -0.006974 0.041414
vn -0.090169 -0.011147 0.041777
vn -0.089398 -0.015296 0.042119
vn -0.088440 -0.019423 0.042439
vn -0.087294 -0.023527 0.042735
vn -0.085970 -0.027558 0.043008
vn -0.084470 -0.031520 0.043259
vn -0.082794 -0.035415 0.043486
vn -0.080940 -0.039243 0.043688
vn -0.078907 -0.043006 0.043864
vn -0.076688 -0.046710 0.044012
vn -0.074314 -0.050297 0.044131
vn -0.071799 -0.053751 0.044223
vn -0.069144 -0.057075 0.044290
vn -0.066347 -0.060272 0.044332
vn -0.063408 -0.063347 0.044347
vn -0.060322 -0.066299 0.044336
vn -0.057086 -0.069129 0.044298
vn -0.053692 -0.071838 0.044231
vn -0.050176 -0.074395 0.044134
vn -0.046589 -0.076765 0.044006
vn -0.042934 -0.078954 0.043851
vn -0.039212 -0.080966 0.043669
vn -0.035421 -0.082803 0.043464
vn -0.031560 -0.084467 0.043236
vn -0.027627 -0.085959 0.042986
vn -0.023618 -0.087279 0.042716
vn -0.019531 -0.088423 0.042425
vn -0.015362 -0.089390 0.042113
vn -0.011146 -0.090169 0.041777
vn -0.091489 -0.002703 0.040280
vn -0.093271 -0.006544 0.035465
vn -0.092711 -0.010875 0.035865
vn -0.091956 -0.015184 0.036244
vn -0.091002 -0.019473 0.036597
vn -0.089850 -0.023740 0.036924
vn -0.088509 -0.027934 0.037226
vn -0.086982 -0.032055 0.037503
vn -0.085269 -0.036108 0.037755
vn -0.083368 -0.040092 0.037979
vn -0.081277 -0.044010 0.038174
vn -0.078988 -0.047866 0.038337
vn -0.076535 -0.051599 0.038469
vn -0.073933 -0.055192 0.038571
vn -0.071182 -0.058649 0.038646
vn -0.068282 -0.061972 0.038691
vn -0.065231 -0.065166 0.038708
vn -0.062025 -0.068231 0.038696
vn -0.058661 -0.071167 0.038654
vn -0.055130 -0.073975 0.038580
vn -0.051470 -0.076620 0.038472
vn -0.047737 -0.079069 0.038331
vn -0.043933 -0.081326 0.038158
vn -0.040058 -0.083394 0.037958
vn -0.036114 -0.085277 0.037730
vn -0.032097 -0.086978 0.037478
vn -0.028006 -0.088497 0.037202
vn -0.023837 -0.089833 0.036903
vn -0.019587 -0.090984 0.036581
vn -0.015254 -0.091947 0.036237
vn -0.010874 -0.092711 0.035866
vn -0.094201 -0.002040 0.033496
vn -0.095401 -0.006087 0.029353
vn -0.094874 -0.010558 0.029791
vn -0.094140 -0.015011 0.030205
vn -0.093199 -0.019445 0.030593
vn -0.092048 -0.023859 0.030951
vn -0.090699 -0.028199 0.031282
vn -0.089154 -0.032465 0.031586
vn -0.087412 -0.036660 0.031862
vn -0.085473 -0.040786 0.032107
vn -0.083333 -0.044844 0.032321
vn -0.080985 -0.048838 0.032500
vn -0.078464 -0.052704 0.032645
vn -0.075785 -0.056423 0.032758
vn -0.072949 -0.060000 0.032840
vn -0.069957 -0.063437 0.032890
vn -0.066806 -0.066738 0.032908
vn -0.063493 -0.069904 0.032895
vn -0.060013 -0.072934 0.032849
vn -0.056358 -0.075829 0.032768
vn -0.052568 -0.078554 0.032649
vn -0.048701 -0.081070 0.032494
vn -0.044762 -0.083383 0.032305
vn -0.040750 -0.085499 0.032084
vn -0.036666 -0.087419 0.031835
vn -0.032508 -0.089147 0.031559
vn -0.028275 -0.090684 0.031256
vn -0.023962 -0.092029 0.030928
vn -0.019566 -0.093179 0.030576
vn -0.015085 -0.094130 0.030198
vn -0.010558 -0.094874 0.029792
vn -0.096411 -0.001366 0.026516
vn -0.097128 -0.005604 0.023125
vn -0.096639 -0.010198 0.023600
vn -0.095934 -0.014775 0.024050
vn -0.095012 -0.019337 0.024470
vn -0.093871 -0.023881 0.024859
vn -0.092522 -0.028350 0.025219
vn -0.090967 -0.032744 0.025549
vn -0.089207 -0.037067 0.025849
vn -0.087239 -0.041319 0.026116
vn -0.085061 -0.045501 0.026349
vn -0.082664 -0.049619 0.026544
vn -0.080085 -0.053604 0.026702
vn -0.077341 -0.057435 0.026825
vn -0.074433 -0.061118 0.026913
vn -0.071361 -0.064655 0.026968
vn -0.068123 -0.068051 0.026988
vn -0.064715 -0.071305 0.026974
vn -0.061133 -0.074417 0.026923
vn -0.057367 -0.077388 0.026835
vn -0.053460 -0.080180 0.026706
vn -0.049474 -0.082753 0.026537
vn -0.045414 -0.085113 0.026331
vn -0.041280 -0.087265 0.026092
vn -0.037072 -0.089213 0.025821
vn -0.032789 -0.090959 0.025520
vn -0.028429 -0.092505 0.025191
vn -0.023989 -0.093850 0.024835
vn -0.019465 -0.094991 0.024452
vn -0.014853 -0.095924 0.024042
vn -0.010197 -0.096639 0.023601
vn -0.098096 -0.000685 0.019408
vn -0.098236 -0.005191 0.017967
vn -0.097782 -0.009871 0.018472
vn -0.097106 -0.014537 0.018949
vn -0.096206 -0.019189 0.019396
vn -0.095078 -0.023827 0.019810
vn -0.093736 -0.028388 0.020192
vn -0.092180 -0.032875 0.020544
vn -0.090412 -0.037289 0.020863
vn -0.088428 -0.041633 0.021147
vn -0.086226 -0.045906 0.021395
vn -0.083797 -0.050113 0.021603
vn -0.081180 -0.054184 0.021771
vn -0.078391 -0.058097 0.021902
vn -0.075432 -0.061856 0.021996
vn -0.072304 -0.065466 0.022054
vn -0.069004 -0.068929 0.022076
vn -0.065528 -0.072246 0.022060
vn -0.061872 -0.075416 0.022006
vn -0.058026 -0.078440 0.021912
vn -0.054034 -0.081278 0.021775
vn -0.049962 -0.083889 0.021595
vn -0.045814 -0.086279 0.021376
vn -0.041591 -0.088454 0.021122
vn -0.037294 -0.090416 0.020833
vn -0.032922 -0.092170 0.020513
vn -0.028471 -0.093717 0.020163
vn -0.023940 -0.095055 0.019785
vn -0.019323 -0.096183 0.019377
vn -0.014618 -0.097095 0.018941
vn -0.009870 -0.097782 0.018472
vn -0.099255 0.000000 0.012187
vn -0.099070 -0.004765 0.012748
vn -0.098656 -0.009518 0.013281
vn -0.098013 -0.014260 0.013786
vn -0.097139 -0.018990 0.014259
vn -0.096030 -0.023710 0.014697
vn -0.094700 -0.028352 0.015102
vn -0.093150 -0.032919 0.015474
vn -0.091379 -0.037415 0.015812
vn -0.089386 -0.041839 0.016113
vn -0.087167 -0.046192 0.016376
vn -0.084714 -0.050479 0.016596
vn -0.082065 -0.054625 0.016774
vn -0.079239 -0.058610 0.016913
vn -0.076238 -0.062436 0.017013
vn -0.073062 -0.066109 0.017075
vn -0.069708 -0.069631 0.017098
vn -0.066174 -0.073002 0.017081
vn -0.062453 -0.076222 0.017024
vn -0.058536 -0.079291 0.016924
vn -0.054470 -0.082168 0.016778
vn -0.050321 -0.084809 0.016588
vn -0.046096 -0.087222 0.016356
vn -0.041795 -0.089411 0.016087
vn -0.037419 -0.091382 0.015781
vn -0.032968 -0.093138 0.015442
vn -0.028438 -0.094679 0.015072
vn -0.023826 -0.096006 0.014671
vn -0.019130 -0.097115 0.014239
vn -0.014344 -0.098002 0.013778
vn -0.009516 -0.098656 0.013282
vn -0.099255 0.000000 0.012187
vn -0.098470 -0.000268 0.017421
vn -0.098096 -0.000685 0.019408
vn -0.097412 -0.000535 0.022596
vn -0.096411 -0.001366 0.026516
vn -0.095750 -0.000859 0.028832
vn -0.094201 -0.002041 0.033496
vn -0.093685 -0.001179 0.034955
vn -0.091489 -0.002703 0.040280
vn -0.091233 -0.001494 0.040918
vn -0.088280 -0.003352 0.046856
vn -0.088397 -0.001803 0.046720
vn -0.086537 -0.001983 0.050074
vn -0.088475 -0.000369 0.046605
vn -0.084864 -0.000438 0.052896
vn -0.084553 -0.002160 0.053348
vn -0.080811 -0.000505 0.058901
vn -0.080501 -0.002484 0.059274
vn -0.076324 -0.000569 0.064609
vn -0.076023 -0.002794 0.064905
vn -0.071446 -0.000631 0.069965
vn -0.071162 -0.003090 0.070188
vn -0.066186 -0.000689 0.074960
vn -0.065912 -0.003495 0.075123
vn -0.070899 -0.005731 0.070289
vn -0.065531 -0.006256 0.075276
vn -0.084594 -0.003982 0.053179
vn -0.080458 -0.004591 0.059207
vn -0.075877 -0.005175 0.064930
vn -0.091621 -0.000297 0.040069
vn -0.094282 -0.000224 0.033331
vn -0.096452 -0.000150 0.026402
vn -0.098110 -0.000075 0.019350
vn -0.000000 -0.099255 0.012187
vn -0.000283 -0.098470 0.017422
vn -0.000075 -0.098110 0.019350
vn -0.000564 -0.097411 0.022598
vn -0.000150 -0.096452 0.026402
vn -0.000905 -0.095748 0.028836
vn -0.000224 -0.094282 0.033331
vn -0.001243 -0.093682 0.034960
vn -0.000297 -0.091621 0.040069
vn -0.001575 -0.091229 0.040925
vn -0.000369 -0.088475 0.046605
vn -0.001900 -0.088390 0.046728
vn -0.002090 -0.086529 0.050083
vn -0.003352 -0.088280 0.046856
vn -0.003982 -0.084594 0.053179
vn -0.002277 -0.084545 0.053358
vn -0.002617 -0.080490 0.059284
vn -0.000505 -0.080811 0.058901
vn -0.000569 -0.076324 0.064609
vn -0.000438 -0.084864 0.052896
vn -0.002944 -0.076008 0.064916
vn -0.000631 -0.071446 0.069965
vn -0.003256 -0.071144 0.070199
vn -0.000689 -0.066186 0.074960
vn -0.003495 -0.065912 0.075123
vn -0.006256 -0.065531 0.075276
vn -0.005731 -0.070899 0.070289
vn -0.005175 -0.075877 0.064930
vn -0.004591 -0.080458 0.059207
vn -0.002703 -0.091489 0.040280
vn -0.002041 -0.094201 0.033496
vn -0.001366 -0.096411 0.026516
vn -0.000685 -0.098096 0.019408
vn 0.000394 0.066243 0.074911
vn 0.000767 0.066238 0.074913
vn 0.001071 0.066175 0.074965
vn 0.001503 0.066162 0.074969
vn 0.000990 0.066234 0.074914
vn 0.001997 0.066145 0.074972
vn 0.002565 0.066124 0.074973
vn 0.000000 0.066262 0.074896
vn 0.000000 0.066262 0.074896
vn 0.000000 0.066262 0.074896
vn 0.000000 0.066262 0.074896
vn 0.000000 0.066262 0.074896
vn 0.000000 0.066262 0.074896
vn 0.000000 0.066262 0.074896
vn 0.000000 0.066262 0.074896
vn -0.000420 0.066241 0.074913
vn -0.001071 0.066175 0.074965
vn -0.000819 0.066235 0.074915
vn -0.001503 0.066162 0.074969
vn -0.001997 0.066145 0.074972
vn -0.002565 0.066124 0.074973
vn -0.001118 0.066175 0.074964
vn -0.000739 0.066185 0.074960
vn -0.003035 0.065977 0.075086
vn -0.003570 0.065910 0.075120
vn -0.005190 0.065706 0.075205
vn -0.006334 0.065530 0.075271
vn -0.007325 0.065371 0.075319
vn -0.009073 0.065041 0.075414
vn -0.009439 0.064972 0.075429
vn -0.011778 0.064447 0.075550
vn -0.011572 0.064501 0.075536
vn -0.013685 0.063965 0.075638
vn -0.013962 0.063902 0.075641
vn -0.016041 0.063296 0.075739
vn -0.016335 0.063218 0.075741
vn -0.018377 0.062543 0.075833
vn -0.018690 0.062448 0.075835
vn -0.020693 0.061705 0.075923
vn -0.020287 0.061879 0.075891
vn -0.023084 0.060742 0.076010
vn -0.022677 0.060901 0.076005
vn -0.024641 0.060036 0.076082
vn -0.022406 0.061003 0.076004
vn -0.024392 0.060139 0.076081
vn -0.022167 0.061092 0.076002
vn -0.024173 0.060229 0.076080
vn -0.021955 0.061171 0.076001
vn -0.023979 0.060308 0.076078
vn -0.022301 0.061025 0.076017
vn -0.024864 0.059905 0.076113
vn -0.014452 0.063749 0.075678
vn -0.015780 0.063364 0.075736
vn -0.018101 0.062625 0.075832
vn -0.020400 0.061804 0.075921
vn -0.017096 0.062946 0.075799
vn -0.017856 0.062698 0.075829
vn -0.020143 0.061891 0.075920
vn -0.019712 0.062039 0.075912
vn -0.019914 0.061967 0.075918
vn -0.025986 0.059379 0.076150
vn -0.027401 0.058675 0.076200
vn -0.027976 0.058382 0.076216
vn -0.029912 0.057335 0.076275
vn -0.029949 0.057316 0.076275
vn -0.031875 0.056198 0.076327
vn -0.031995 0.056128 0.076328
vn -0.033854 0.054964 0.076373
vn -0.033971 0.054892 0.076373
vn -0.035768 0.053682 0.076412
vn -0.035880 0.053608 0.076413
vn -0.037616 0.052356 0.076446
vn -0.036313 0.053306 0.076419
vn -0.038732 0.051510 0.076463
vn -0.039313 0.051053 0.076473
vn -0.041073 0.049614 0.076494
vn -0.040970 0.049700 0.076494
vn -0.043286 0.047665 0.076514
vn -0.040918 0.049743 0.076494
vn -0.043261 0.047688 0.076514
vn -0.040872 0.049781 0.076494
vn -0.043239 0.047708 0.076514
vn -0.040832 0.049814 0.076494
vn -0.043219 0.047726 0.076514
vn -0.041394 0.049339 0.076500
vn -0.043491 0.047476 0.076515
vn -0.032349 0.055908 0.076340
vn -0.033750 0.055029 0.076372
vn -0.035670 0.053748 0.076412
vn -0.037525 0.052421 0.076445
vn -0.034711 0.054397 0.076394
vn -0.035583 0.053806 0.076412
vn -0.037445 0.052479 0.076445
vn -0.039241 0.051108 0.076473
vn -0.037005 0.052799 0.076439
vn -0.037374 0.052529 0.076445
vn -0.039179 0.051156 0.076472
vn -0.039232 0.051113 0.076474
vn -0.039123 0.051199 0.076472
vn -0.045523 0.045522 0.076521
vn -0.045523 0.045522 0.076521
vn -0.047477 0.043490 0.076515
vn -0.047726 0.043219 0.076514
vn -0.049340 0.041393 0.076500
vn -0.049814 0.040832 0.076494
vn -0.051113 0.039232 0.076474
vn -0.051199 0.039123 0.076472
vn -0.052529 0.037374 0.076445
vn -0.052479 0.037445 0.076445
vn -0.053748 0.035670 0.076412
vn -0.053682 0.035768 0.076412
vn -0.054892 0.033971 0.076373
vn -0.054809 0.034103 0.076374
vn -0.055960 0.032287 0.076329
vn -0.055003 0.033814 0.076363
vn -0.056599 0.031235 0.076295
vn -0.057063 0.030423 0.076277
vn -0.058103 0.028559 0.076213
vn -0.058117 0.028515 0.076219
vn -0.059108 0.026587 0.076154
vn -0.058217 0.028312 0.076218
vn -0.059210 0.026361 0.076153
vn -0.058305 0.028134 0.076217
vn -0.059300 0.026162 0.076152
vn -0.058382 0.027976 0.076216
vn -0.059379 0.025986 0.076150
vn -0.058674 0.027403 0.076200
vn -0.059904 0.024866 0.076113
vn -0.052799 0.037005 0.076439
vn -0.053806 0.035583 0.076412
vn -0.054964 0.033854 0.076373
vn -0.056050 0.032132 0.076328
vn -0.054396 0.034712 0.076394
vn -0.055029 0.033750 0.076372
vn -0.056128 0.031995 0.076328
vn -0.057159 0.030245 0.076277
vn -0.055907 0.032351 0.076340
vn -0.056198 0.031875 0.076327
vn -0.057242 0.030088 0.076276
vn -0.057334 0.029914 0.076276
vn -0.057316 0.029949 0.076275
vn -0.060308 0.023979 0.076078
vn -0.061025 0.022302 0.076017
vn -0.061171 0.021955 0.076001
vn -0.062038 0.019713 0.075912
vn -0.061967 0.019914 0.075918
vn -0.062698 0.017856 0.075829
vn -0.062625 0.018101 0.075832
vn -0.063296 0.016041 0.075739
vn -0.063218 0.016335 0.075741
vn -0.063831 0.014273 0.075643
vn -0.063749 0.014625 0.075645
vn -0.064308 0.012562 0.075543
vn -0.063788 0.014568 0.075623
vn -0.064560 0.011644 0.075475
vn -0.064804 0.010478 0.075436
vn -0.065208 0.008676 0.075317
vn -0.065231 0.008411 0.075327
vn -0.065597 0.006323 0.075213
vn -0.065284 0.008004 0.075325
vn -0.065639 0.005898 0.075211
vn -0.065331 0.007645 0.075322
vn -0.065675 0.005524 0.075208
vn -0.065371 0.007325 0.075319
vn -0.065706 0.005190 0.075205
vn -0.065530 0.006334 0.075271
vn -0.065910 0.003570 0.075120
vn -0.062946 0.017096 0.075799
vn -0.063364 0.015780 0.075736
vn -0.063902 0.013962 0.075641
vn -0.064381 0.012191 0.075541
vn -0.063749 0.014452 0.075678
vn -0.063965 0.013685 0.075638
vn -0.064445 0.011863 0.075539
vn -0.064868 0.010089 0.075434
vn -0.064447 0.011778 0.075550
vn -0.064501 0.011572 0.075536
vn -0.064924 0.009745 0.075432
vn -0.064972 0.009439 0.075429
vn -0.065041 0.009073 0.075414
vn -0.065977 0.003035 0.075086
vn -0.066185 0.000739 0.074960
vn -0.066175 0.001118 0.074964
vn -0.066162 0.001548 0.074968
vn -0.065956 0.003382 0.075089
vn -0.066145 0.002038 0.074971
vn -0.065931 0.003772 0.075093
vn -0.066124 0.002602 0.074972
vn -0.065902 0.004213 0.075095
vn -0.065730 0.005662 0.075150
vn -0.062894 0.017448 0.075762
vn -0.063129 0.016668 0.075742
vn -0.062543 0.018377 0.075833
vn -0.061891 0.020143 0.075920
vn -0.062448 0.018690 0.075835
vn -0.061879 0.020287 0.075891
vn -0.061705 0.020693 0.075923
vn -0.060742 0.023084 0.076010
vn -0.060901 0.022677 0.076005
vn -0.060036 0.024641 0.076082
vn -0.060139 0.024392 0.076081
vn -0.059484 0.025841 0.076118
vn -0.053306 0.036313 0.076419
vn -0.053608 0.035880 0.076413
vn -0.052421 0.037525 0.076445
vn -0.051156 0.039179 0.076472
vn -0.052356 0.037616 0.076446
vn -0.051510 0.038732 0.076463
vn -0.051053 0.039313 0.076473
vn -0.049614 0.041073 0.076494
vn -0.049700 0.040970 0.076494
vn -0.047665 0.043286 0.076514
vn -0.047688 0.043261 0.076514
vn -0.045523 0.045522 0.076521
vn -0.045523 0.045522 0.076521
vn -0.047619 0.043337 0.076514
vn -0.045523 0.045522 0.076521
vn -0.045522 0.045522 0.076521
vn -0.043337 0.047619 0.076514
vn -0.033814 0.055003 0.076363
vn -0.034103 0.054809 0.076374
vn -0.032132 0.056050 0.076328
vn -0.030088 0.057242 0.076276
vn -0.032287 0.055960 0.076329
vn -0.031235 0.056599 0.076295
vn -0.030423 0.057063 0.076277
vn -0.028559 0.058103 0.076213
vn -0.028515 0.058117 0.076219
vn -0.026587 0.059108 0.076154
vn -0.026361 0.059210 0.076153
vn -0.025841 0.059484 0.076118
vn -0.017448 0.062894 0.075762
vn -0.016668 0.063129 0.075742
vn -0.014273 0.063831 0.075643
vn -0.011863 0.064445 0.075539
vn -0.014568 0.063788 0.075623
vn -0.014625 0.063749 0.075645
vn -0.012191 0.064381 0.075541
vn -0.009745 0.064924 0.075432
vn -0.012562 0.064308 0.075543
vn -0.011644 0.064560 0.075475
vn -0.010478 0.064804 0.075436
vn -0.008676 0.065208 0.075317
vn -0.008411 0.065231 0.075327
vn -0.006323 0.065597 0.075213
vn -0.005898 0.065639 0.075211
vn -0.003772 0.065931 0.075093
vn -0.003382 0.065956 0.075089
vn -0.001548 0.066162 0.074968
vn -0.005662 0.065730 0.075150
vn -0.004213 0.065902 0.075095
vn -0.002038 0.066145 0.074971
vn -0.002602 0.066124 0.074972
vn -0.005524 0.065675 0.075208
vn -0.007645 0.065331 0.075322
vn -0.008004 0.065284 0.075325
vn -0.010089 0.064868 0.075434
vn -0.026162 0.059300 0.076152
vn -0.028134 0.058305 0.076217
vn -0.028312 0.058217 0.076218
vn -0.030245 0.057159 0.076277
vn -0.047708 0.043239 0.076514
vn -0.049743 0.040918 0.076494
vn -0.049781 0.040872 0.076494
vn -0.051108 0.039241 0.076473
vn -0.060229 0.024173 0.076080
vn -0.061092 0.022167 0.076002
vn -0.061003 0.022406 0.076004
vn -0.061804 0.020400 0.075921
vn -0.066243 0.000394 0.074911
vn -0.066238 0.000767 0.074913
vn -0.066175 0.001071 0.074965
vn -0.066162 0.001503 0.074969
vn -0.066234 0.000990 0.074914
vn -0.066145 0.001997 0.074972
vn -0.066124 0.002565 0.074973
vn -0.066262 0.000000 0.074896
vn -0.066262 0.000000 0.074896
vn -0.066262 0.000000 0.074896
vn -0.066262 0.000000 0.074896
vn -0.066262 0.000000 0.074896
vn -0.066262 0.000000 0.074896
vn -0.066262 0.000000 0.074896
vn -0.066262 0.000000 0.074896
vn -0.066241 -0.000420 0.074913
vn -0.066175 -0.001071 0.074965
vn -0.066235 -0.000819 0.074915
vn -0.066162 -0.001503 0.074969
vn -0.066145 -0.001997 0.074972
vn -0.066124 -0.002565 0.074973
vn -0.066175 -0.001118 0.074964
vn -0.066185 -0.000739 0.074960
vn -0.065977 -0.003035 0.075086
vn -0.065910 -0.003570 0.075120
vn -0.065706 -0.005190 0.075205
vn -0.065530 -0.006334 0.075271
vn -0.065371 -0.007325 0.075319
vn -0.065041 -0.009073 0.075414
vn -0.064972 -0.009439 0.075429
vn -0.064447 -0.011778 0.075550
vn -0.064501 -0.011572 0.075536
vn -0.063965 -0.013685 0.075638
vn -0.063902 -0.013962 0.075641
vn -0.063296 -0.016041 0.075739
vn -0.063218 -0.016335 0.075741
vn -0.062543 -0.018377 0.075833
vn -0.062448 -0.018690 0.075835
vn -0.061705 -0.020693 0.075923
vn -0.061879 -0.020287 0.075891
vn -0.060742 -0.023084 0.076010
vn -0.060901 -0.022677 0.076005
vn -0.060036 -0.024641 0.076082
vn -0.061003 -0.022406 0.076004
vn -0.060139 -0.024392 0.076081
vn -0.061092 -0.022167 0.076002
vn -0.060229 -0.024173 0.076080
vn -0.061171 -0.021955 0.076001
vn -0.060308 -0.023979 0.076078
vn -0.061025 -0.022301 0.076017
vn -0.059905 -0.024864 0.076113
vn -0.063749 -0.014452 0.075678
vn -0.063364 -0.015780 0.075736
vn -0.062625 -0.018101 0.075832
vn -0.061804 -0.020400 0.075921
vn -0.062946 -0.017096 0.075799
vn -0.062698 -0.017856 0.075829
vn -0.061891 -0.020143 0.075920
vn -0.062039 -0.019712 0.075912
vn -0.061967 -0.019914 0.075918
vn -0.059379 -0.025986 0.076150
vn -0.058675 -0.027401 0.076200
vn -0.058382 -0.027976 0.076216
vn -0.057335 -0.029912 0.076275
vn -0.057316 -0.029949 0.076275
vn -0.056198 -0.031875 0.076327
vn -0.056128 -0.031995 0.076328
vn -0.054964 -0.033854 0.076373
vn -0.054892 -0.033971 0.076373
vn -0.053682 -0.035768 0.076412
vn -0.053608 -0.035880 0.076413
vn -0.052356 -0.037616 0.076446
vn -0.053306 -0.036313 0.076419
vn -0.051510 -0.038732 0.076463
vn -0.051053 -0.039313 0.076473
vn -0.049614 -0.041073 0.076494
vn -0.049700 -0.040970 0.076494
vn -0.047665 -0.043286 0.076514
vn -0.049743 -0.040918 0.076494
vn -0.047688 -0.043261 0.076514
vn -0.049781 -0.040872 0.076494
vn -0.047708 -0.043239 0.076514
vn -0.049814 -0.040832 0.076494
vn -0.047726 -0.043219 0.076514
vn -0.049339 -0.041394 0.076500
vn -0.047476 -0.043491 0.076515
vn -0.055908 -0.032349 0.076340
vn -0.055029 -0.033750 0.076372
vn -0.053748 -0.035670 0.076412
vn -0.052421 -0.037525 0.076445
vn -0.054397 -0.034711 0.076394
vn -0.053806 -0.035583 0.076412
vn -0.052479 -0.037445 0.076445
vn -0.051108 -0.039241 0.076473
vn -0.052799 -0.037005 0.076439
vn -0.052529 -0.037374 0.076445
vn -0.051156 -0.039179 0.076472
vn -0.051113 -0.039232 0.076474
vn -0.051199 -0.039123 0.076472
vn -0.045522 -0.045523 0.076521
vn -0.045522 -0.045523 0.076521
vn -0.043490 -0.047477 0.076515
vn -0.043219 -0.047726 0.076514
vn -0.041393 -0.049340 0.076500
vn -0.040832 -0.049814 0.076494
vn -0.039232 -0.051113 0.076474
vn -0.039123 -0.051199 0.076472
vn -0.037374 -0.052529 0.076445
vn -0.037445 -0.052479 0.076445
vn -0.035670 -0.053748 0.076412
vn -0.035768 -0.053682 0.076412
vn -0.033971 -0.054892 0.076373
vn -0.034103 -0.054809 0.076374
vn -0.032287 -0.055960 0.076329
vn -0.033814 -0.055003 0.076363
vn -0.031235 -0.056599 0.076295
vn -0.030423 -0.057063 0.076277
vn -0.028559 -0.058103 0.076213
vn -0.028515 -0.058117 0.076219
vn -0.026587 -0.059108 0.076154
vn -0.028312 -0.058217 0.076218
vn -0.026361 -0.059210 0.076153
vn -0.028134 -0.058305 0.076217
vn -0.026162 -0.059300 0.076152
vn -0.027976 -0.058382 0.076216
vn -0.025986 -0.059379 0.076150
vn -0.027403 -0.058674 0.076200
vn -0.024866 -0.059904 0.076113
vn -0.037005 -0.052799 0.076439
vn -0.035583 -0.053806 0.076412
vn -0.033854 -0.054964 0.076373
vn -0.032132 -0.056050 0.076328
vn -0.034712 -0.054396 0.076394
vn -0.033750 -0.055029 0.076372
vn -0.031995 -0.056128 0.076328
vn -0.030245 -0.057159 0.076277
vn -0.032351 -0.055907 0.076340
vn -0.031875 -0.056198 0.076327
vn -0.030088 -0.057242 0.076276
vn -0.029914 -0.057334 0.076276
vn -0.029949 -0.057316 0.076275
vn -0.023979 -0.060308 0.076078
vn -0.022302 -0.061025 0.076017
vn -0.021955 -0.061171 0.076001
vn -0.019713 -0.062038 0.075912
vn -0.019914 -0.061967 0.075918
vn -0.017856 -0.062698 0.075829
vn -0.018101 -0.062625 0.075832
vn -0.016041 -0.063296 0.075739
vn -0.016335 -0.063218 0.075741
vn -0.014273 -0.063831 0.075643
vn -0.014625 -0.063749 0.075645
vn -0.012562 -0.064308 0.075543
vn -0.014568 -0.063788 0.075623
vn -0.011644 -0.064560 0.075475
vn -0.010478 -0.064804 0.075436
vn -0.008676 -0.065208 0.075317
vn -0.008411 -0.065231 0.075327
vn -0.006323 -0.065597 0.075213
vn -0.008004 -0.065284 0.075325
vn -0.005898 -0.065639 0.075211
vn -0.007645 -0.065331 0.075322
vn -0.005524 -0.065675 0.075208
vn -0.007325 -0.065371 0.075319
vn -0.005190 -0.065706 0.075205
vn -0.006334 -0.065530 0.075271
vn -0.003570 -0.065910 0.075120
vn -0.017096 -0.062946 0.075799
vn -0.015780 -0.063364 0.075736
vn -0.013962 -0.063902 0.075641
vn -0.012191 -0.064381 0.075541
vn -0.014452 -0.063749 0.075678
vn -0.013685 -0.063965 0.075638
vn -0.011863 -0.064445 0.075539
vn -0.010089 -0.064868 0.075434
vn -0.011778 -0.064447 0.075550
vn -0.011572 -0.064501 0.075536
vn -0.009745 -0.064924 0.075432
vn -0.009439 -0.064972 0.075429
vn -0.009073 -0.065041 0.075414
vn -0.003035 -0.065977 0.075086
vn -0.000739 -0.066185 0.074960
vn -0.001118 -0.066175 0.074964
vn -0.001548 -0.066162 0.074968
vn -0.003382 -0.065956 0.075089
vn -0.002038 -0.066145 0.074971
vn -0.003772 -0.065931 0.075093
vn -0.002602 -0.066124 0.074972
vn -0.004213 -0.065902 0.075095
vn -0.005662 -0.065730 0.075150
vn -0.017448 -0.062894 0.075762
vn -0.016668 -0.063129 0.075742
vn -0.018377 -0.062543 0.075833
vn -0.020143 -0.061891 0.075920
vn -0.018690 -0.062448 0.075835
vn -0.020287 -0.061879 0.075891
vn -0.020693 -0.061705 0.075923
vn -0.023084 -0.060742 0.076010
vn -0.022677 -0.060901 0.076005
vn -0.024641 -0.060036 0.076082
vn -0.024392 -0.060139 0.076081
vn -0.025841 -0.059484 0.076118
vn -0.036313 -0.053306 0.076419
vn -0.035880 -0.053608 0.076413
vn -0.037525 -0.052421 0.076445
vn -0.039179 -0.051156 0.076472
vn -0.037616 -0.052356 0.076446
vn -0.038732 -0.051510 0.076463
vn -0.039313 -0.051053 0.076473
vn -0.041073 -0.049614 0.076494
vn -0.040970 -0.049700 0.076494
vn -0.043286 -0.047665 0.076514
vn -0.043261 -0.047688 0.076514
vn -0.045522 -0.045523 0.076521
vn -0.045522 -0.045523 0.076521
vn -0.043337 -0.047619 0.076514
vn -0.045522 -0.045523 0.076521
vn -0.045522 -0.045522 0.076521
vn -0.047619 -0.043337 0.076514
vn -0.055003 -0.033814 0.076363
vn -0.054809 -0.034103 0.076374
vn -0.056050 -0.032132 0.076328
vn -0.057242 -0.030088 0.076276
vn -0.055960 -0.032287 0.076329
vn -0.056599 -0.031235 0.076295
vn -0.057063 -0.030423 0.076277
vn -0.058103 -0.028559 0.076213
vn -0.058117 -0.028515 0.076219
vn -0.059108 -0.026587 0.076154
vn -0.059210 -0.026361 0.076153
vn -0.059484 -0.025841 0.076118
vn -0.062894 -0.017448 0.075762
vn -0.063129 -0.016668 0.075742
vn -0.063831 -0.014273 0.075643
vn -0.064445 -0.011863 0.075539
vn -0.063788 -0.014568 0.075623
vn -0.063749 -0.014625 0.075645
vn -0.064381 -0.012191 0.075541
vn -0.064924 -0.009745 0.075432
vn -0.064308 -0.012562 0.075543
vn -0.064560 -0.011644 0.075475
vn -0.064804 -0.010478 0.075436
vn -0.065208 -0.008676 0.075317
vn -0.065231 -0.008411 0.075327
vn -0.065597 -0.006323 0.075213
vn -0.065639 -0.005898 0.075211
vn -0.065931 -0.003772 0.075093
vn -0.065956 -0.003382 0.075089
vn -0.066162 -0.001548 0.074968
vn -0.065730 -0.005662 0.075150
vn -0.065902 -0.004213 0.075095
vn -0.066145 -0.002038 0.074971
vn -0.066124 -0.002602 0.074972
vn -0.065675 -0.005524 0.075208
vn -0.065331 -0.007645 0.075322
vn -0.065284 -0.008004 0.075325
vn -0.064868 -0.010089 0.075434
vn -0.059300 -0.026162 0.076152
vn -0.058305 -0.028134 0.076217
vn -0.058217 -0.028312 0.076218
vn -0.057159 -0.030245 0.076277
vn -0.043239 -0.047708 0.076514
vn -0.040918 -0.049743 0.076494
vn -0.040872 -0.049781 0.076494
vn -0.039241 -0.051108 0.076473
vn -0.024173 -0.060229 0.076080
vn -0.022167 -0.061092 0.076002
vn -0.022406 -0.061003 0.076004
vn -0.020400 -0.061804 0.075921
vn 0.099255 -0.000000 0.012187
vn 0.099255 -0.000000 0.012187
vn 0.099070 -0.004759 0.012749
vn 0.098989 -0.005937 0.012883
vn 0.099255 0.000000 0.012187
vn 0.099005 -0.005717 0.012858
vn 0.098656 -0.009517 0.013282
vn 0.098369 -0.011853 0.013533
vn 0.098427 -0.011416 0.013487
vn 0.097521 -0.017076 0.014071
vn 0.097396 -0.017726 0.014135
vn 0.096292 -0.022680 0.014608
vn 0.096075 -0.023536 0.014686
vn 0.094744 -0.028208 0.015097
vn 0.094410 -0.029261 0.015185
vn 0.092881 -0.033643 0.015535
vn 0.092407 -0.034882 0.015629
vn 0.090709 -0.038966 0.015922
vn 0.090073 -0.040378 0.016017
vn 0.088236 -0.044159 0.016256
vn 0.087416 -0.045729 0.016348
vn 0.085471 -0.049207 0.016536
vn 0.084447 -0.050916 0.016621
vn 0.082421 -0.054090 0.016762
vn 0.081175 -0.055922 0.016833
vn 0.079098 -0.058794 0.016931
vn 0.077613 -0.060727 0.016986
vn 0.075513 -0.063303 0.017044
vn 0.073773 -0.065314 0.017078
vn 0.071676 -0.067602 0.017101
vn 0.069669 -0.069668 0.017108
vn 0.067602 -0.071676 0.017101
vn 0.065314 -0.073773 0.017078
vn 0.063303 -0.075513 0.017044
vn 0.060727 -0.077613 0.016986
vn 0.058794 -0.079098 0.016931
vn 0.055922 -0.081175 0.016833
vn 0.054090 -0.082421 0.016762
vn 0.050916 -0.084447 0.016621
vn 0.049207 -0.085471 0.016536
vn 0.045729 -0.087416 0.016348
vn 0.044159 -0.088236 0.016256
vn 0.040378 -0.090073 0.016017
vn 0.038966 -0.090709 0.015922
vn 0.034882 -0.092407 0.015629
vn 0.033643 -0.092881 0.015535
vn 0.029261 -0.094410 0.015185
vn 0.028208 -0.094744 0.015097
vn 0.023536 -0.096075 0.014686
vn 0.022680 -0.096292 0.014608
vn 0.017726 -0.097396 0.014135
vn 0.017076 -0.097521 0.014071
vn 0.011853 -0.098369 0.013533
vn 0.011416 -0.098427 0.013487
vn 0.005937 -0.098989 0.012883
vn 0.005717 -0.099005 0.012858
vn 0.000000 -0.099255 0.012187
vn 0.004759 -0.099070 0.012749
vn -0.000000 -0.099255 0.012187
vn 0.098012 -0.014265 0.013786
vn 0.097139 -0.018991 0.014259
vn 0.096037 -0.023683 0.014700
vn 0.094706 -0.028329 0.015107
vn 0.093150 -0.032917 0.015479
vn 0.091370 -0.037435 0.015815
vn 0.089371 -0.041870 0.016114
vn 0.087158 -0.046210 0.016376
vn 0.084734 -0.050445 0.016598
vn 0.082105 -0.054564 0.016781
vn 0.079277 -0.058556 0.016924
vn 0.076256 -0.062411 0.017026
vn 0.073051 -0.066118 0.017088
vn 0.069669 -0.069667 0.017108
vn 0.066120 -0.073049 0.017088
vn 0.062413 -0.076255 0.017026
vn 0.058557 -0.079276 0.016924
vn 0.054564 -0.082105 0.016781
vn 0.050444 -0.084735 0.016598
vn 0.046207 -0.087159 0.016375
vn 0.041866 -0.089373 0.016114
vn 0.037431 -0.091372 0.015815
vn 0.032914 -0.093151 0.015479
vn 0.028327 -0.094707 0.015107
vn 0.023682 -0.096037 0.014700
vn 0.018991 -0.097139 0.014259
vn 0.014265 -0.098012 0.013786
vn 0.009518 -0.098656 0.013282
vn -0.000000 -0.099255 0.012187
vn -0.000000 -0.099255 0.012187
vn -0.004759 -0.099070 0.012749
vn -0.005937 -0.098989 0.012883
vn 0.000000 -0.099255 0.012187
vn -0.005717 -0.099005 0.012858
vn -0.009517 -0.098656 0.013282
vn -0.011853 -0.098369 0.013533
vn -0.011416 -0.098427 0.013487
vn -0.017076 -0.097521 0.014071
vn -0.017726 -0.097396 0.014135
vn -0.022680 -0.096292 0.014608
vn -0.023536 -0.096075 0.014686
vn -0.028208 -0.094744 0.015097
vn -0.029261 -0.094410 0.015185
vn -0.033643 -0.092881 0.015535
vn -0.034882 -0.092407 0.015629
vn -0.038966 -0.090709 0.015922
vn -0.040378 -0.090073 0.016017
vn -0.044159 -0.088236 0.016256
vn -0.045729 -0.087416 0.016348
vn -0.049207 -0.085471 0.016536
vn -0.050916 -0.084447 0.016621
vn -0.054090 -0.082421 0.016762
vn -0.055922 -0.081175 0.016833
vn -0.058794 -0.079098 0.016931
vn -0.060727 -0.077613 0.016986
vn -0.063303 -0.075513 0.017044
vn -0.065314 -0.073773 0.017078
vn -0.067602 -0.071676 0.017101
vn -0.069668 -0.069669 0.017108
vn -0.071676 -0.067602 0.017101
vn -0.073773 -0.065314 0.017078
vn -0.075513 -0.063303 0.017044
vn -0.077613 -0.060727 0.016986
vn -0.079098 -0.058794 0.016931
vn -0.081175 -0.055922 0.016833
vn -0.082421 -0.054090 0.016762
vn -0.084447 -0.050916 0.016621
vn -0.085471 -0.049207 0.016536
vn -0.087416 -0.045729 0.016348
vn -0.088236 -0.044159 0.016256
vn -0.090073 -0.040378 0.016017
vn -0.090709 -0.038966 0.015922
vn -0.092407 -0.034882 0.015629
vn -0.092881 -0.033643 0.015535
vn -0.094410 -0.029261 0.015185
vn -0.094744 -0.028208 0.015097
vn -0.096075 -0.023536 0.014686
vn -0.096292 -0.022680 0.014608
vn -0.097396 -0.017726 0.014135
vn -0.097521 -0.017076 0.014071
vn -0.098369 -0.011853 0.013533
vn -0.098427 -0.011416 0.013487
vn -0.098989 -0.005937 0.012883
vn -0.099005 -0.005717 0.012858
vn -0.099255 -0.000000 0.012187
vn -0.099070 -0.004759 0.012749
vn -0.099255 0.000000 0.012187
vn -0.014265 -0.098012 0.013786
vn -0.018991 -0.097139 0.014259
vn -0.023683 -0.096037 0.014700
vn -0.028329 -0.094706 0.015107
vn -0.032917 -0.093150 0.015479
vn -0.037435 -0.091370 0.015815
vn -0.041870 -0.089371 0.016114
vn -0.046210 -0.087158 0.016376
vn -0.050445 -0.084734 0.016598
vn -0.054564 -0.082105 0.016781
vn -0.058556 -0.079277 0.016924
vn -0.062411 -0.076256 0.017026
vn -0.066118 -0.073051 0.017088
vn -0.069667 -0.069669 0.017108
vn -0.073049 -0.066120 0.017088
vn -0.076255 -0.062413 0.017026
vn -0.079276 -0.058557 0.016924
vn -0.082105 -0.054564 0.016781
vn -0.084735 -0.050444 0.016598
vn -0.087159 -0.046207 0.016375
vn -0.089373 -0.041866 0.016114
vn -0.091372 -0.037431 0.015815
vn -0.093151 -0.032914 0.015479
vn -0.094707 -0.028327 0.015107
vn -0.096037 -0.023682 0.014700
vn -0.097139 -0.018991 0.014259
vn -0.098012 -0.014265 0.013786
vn -0.098656 -0.009518 0.013282
vn 0.003570 0.065910 0.075120
vn 0.005190 0.065706 0.075205
vn 0.006334 0.065530 0.075271
vn 0.007325 0.065371 0.075319
vn 0.009073 0.065041 0.075414
vn 0.009439 0.064972 0.075429
vn 0.011778 0.064447 0.075550
vn 0.011572 0.064501 0.075536
vn 0.013685 0.063965 0.075638
vn 0.011863 0.064445 0.075539
vn 0.013962 0.063902 0.075641
vn 0.012191 0.064381 0.075541
vn 0.014273 0.063831 0.075643
vn 0.012562 0.064308 0.075543
vn 0.014625 0.063749 0.075645
vn 0.014568 0.063788 0.075623
vn 0.017448 0.062894 0.075762
vn 0.003035 0.065977 0.075086
vn 0.000739 0.066185 0.074960
vn 0.001118 0.066175 0.074964
vn 0.001548 0.066162 0.074968
vn 0.003382 0.065956 0.075089
vn 0.005524 0.065675 0.075208
vn 0.007645 0.065331 0.075322
vn 0.009745 0.064924 0.075432
vn 0.002038 0.066145 0.074971
vn 0.003772 0.065931 0.075093
vn 0.005898 0.065639 0.075211
vn 0.008004 0.065284 0.075325
vn 0.010089 0.064868 0.075434
vn 0.002602 0.066124 0.074972
vn 0.004213 0.065902 0.075095
vn 0.006323 0.065597 0.075213
vn 0.008411 0.065231 0.075327
vn 0.010478 0.064804 0.075436
vn 0.005662 0.065730 0.075150
vn 0.008676 0.065208 0.075317
vn 0.011644 0.064560 0.075475
vn 0.020287 0.061879 0.075891
vn 0.018690 0.062448 0.075835
vn 0.016668 0.063129 0.075742
vn 0.016335 0.063218 0.075741
vn 0.016041 0.063296 0.075739
vn 0.015780 0.063364 0.075736
vn 0.014452 0.063749 0.075678
vn 0.020693 0.061705 0.075923
vn 0.023084 0.060742 0.076010
vn 0.022677 0.060901 0.076005
vn 0.024641 0.060036 0.076082
vn 0.024392 0.060139 0.076081
vn 0.026361 0.059210 0.076153
vn 0.026162 0.059300 0.076152
vn 0.028134 0.058305 0.076217
vn 0.027976 0.058382 0.076216
vn 0.029949 0.057316 0.076275
vn 0.029914 0.057334 0.076276
vn 0.031875 0.056198 0.076327
vn 0.032351 0.055907 0.076340
vn 0.033750 0.055029 0.076372
vn 0.034712 0.054396 0.076394
vn 0.035583 0.053806 0.076412
vn 0.037005 0.052799 0.076439
vn 0.037374 0.052529 0.076445
vn 0.039232 0.051113 0.076474
vn 0.039123 0.051199 0.076472
vn 0.040832 0.049814 0.076494
vn 0.039179 0.051156 0.076472
vn 0.040872 0.049781 0.076494
vn 0.039241 0.051108 0.076473
vn 0.040918 0.049743 0.076494
vn 0.039313 0.051053 0.076473
vn 0.040970 0.049700 0.076494
vn 0.041073 0.049614 0.076494
vn 0.043286 0.047665 0.076514
vn 0.043337 0.047619 0.076514
vn 0.045522 0.045523 0.076521
vn 0.045522 0.045522 0.076521
vn 0.047619 0.043337 0.076514
vn 0.025841 0.059484 0.076118
vn 0.026587 0.059108 0.076154
vn 0.028312 0.058217 0.076218
vn 0.030088 0.057242 0.076276
vn 0.028559 0.058103 0.076213
vn 0.028515 0.058117 0.076219
vn 0.030245 0.057159 0.076277
vn 0.031995 0.056128 0.076328
vn 0.030423 0.057063 0.076277
vn 0.031235 0.056599 0.076295
vn 0.032287 0.055960 0.076329
vn 0.033814 0.055003 0.076363
vn 0.034103 0.054809 0.076374
vn 0.036313 0.053306 0.076419
vn 0.035880 0.053608 0.076413
vn 0.037616 0.052356 0.076446
vn 0.037525 0.052421 0.076445
vn 0.038732 0.051510 0.076463
vn 0.047665 0.043286 0.076514
vn 0.049614 0.041073 0.076494
vn 0.049700 0.040970 0.076494
vn 0.051053 0.039313 0.076473
vn 0.051108 0.039241 0.076473
vn 0.052421 0.037525 0.076445
vn 0.052479 0.037445 0.076445
vn 0.053748 0.035670 0.076412
vn 0.053806 0.035583 0.076412
vn 0.055029 0.033750 0.076372
vn 0.054397 0.034711 0.076394
vn 0.055908 0.032349 0.076340
vn 0.056198 0.031875 0.076327
vn 0.057335 0.029912 0.076275
vn 0.057316 0.029949 0.076275
vn 0.058382 0.027976 0.076216
vn 0.057242 0.030088 0.076276
vn 0.058305 0.028134 0.076217
vn 0.057159 0.030245 0.076277
vn 0.058217 0.028312 0.076218
vn 0.057063 0.030423 0.076277
vn 0.058117 0.028515 0.076219
vn 0.058103 0.028559 0.076213
vn 0.059108 0.026587 0.076154
vn 0.059484 0.025841 0.076118
vn 0.060036 0.024641 0.076082
vn 0.060742 0.023084 0.076010
vn 0.060901 0.022677 0.076005
vn 0.061705 0.020693 0.075923
vn 0.061804 0.020400 0.075921
vn 0.062543 0.018377 0.075833
vn 0.062625 0.018101 0.075832
vn 0.063296 0.016041 0.075739
vn 0.063364 0.015780 0.075736
vn 0.063965 0.013685 0.075638
vn 0.063749 0.014452 0.075678
vn 0.064447 0.011778 0.075550
vn 0.064501 0.011572 0.075536
vn 0.064972 0.009439 0.075429
vn 0.064445 0.011863 0.075539
vn 0.064924 0.009745 0.075432
vn 0.064381 0.012191 0.075541
vn 0.064868 0.010089 0.075434
vn 0.064308 0.012562 0.075543
vn 0.064804 0.010478 0.075436
vn 0.064560 0.011644 0.075475
vn 0.065208 0.008676 0.075317
vn 0.051510 0.038732 0.076463
vn 0.052356 0.037616 0.076446
vn 0.053682 0.035768 0.076412
vn 0.054964 0.033854 0.076373
vn 0.053306 0.036313 0.076419
vn 0.053608 0.035880 0.076413
vn 0.054892 0.033971 0.076373
vn 0.056128 0.031995 0.076328
vn 0.055003 0.033814 0.076363
vn 0.054809 0.034103 0.076374
vn 0.056050 0.032132 0.076328
vn 0.055960 0.032287 0.076329
vn 0.056599 0.031235 0.076295
vn 0.061879 0.020287 0.075891
vn 0.062448 0.018690 0.075835
vn 0.063218 0.016335 0.075741
vn 0.063902 0.013962 0.075641
vn 0.062894 0.017448 0.075762
vn 0.063129 0.016668 0.075742
vn 0.063831 0.014273 0.075643
vn 0.063788 0.014568 0.075623
vn 0.063749 0.014625 0.075645
vn 0.065730 0.005662 0.075150
vn 0.065597 0.006323 0.075213
vn 0.065231 0.008411 0.075327
vn 0.065284 0.008004 0.075325
vn 0.065331 0.007645 0.075322
vn 0.065371 0.007325 0.075319
vn 0.065041 0.009073 0.075414
vn 0.065902 0.004213 0.075095
vn 0.066124 0.002602 0.074972
vn 0.066145 0.002038 0.074971
vn 0.065931 0.003772 0.075093
vn 0.066162 0.001548 0.074968
vn 0.065956 0.003382 0.075089
vn 0.066175 0.001118 0.074964
vn 0.065977 0.003035 0.075086
vn 0.066185 0.000739 0.074960
vn 0.065910 0.003570 0.075120
vn 0.065706 0.005190 0.075205
vn 0.065530 0.006334 0.075271
vn 0.062946 0.017096 0.075799
vn 0.062698 0.017856 0.075829
vn 0.061891 0.020143 0.075920
vn 0.061003 0.022406 0.076004
vn 0.062039 0.019712 0.075912
vn 0.061967 0.019914 0.075918
vn 0.061092 0.022167 0.076002
vn 0.060139 0.024392 0.076081
vn 0.061171 0.021955 0.076001
vn 0.061025 0.022301 0.076017
vn 0.060308 0.023979 0.076078
vn 0.059905 0.024864 0.076113
vn 0.059379 0.025986 0.076150
vn 0.058675 0.027401 0.076200
vn 0.052799 0.037005 0.076439
vn 0.052529 0.037374 0.076445
vn 0.051156 0.039179 0.076472
vn 0.049743 0.040918 0.076494
vn 0.051113 0.039232 0.076474
vn 0.051199 0.039123 0.076472
vn 0.049781 0.040872 0.076494
vn 0.047688 0.043261 0.076514
vn 0.049814 0.040832 0.076494
vn 0.049339 0.041394 0.076500
vn 0.047726 0.043219 0.076514
vn 0.047476 0.043491 0.076515
vn 0.045522 0.045523 0.076521
vn 0.045522 0.045523 0.076521
vn 0.043490 0.047477 0.076515
vn 0.043219 0.047726 0.076514
vn 0.041393 0.049340 0.076500
vn 0.027403 0.058674 0.076200
vn 0.025986 0.059379 0.076150
vn 0.024173 0.060229 0.076080
vn 0.022406 0.061003 0.076004
vn 0.024866 0.059904 0.076113
vn 0.023979 0.060308 0.076078
vn 0.022167 0.061092 0.076002
vn 0.020400 0.061804 0.075921
vn 0.022302 0.061025 0.076017
vn 0.021955 0.061171 0.076001
vn 0.020143 0.061891 0.075920
vn 0.018377 0.062543 0.075833
vn 0.019713 0.062038 0.075912
vn 0.019914 0.061967 0.075918
vn 0.018101 0.062625 0.075832
vn 0.017856 0.062698 0.075829
vn 0.017096 0.062946 0.075799
vn 0.032132 0.056050 0.076328
vn 0.033854 0.054964 0.076373
vn 0.033971 0.054892 0.076373
vn 0.035768 0.053682 0.076412
vn 0.035670 0.053748 0.076412
vn 0.037445 0.052479 0.076445
vn 0.043261 0.047688 0.076514
vn 0.045522 0.045523 0.076521
vn 0.043239 0.047708 0.076514
vn 0.045522 0.045523 0.076521
vn 0.047708 0.043239 0.076514
vn 0.059300 0.026162 0.076152
vn 0.060229 0.024173 0.076080
vn 0.059210 0.026361 0.076153
vn 0.065639 0.005898 0.075211
vn 0.065675 0.005524 0.075208
vn 0.066262 -0.000000 0.074896
vn 0.066262 -0.000000 0.074896
vn 0.066262 -0.000000 0.074896
vn 0.066262 -0.000000 0.074896
vn 0.066262 -0.000000 0.074896
vn 0.066262 -0.000000 0.074896
vn 0.066262 -0.000000 0.074896
vn 0.066262 -0.000000 0.074896
vn 0.066241 0.000420 0.074913
vn 0.066175 0.001071 0.074965
vn 0.066235 0.000819 0.074915
vn 0.066162 0.001503 0.074969
vn 0.066145 0.001997 0.074972
vn 0.066124 0.002565 0.074973
vn 0.065910 -0.003570 0.075120
vn 0.065706 -0.005190 0.075205
vn 0.065530 -0.006334 0.075271
vn 0.065371 -0.007325 0.075319
vn 0.065041 -0.009073 0.075414
vn 0.064972 -0.009439 0.075429
vn 0.064447 -0.011778 0.075550
vn 0.064501 -0.011572 0.075536
vn 0.063965 -0.013685 0.075638
vn 0.064445 -0.011863 0.075539
vn 0.063902 -0.013962 0.075641
vn 0.064381 -0.012191 0.075541
vn 0.063831 -0.014273 0.075643
vn 0.064308 -0.012562 0.075543
vn 0.063749 -0.014625 0.075645
vn 0.063788 -0.014568 0.075623
vn 0.062894 -0.017448 0.075762
vn 0.065977 -0.003035 0.075086
vn 0.066185 -0.000739 0.074960
vn 0.066175 -0.001118 0.074964
vn 0.066162 -0.001548 0.074968
vn 0.065956 -0.003382 0.075089
vn 0.065675 -0.005524 0.075208
vn 0.065331 -0.007645 0.075322
vn 0.064924 -0.009745 0.075432
vn 0.066145 -0.002038 0.074971
vn 0.065931 -0.003772 0.075093
vn 0.065639 -0.005898 0.075211
vn 0.065284 -0.008004 0.075325
vn 0.064868 -0.010089 0.075434
vn 0.066124 -0.002602 0.074972
vn 0.065902 -0.004213 0.075095
vn 0.065597 -0.006323 0.075213
vn 0.065231 -0.008411 0.075327
vn 0.064804 -0.010478 0.075436
vn 0.065730 -0.005662 0.075150
vn 0.065208 -0.008676 0.075317
vn 0.064560 -0.011644 0.075475
vn 0.061879 -0.020287 0.075891
vn 0.062448 -0.018690 0.075835
vn 0.063129 -0.016668 0.075742
vn 0.063218 -0.016335 0.075741
vn 0.063296 -0.016041 0.075739
vn 0.063364 -0.015780 0.075736
vn 0.063749 -0.014452 0.075678
vn 0.061705 -0.020693 0.075923
vn 0.060742 -0.023084 0.076010
vn 0.060901 -0.022677 0.076005
vn 0.060036 -0.024641 0.076082
vn 0.060139 -0.024392 0.076081
vn 0.059210 -0.026361 0.076153
vn 0.059300 -0.026162 0.076152
vn 0.058305 -0.028134 0.076217
vn 0.058382 -0.027976 0.076216
vn 0.057316 -0.029949 0.076275
vn 0.057334 -0.029914 0.076276
vn 0.056198 -0.031875 0.076327
vn 0.055907 -0.032351 0.076340
vn 0.055029 -0.033750 0.076372
vn 0.054396 -0.034712 0.076394
vn 0.053806 -0.035583 0.076412
vn 0.052799 -0.037005 0.076439
vn 0.052529 -0.037374 0.076445
vn 0.051113 -0.039232 0.076474
vn 0.051199 -0.039123 0.076472
vn 0.049814 -0.040832 0.076494
vn 0.051156 -0.039179 0.076472
vn 0.049781 -0.040872 0.076494
vn 0.051108 -0.039241 0.076473
vn 0.049743 -0.040918 0.076494
vn 0.051053 -0.039313 0.076473
vn 0.049700 -0.040970 0.076494
vn 0.049614 -0.041073 0.076494
vn 0.047665 -0.043286 0.076514
vn 0.047619 -0.043337 0.076514
vn 0.045523 -0.045522 0.076521
vn 0.045522 -0.045522 0.076521
vn 0.043337 -0.047619 0.076514
vn 0.059484 -0.025841 0.076118
vn 0.059108 -0.026587 0.076154
vn 0.058217 -0.028312 0.076218
vn 0.057242 -0.030088 0.076276
vn 0.058103 -0.028559 0.076213
vn 0.058117 -0.028515 0.076219
vn 0.057159 -0.030245 0.076277
vn 0.056128 -0.031995 0.076328
vn 0.057063 -0.030423 0.076277
vn 0.056599 -0.031235 0.076295
vn 0.055960 -0.032287 0.076329
vn 0.055003 -0.033814 0.076363
vn 0.054809 -0.034103 0.076374
vn 0.053306 -0.036313 0.076419
vn 0.053608 -0.035880 0.076413
vn 0.052356 -0.037616 0.076446
vn 0.052421 -0.037525 0.076445
vn 0.051510 -0.038732 0.076463
vn 0.043286 -0.047665 0.076514
vn 0.041073 -0.049614 0.076494
vn 0.040970 -0.049700 0.076494
vn 0.039313 -0.051053 0.076473
vn 0.039241 -0.051108 0.076473
vn 0.037525 -0.052421 0.076445
vn 0.037445 -0.052479 0.076445
vn 0.035670 -0.053748 0.076412
vn 0.035583 -0.053806 0.076412
vn 0.033750 -0.055029 0.076372
vn 0.034711 -0.054397 0.076394
vn 0.032349 -0.055908 0.076340
vn 0.031875 -0.056198 0.076327
vn 0.029912 -0.057335 0.076275
vn 0.029949 -0.057316 0.076275
vn 0.027976 -0.058382 0.076216
vn 0.030088 -0.057242 0.076276
vn 0.028134 -0.058305 0.076217
vn 0.030245 -0.057159 0.076277
vn 0.028312 -0.058217 0.076218
vn 0.030423 -0.057063 0.076277
vn 0.028515 -0.058117 0.076219
vn 0.028559 -0.058103 0.076213
vn 0.026587 -0.059108 0.076154
vn 0.025841 -0.059484 0.076118
vn 0.024641 -0.060036 0.076082
vn 0.023084 -0.060742 0.076010
vn 0.022677 -0.060901 0.076005
vn 0.020693 -0.061705 0.075923
vn 0.020400 -0.061804 0.075921
vn 0.018377 -0.062543 0.075833
vn 0.018101 -0.062625 0.075832
vn 0.016041 -0.063296 0.075739
vn 0.015780 -0.063364 0.075736
vn 0.013685 -0.063965 0.075638
vn 0.014452 -0.063749 0.075678
vn 0.011778 -0.064447 0.075550
vn 0.011572 -0.064501 0.075536
vn 0.009439 -0.064972 0.075429
vn 0.011863 -0.064445 0.075539
vn 0.009745 -0.064924 0.075432
vn 0.012191 -0.064381 0.075541
vn 0.010089 -0.064868 0.075434
vn 0.012562 -0.064308 0.075543
vn 0.010478 -0.064804 0.075436
vn 0.011644 -0.064560 0.075475
vn 0.008676 -0.065208 0.075317
vn 0.038732 -0.051510 0.076463
vn 0.037616 -0.052356 0.076446
vn 0.035768 -0.053682 0.076412
vn 0.033854 -0.054964 0.076373
vn 0.036313 -0.053306 0.076419
vn 0.035880 -0.053608 0.076413
vn 0.033971 -0.054892 0.076373
vn 0.031995 -0.056128 0.076328
vn 0.033814 -0.055003 0.076363
vn 0.034103 -0.054809 0.076374
vn 0.032132 -0.056050 0.076328
vn 0.032287 -0.055960 0.076329
vn 0.031235 -0.056599 0.076295
vn 0.020287 -0.061879 0.075891
vn 0.018690 -0.062448 0.075835
vn 0.016335 -0.063218 0.075741
vn 0.013962 -0.063902 0.075641
vn 0.017448 -0.062894 0.075762
vn 0.016668 -0.063129 0.075742
vn 0.014273 -0.063831 0.075643
vn 0.014568 -0.063788 0.075623
vn 0.014625 -0.063749 0.075645
vn 0.005662 -0.065730 0.075150
vn 0.006323 -0.065597 0.075213
vn 0.008411 -0.065231 0.075327
vn 0.008004 -0.065284 0.075325
vn 0.007645 -0.065331 0.075322
vn 0.007325 -0.065371 0.075319
vn 0.009073 -0.065041 0.075414
vn 0.004213 -0.065902 0.075095
vn 0.002602 -0.066124 0.074972
vn 0.002038 -0.066145 0.074971
vn 0.003772 -0.065931 0.075093
vn 0.001548 -0.066162 0.074968
vn 0.003382 -0.065956 0.075089
vn 0.001118 -0.066175 0.074964
vn 0.003035 -0.065977 0.075086
vn 0.000739 -0.066185 0.074960
vn 0.003570 -0.065910 0.075120
vn 0.005190 -0.065706 0.075205
vn 0.006334 -0.065530 0.075271
vn 0.017096 -0.062946 0.075799
vn 0.017856 -0.062698 0.075829
vn 0.020143 -0.061891 0.075920
vn 0.022406 -0.061003 0.076004
vn 0.019712 -0.062039 0.075912
vn 0.019914 -0.061967 0.075918
vn 0.022167 -0.061092 0.076002
vn 0.024392 -0.060139 0.076081
vn 0.021955 -0.061171 0.076001
vn 0.022301 -0.061025 0.076017
vn 0.023979 -0.060308 0.076078
vn 0.024864 -0.059905 0.076113
vn 0.025986 -0.059379 0.076150
vn 0.027401 -0.058675 0.076200
vn 0.037005 -0.052799 0.076439
vn 0.037374 -0.052529 0.076445
vn 0.039179 -0.051156 0.076472
vn 0.040918 -0.049743 0.076494
vn 0.039232 -0.051113 0.076474
vn 0.039123 -0.051199 0.076472
vn 0.040872 -0.049781 0.076494
vn 0.043261 -0.047688 0.076514
vn 0.040832 -0.049814 0.076494
vn 0.041394 -0.049339 0.076500
vn 0.043219 -0.047726 0.076514
vn 0.043491 -0.047476 0.076515
vn 0.045523 -0.045522 0.076521
vn 0.045523 -0.045522 0.076521
vn 0.047477 -0.043490 0.076515
vn 0.047726 -0.043219 0.076514
vn 0.049340 -0.041393 0.076500
vn 0.058674 -0.027403 0.076200
vn 0.059379 -0.025986 0.076150
vn 0.060229 -0.024173 0.076080
vn 0.061003 -0.022406 0.076004
vn 0.059904 -0.024866 0.076113
vn 0.060308 -0.023979 0.076078
vn 0.061092 -0.022167 0.076002
vn 0.061804 -0.020400 0.075921
vn 0.061025 -0.022302 0.076017
vn 0.061171 -0.021955 0.076001
vn 0.061891 -0.020143 0.075920
vn 0.062543 -0.018377 0.075833
vn 0.062038 -0.019713 0.075912
vn 0.061967 -0.019914 0.075918
vn 0.062625 -0.018101 0.075832
vn 0.062698 -0.017856 0.075829
vn 0.062946 -0.017096 0.075799
vn 0.056050 -0.032132 0.076328
vn 0.054964 -0.033854 0.076373
vn 0.054892 -0.033971 0.076373
vn 0.053682 -0.035768 0.076412
vn 0.053748 -0.035670 0.076412
vn 0.052479 -0.037445 0.076445
vn 0.047688 -0.043261 0.076514
vn 0.045523 -0.045522 0.076521
vn 0.047708 -0.043239 0.076514
vn 0.045523 -0.045522 0.076521
vn 0.043239 -0.047708 0.076514
vn 0.026162 -0.059300 0.076152
vn 0.024173 -0.060229 0.076080
vn 0.026361 -0.059210 0.076153
vn 0.005898 -0.065639 0.075211
vn 0.005524 -0.065675 0.075208
vn 0.066243 -0.000394 0.074911
vn 0.066238 -0.000767 0.074913
vn 0.066175 -0.001071 0.074965
vn 0.066162 -0.001503 0.074969
vn 0.066234 -0.000990 0.074914
vn 0.066145 -0.001997 0.074972
vn 0.066124 -0.002565 0.074973
vn -0.000000 -0.066262 0.074896
vn -0.000000 -0.066262 0.074896
vn -0.000000 -0.066262 0.074896
vn -0.000000 -0.066262 0.074896
vn -0.000000 -0.066262 0.074896
vn -0.000000 -0.066262 0.074896
vn -0.000000 -0.066262 0.074896
vn -0.000000 -0.066262 0.074896
vn 0.000420 -0.066241 0.074913
vn 0.001071 -0.066175 0.074965
vn 0.000819 -0.066235 0.074915
vn 0.001503 -0.066162 0.074969
vn 0.001997 -0.066145 0.074972
vn 0.002565 -0.066124 0.074973
vn -0.000394 -0.066243 0.074911
vn -0.000767 -0.066238 0.074913
vn -0.001071 -0.066175 0.074965
vn -0.001503 -0.066162 0.074969
vn -0.000990 -0.066234 0.074914
vn -0.001997 -0.066145 0.074972
vn -0.002565 -0.066124 0.074973
vn 0.004759 0.099070 0.012749
vn 0.005937 0.098989 0.012883
vn -0.000000 0.099255 0.012187
vn 0.005717 0.099005 0.012858
vn -0.000000 0.099255 0.012187
vn 0.009517 0.098656 0.013282
vn 0.011853 0.098369 0.013533
vn 0.011416 0.098427 0.013487
vn 0.017076 0.097521 0.014071
vn 0.017726 0.097396 0.014135
vn 0.022680 0.096292 0.014608
vn 0.023536 0.096075 0.014686
vn 0.028208 0.094744 0.015097
vn 0.029261 0.094410 0.015185
vn 0.033643 0.092881 0.015535
vn 0.034882 0.092407 0.015629
vn 0.038966 0.090709 0.015922
vn 0.040378 0.090073 0.016017
vn 0.044159 0.088236 0.016256
vn 0.045729 0.087416 0.016348
vn 0.049207 0.085471 0.016536
vn 0.050916 0.084447 0.016621
vn 0.054090 0.082421 0.016762
vn 0.055922 0.081175 0.016833
vn 0.058794 0.079098 0.016931
vn 0.060727 0.077613 0.016986
vn 0.063303 0.075513 0.017044
vn 0.065314 0.073773 0.017078
vn 0.067602 0.071676 0.017101
vn 0.069668 0.069669 0.017108
vn 0.071676 0.067602 0.017101
vn 0.073773 0.065314 0.017078
vn 0.075513 0.063303 0.017044
vn 0.077613 0.060727 0.016986
vn 0.079098 0.058794 0.016931
vn 0.081175 0.055922 0.016833
vn 0.082421 0.054090 0.016762
vn 0.084447 0.050916 0.016621
vn 0.085471 0.049207 0.016536
vn 0.087416 0.045729 0.016348
vn 0.088236 0.044159 0.016256
vn 0.090073 0.040378 0.016017
vn 0.090709 0.038966 0.015922
vn 0.092407 0.034882 0.015629
vn 0.092881 0.033643 0.015535
vn 0.094410 0.029261 0.015185
vn 0.094744 0.028208 0.015097
vn 0.096075 0.023536 0.014686
vn 0.096292 0.022680 0.014608
vn 0.097396 0.017726 0.014135
vn 0.097521 0.017076 0.014071
vn 0.098369 0.011853 0.013533
vn 0.098427 0.011416 0.013487
vn 0.098989 0.005937 0.012883
vn 0.099005 0.005717 0.012858
vn 0.099070 0.004759 0.012749
vn 0.099255 -0.000000 0.012187
vn 0.014265 0.098012 0.013786
vn 0.018991 0.097139 0.014259
vn 0.023683 0.096037 0.014700
vn 0.028329 0.094706 0.015107
vn 0.032917 0.093150 0.015479
vn 0.037435 0.091370 0.015815
vn 0.041870 0.089371 0.016114
vn 0.046210 0.087158 0.016376
vn 0.050445 0.084734 0.016598
vn 0.054564 0.082105 0.016781
vn 0.058556 0.079277 0.016924
vn 0.062411 0.076256 0.017026
vn 0.066118 0.073051 0.017088
vn 0.069667 0.069669 0.017108
vn 0.073049 0.066120 0.017088
vn 0.076255 0.062413 0.017026
vn 0.079276 0.058557 0.016924
vn 0.082105 0.054564 0.016781
vn 0.084735 0.050444 0.016598
vn 0.087159 0.046207 0.016375
vn 0.089373 0.041866 0.016114
vn 0.091372 0.037431 0.015815
vn 0.093151 0.032914 0.015479
vn 0.094707 0.028327 0.015107
vn 0.096037 0.023682 0.014700
vn 0.097139 0.018991 0.014259
vn 0.098012 0.014265 0.013786
vn 0.098656 0.009518 0.013282
vn 0.000000 0.000000 0.100000
vn 0.000000 0.000000 0.100000
vn 0.000000 0.000000 0.100000
vn 0.000000 0.000000 0.100000
vn 0.000000 0.000000 0.100000
vn 0.000000 0.000000 0.100000
vn 0.000000 0.000000 0.100000
vn 0.000000 0.000000 0.100000
vn 0.000000 0.000000 0.100000
vn 0.000000 0.000000 0.100000
vn 0.000000 0.000000 0.100000
vn 0.000000 0.000000 0.100000
vn 0.000000 0.000000 0.100000
vn 0.000000 0.000000 0.100000
vn 0.000000 0.000000 0.100000
vn 0.000000 0.000000 0.100000
vn 0.000000 0.000000 0.100000
vn 0.000000 0.000000 0.100000
vn 0.000000 0.000000 0.100000
vn 0.000000 0.000000 0.100000
vn 0.000000 0.000000 0.100000
vn 0.000000 0.000000 0.100000
vn 0.000000 0.000000 0.100000
vn 0.000000 0.000000 0.100000
vn 0.000000 0.000000 0.100000
vn 0.000000 0.000000 0.100000
vn 0.000000 0.000000 0.100000
vn 0.000000 0.000000 0.100000
vn 0.000000 0.000000 0.100000
vn 0.000000 0.000000 0.100000
vn 0.000000 0.000000 0.100000
vn 0.000000 0.000000 0.100000
vn 0.000000 0.000000 0.100000
vn 0.000000 0.000000 0.100000
vn 0.000000 0.000000 0.100000
vn 0.000000 0.000000 0.100000
vn 0.000000 0.000000 0.100000
vn 0.000000 0.000000 0.100000
vn 0.000000 0.000000 0.100000
vn 0.000000 0.000000 0.100000
vn 0.000000 0.000000 0.100000
vn 0.000000 0.000000 0.100000
vn 0.000000 0.000000 0.100000
vn 0.000000 0.000000 0.100000
vn 0.000000 0.000000 0.100000
vn 0.000000 0.000000 0.100000
vn 0.000000 0.000000 0.100000
vn 0.000000 0.000000 0.100000
vn 0.000000 0.000000 0.100000
vn 0.000000 0.000000 0.100000
vn 0.000000 0.000000 0.100000
vn 0.000000 0.000000 0.100000
vn 0.000000 0.000000 0.100000
vn 0.000000 0.000000 0.100000
vn 0.000000 0.000000 0.100000
vn 0.000000 0.000000 0.100000
vn 0.000000 0.000000 0.100000
vn 0.000000 0.000000 0.100000
vn 0.000000 0.000000 0.100000
vn 0.000000 0.000000 0.100000
vn 0.000000 0.000000 0.100000
vn 0.000000 0.000000 0.100000
vn 0.000000 0.000000 0.100000
vn 0.000000 0.000000 0.100000
vn 0.000000 0.000000 0.100000
vn 0.000000 0.000000 0.100000
vn 0.000000 0.000000 0.100000
vn 0.000000 0.000000 0.100000
vn 0.000000 0.000000 0.100000
vn 0.000000 0.000000 0.100000
vn 0.000000 0.000000 0.100000
vn 0.000000 0.000000 0.100000
vn 0.000000 0.000000 0.100000
vn 0.000000 0.000000 0.100000
vn 0.000000 0.000000 0.100000
vn 0.000000 0.000000 0.100000
vn 0.000000 0.000000 0.100000
vn 0.000000 0.000000 0.100000
vn 0.000000 0.000000 0.100000
vn 0.000000 0.000000 0.100000
vn 0.000000 0.000000 0.100000
vn 0.000000 0.000000 0.100000
vn 0.000000 0.000000 0.100000
vn 0.000000 0.000000 0.100000
vn 0.000000 0.000000 0.100000
vn 0.000000 0.000000 0.100000
vn 0.000000 0.000000 0.100000
vn 0.000000 0.000000 0.100000
vn 0.000000 0.000000 0.100000
vn 0.000000 0.000000 0.100000
vn 0.000000 0.000000 0.100000
vn 0.000000 0.000000 0.100000
vn 0.000000 0.000000 0.100000
vn 0.000000 0.000000 0.100000
vn 0.000000 0.000000 0.100000
vn 0.000000 0.000000 0.100000
vn 0.000000 0.000000 0.100000
vn 0.000000 0.000000 0.100000
vn 0.000000 0.000000 0.100000
vn 0.000000 0.000000 0.100000
vn 0.000000 0.000000 0.100000
vn 0.000000 0.000000 0.100000
vn 0.000000 0.000000 0.100000
vn 0.000000 0.000000 0.100000
vn 0.000000 0.000000 0.100000
vn 0.000000 0.000000 0.100000
vn 0.000000 0.000000 0.100000
vn 0.000000 0.000000 0.100000
vn 0.000000 0.000000 0.100000
vn 0.000000 0.000000 0.100000
vn 0.000000 0.000000 0.100000
vn 0.000000 0.000000 0.100000
vn 0.000000 0.000000 0.100000
vn 0.000000 0.000000 0.100000
vn 0.000000 0.000000 0.100000
vn 0.000000 0.000000 0.100000
vn 0.000000 0.000000 0.100000
vn 0.000000 0.000000 0.100000
vn 0.000000 0.000000 0.100000
vn 0.000000 0.000000 0.100000
vn 0.000000 0.000000 0.100000
vn 0.000000 0.000000 0.100000
vn 0.000000 0.000000 0.100000
vn 0.000000 0.000000 0.100000
vn 0.000000 0.000000 0.100000
vn 0.000000 0.000000 0.100000
vn 0.000000 0.000000 0.100000
vn 0.000000 0.000000 0.100000
vn 0.000000 0.000000 0.100000
vn 0.000000 0.000000 0.100000
vn 0.000000 0.000000 0.100000
vn 0.000000 0.000000 0.100000
vn 0.000000 0.000000 0.100000
vn 0.000000 0.000000 0.100000
vn 0.000000 0.000000 0.100000
vn 0.000000 0.000000 0.100000
vn 0.000000 0.000000 0.100000
vn 0.000000 0.000000 0.100000
vn 0.000000 0.000000 0.100000
vn 0.000000 0.000000 0.100000
vn -0.003967 -0.065954 -0.075062
vn -0.007761 -0.065319 -0.075320
vn -0.006031 -0.065779 -0.075078
vn -0.012690 -0.064246 -0.075574
vn -0.017055 -0.063090 -0.075688
vn -0.017521 -0.062827 -0.075801
vn -0.022252 -0.061063 -0.076001
vn -0.016574 -0.063110 -0.075779
vn -0.021453 -0.061369 -0.075984
vn -0.016063 -0.063260 -0.075764
vn -0.021024 -0.061532 -0.075973
vn -0.015886 -0.063311 -0.075758
vn -0.020876 -0.061587 -0.075968
vn -0.015743 -0.063353 -0.075753
vn -0.020756 -0.061632 -0.075965
vn -0.015624 -0.063387 -0.075749
vn -0.020656 -0.061670 -0.075962
vn -0.015524 -0.063416 -0.075746
vn -0.020572 -0.061701 -0.075959
vn -0.015364 -0.063462 -0.075740
vn -0.020439 -0.061750 -0.075955
vn -0.015243 -0.063497 -0.075735
vn -0.020338 -0.061788 -0.075951
vn -0.018018 -0.062619 -0.075856
vn -0.024019 -0.060276 -0.076091
vn -0.002746 -0.066044 -0.075038
vn -0.006529 -0.065493 -0.075286
vn -0.011601 -0.064484 -0.075546
vn -0.001367 -0.066134 -0.074996
vn -0.005856 -0.065584 -0.075263
vn -0.011010 -0.064610 -0.075527
vn -0.000609 -0.066178 -0.074967
vn -0.005622 -0.065615 -0.075254
vn -0.010805 -0.064653 -0.075520
vn -0.000130 -0.066204 -0.074947
vn -0.005432 -0.065639 -0.075246
vn -0.010639 -0.064687 -0.075514
vn -0.005274 -0.065660 -0.075240
vn 0.000200 -0.066221 -0.074932
vn -0.005140 -0.065677 -0.075234
vn -0.004927 -0.065704 -0.075225
vn -0.010384 -0.064740 -0.075504
vn -0.010198 -0.064778 -0.075497
vn 0.000442 -0.066233 -0.074920
vn -0.004765 -0.065724 -0.075217
vn -0.010057 -0.064807 -0.075491
vn 0.000772 -0.066248 -0.074904
vn -0.005637 -0.065600 -0.075265
vn -0.011898 -0.064389 -0.075581
vn -0.025036 -0.059816 -0.076127
vn -0.029907 -0.057332 -0.076280
vn -0.029663 -0.057468 -0.076273
vn -0.034088 -0.054805 -0.076384
vn -0.034131 -0.054777 -0.076385
vn -0.038307 -0.051828 -0.076462
vn -0.038343 -0.051801 -0.076462
vn -0.042284 -0.048566 -0.076508
vn -0.042294 -0.048557 -0.076508
vn -0.046013 -0.045027 -0.076520
vn -0.046012 -0.045028 -0.076520
vn -0.049448 -0.041266 -0.076499
vn -0.049431 -0.041285 -0.076499
vn -0.052558 -0.037332 -0.076446
vn -0.052525 -0.037378 -0.076446
vn -0.055353 -0.033238 -0.076363
vn -0.055224 -0.033443 -0.076366
vn -0.057751 -0.029160 -0.076253
vn -0.057464 -0.029699 -0.076262
vn -0.059659 -0.025424 -0.076121
vn -0.058726 -0.027442 -0.076146
vn -0.061544 -0.021060 -0.075953
vn -0.063090 -0.017055 -0.075688
vn -0.063124 -0.016609 -0.075760
vn -0.064401 -0.012070 -0.075543
vn -0.063400 -0.015635 -0.075737
vn -0.064632 -0.010963 -0.075515
vn -0.063546 -0.015108 -0.075721
vn -0.064754 -0.010362 -0.075495
vn -0.063596 -0.014926 -0.075715
vn -0.064796 -0.010154 -0.075488
vn -0.063637 -0.014779 -0.075710
vn -0.064829 -0.009984 -0.075482
vn -0.063670 -0.014656 -0.075705
vn -0.064857 -0.009843 -0.075476
vn -0.063698 -0.014553 -0.075702
vn -0.064881 -0.009725 -0.075472
vn -0.063743 -0.014388 -0.075696
vn -0.064917 -0.009536 -0.075464
vn -0.063777 -0.014263 -0.075691
vn -0.064945 -0.009392 -0.075458
vn -0.064389 -0.011898 -0.075581
vn -0.065600 -0.005637 -0.075265
vn -0.035469 -0.053880 -0.076412
vn -0.038280 -0.051848 -0.076462
vn -0.042268 -0.048580 -0.076508
vn -0.046015 -0.045025 -0.076520
vn -0.049461 -0.041250 -0.076499
vn -0.052585 -0.037295 -0.076445
vn -0.055397 -0.033167 -0.076362
vn -0.057903 -0.028872 -0.076247
vn -0.059966 -0.024732 -0.076108
vn -0.040667 -0.049950 -0.076493
vn -0.042256 -0.048590 -0.076508
vn -0.046017 -0.045023 -0.076520
vn -0.049472 -0.041237 -0.076499
vn -0.052608 -0.037264 -0.076445
vn -0.055432 -0.033110 -0.076361
vn -0.057955 -0.028774 -0.076245
vn -0.060129 -0.024360 -0.076099
vn -0.061846 -0.020223 -0.075935
vn -0.045522 -0.045522 -0.076521
vn -0.046019 -0.045021 -0.076520
vn -0.049490 -0.041215 -0.076498
vn -0.052626 -0.037238 -0.076445
vn -0.055462 -0.033063 -0.076360
vn -0.057997 -0.028694 -0.076243
vn -0.060185 -0.024233 -0.076095
vn -0.062007 -0.019773 -0.075922
vn -0.049950 -0.040667 -0.076493
vn -0.049504 -0.041199 -0.076498
vn -0.052656 -0.037197 -0.076444
vn -0.055486 -0.033023 -0.076359
vn -0.058032 -0.028627 -0.076242
vn -0.060230 -0.024129 -0.076093
vn -0.062062 -0.019617 -0.075918
vn -0.052679 -0.037166 -0.076444
vn -0.053880 -0.035469 -0.076412
vn -0.055555 -0.032912 -0.076357
vn -0.057332 -0.029907 -0.076280
vn -0.058142 -0.028416 -0.076236
vn -0.060276 -0.024019 -0.076091
vn -0.060387 -0.023769 -0.076082
vn -0.062260 -0.019052 -0.075899
vn -0.062223 -0.019159 -0.075903
vn -0.062619 -0.018018 -0.075856
vn -0.065769 -0.004425 -0.075199
vn -0.066248 0.000772 -0.074904
vn -0.066233 0.000442 -0.074920
vn -0.065749 -0.004589 -0.075206
vn -0.066221 0.000200 -0.074932
vn -0.065723 -0.004803 -0.075216
vn -0.066204 -0.000130 -0.074947
vn -0.065707 -0.004938 -0.075221
vn -0.065687 -0.005097 -0.075228
vn -0.066178 -0.000609 -0.074967
vn -0.065663 -0.005289 -0.075236
vn -0.065633 -0.005525 -0.075245
vn -0.066134 -0.001367 -0.074996
vn -0.065545 -0.006203 -0.075269
vn -0.066044 -0.002746 -0.075038
vn -0.065376 -0.007445 -0.075303
vn -0.065954 -0.003967 -0.075062
vn -0.065779 -0.006031 -0.075078
vn -0.052817 -0.037006 -0.076426
vn -0.054982 -0.033830 -0.076371
vn -0.052426 -0.037512 -0.076448
vn -0.049411 -0.041309 -0.076499
vn -0.046009 -0.045031 -0.076520
vn -0.042306 -0.048546 -0.076508
vn -0.038365 -0.051784 -0.076463
vn -0.034188 -0.054740 -0.076386
vn -0.029725 -0.057434 -0.076274
vn -0.045522 -0.045522 -0.076521
vn -0.049241 -0.041510 -0.076500
vn -0.052241 -0.037765 -0.076450
vn -0.037006 -0.052817 -0.076426
vn -0.042491 -0.048383 -0.076509
vn -0.045984 -0.045057 -0.076520
vn -0.045999 -0.045042 -0.076520
vn -0.049352 -0.041378 -0.076500
vn -0.046007 -0.045034 -0.076520
vn -0.027442 -0.058726 -0.076146
vn -0.030841 -0.056815 -0.076295
vn -0.034915 -0.054265 -0.076396
vn -0.038799 -0.051453 -0.076467
vn -0.034566 -0.054493 -0.076391
vn -0.038580 -0.051620 -0.076465
vn -0.034381 -0.054614 -0.076389
vn -0.038464 -0.051709 -0.076464
vn -0.034317 -0.054656 -0.076388
vn -0.038424 -0.051739 -0.076463
vn -0.034266 -0.054689 -0.076387
vn -0.038392 -0.051764 -0.076463
vn -0.034223 -0.054717 -0.076386
vn -0.026592 -0.059095 -0.076162
vn -0.025940 -0.059399 -0.076150
vn -0.030346 -0.057091 -0.076287
vn -0.025591 -0.059561 -0.076142
vn -0.030082 -0.057237 -0.076282
vn -0.025471 -0.059616 -0.076139
vn -0.029991 -0.057287 -0.076280
vn -0.025374 -0.059661 -0.076136
vn -0.029918 -0.057328 -0.076279
vn -0.025293 -0.059698 -0.076134
vn -0.029857 -0.057361 -0.076277
vn -0.025225 -0.059729 -0.076132
vn -0.029806 -0.057389 -0.076276
vn -0.025117 -0.059778 -0.076129
vn -0.042391 -0.048471 -0.076508
vn -0.042339 -0.048517 -0.076508
vn -0.042321 -0.048533 -0.076508
vn -0.010501 -0.064716 -0.075509
vn -0.055526 -0.032960 -0.076358
vn -0.058061 -0.028572 -0.076240
vn -0.060268 -0.024043 -0.076090
vn -0.062106 -0.019491 -0.075914
vn -0.058107 -0.028483 -0.076238
vn -0.060299 -0.023971 -0.076088
vn -0.062143 -0.019387 -0.075910
vn -0.060349 -0.023856 -0.076085
vn -0.062174 -0.019299 -0.075908
vn -0.066262 0.000000 -0.074896
vn -0.066262 0.000000 -0.074896
vn -0.066262 0.000000 -0.074896
vn -0.066262 0.000000 -0.074896
vn -0.066262 0.000000 -0.074896
vn -0.066262 0.000000 -0.074896
vn -0.066262 0.000000 -0.074896
vn -0.066262 0.000000 -0.074896
vn -0.066262 0.000000 -0.074896
vn -0.066262 0.000000 -0.074896
vn -0.066262 0.000000 -0.074896
vn -0.066262 0.000000 -0.074896
vn -0.066262 0.000000 -0.074896
vn -0.066262 0.000000 -0.074896
vn -0.066262 0.000000 -0.074896
vn -0.066262 0.000000 -0.074896
vn -0.066248 0.000771 -0.074904
vn -0.066233 0.000441 -0.074920
vn -0.066246 -0.000086 -0.074910
vn -0.066221 0.000200 -0.074932
vn -0.066204 -0.000131 -0.074947
vn -0.066178 -0.000610 -0.074967
vn -0.066227 -0.000730 -0.074923
vn -0.066134 -0.001368 -0.074996
vn -0.066203 -0.001444 -0.074934
vn -0.066044 -0.002746 -0.075038
vn -0.065954 -0.003967 -0.075062
vn -0.065779 -0.006032 -0.075078
vn -0.065954 0.003967 -0.075062
vn -0.065319 0.007761 -0.075320
vn -0.065779 0.006031 -0.075078
vn -0.064246 0.012690 -0.075574
vn -0.063090 0.017055 -0.075688
vn -0.062827 0.017521 -0.075801
vn -0.061063 0.022252 -0.076001
vn -0.063110 0.016574 -0.075779
vn -0.061369 0.021453 -0.075984
vn -0.063260 0.016063 -0.075764
vn -0.061532 0.021024 -0.075973
vn -0.063311 0.015886 -0.075758
vn -0.061587 0.020876 -0.075968
vn -0.063353 0.015743 -0.075753
vn -0.061632 0.020756 -0.075965
vn -0.063387 0.015624 -0.075749
vn -0.061670 0.020656 -0.075962
vn -0.063416 0.015524 -0.075746
vn -0.061701 0.020572 -0.075959
vn -0.063462 0.015364 -0.075740
vn -0.061750 0.020439 -0.075955
vn -0.063497 0.015243 -0.075735
vn -0.061788 0.020338 -0.075951
vn -0.062619 0.018018 -0.075856
vn -0.060276 0.024019 -0.076091
vn -0.066044 0.002746 -0.075038
vn -0.065493 0.006529 -0.075286
vn -0.064484 0.011601 -0.075546
vn -0.066134 0.001367 -0.074996
vn -0.065584 0.005856 -0.075263
vn -0.064610 0.011010 -0.075527
vn -0.066178 0.000609 -0.074967
vn -0.065615 0.005622 -0.075254
vn -0.064653 0.010805 -0.075520
vn -0.066204 0.000130 -0.074947
vn -0.065639 0.005432 -0.075246
vn -0.064687 0.010639 -0.075514
vn -0.065660 0.005274 -0.075240
vn -0.066221 -0.000200 -0.074932
vn -0.065677 0.005140 -0.075234
vn -0.065704 0.004927 -0.075225
vn -0.064740 0.010384 -0.075504
vn -0.064778 0.010198 -0.075497
vn -0.066233 -0.000442 -0.074920
vn -0.065724 0.004765 -0.075217
vn -0.064807 0.010057 -0.075491
vn -0.066248 -0.000772 -0.074904
vn -0.065600 0.005637 -0.075265
vn -0.064389 0.011898 -0.075581
vn -0.059816 0.025036 -0.076127
vn -0.057332 0.029907 -0.076280
vn -0.057468 0.029663 -0.076273
vn -0.054805 0.034088 -0.076384
vn -0.054777 0.034131 -0.076385
vn -0.051828 0.038307 -0.076462
vn -0.051801 0.038343 -0.076462
vn -0.048566 0.042284 -0.076508
vn -0.048557 0.042294 -0.076508
vn -0.045027 0.046013 -0.076520
vn -0.045028 0.046012 -0.076520
vn -0.041266 0.049448 -0.076499
vn -0.041285 0.049431 -0.076499
vn -0.037332 0.052558 -0.076446
vn -0.037378 0.052525 -0.076446
vn -0.033238 0.055353 -0.076363
vn -0.033443 0.055224 -0.076366
vn -0.029160 0.057751 -0.076253
vn -0.029699 0.057464 -0.076262
vn -0.025424 0.059659 -0.076121
vn -0.027442 0.058726 -0.076146
vn -0.021060 0.061544 -0.075953
vn -0.017055 0.063090 -0.075688
vn -0.016609 0.063124 -0.075760
vn -0.012070 0.064401 -0.075543
vn -0.015635 0.063400 -0.075737
vn -0.010963 0.064632 -0.075515
vn -0.015108 0.063546 -0.075721
vn -0.010362 0.064754 -0.075495
vn -0.014926 0.063596 -0.075715
vn -0.010154 0.064796 -0.075488
vn -0.014779 0.063637 -0.075710
vn -0.009984 0.064829 -0.075482
vn -0.014656 0.063670 -0.075705
vn -0.009843 0.064857 -0.075476
vn -0.014553 0.063698 -0.075702
vn -0.009725 0.064881 -0.075472
vn -0.014388 0.063743 -0.075696
vn -0.009536 0.064917 -0.075464
vn -0.014263 0.063777 -0.075691
vn -0.009392 0.064945 -0.075458
vn -0.011898 0.064389 -0.075581
vn -0.005637 0.065600 -0.075265
vn -0.053880 0.035469 -0.076412
vn -0.051848 0.038280 -0.076462
vn -0.048580 0.042268 -0.076508
vn -0.045025 0.046015 -0.076520
vn -0.041250 0.049461 -0.076499
vn -0.037295 0.052585 -0.076445
vn -0.033167 0.055397 -0.076362
vn -0.028872 0.057903 -0.076247
vn -0.024732 0.059966 -0.076108
vn -0.049950 0.040667 -0.076493
vn -0.048590 0.042256 -0.076508
vn -0.045023 0.046017 -0.076520
vn -0.041237 0.049472 -0.076499
vn -0.037264 0.052608 -0.076445
vn -0.033110 0.055432 -0.076361
vn -0.028774 0.057955 -0.076245
vn -0.024360 0.060129 -0.076099
vn -0.020223 0.061846 -0.075935
vn -0.045522 0.045522 -0.076521
vn -0.045021 0.046019 -0.076520
vn -0.041215 0.049490 -0.076498
vn -0.037238 0.052626 -0.076445
vn -0.033063 0.055462 -0.076360
vn -0.028694 0.057997 -0.076243
vn -0.024233 0.060185 -0.076095
vn -0.019773 0.062007 -0.075922
vn -0.040667 0.049950 -0.076493
vn -0.041199 0.049504 -0.076498
vn -0.037197 0.052656 -0.076444
vn -0.033023 0.055486 -0.076359
vn -0.028627 0.058032 -0.076242
vn -0.024129 0.060230 -0.076093
vn -0.019617 0.062062 -0.075918
vn -0.037166 0.052679 -0.076444
vn -0.035469 0.053880 -0.076412
vn -0.032912 0.055555 -0.076357
vn -0.029907 0.057332 -0.076280
vn -0.028416 0.058142 -0.076236
vn -0.024019 0.060276 -0.076091
vn -0.023769 0.060387 -0.076082
vn -0.019052 0.062260 -0.075899
vn -0.019159 0.062223 -0.075903
vn -0.018018 0.062619 -0.075856
vn -0.004425 0.065769 -0.075199
vn 0.000772 0.066248 -0.074904
vn 0.000442 0.066233 -0.074920
vn -0.004589 0.065749 -0.075206
vn 0.000200 0.066221 -0.074932
vn -0.004803 0.065723 -0.075216
vn -0.000130 0.066204 -0.074947
vn -0.004938 0.065707 -0.075221
vn -0.005097 0.065687 -0.075228
vn -0.000609 0.066178 -0.074967
vn -0.005289 0.065663 -0.075236
vn -0.005525 0.065633 -0.075245
vn -0.001367 0.066134 -0.074996
vn -0.006203 0.065545 -0.075269
vn -0.002746 0.066044 -0.075038
vn -0.007445 0.065376 -0.075303
vn -0.003967 0.065954 -0.075062
vn -0.006031 0.065779 -0.075078
vn -0.037006 0.052817 -0.076426
vn -0.033830 0.054982 -0.076371
vn -0.037512 0.052426 -0.076448
vn -0.041309 0.049411 -0.076499
vn -0.045031 0.046009 -0.076520
vn -0.048546 0.042306 -0.076508
vn -0.051784 0.038365 -0.076463
vn -0.054740 0.034188 -0.076386
vn -0.057434 0.029725 -0.076274
vn -0.045522 0.045522 -0.076521
vn -0.041510 0.049241 -0.076500
vn -0.037765 0.052241 -0.076450
vn -0.052817 0.037006 -0.076426
vn -0.048383 0.042491 -0.076509
vn -0.045057 0.045984 -0.076520
vn -0.045042 0.045999 -0.076520
vn -0.041378 0.049352 -0.076500
vn -0.045034 0.046007 -0.076520
vn -0.058726 0.027442 -0.076146
vn -0.056815 0.030841 -0.076295
vn -0.054265 0.034915 -0.076396
vn -0.051453 0.038799 -0.076467
vn -0.054493 0.034566 -0.076391
vn -0.051620 0.038580 -0.076465
vn -0.054614 0.034381 -0.076389
vn -0.051709 0.038464 -0.076464
vn -0.054656 0.034317 -0.076388
vn -0.051739 0.038424 -0.076463
vn -0.054689 0.034266 -0.076387
vn -0.051764 0.038392 -0.076463
vn -0.054717 0.034223 -0.076386
vn -0.059095 0.026592 -0.076162
vn -0.059399 0.025940 -0.076150
vn -0.057091 0.030346 -0.076287
vn -0.059561 0.025591 -0.076142
vn -0.057237 0.030082 -0.076282
vn -0.059616 0.025471 -0.076139
vn -0.057287 0.029991 -0.076280
vn -0.059661 0.025374 -0.076136
vn -0.057328 0.029918 -0.076279
vn -0.059698 0.025293 -0.076134
vn -0.057361 0.029857 -0.076277
vn -0.059729 0.025225 -0.076132
vn -0.057389 0.029806 -0.076276
vn -0.059778 0.025117 -0.076129
vn -0.048471 0.042391 -0.076508
vn -0.048517 0.042339 -0.076508
vn -0.048533 0.042321 -0.076508
vn -0.064716 0.010501 -0.075509
vn -0.032960 0.055526 -0.076358
vn -0.028572 0.058061 -0.076240
vn -0.024043 0.060268 -0.076090
vn -0.019491 0.062106 -0.075914
vn -0.028483 0.058107 -0.076238
vn -0.023971 0.060299 -0.076088
vn -0.019387 0.062143 -0.075910
vn -0.023856 0.060349 -0.076085
vn -0.019299 0.062174 -0.075908
vn -0.066248 -0.000771 -0.074904
vn -0.066233 -0.000441 -0.074920
vn -0.066221 -0.000200 -0.074932
vn -0.066248 0.000081 -0.074908
vn -0.066204 0.000131 -0.074947
vn -0.066178 0.000610 -0.074967
vn -0.066231 0.000685 -0.074920
vn -0.066134 0.001368 -0.074996
vn -0.066044 0.002746 -0.075038
vn -0.066210 0.001354 -0.074929
vn -0.065954 0.003967 -0.075062
vn -0.065779 0.006032 -0.075078
vn 0.000000 0.066262 -0.074896
vn 0.000000 0.066262 -0.074896
vn 0.000000 0.066262 -0.074896
vn 0.000000 0.066262 -0.074896
vn 0.000000 0.066262 -0.074896
vn 0.000000 0.066262 -0.074896
vn 0.000000 0.066262 -0.074896
vn 0.000000 0.066262 -0.074896
vn 0.000000 0.066262 -0.074896
vn 0.000000 0.066262 -0.074896
vn 0.000000 0.066262 -0.074896
vn 0.000000 0.066262 -0.074896
vn 0.000000 0.066262 -0.074896
vn 0.000000 0.066262 -0.074896
vn 0.000000 0.066262 -0.074896
vn 0.000000 0.066262 -0.074896
vn 0.000771 0.066248 -0.074904
vn 0.000441 0.066233 -0.074920
vn -0.000086 0.066246 -0.074910
vn 0.000200 0.066221 -0.074932
vn -0.000131 0.066204 -0.074947
vn -0.000610 0.066178 -0.074967
vn -0.000730 0.066227 -0.074923
vn -0.001368 0.066134 -0.074996
vn -0.001444 0.066203 -0.074934
vn -0.002746 0.066044 -0.075038
vn -0.003967 0.065954 -0.075062
vn -0.006032 0.065779 -0.075078
vn 0.003967 0.065954 -0.075062
vn 0.007761 0.065319 -0.075320
vn 0.006031 0.065779 -0.075078
vn 0.012690 0.064246 -0.075574
vn 0.017055 0.063090 -0.075688
vn 0.017521 0.062827 -0.075801
vn 0.022252 0.061063 -0.076001
vn 0.016574 0.063110 -0.075779
vn 0.021453 0.061369 -0.075984
vn 0.016063 0.063260 -0.075764
vn 0.021024 0.061532 -0.075973
vn 0.015886 0.063311 -0.075758
vn 0.020876 0.061587 -0.075968
vn 0.015743 0.063353 -0.075753
vn 0.020756 0.061632 -0.075965
vn 0.015624 0.063387 -0.075749
vn 0.020656 0.061670 -0.075962
vn 0.015524 0.063416 -0.075746
vn 0.020572 0.061701 -0.075959
vn 0.015364 0.063462 -0.075740
vn 0.020439 0.061750 -0.075955
vn 0.015243 0.063497 -0.075735
vn 0.020338 0.061788 -0.075951
vn 0.018018 0.062619 -0.075856
vn 0.024019 0.060276 -0.076091
vn 0.002746 0.066044 -0.075038
vn 0.006529 0.065493 -0.075286
vn 0.011601 0.064484 -0.075546
vn 0.001367 0.066134 -0.074996
vn 0.005856 0.065584 -0.075263
vn 0.011010 0.064610 -0.075527
vn 0.000609 0.066178 -0.074967
vn 0.005622 0.065615 -0.075254
vn 0.010805 0.064653 -0.075520
vn 0.000130 0.066204 -0.074947
vn 0.005432 0.065639 -0.075246
vn 0.010639 0.064687 -0.075514
vn 0.005274 0.065660 -0.075240
vn -0.000200 0.066221 -0.074932
vn 0.005140 0.065677 -0.075234
vn 0.004927 0.065704 -0.075225
vn 0.010384 0.064740 -0.075504
vn 0.010198 0.064778 -0.075497
vn -0.000442 0.066233 -0.074920
vn 0.004765 0.065724 -0.075217
vn 0.010057 0.064807 -0.075491
vn -0.000772 0.066248 -0.074904
vn 0.005637 0.065600 -0.075265
vn 0.011898 0.064389 -0.075581
vn 0.025036 0.059816 -0.076127
vn 0.029907 0.057332 -0.076280
vn 0.029663 0.057468 -0.076273
vn 0.034088 0.054805 -0.076384
vn 0.034131 0.054777 -0.076385
vn 0.038307 0.051828 -0.076462
vn 0.038343 0.051801 -0.076462
vn 0.042284 0.048566 -0.076508
vn 0.042294 0.048557 -0.076508
vn 0.046013 0.045027 -0.076520
vn 0.046012 0.045028 -0.076520
vn 0.049448 0.041266 -0.076499
vn 0.049431 0.041285 -0.076499
vn 0.052558 0.037332 -0.076446
vn 0.052525 0.037378 -0.076446
vn 0.055353 0.033238 -0.076363
vn 0.055224 0.033443 -0.076366
vn 0.057751 0.029160 -0.076253
vn 0.057464 0.029699 -0.076262
vn 0.059659 0.025424 -0.076121
vn 0.058726 0.027442 -0.076146
vn 0.061544 0.021060 -0.075953
vn 0.063090 0.017055 -0.075688
vn 0.063124 0.016609 -0.075760
vn 0.064401 0.012070 -0.075543
vn 0.063400 0.015635 -0.075737
vn 0.064632 0.010963 -0.075515
vn 0.063546 0.015108 -0.075721
vn 0.064754 0.010362 -0.075495
vn 0.063596 0.014926 -0.075715
vn 0.064796 0.010154 -0.075488
vn 0.063637 0.014779 -0.075710
vn 0.064829 0.009984 -0.075482
vn 0.063670 0.014656 -0.075705
vn 0.064857 0.009843 -0.075476
vn 0.063698 0.014553 -0.075702
vn 0.064881 0.009725 -0.075472
vn 0.063743 0.014388 -0.075696
vn 0.064917 0.009536 -0.075464
vn 0.063777 0.014263 -0.075691
vn 0.064945 0.009392 -0.075458
vn 0.064389 0.011898 -0.075581
vn 0.065600 0.005637 -0.075265
vn 0.035469 0.053880 -0.076412
vn 0.038280 0.051848 -0.076462
vn 0.042268 0.048580 -0.076508
vn 0.046015 0.045025 -0.076520
vn 0.049461 0.041250 -0.076499
vn 0.052585 0.037295 -0.076445
vn 0.055397 0.033167 -0.076362
vn 0.057903 0.028872 -0.076247
vn 0.059966 0.024732 -0.076108
vn 0.040667 0.049950 -0.076493
vn 0.042256 0.048590 -0.076508
vn 0.046017 0.045023 -0.076520
vn 0.049472 0.041237 -0.076499
vn 0.052608 0.037264 -0.076445
vn 0.055432 0.033110 -0.076361
vn 0.057955 0.028774 -0.076245
vn 0.060129 0.024360 -0.076099
vn 0.061846 0.020223 -0.075935
vn 0.045522 0.045522 -0.076521
vn 0.046019 0.045021 -0.076520
vn 0.049490 0.041215 -0.076498
vn 0.052626 0.037238 -0.076445
vn 0.055462 0.033063 -0.076360
vn 0.057997 0.028694 -0.076243
vn 0.060185 0.024233 -0.076095
vn 0.062007 0.019773 -0.075922
vn 0.049950 0.040667 -0.076493
vn 0.049504 0.041199 -0.076498
vn 0.052656 0.037197 -0.076444
vn 0.055486 0.033023 -0.076359
vn 0.058032 0.028627 -0.076242
vn 0.060230 0.024129 -0.076093
vn 0.062062 0.019617 -0.075918
vn 0.052679 0.037166 -0.076444
vn 0.053880 0.035469 -0.076412
vn 0.055555 0.032912 -0.076357
vn 0.057332 0.029907 -0.076280
vn 0.058142 0.028416 -0.076236
vn 0.060276 0.024019 -0.076091
vn 0.060387 0.023769 -0.076082
vn 0.062260 0.019052 -0.075899
vn 0.062223 0.019159 -0.075903
vn 0.062619 0.018018 -0.075856
vn 0.065769 0.004425 -0.075199
vn 0.066248 -0.000772 -0.074904
vn 0.066233 -0.000442 -0.074920
vn 0.065749 0.004589 -0.075206
vn 0.066221 -0.000200 -0.074932
vn 0.065723 0.004803 -0.075216
vn 0.066204 0.000130 -0.074947
vn 0.065707 0.004938 -0.075221
vn 0.065687 0.005097 -0.075228
vn 0.066178 0.000609 -0.074967
vn 0.065663 0.005289 -0.075236
vn 0.065633 0.005525 -0.075245
vn 0.066134 0.001367 -0.074996
vn 0.065545 0.006203 -0.075269
vn 0.066044 0.002746 -0.075038
vn 0.065376 0.007445 -0.075303
vn 0.065954 0.003967 -0.075062
vn 0.065779 0.006031 -0.075078
vn 0.052817 0.037006 -0.076426
vn 0.054982 0.033830 -0.076371
vn 0.052426 0.037512 -0.076448
vn 0.049411 0.041309 -0.076499
vn 0.046009 0.045031 -0.076520
vn 0.042306 0.048546 -0.076508
vn 0.038365 0.051784 -0.076463
vn 0.034188 0.054740 -0.076386
vn 0.029725 0.057434 -0.076274
vn 0.045522 0.045522 -0.076521
vn 0.049241 0.041510 -0.076500
vn 0.052241 0.037765 -0.076450
vn 0.037006 0.052817 -0.076426
vn 0.042491 0.048383 -0.076509
vn 0.045984 0.045057 -0.076520
vn 0.045999 0.045042 -0.076520
vn 0.049352 0.041378 -0.076500
vn 0.046007 0.045034 -0.076520
vn 0.027442 0.058726 -0.076146
vn 0.030841 0.056815 -0.076295
vn 0.034915 0.054265 -0.076396
vn 0.038799 0.051453 -0.076467
vn 0.034566 0.054493 -0.076391
vn 0.038580 0.051620 -0.076465
vn 0.034381 0.054614 -0.076389
vn 0.038464 0.051709 -0.076464
vn 0.034317 0.054656 -0.076388
vn 0.038424 0.051739 -0.076463
vn 0.034266 0.054689 -0.076387
vn 0.038392 0.051764 -0.076463
vn 0.034223 0.054717 -0.076386
vn 0.026592 0.059095 -0.076162
vn 0.025940 0.059399 -0.076150
vn 0.030346 0.057091 -0.076287
vn 0.025591 0.059561 -0.076142
vn 0.030082 0.057237 -0.076282
vn 0.025471 0.059616 -0.076139
vn 0.029991 0.057287 -0.076280
vn 0.025374 0.059661 -0.076136
vn 0.029918 0.057328 -0.076279
vn 0.025293 0.059698 -0.076134
vn 0.029857 0.057361 -0.076277
vn 0.025225 0.059729 -0.076132
vn 0.029806 0.057389 -0.076276
vn 0.025117 0.059778 -0.076129
vn 0.042391 0.048471 -0.076508
vn 0.042339 0.048517 -0.076508
vn 0.042321 0.048533 -0.076508
vn 0.010501 0.064716 -0.075509
vn 0.055526 0.032960 -0.076358
vn 0.058061 0.028572 -0.076240
vn 0.060268 0.024043 -0.076090
vn 0.062106 0.019491 -0.075914
vn 0.058107 0.028483 -0.076238
vn 0.060299 0.023971 -0.076088
vn 0.062143 0.019387 -0.075910
vn 0.060349 0.023856 -0.076085
vn 0.062174 0.019299 -0.075908
vn -0.000771 0.066248 -0.074904
vn -0.000441 0.066233 -0.074920
vn -0.000200 0.066221 -0.074932
vn 0.000081 0.066248 -0.074908
vn 0.000131 0.066204 -0.074947
vn 0.000610 0.066178 -0.074967
vn 0.000685 0.066231 -0.074920
vn 0.001368 0.066134 -0.074996
vn 0.002746 0.066044 -0.075038
vn 0.001354 0.066210 -0.074929
vn 0.003967 0.065954 -0.075062
vn 0.006032 0.065779 -0.075078
vn 0.066262 -0.000000 -0.074896
vn 0.066262 -0.000000 -0.074896
vn 0.066262 -0.000000 -0.074896
vn 0.066262 -0.000000 -0.074896
vn 0.066262 -0.000000 -0.074896
vn 0.066262 -0.000000 -0.074896
vn 0.066262 -0.000000 -0.074896
vn 0.066262 -0.000000 -0.074896
vn 0.066262 -0.000000 -0.074896
vn 0.066262 -0.000000 -0.074896
vn 0.066262 -0.000000 -0.074896
vn 0.066262 -0.000000 -0.074896
vn 0.066262 -0.000000 -0.074896
vn 0.066262 -0.000000 -0.074896
vn 0.066262 -0.000000 -0.074896
vn 0.066262 -0.000000 -0.074896
vn 0.066248 -0.000771 -0.074904
vn 0.066233 -0.000441 -0.074920
vn 0.066246 0.000086 -0.074910
vn 0.066221 -0.000200 -0.074932
vn 0.066204 0.000131 -0.074947
vn 0.066178 0.000610 -0.074967
vn 0.066227 0.000730 -0.074923
vn 0.066134 0.001368 -0.074996
vn 0.066203 0.001444 -0.074934
vn 0.066044 0.002746 -0.075038
vn 0.065954 0.003967 -0.075062
vn 0.065779 0.006032 -0.075078
vn 0.065954 -0.003967 -0.075062
vn 0.065319 -0.007761 -0.075320
vn 0.065779 -0.006031 -0.075078
vn 0.064246 -0.012690 -0.075574
vn 0.063090 -0.017055 -0.075688
vn 0.062827 -0.017521 -0.075801
vn 0.061063 -0.022252 -0.076001
vn 0.063110 -0.016574 -0.075779
vn 0.061369 -0.021453 -0.075984
vn 0.063260 -0.016063 -0.075764
vn 0.061532 -0.021024 -0.075973
vn 0.063311 -0.015886 -0.075758
vn 0.061587 -0.020876 -0.075968
vn 0.063353 -0.015743 -0.075753
vn 0.061632 -0.020756 -0.075965
vn 0.063387 -0.015624 -0.075749
vn 0.061670 -0.020656 -0.075962
vn 0.063416 -0.015524 -0.075746
vn 0.061701 -0.020572 -0.075959
vn 0.063462 -0.015364 -0.075740
vn 0.061750 -0.020439 -0.075955
vn 0.063497 -0.015243 -0.075735
vn 0.061788 -0.020338 -0.075951
vn 0.062619 -0.018018 -0.075856
vn 0.060276 -0.024019 -0.076091
vn 0.066044 -0.002746 -0.075038
vn 0.065493 -0.006529 -0.075286
vn 0.064484 -0.011601 -0.075546
vn 0.066134 -0.001367 -0.074996
vn 0.065584 -0.005856 -0.075263
vn 0.064610 -0.011010 -0.075527
vn 0.066178 -0.000609 -0.074967
vn 0.065615 -0.005622 -0.075254
vn 0.064653 -0.010805 -0.075520
vn 0.066204 -0.000130 -0.074947
vn 0.065639 -0.005432 -0.075246
vn 0.064687 -0.010639 -0.075514
vn 0.065660 -0.005274 -0.075240
vn 0.066221 0.000200 -0.074932
vn 0.065677 -0.005140 -0.075234
vn 0.065704 -0.004927 -0.075225
vn 0.064740 -0.010384 -0.075504
vn 0.064778 -0.010198 -0.075497
vn 0.066233 0.000442 -0.074920
vn 0.065724 -0.004765 -0.075217
vn 0.064807 -0.010057 -0.075491
vn 0.066248 0.000772 -0.074904
vn 0.065600 -0.005637 -0.075265
vn 0.064389 -0.011898 -0.075581
vn 0.059816 -0.025036 -0.076127
vn 0.057332 -0.029907 -0.076280
vn 0.057468 -0.029663 -0.076273
vn 0.054805 -0.034088 -0.076384
vn 0.054777 -0.034131 -0.076385
vn 0.051828 -0.038307 -0.076462
vn 0.051801 -0.038343 -0.076462
vn 0.048566 -0.042284 -0.076508
vn 0.048557 -0.042294 -0.076508
vn 0.045027 -0.046013 -0.076520
vn 0.045028 -0.046012 -0.076520
vn 0.041266 -0.049448 -0.076499
vn 0.041285 -0.049431 -0.076499
vn 0.037332 -0.052558 -0.076446
vn 0.037378 -0.052525 -0.076446
vn 0.033238 -0.055353 -0.076363
vn 0.033443 -0.055224 -0.076366
vn 0.029160 -0.057751 -0.076253
vn 0.029699 -0.057464 -0.076262
vn 0.025424 -0.059659 -0.076121
vn 0.027442 -0.058726 -0.076146
vn 0.021060 -0.061544 -0.075953
vn 0.017055 -0.063090 -0.075688
vn 0.016609 -0.063124 -0.075760
vn 0.012070 -0.064401 -0.075543
vn 0.015635 -0.063400 -0.075737
vn 0.010963 -0.064632 -0.075515
vn 0.015108 -0.063546 -0.075721
vn 0.010362 -0.064754 -0.075495
vn 0.014926 -0.063596 -0.075715
vn 0.010154 -0.064796 -0.075488
vn 0.014779 -0.063637 -0.075710
vn 0.009984 -0.064829 -0.075482
vn 0.014656 -0.063670 -0.075705
vn 0.009843 -0.064857 -0.075476
vn 0.014553 -0.063698 -0.075702
vn 0.009725 -0.064881 -0.075472
vn 0.014388 -0.063743 -0.075696
vn 0.009536 -0.064917 -0.075464
vn 0.014263 -0.063777 -0.075691
vn 0.009392 -0.064945 -0.075458
vn 0.011898 -0.064389 -0.075581
vn 0.005637 -0.065600 -0.075265
vn 0.053880 -0.035469 -0.076412
vn 0.051848 -0.038280 -0.076462
vn 0.048580 -0.042268 -0.076508
vn 0.045025 -0.046015 -0.076520
vn 0.041250 -0.049461 -0.076499
vn 0.037295 -0.052585 -0.076445
vn 0.033167 -0.055397 -0.076362
vn 0.028872 -0.057903 -0.076247
vn 0.024732 -0.059966 -0.076108
vn 0.049950 -0.040667 -0.076493
vn 0.048590 -0.042256 -0.076508
vn 0.045023 -0.046017 -0.076520
vn 0.041237 -0.049472 -0.076499
vn 0.037264 -0.052608 -0.076445
vn 0.033110 -0.055432 -0.076361
vn 0.028774 -0.057955 -0.076245
vn 0.024360 -0.060129 -0.076099
vn 0.020223 -0.061846 -0.075935
vn 0.045522 -0.045522 -0.076521
vn 0.045021 -0.046019 -0.076520
vn 0.041215 -0.049490 -0.076498
vn 0.037238 -0.052626 -0.076445
vn 0.033063 -0.055462 -0.076360
vn 0.028694 -0.057997 -0.076243
vn 0.024233 -0.060185 -0.076095
vn 0.019773 -0.062007 -0.075922
vn 0.040667 -0.049950 -0.076493
vn 0.041199 -0.049504 -0.076498
vn 0.037197 -0.052656 -0.076444
vn 0.033023 -0.055486 -0.076359
vn 0.028627 -0.058032 -0.076242
vn 0.024129 -0.060230 -0.076093
vn 0.019617 -0.062062 -0.075918
vn 0.037166 -0.052679 -0.076444
vn 0.035469 -0.053880 -0.076412
vn 0.032912 -0.055555 -0.076357
vn 0.029907 -0.057332 -0.076280
vn 0.028416 -0.058142 -0.076236
vn 0.024019 -0.060276 -0.076091
vn 0.023769 -0.060387 -0.076082
vn 0.019052 -0.062260 -0.075899
vn 0.019159 -0.062223 -0.075903
vn 0.018018 -0.062619 -0.075856
vn 0.004425 -0.065769 -0.075199
vn -0.000772 -0.066248 -0.074904
vn -0.000442 -0.066233 -0.074920
vn 0.004589 -0.065749 -0.075206
vn -0.000200 -0.066221 -0.074932
vn 0.004803 -0.065723 -0.075216
vn 0.000130 -0.066204 -0.074947
vn 0.004938 -0.065707 -0.075221
vn 0.005097 -0.065687 -0.075228
vn 0.000609 -0.066178 -0.074967
vn 0.005289 -0.065663 -0.075236
vn 0.005525 -0.065633 -0.075245
vn 0.001367 -0.066134 -0.074996
vn 0.006203 -0.065545 -0.075269
vn 0.002746 -0.066044 -0.075038
vn 0.007445 -0.065376 -0.075303
vn 0.003967 -0.065954 -0.075062
vn 0.006031 -0.065779 -0.075078
vn 0.037006 -0.052817 -0.076426
vn 0.033830 -0.054982 -0.076371
vn 0.037512 -0.052426 -0.076448
vn 0.041309 -0.049411 -0.076499
vn 0.045031 -0.046009 -0.076520
vn 0.048546 -0.042306 -0.076508
vn 0.051784 -0.038365 -0.076463
vn 0.054740 -0.034188 -0.076386
vn 0.057434 -0.029725 -0.076274
vn 0.045522 -0.045522 -0.076521
vn 0.041510 -0.049241 -0.076500
vn 0.037765 -0.052241 -0.076450
vn 0.052817 -0.037006 -0.076426
vn 0.048383 -0.042491 -0.076509
vn 0.045057 -0.045984 -0.076520
vn 0.045042 -0.045999 -0.076520
vn 0.041378 -0.049352 -0.076500
vn 0.045034 -0.046007 -0.076520
vn 0.058726 -0.027442 -0.076146
vn 0.056815 -0.030841 -0.076295
vn 0.054265 -0.034915 -0.076396
vn 0.051453 -0.038799 -0.076467
vn 0.054493 -0.034566 -0.076391
vn 0.051620 -0.038580 -0.076465
vn 0.054614 -0.034381 -0.076389
vn 0.051709 -0.038464 -0.076464
vn 0.054656 -0.034317 -0.076388
vn 0.051739 -0.038424 -0.076463
vn 0.054689 -0.034266 -0.076387
vn 0.051764 -0.038392 -0.076463
vn 0.054717 -0.034223 -0.076386
vn 0.059095 -0.026592 -0.076162
vn 0.059399 -0.025940 -0.076150
vn 0.057091 -0.030346 -0.076287
vn 0.059561 -0.025591 -0.076142
vn 0.057237 -0.030082 -0.076282
vn 0.059616 -0.025471 -0.076139
vn 0.057287 -0.029991 -0.076280
vn 0.059661 -0.025374 -0.076136
vn 0.057328 -0.029918 -0.076279
vn 0.059698 -0.025293 -0.076134
vn 0.057361 -0.029857 -0.076277
vn 0.059729 -0.025225 -0.076132
vn 0.057389 -0.029806 -0.076276
vn 0.059778 -0.025117 -0.076129
vn 0.048471 -0.042391 -0.076508
vn 0.048517 -0.042339 -0.076508
vn 0.048533 -0.042321 -0.076508
vn 0.064716 -0.010501 -0.075509
vn 0.032960 -0.055526 -0.076358
vn 0.028572 -0.058061 -0.076240
vn 0.024043 -0.060268 -0.076090
vn 0.019491 -0.062106 -0.075914
vn 0.028483 -0.058107 -0.076238
vn 0.023971 -0.060299 -0.076088
vn 0.019387 -0.062143 -0.075910
vn 0.023856 -0.060349 -0.076085
vn 0.019299 -0.062174 -0.075908
vn 0.066248 0.000771 -0.074904
vn 0.066233 0.000441 -0.074920
vn 0.066221 0.000200 -0.074932
vn 0.066248 -0.000081 -0.074908
vn 0.066204 -0.000131 -0.074947
vn 0.066178 -0.000610 -0.074967
vn 0.066231 -0.000685 -0.074920
vn 0.066134 -0.001368 -0.074996
vn 0.066044 -0.002746 -0.075038
vn 0.066210 -0.001354 -0.074929
vn 0.065954 -0.003967 -0.075062
vn 0.065779 -0.006032 -0.075078
vn -0.000000 -0.066262 -0.074896
vn -0.000000 -0.066262 -0.074896
vn -0.000000 -0.066262 -0.074896
vn -0.000000 -0.066262 -0.074896
vn -0.000000 -0.066262 -0.074896
vn -0.000000 -0.066262 -0.074896
vn -0.000000 -0.066262 -0.074896
vn -0.000000 -0.066262 -0.074896
vn -0.000000 -0.066262 -0.074896
vn -0.000000 -0.066262 -0.074896
vn -0.000000 -0.066262 -0.074896
vn -0.000000 -0.066262 -0.074896
vn -0.000000 -0.066262 -0.074896
vn -0.000000 -0.066262 -0.074896
vn -0.000000 -0.066262 -0.074896
vn -0.000000 -0.066262 -0.074896
vn -0.000771 -0.066248 -0.074904
vn -0.000441 -0.066233 -0.074920
vn 0.000086 -0.066246 -0.074910
vn -0.000200 -0.066221 -0.074932
vn 0.000131 -0.066204 -0.074947
vn 0.000610 -0.066178 -0.074967
vn 0.000730 -0.066227 -0.074923
vn 0.001368 -0.066134 -0.074996
vn 0.001444 -0.066203 -0.074934
vn 0.002746 -0.066044 -0.075038
vn 0.003967 -0.065954 -0.075062
vn 0.006032 -0.065779 -0.075078
vn 0.000771 -0.066248 -0.074904
vn 0.000441 -0.066233 -0.074920
vn 0.000200 -0.066221 -0.074932
vn -0.000081 -0.066248 -0.074908
vn -0.000131 -0.066204 -0.074947
vn -0.000610 -0.066178 -0.074967
vn -0.000685 -0.066231 -0.074920
vn -0.001368 -0.066134 -0.074996
vn -0.002746 -0.066044 -0.075038
vn -0.001354 -0.066210 -0.074929
vn -0.003967 -0.065954 -0.075062
vn -0.006032 -0.065779 -0.075078
vn -0.009480 0.098660 -0.013278
vn -0.012835 0.098231 -0.013637
vn 0.000000 0.099255 -0.012187
vn -0.012835 0.098231 -0.013637
vn -0.000000 0.099255 -0.012187
vn -0.012835 0.098231 -0.013637
vn -0.012835 0.098231 -0.013637
vn -0.025454 0.095558 -0.014858
vn -0.025454 0.095558 -0.014858
vn -0.037646 0.091281 -0.015830
vn -0.037646 0.091281 -0.015830
vn -0.049207 0.085471 -0.016536
vn -0.049207 0.085471 -0.016536
vn -0.059941 0.078226 -0.016965
vn -0.059941 0.078226 -0.016965
vn -0.069668 0.069668 -0.017108
vn -0.069668 0.069668 -0.017108
vn -0.078226 0.059941 -0.016965
vn -0.078226 0.059941 -0.016965
vn -0.085471 0.049207 -0.016536
vn -0.085471 0.049207 -0.016536
vn -0.091281 0.037646 -0.015830
vn -0.091281 0.037646 -0.015830
vn -0.095558 0.025454 -0.014858
vn -0.095558 0.025454 -0.014858
vn -0.098231 0.012835 -0.013637
vn -0.098231 0.012835 -0.013637
vn -0.099255 0.000000 -0.012187
vn -0.098231 0.012835 -0.013637
vn -0.098231 0.012835 -0.013637
vn -0.095558 0.025454 -0.014858
vn -0.097151 0.018936 -0.014254
vn -0.094725 0.028268 -0.015102
vn -0.091281 0.037646 -0.015830
vn -0.091396 0.037374 -0.015811
vn -0.087185 0.046160 -0.016373
vn -0.085471 0.049207 -0.016536
vn -0.082126 0.054532 -0.016780
vn -0.078226 0.059941 -0.016965
vn -0.076267 0.062397 -0.017026
vn -0.069668 0.069668 -0.017108
vn -0.069668 0.069668 -0.017108
vn -0.062397 0.076267 -0.017026
vn -0.059941 0.078226 -0.016965
vn -0.054532 0.082126 -0.016780
vn -0.049207 0.085471 -0.016536
vn -0.046160 0.087185 -0.016373
vn -0.037646 0.091281 -0.015830
vn -0.037374 0.091396 -0.015811
vn -0.028268 0.094725 -0.015102
vn -0.025454 0.095558 -0.014858
vn -0.018936 0.097151 -0.014254
vn -0.098660 0.009480 -0.013278
vn -0.099255 -0.000000 -0.012187
vn -0.025454 0.095558 -0.014858
vn -0.037646 0.091281 -0.015830
vn -0.049207 0.085471 -0.016536
vn -0.059941 0.078226 -0.016965
vn -0.069668 0.069668 -0.017108
vn -0.078226 0.059941 -0.016965
vn -0.085471 0.049207 -0.016536
vn -0.091281 0.037646 -0.015830
vn -0.095558 0.025454 -0.014858
vn -0.099255 0.000000 -0.012187
vn -0.099255 0.000000 -0.012187
vn -0.099255 0.000000 -0.012187
vn -0.099255 0.000000 -0.012187
vn -0.099255 0.000000 -0.012187
vn -0.098660 -0.009480 -0.013278
vn -0.098231 -0.012835 -0.013637
vn -0.099255 0.000000 -0.012187
vn -0.098231 -0.012835 -0.013637
vn -0.098231 -0.012835 -0.013637
vn -0.098231 -0.012835 -0.013637
vn -0.095558 -0.025454 -0.014858
vn -0.095558 -0.025454 -0.014858
vn -0.091281 -0.037646 -0.015830
vn -0.091281 -0.037646 -0.015830
vn -0.085471 -0.049207 -0.016536
vn -0.085471 -0.049207 -0.016536
vn -0.078226 -0.059941 -0.016965
vn -0.078226 -0.059941 -0.016965
vn -0.069668 -0.069668 -0.017108
vn -0.069668 -0.069668 -0.017108
vn -0.059941 -0.078226 -0.016965
vn -0.059941 -0.078226 -0.016965
vn -0.049207 -0.085471 -0.016536
vn -0.049207 -0.085471 -0.016536
vn -0.037646 -0.091281 -0.015830
vn -0.037646 -0.091281 -0.015830
vn -0.025454 -0.095558 -0.014858
vn -0.025454 -0.095558 -0.014858
vn -0.012835 -0.098231 -0.013637
vn -0.012835 -0.098231 -0.013637
vn 0.000000 -0.099255 -0.012187
vn -0.012835 -0.098231 -0.013637
vn -0.012835 -0.098231 -0.013637
vn -0.025454 -0.095558 -0.014858
vn -0.018936 -0.097151 -0.014254
vn -0.028268 -0.094725 -0.015102
vn -0.037646 -0.091281 -0.015830
vn -0.037374 -0.091396 -0.015811
vn -0.046160 -0.087185 -0.016373
vn -0.049207 -0.085471 -0.016536
vn -0.054532 -0.082126 -0.016780
vn -0.059941 -0.078226 -0.016965
vn -0.062397 -0.076267 -0.017026
vn -0.069668 -0.069668 -0.017108
vn -0.069668 -0.069668 -0.017108
vn -0.076267 -0.062397 -0.017026
vn -0.078226 -0.059941 -0.016965
vn -0.082126 -0.054532 -0.016780
vn -0.085471 -0.049207 -0.016536
vn -0.087185 -0.046160 -0.016373
vn -0.091281 -0.037646 -0.015830
vn -0.091396 -0.037374 -0.015811
vn -0.094725 -0.028268 -0.015102
vn -0.095558 -0.025454 -0.014858
vn -0.097151 -0.018936 -0.014254
vn -0.009480 -0.098660 -0.013278
vn 0.000000 -0.099255 -0.012187
vn -0.095558 -0.025454 -0.014858
vn -0.091281 -0.037646 -0.015830
vn -0.085471 -0.049207 -0.016536
vn -0.078226 -0.059941 -0.016965
vn -0.069668 -0.069668 -0.017108
vn -0.059941 -0.078226 -0.016965
vn -0.049207 -0.085471 -0.016536
vn -0.037646 -0.091281 -0.015830
vn -0.025454 -0.095558 -0.014858
vn -0.000000 -0.099255 -0.012187
vn -0.000000 -0.099255 -0.012187
vn -0.000000 -0.099255 -0.012187
vn -0.000000 -0.099255 -0.012187
vn -0.000000 -0.099255 -0.012187
vn 0.000000 0.000000 -0.100000
vn 0.000000 0.000000 -0.100000
vn 0.000000 0.000000 -0.100000
vn 0.000000 0.000000 -0.100000
vn 0.000000 0.000000 -0.100000
vn 0.000000 0.000000 -0.100000
vn 0.000000 0.000000 -0.100000
vn 0.000000 0.000000 -0.100000
vn 0.000000 0.000000 -0.100000
vn 0.000000 0.000000 -0.100000
vn 0.000000 0.000000 -0.100000
vn 0.000000 0.000000 -0.100000
vn 0.000000 0.000000 -0.100000
vn 0.000000 0.000000 -0.100000
vn 0.000000 0.000000 -0.100000
vn 0.000000 0.000000 -0.100000
vn 0.000000 0.000000 -0.100000
vn 0.000000 0.000000 -0.100000
vn 0.000000 0.000000 -0.100000
vn 0.000000 0.000000 -0.100000
vn 0.000000 0.000000 -0.100000
vn 0.000000 0.000000 -0.100000
vn 0.000000 0.000000 -0.100000
vn 0.000000 0.000000 -0.100000
vn 0.000000 0.000000 -0.100000
vn 0.000000 0.000000 -0.100000
vn 0.000000 0.000000 -0.100000
vn 0.000000 0.000000 -0.100000
vn 0.000000 0.000000 -0.100000
vn 0.000000 0.000000 -0.100000
vn 0.000000 0.000000 -0.100000
vn 0.000000 0.000000 -0.100000
vn 0.000000 0.000000 -0.100000
vn 0.000000 0.000000 -0.100000
vn 0.000000 0.000000 -0.100000
vn 0.000000 0.000000 -0.100000
vn 0.000000 0.000000 -0.100000
vn 0.000000 0.000000 -0.100000
vn 0.000000 0.000000 -0.100000
vn 0.000000 0.000000 -0.100000
vn 0.000000 0.000000 -0.100000
vn 0.000000 0.000000 -0.100000
vn 0.000000 0.000000 -0.100000
vn 0.000000 0.000000 -0.100000
vn 0.000000 0.000000 -0.100000
vn 0.000000 0.000000 -0.100000
vn 0.000000 0.000000 -0.100000
vn 0.000000 0.000000 -0.100000
vn 0.000000 0.000000 -0.100000
vn 0.000000 0.000000 -0.100000
vn 0.000000 0.000000 -0.100000
vn 0.000000 0.000000 -0.100000
vn 0.000000 0.000000 -0.100000
vn 0.000000 0.000000 -0.100000
vn 0.000000 0.000000 -0.100000
vn 0.000000 0.000000 -0.100000
vn 0.000000 0.000000 -0.100000
vn 0.000000 0.000000 -0.100000
vn 0.000000 0.000000 -0.100000
vn 0.000000 0.000000 -0.100000
vn 0.000000 0.000000 -0.100000
vn 0.000000 0.000000 -0.100000
vn 0.000000 0.000000 -0.100000
vn 0.000000 0.000000 -0.100000
vn 0.000000 0.000000 -0.100000
vn 0.000000 0.000000 -0.100000
vn 0.000000 0.000000 -0.100000
vn 0.000000 0.000000 -0.100000
vn 0.000000 0.000000 -0.100000
vn 0.000000 0.000000 -0.100000
vn 0.000000 0.000000 -0.100000
vn 0.000000 0.000000 -0.100000
vn 0.000000 0.000000 -0.100000
vn 0.000000 0.000000 -0.100000
vn 0.000000 0.000000 -0.100000
vn 0.000000 0.000000 -0.100000
vn 0.000000 0.000000 -0.100000
vn 0.000000 0.000000 -0.100000
vn 0.000000 0.000000 -0.100000
vn 0.000000 0.000000 -0.100000
vn 0.000000 0.000000 -0.100000
vn 0.000000 0.000000 -0.100000
vn 0.000000 0.000000 -0.100000
vn 0.000000 0.000000 -0.100000
vn 0.000000 0.000000 -0.100000
vn 0.000000 0.000000 -0.100000
vn 0.000000 0.000000 -0.100000
vn 0.000000 0.000000 -0.100000
vn 0.000000 0.000000 -0.100000
vn 0.000000 0.000000 -0.100000
vn 0.000000 0.000000 -0.100000
vn 0.000000 0.000000 -0.100000
vn 0.000000 0.000000 -0.100000
vn 0.000000 0.000000 -0.100000
vn 0.000000 0.000000 -0.100000
vn 0.000000 0.000000 -0.100000
vn 0.000000 0.000000 -0.100000
vn 0.000000 0.000000 -0.100000
vn 0.000000 0.000000 -0.100000
vn 0.000000 0.000000 -0.100000
vn 0.000000 0.000000 -0.100000
vn 0.000000 0.000000 -0.100000
vn 0.000000 0.000000 -0.100000
vn 0.000000 0.000000 -0.100000
vn 0.000000 0.000000 -0.100000
vn 0.000000 0.000000 -0.100000
vn 0.000000 0.000000 -0.100000
vn 0.000000 0.000000 -0.100000
vn 0.000000 0.000000 -0.100000
vn 0.000000 0.000000 -0.100000
vn 0.000000 0.000000 -0.100000
vn 0.000000 0.000000 -0.100000
vn 0.098660 0.009480 -0.013278
vn 0.098231 0.012835 -0.013637
vn 0.099255 -0.000000 -0.012187
vn 0.098231 0.012835 -0.013637
vn 0.099255 0.000000 -0.012187
vn 0.098231 0.012835 -0.013637
vn 0.098231 0.012835 -0.013637
vn 0.095558 0.025454 -0.014858
vn 0.095558 0.025454 -0.014858
vn 0.091281 0.037646 -0.015830
vn 0.091281 0.037646 -0.015830
vn 0.085471 0.049207 -0.016536
vn 0.085471 0.049207 -0.016536
vn 0.078226 0.059941 -0.016965
vn 0.078226 0.059941 -0.016965
vn 0.069668 0.069668 -0.017108
vn 0.069668 0.069668 -0.017108
vn 0.059941 0.078226 -0.016965
vn 0.059941 0.078226 -0.016965
vn 0.049207 0.085471 -0.016536
vn 0.049207 0.085471 -0.016536
vn 0.037646 0.091281 -0.015830
vn 0.037646 0.091281 -0.015830
vn 0.025454 0.095558 -0.014858
vn 0.025454 0.095558 -0.014858
vn 0.012835 0.098231 -0.013637
vn 0.012835 0.098231 -0.013637
vn -0.000000 0.099255 -0.012187
vn 0.012835 0.098231 -0.013637
vn 0.012835 0.098231 -0.013637
vn 0.025454 0.095558 -0.014858
vn 0.018936 0.097151 -0.014254
vn 0.028268 0.094725 -0.015102
vn 0.037646 0.091281 -0.015830
vn 0.037374 0.091396 -0.015811
vn 0.046160 0.087185 -0.016373
vn 0.049207 0.085471 -0.016536
vn 0.054532 0.082126 -0.016780
vn 0.059941 0.078226 -0.016965
vn 0.062397 0.076267 -0.017026
vn 0.069668 0.069668 -0.017108
vn 0.069668 0.069668 -0.017108
vn 0.076267 0.062397 -0.017026
vn 0.078226 0.059941 -0.016965
vn 0.082126 0.054532 -0.016780
vn 0.085471 0.049207 -0.016536
vn 0.087185 0.046160 -0.016373
vn 0.091281 0.037646 -0.015830
vn 0.091396 0.037374 -0.015811
vn 0.094725 0.028268 -0.015102
vn 0.095558 0.025454 -0.014858
vn 0.097151 0.018936 -0.014254
vn 0.009480 0.098660 -0.013278
vn -0.000000 0.099255 -0.012187
vn 0.095558 0.025454 -0.014858
vn 0.091281 0.037646 -0.015830
vn 0.085471 0.049207 -0.016536
vn 0.078226 0.059941 -0.016965
vn 0.069668 0.069668 -0.017108
vn 0.059941 0.078226 -0.016965
vn 0.049207 0.085471 -0.016536
vn 0.037646 0.091281 -0.015830
vn 0.025454 0.095558 -0.014858
vn 0.000000 0.099255 -0.012187
vn 0.000000 0.099255 -0.012187
vn 0.000000 0.099255 -0.012187
vn 0.000000 0.099255 -0.012187
vn 0.009480 -0.098660 -0.013278
vn 0.012835 -0.098231 -0.013637
vn -0.000000 -0.099255 -0.012187
vn 0.012835 -0.098231 -0.013637
vn 0.012835 -0.098231 -0.013637
vn 0.012835 -0.098231 -0.013637
vn 0.025454 -0.095558 -0.014858
vn 0.025454 -0.095558 -0.014858
vn 0.037646 -0.091281 -0.015830
vn 0.037646 -0.091281 -0.015830
vn 0.049207 -0.085471 -0.016536
vn 0.049207 -0.085471 -0.016536
vn 0.059941 -0.078226 -0.016965
vn 0.059941 -0.078226 -0.016965
vn 0.069668 -0.069668 -0.017108
vn 0.069668 -0.069668 -0.017108
vn 0.078226 -0.059941 -0.016965
vn 0.078226 -0.059941 -0.016965
vn 0.085471 -0.049207 -0.016536
vn 0.085471 -0.049207 -0.016536
vn 0.091281 -0.037646 -0.015830
vn 0.091281 -0.037646 -0.015830
vn 0.095558 -0.025454 -0.014858
vn 0.095558 -0.025454 -0.014858
vn 0.098231 -0.012835 -0.013637
vn 0.098231 -0.012835 -0.013637
vn 0.099255 -0.000000 -0.012187
vn 0.098231 -0.012835 -0.013637
vn 0.098231 -0.012835 -0.013637
vn 0.095558 -0.025454 -0.014858
vn 0.097151 -0.018936 -0.014254
vn 0.094725 -0.028268 -0.015102
vn 0.091281 -0.037646 -0.015830
vn 0.091396 -0.037374 -0.015811
vn 0.087185 -0.046160 -0.016373
vn 0.085471 -0.049207 -0.016536
vn 0.082126 -0.054532 -0.016780
vn 0.078226 -0.059941 -0.016965
vn 0.076267 -0.062397 -0.017026
vn 0.069668 -0.069668 -0.017108
vn 0.069668 -0.069668 -0.017108
vn 0.062397 -0.076267 -0.017026
vn 0.059941 -0.078226 -0.016965
vn 0.054532 -0.082126 -0.016780
vn 0.049207 -0.085471 -0.016536
vn 0.046160 -0.087185 -0.016373
vn 0.037646 -0.091281 -0.015830
vn 0.037374 -0.091396 -0.015811
vn 0.028268 -0.094725 -0.015102
vn 0.025454 -0.095558 -0.014858
vn 0.018936 -0.097151 -0.014254
vn 0.098660 -0.009480 -0.013278
vn 0.099255 0.000000 -0.012187
vn 0.025454 -0.095558 -0.014858
vn 0.037646 -0.091281 -0.015830
vn 0.049207 -0.085471 -0.016536
vn 0.059941 -0.078226 -0.016965
vn 0.069668 -0.069668 -0.017108
vn 0.078226 -0.059941 -0.016965
vn 0.085471 -0.049207 -0.016536
vn 0.091281 -0.037646 -0.015830
vn 0.095558 -0.025454 -0.014858
vn -0.099070 0.004759 0.012749
vn -0.098989 0.005937 0.012883
vn -0.099255 -0.000000 0.012187
vn -0.099005 0.005717 0.012858
vn -0.099255 0.000000 0.012187
vn -0.098656 0.009517 0.013282
vn -0.098369 0.011853 0.013533
vn -0.098427 0.011416 0.013487
vn -0.097521 0.017076 0.014071
vn -0.097396 0.017726 0.014135
vn -0.096292 0.022680 0.014608
vn -0.096075 0.023536 0.014686
vn -0.094744 0.028208 0.015097
vn -0.094410 0.029261 0.015185
vn -0.092881 0.033643 0.015535
vn -0.092407 0.034882 0.015629
vn -0.090709 0.038966 0.015922
vn -0.090073 0.040378 0.016017
vn -0.088236 0.044159 0.016256
vn -0.087416 0.045729 0.016348
vn -0.085471 0.049207 0.016536
vn -0.084447 0.050916 0.016621
vn -0.082421 0.054090 0.016762
vn -0.081175 0.055922 0.016833
vn -0.079098 0.058794 0.016931
vn -0.077613 0.060727 0.016986
vn -0.075513 0.063303 0.017044
vn -0.073773 0.065314 0.017078
vn -0.071676 0.067602 0.017101
vn -0.069669 0.069668 0.017108
vn -0.067602 0.071676 0.017101
vn -0.065314 0.073773 0.017078
vn -0.063303 0.075513 0.017044
vn -0.060727 0.077613 0.016986
vn -0.058794 0.079098 0.016931
vn -0.055922 0.081175 0.016833
vn -0.054090 0.082421 0.016762
vn -0.050916 0.084447 0.016621
vn -0.049207 0.085471 0.016536
vn -0.045729 0.087416 0.016348
vn -0.044159 0.088236 0.016256
vn -0.040378 0.090073 0.016017
vn -0.038966 0.090709 0.015922
vn -0.034882 0.092407 0.015629
vn -0.033643 0.092881 0.015535
vn -0.029261 0.094410 0.015185
vn -0.028208 0.094744 0.015097
vn -0.023536 0.096075 0.014686
vn -0.022680 0.096292 0.014608
vn -0.017726 0.097396 0.014135
vn -0.017076 0.097521 0.014071
vn -0.011853 0.098369 0.013533
vn -0.011416 0.098427 0.013487
vn -0.005937 0.098989 0.012883
vn -0.005717 0.099005 0.012858
vn -0.000000 0.099255 0.012187
vn -0.004759 0.099070 0.012749
vn 0.000000 0.099255 0.012187
vn -0.098012 0.014265 0.013786
vn -0.097139 0.018991 0.014259
vn -0.096037 0.023683 0.014700
vn -0.094706 0.028329 0.015107
vn -0.093150 0.032917 0.015479
vn -0.091370 0.037435 0.015815
vn -0.089371 0.041870 0.016114
vn -0.087158 0.046210 0.016376
vn -0.084734 0.050445 0.016598
vn -0.082105 0.054564 0.016781
vn -0.079277 0.058556 0.016924
vn -0.076256 0.062411 0.017026
vn -0.073051 0.066118 0.017088
vn -0.069669 0.069667 0.017108
vn -0.066120 0.073049 0.017088
vn -0.062413 0.076255 0.017026
vn -0.058557 0.079276 0.016924
vn -0.054564 0.082105 0.016781
vn -0.050444 0.084735 0.016598
vn -0.046207 0.087159 0.016375
vn -0.041866 0.089373 0.016114
vn -0.037431 0.091372 0.015815
vn -0.032914 0.093151 0.015479
vn -0.028327 0.094707 0.015107
vn -0.023682 0.096037 0.014700
vn -0.018991 0.097139 0.014259
vn -0.014265 0.098012 0.013786
vn -0.009518 0.098656 0.013282
vn 0.000000 0.000000 -0.100000
vn 0.000000 0.000000 -0.100000
vn 0.000000 0.000000 -0.100000
vn 0.000000 0.000000 -0.100000
vn 0.000000 0.000000 -0.100000
vn 0.000000 0.000000 -0.100000
vn 0.000000 0.000000 -0.100000
vn 0.000000 0.000000 -0.100000
vn 0.000000 0.000000 -0.100000
vn 0.000000 0.000000 -0.100000
vn 0.000000 0.000000 -0.100000
vn 0.000000 0.000000 -0.100000
vn 0.000000 0.000000 -0.100000
vn 0.000000 0.000000 -0.100000
vn 0.000000 0.000000 -0.100000
vn 0.000000 0.000000 -0.100000
vn 0.000000 0.000000 -0.100000
vn 0.000000 0.000000 -0.100000
vn 0.000000 0.000000 -0.100000
vn 0.000000 0.000000 -0.100000
vn 0.000000 0.000000 -0.100000
vn 0.000000 0.000000 -0.100000
vn 0.000000 0.000000 -0.100000
vn 0.000000 0.000000 -0.100000
vn 0.000000 0.000000 -0.100000
vn 0.000000 0.000000 -0.100000
vn 0.000000 0.000000 -0.100000
vn 0.000000 0.000000 -0.100000
vn 0.000000 0.000000 -0.100000
vn 0.000000 0.000000 -0.100000
vn 0.000000 0.000000 -0.100000
vn 0.000000 0.000000 -0.100000
vn 0.000000 0.000000 -0.100000
vn 0.000000 0.000000 -0.100000
vn 0.000000 0.000000 -0.100000
vn 0.000000 0.000000 -0.100000
vn 0.000000 0.000000 -0.100000
vn 0.000000 0.000000 -0.100000
vn 0.000000 0.000000 -0.100000
vn 0.000000 0.000000 -0.100000
vn 0.000000 0.000000 -0.100000
vn 0.000000 0.000000 -0.100000
vn 0.000000 0.000000 -0.100000
vn 0.000000 0.000000 -0.100000
vn 0.000000 0.000000 -0.100000
vn 0.000000 0.000000 -0.100000
vn 0.000000 0.000000 -0.100000
vn 0.000000 0.000000 -0.100000
vn 0.000000 0.000000 -0.100000
vn 0.000000 0.000000 -0.100000
vn 0.000000 0.000000 -0.100000
vn 0.000000 0.000000 -0.100000
vn 0.000000 0.000000 -0.100000
vn 0.000000 0.000000 -0.100000
vn 0.000000 0.000000 -0.100000
vn 0.000000 0.000000 -0.100000
vn 0.000000 0.000000 -0.100000
vn 0.000000 0.000000 -0.100000
vn 0.000000 0.000000 -0.100000
vn 0.000000 0.000000 -0.100000
vn 0.000000 0.000000 -0.100000
vn 0.000000 0.000000 -0.100000
vn 0.000000 0.000000 -0.100000
vn 0.000000 0.000000 -0.100000
vn 0.000000 0.000000 -0.100000
vn 0.000000 0.000000 -0.100000
vn 0.000000 0.000000 -0.100000
vn 0.000000 0.000000 -0.100000
vn 0.000000 0.000000 -0.100000
vn 0.000000 0.000000 -0.100000
vn 0.000000 0.000000 -0.100000
vn 0.000000 0.000000 -0.100000
vn 0.000000 0.000000 -0.100000
vn 0.000000 0.000000 -0.100000
vn 0.000000 0.000000 -0.100000
vn 0.000000 0.000000 -0.100000
vn 0.000000 0.000000 -0.100000
vn 0.000000 0.000000 -0.100000
vn 0.000000 0.000000 -0.100000
vn 0.000000 0.000000 -0.100000
vn 0.000000 0.000000 -0.100000
vn 0.000000 0.000000 -0.100000
vn 0.000000 0.000000 -0.100000
vn 0.000000 0.000000 -0.100000
vn 0.000000 0.000000 -0.100000
vn 0.000000 0.000000 -0.100000
vn 0.000000 0.000000 -0.100000
vn 0.000000 0.000000 -0.100000
vn 0.000000 0.000000 -0.100000
vn 0.000000 0.000000 -0.100000
vn 0.000000 0.000000 -0.100000
vn 0.000000 0.000000 -0.100000
vn 0.000000 0.000000 -0.100000
vn 0.000000 0.000000 -0.100000
vn 0.000000 0.000000 -0.100000
vn 0.000000 0.000000 -0.100000
vn 0.000000 0.000000 -0.100000
vn 0.000000 0.000000 -0.100000
vn 0.000000 0.000000 -0.100000
vn 0.000000 0.000000 -0.100000
vn 0.000000 0.000000 -0.100000
vn 0.000000 0.000000 -0.100000
vn 0.000000 0.000000 -0.100000
vn 0.000000 0.000000 -0.100000
vn 0.000000 0.000000 -0.100000
vn 0.000000 0.000000 -0.100000
vn 0.000000 0.000000 -0.100000
vn 0.000000 0.000000 -0.100000
vn 0.000000 0.000000 -0.100000
vn 0.000000 0.000000 -0.100000
vn 0.000000 0.000000 -0.100000
vn 0.000000 0.000000 -0.100000
vn 0.000000 0.000000 -0.100000
vn 0.000000 0.000000 -0.100000
vn 0.000000 0.000000 -0.100000
vn 0.000000 0.000000 -0.100000
vn 0.000000 0.000000 -0.100000
vn 0.000000 0.000000 -0.100000
vn 0.000000 0.000000 -0.100000
vn 0.000000 0.000000 -0.100000
vn 0.000000 0.000000 -0.100000
vn 0.000000 0.000000 -0.100000
vn 0.000000 0.000000 -0.100000
vn 0.000000 0.000000 -0.100000
vn 0.000000 0.000000 -0.100000
vn 0.000000 0.000000 -0.100000
vn 0.000000 0.000000 -0.100000
vn 0.000000 0.000000 -0.100000
vn 0.000000 0.000000 -0.100000
vn 0.000000 0.000000 -0.100000
vn 0.000000 0.000000 -0.100000
vn 0.000000 0.000000 -0.100000
vn 0.000000 0.000000 -0.100000
vn 0.000000 0.000000 -0.100000
vn 0.000000 0.000000 -0.100000
vn 0.000000 0.000000 -0.100000
vn 0.000000 0.000000 -0.100000
vn 0.000000 0.000000 -0.100000
vn 0.000000 0.000000 -0.100000
vn 0.000000 0.000000 -0.100000
vn 0.000000 0.000000 -0.100000
vn 0.000000 0.000000 -0.100000
vn 0.000000 0.000000 -0.100000
vn 0.000000 0.000000 -0.100000
vn 0.000000 0.000000 -0.100000
vn 0.000000 0.000000 -0.100000
vn 0.000000 0.000000 -0.100000
vn 0.000000 0.000000 -0.100000
vn 0.000000 0.000000 -0.100000
vn 0.000000 0.000000 -0.100000
vn 0.000000 0.000000 -0.100000
vn 0.000000 0.000000 -0.100000
vn 0.000000 0.000000 -0.100000
vn 0.000000 0.000000 -0.100000
vn 0.000000 0.000000 -0.100000
vn 0.000000 0.000000 -0.100000
vn 0.000000 0.000000 -0.100000
vn 0.000000 0.000000 -0.100000
vn 0.000000 0.000000 -0.100000
vn 0.000000 0.000000 -0.100000
vn 0.000000 0.000000 -0.100000
vn 0.000000 0.000000 -0.100000
vn 0.000000 0.000000 -0.100000
vn 0.000000 0.000000 -0.100000
vn 0.000000 -0.070711 -0.070711
vn 0.000000 -0.070711 -0.070711
vn 0.000000 -0.070711 -0.070711
vn 0.000000 -0.070711 -0.070711
vn -0.070711 0.000000 -0.070711
vn -0.070711 0.000000 -0.070711
vn -0.070711 0.000000 -0.070711
vn -0.070711 0.000000 -0.070711
vn -0.070711 0.000000 -0.070711
vn -0.070711 0.000000 -0.070711
vn -0.070711 0.000000 -0.070711
vn -0.070711 0.000000 -0.070711
vn 0.000000 0.070711 -0.070711
vn 0.000000 0.070711 -0.070711
vn 0.000000 0.070711 -0.070711
vn 0.000000 0.070711 -0.070711
vn 0.000000 0.070711 -0.070711
vn 0.000000 0.070711 -0.070711
vn 0.000000 0.070711 -0.070711
vn 0.000000 0.070711 -0.070711
vn 0.012279 0.069636 -0.070711
vn 0.012279 0.069636 -0.070711
vn 0.024184 0.066446 -0.070711
vn 0.024184 0.066446 -0.070711
vn 0.035355 0.061237 -0.070711
vn 0.035355 0.061237 -0.070711
vn 0.045452 0.054168 -0.070711
vn 0.045452 0.054168 -0.070711
vn 0.054168 0.045452 -0.070711
vn 0.054168 0.045452 -0.070711
vn 0.061237 0.035355 -0.070711
vn 0.061237 0.035355 -0.070711
vn 0.066446 0.024184 -0.070711
vn 0.066446 0.024184 -0.070711
vn 0.069636 0.012279 -0.070711
vn 0.069636 0.012279 -0.070711
vn 0.070711 0.000000 -0.070711
vn 0.070711 0.000000 -0.070711
vn 0.070711 0.000000 -0.070711
vn 0.070711 0.000000 -0.070711
vn 0.070711 0.000000 -0.070711
vn 0.070711 0.000000 -0.070711
vn 0.070711 0.000000 -0.070711
vn 0.070711 0.000000 -0.070711
vn 0.070711 0.000000 -0.070711
vn 0.070711 0.000000 -0.070711
vn 0.070711 0.000000 -0.070711
vn 0.070711 0.000000 -0.070711
vn 0.069636 -0.012279 -0.070711
vn 0.069636 -0.012279 -0.070711
vn 0.066446 -0.024184 -0.070711
vn 0.066446 -0.024184 -0.070711
vn 0.061237 -0.035355 -0.070711
vn 0.061237 -0.035355 -0.070711
vn 0.054168 -0.045452 -0.070711
vn 0.054168 -0.045452 -0.070711
vn 0.045452 -0.054168 -0.070711
vn 0.045452 -0.054168 -0.070711
vn 0.035355 -0.061237 -0.070711
vn 0.035355 -0.061237 -0.070711
vn 0.024184 -0.066446 -0.070711
vn 0.024184 -0.066446 -0.070711
vn 0.012279 -0.069636 -0.070711
vn 0.012279 -0.069636 -0.070711
vn 0.000000 -0.070711 -0.070711
vn 0.000000 -0.070711 -0.070711
vn -0.000000 -0.070711 -0.070711
vn -0.000000 -0.070711 -0.070711
vn -0.069636 0.012279 -0.070711
vn -0.069636 0.012279 -0.070711
vn -0.066446 0.024184 -0.070711
vn -0.066446 0.024184 -0.070711
vn -0.061237 0.035355 -0.070711
vn -0.061237 0.035355 -0.070711
vn -0.054168 0.045452 -0.070711
vn -0.054168 0.045452 -0.070711
vn -0.045452 0.054168 -0.070711
vn -0.045452 0.054168 -0.070711
vn -0.035355 0.061237 -0.070711
vn -0.035355 0.061237 -0.070711
vn -0.024184 0.066446 -0.070711
vn -0.024184 0.066446 -0.070711
vn -0.012279 0.069636 -0.070711
vn -0.012279 0.069636 -0.070711
vn -0.000000 0.070711 -0.070711
vn -0.000000 0.070711 -0.070711
vn -0.000000 0.070711 -0.070711
vn -0.000000 0.070711 -0.070711
vn 0.000000 -0.070711 -0.070711
vn 0.000000 -0.070711 -0.070711
vn 0.000000 -0.070711 -0.070711
vn 0.000000 -0.070711 -0.070711
vn -0.012279 -0.069636 -0.070711
vn -0.012279 -0.069636 -0.070711
vn -0.024184 -0.066446 -0.070711
vn -0.024184 -0.066446 -0.070711
vn -0.035355 -0.061237 -0.070711
vn -0.035355 -0.061237 -0.070711
vn -0.045452 -0.054168 -0.070711
vn -0.045452 -0.054168 -0.070711
vn -0.054168 -0.045452 -0.070711
vn -0.054168 -0.045452 -0.070711
vn -0.061237 -0.035355 -0.070711
vn -0.061237 -0.035355 -0.070711
vn -0.066446 -0.024184 -0.070711
vn -0.066446 -0.024184 -0.070711
vn -0.069636 -0.012279 -0.070711
vn -0.069636 -0.012279 -0.070711
vn -0.070711 -0.000000 -0.070711
vn -0.070711 -0.000000 -0.070711
vn -0.070711 0.000000 -0.070711
vn -0.070711 0.000000 -0.070711
vn 0.000000 0.000000 -0.100000
vn 0.000000 0.000000 -0.100000
vn 0.000000 0.000000 -0.100000
vn 0.000000 0.000000 -0.100000
vn 0.000000 0.000000 -0.100000
vn 0.000000 0.000000 -0.100000
vn 0.000000 0.000000 -0.100000
vn 0.000000 0.000000 -0.100000
vn 0.000000 0.000000 -0.100000
vn 0.000000 0.000000 -0.100000
vn 0.000000 0.000000 -0.100000
vn 0.000000 0.000000 -0.100000
vn 0.000000 0.000000 -0.100000
vn 0.000000 0.000000 -0.100000
vn 0.000000 0.000000 -0.100000
vn 0.000000 0.000000 -0.100000
vn 0.000000 0.000000 -0.100000
vn 0.000000 0.000000 -0.100000
vn 0.000000 0.000000 -0.100000
vn 0.000000 0.000000 -0.100000
vn 0.000000 0.000000 -0.100000
vn 0.000000 0.000000 -0.100000
vn 0.000000 0.000000 -0.100000
vn 0.000000 0.000000 -0.100000
vn 0.000000 0.000000 -0.100000
vn 0.000000 0.000000 -0.100000
vn 0.000000 0.000000 -0.100000
vn 0.000000 0.000000 -0.100000
vn 0.000000 0.000000 -0.100000
vn 0.000000 0.000000 -0.100000
vn 0.000000 0.000000 -0.100000
vn 0.000000 0.000000 -0.100000
vn 0.000000 0.000000 -0.100000
vn 0.000000 0.000000 -0.100000
vn 0.000000 0.000000 -0.100000
vn 0.000000 0.000000 -0.100000
vn 0.000000 0.000000 -0.100000
vn 0.000000 0.000000 -0.100000
vn 0.000000 0.000000 -0.100000
vn 0.000000 0.000000 -0.100000
vn 0.000000 0.000000 -0.100000
vn 0.000000 0.000000 -0.100000
vn 0.000000 0.000000 -0.100000
vn 0.000000 0.000000 -0.100000
vn 0.000000 0.000000 -0.100000
vn 0.000000 0.000000 -0.100000
vn 0.000000 0.000000 -0.100000
vn 0.000000 0.000000 -0.100000
vn 0.000000 0.000000 -0.100000
vn 0.000000 0.000000 -0.100000
vn 0.000000 0.000000 -0.100000
vn 0.000000 0.000000 -0.100000
vn 0.000000 0.000000 -0.100000
vn 0.000000 0.000000 -0.100000
vn 0.000000 0.000000 -0.100000
vn 0.000000 0.000000 -0.100000
vn 0.000000 0.000000 -0.100000
vn 0.000000 0.000000 -0.100000
vn 0.000000 0.000000 -0.100000
vn 0.000000 0.000000 -0.100000
vn 0.000000 0.000000 -0.100000
vn 0.000000 0.000000 -0.100000
vn 0.000000 0.000000 -0.100000
vn 0.000000 0.000000 -0.100000
vn 0.000000 0.000000 -0.100000
vn 0.000000 0.000000 -0.100000
vn 0.000000 0.000000 -0.100000
vn 0.000000 0.000000 -0.100000
vn 0.000000 0.000000 -0.100000
vn 0.000000 0.000000 -0.100000
vn 0.000000 0.000000 -0.100000
vn 0.000000 0.000000 -0.100000
vn 0.000000 0.000000 -0.100000
vn 0.000000 0.000000 -0.100000
vn 0.000000 0.000000 -0.100000
vn 0.000000 0.000000 -0.100000
vn 0.000000 0.000000 -0.100000
vn 0.000000 0.000000 -0.100000
vn 0.000000 0.000000 -0.100000
vn 0.000000 0.000000 -0.100000
vn 0.000000 0.000000 -0.100000
vn 0.000000 0.000000 -0.100000
vn 0.000000 0.000000 -0.100000
vn 0.000000 0.000000 -0.100000
vn 0.000000 0.000000 -0.100000
vn 0.000000 0.000000 -0.100000
vn 0.000000 0.000000 -0.100000
vn 0.000000 0.000000 -0.100000
vn 0.000000 0.000000 -0.100000
vn 0.000000 0.000000 -0.100000
vn 0.000000 0.000000 -0.100000
vn 0.000000 0.000000 -0.100000
vn 0.000000 0.000000 -0.100000
vn 0.000000 0.000000 -0.100000
vn 0.000000 0.000000 -0.100000
vn 0.000000 0.000000 -0.100000
vn 0.000000 0.000000 -0.100000
vn 0.000000 0.000000 -0.100000
vn 0.000000 0.000000 -0.100000
vn 0.000000 0.000000 -0.100000
vn 0.000000 0.000000 -0.100000
vn 0.000000 0.000000 -0.100000
vn 0.000000 0.000000 -0.100000
vn 0.000000 0.000000 -0.100000
vn 0.000000 0.000000 -0.100000
vn 0.000000 0.000000 -0.100000
vn 0.000000 0.000000 -0.100000
vn 0.000000 0.000000 -0.100000
vn 0.000000 0.100000 0.000000
vn 0.000000 0.100000 0.000000
vn 0.000000 0.100000 0.000000
vn 0.000000 0.100000 0.000000
vn 0.100000 0.000000 0.000000
vn 0.100000 0.000000 0.000000
vn 0.100000 0.000000 0.000000
vn 0.100000 0.000000 0.000000
vn 0.098481 0.017365 0.000000
vn 0.098481 0.017365 0.000000
vn 0.098481 0.017365 0.000000
vn 0.098481 0.017365 0.000000
vn 0.093969 0.034202 0.000000
vn 0.093969 0.034202 0.000000
vn 0.086603 0.050000 0.000000
vn 0.086603 0.050000 0.000000
vn 0.076604 0.064279 0.000000
vn 0.076604 0.064279 0.000000
vn 0.064279 0.076604 0.000000
vn 0.064279 0.076604 0.000000
vn 0.050000 0.086603 0.000000
vn 0.050000 0.086603 0.000000
vn 0.034202 0.093969 0.000000
vn 0.034202 0.093969 0.000000
vn 0.017365 0.098481 0.000000
vn 0.017365 0.098481 0.000000
vn 0.000000 0.100000 0.000000
vn 0.017365 0.098481 0.000000
vn 0.000000 0.100000 0.000000
vn 0.017365 0.098481 0.000000
vn 0.034202 0.093969 0.000000
vn 0.034202 0.093969 0.000000
vn 0.050000 0.086603 0.000000
vn 0.050000 0.086603 0.000000
vn 0.064279 0.076604 0.000000
vn 0.064279 0.076604 0.000000
vn 0.076604 0.064279 0.000000
vn 0.076604 0.064279 0.000000
vn 0.086603 0.050000 0.000000
vn 0.086603 0.050000 0.000000
vn 0.093969 0.034202 0.000000
vn 0.093969 0.034202 0.000000
vn 0.000000 0.100000 0.000000
vn 0.000000 0.100000 0.000000
vn 0.100000 0.000000 0.000000
vn 0.100000 0.000000 0.000000
vn 0.100000 0.000000 0.000000
vn 0.100000 0.000000 0.000000
vn -0.000000 -0.100000 0.000000
vn -0.000000 -0.100000 0.000000
vn -0.000000 -0.100000 0.000000
vn -0.000000 -0.100000 0.000000
vn 0.017365 -0.098481 0.000000
vn 0.017365 -0.098481 0.000000
vn 0.017365 -0.098481 0.000000
vn 0.017365 -0.098481 0.000000
vn 0.034202 -0.093969 0.000000
vn 0.034202 -0.093969 0.000000
vn 0.050000 -0.086603 0.000000
vn 0.050000 -0.086603 0.000000
vn 0.064279 -0.076604 0.000000
vn 0.064279 -0.076604 0.000000
vn 0.076604 -0.064279 0.000000
vn 0.076604 -0.064279 0.000000
vn 0.086603 -0.050000 0.000000
vn 0.086603 -0.050000 0.000000
vn 0.093969 -0.034202 0.000000
vn 0.093969 -0.034202 0.000000
vn 0.098481 -0.017365 0.000000
vn 0.098481 -0.017365 0.000000
vn 0.100000 -0.000000 0.000000
vn 0.098481 -0.017365 0.000000
vn 0.100000 -0.000000 0.000000
vn 0.098481 -0.017365 0.000000
vn 0.093969 -0.034202 0.000000
vn 0.093969 -0.034202 0.000000
vn 0.086603 -0.050000 0.000000
vn 0.086603 -0.050000 0.000000
vn 0.076604 -0.064279 0.000000
vn 0.076604 -0.064279 0.000000
vn 0.064279 -0.076604 0.000000
vn 0.064279 -0.076604 0.000000
vn 0.050000 -0.086603 0.000000
vn 0.050000 -0.086603 0.000000
vn 0.034202 -0.093969 0.000000
vn 0.034202 -0.093969 0.000000
vn 0.100000 0.000000 0.000000
vn 0.100000 0.000000 0.000000
vn -0.098481 -0.017365 0.000000
vn -0.098481 -0.017365 0.000000
vn -0.100000 -0.000000 0.000000
vn -0.098481 -0.017365 0.000000
vn -0.100000 -0.000000 0.000000
vn -0.098481 -0.017365 0.000000
vn -0.093969 -0.034202 0.000000
vn -0.093969 -0.034202 0.000000
vn -0.086603 -0.050000 0.000000
vn -0.086603 -0.050000 0.000000
vn -0.076604 -0.064279 0.000000
vn -0.076604 -0.064279 0.000000
vn -0.064279 -0.076604 0.000000
vn -0.064279 -0.076604 0.000000
vn -0.050000 -0.086603 0.000000
vn -0.050000 -0.086603 0.000000
vn -0.034202 -0.093969 0.000000
vn -0.034202 -0.093969 0.000000
vn -0.017365 -0.098481 0.000000
vn -0.017365 -0.098481 0.000000
vn -0.000000 -0.100000 0.000000
vn -0.017365 -0.098481 0.000000
vn -0.000000 -0.100000 0.000000
vn -0.017365 -0.098481 0.000000
vn -0.034202 -0.093969 0.000000
vn -0.034202 -0.093969 0.000000
vn -0.050000 -0.086603 0.000000
vn -0.050000 -0.086603 0.000000
vn -0.064279 -0.076604 0.000000
vn -0.064279 -0.076604 0.000000
vn -0.076604 -0.064279 0.000000
vn -0.076604 -0.064279 0.000000
vn -0.086603 -0.050000 0.000000
vn -0.086603 -0.050000 0.000000
vn -0.093969 -0.034202 0.000000
vn -0.093969 -0.034202 0.000000
vn 0.000000 -0.100000 0.000000
vn 0.000000 -0.100000 0.000000
vn -0.017365 0.098481 -0.000000
vn -0.017365 0.098481 -0.000000
vn -0.000000 0.100000 -0.000000
vn -0.017365 0.098481 -0.000000
vn -0.000000 0.100000 -0.000000
vn -0.017365 0.098481 -0.000000
vn -0.034202 0.093969 -0.000000
vn -0.034202 0.093969 -0.000000
vn -0.050000 0.086603 -0.000000
vn -0.050000 0.086603 -0.000000
vn -0.064279 0.076604 -0.000000
vn -0.064279 0.076604 -0.000000
vn -0.076604 0.064279 -0.000000
vn -0.076604 0.064279 -0.000000
vn -0.086603 0.050000 -0.000000
vn -0.086603 0.050000 -0.000000
vn -0.093969 0.034202 -0.000000
vn -0.093969 0.034202 -0.000000
vn -0.098481 0.017365 -0.000000
vn -0.098481 0.017365 -0.000000
vn -0.100000 0.000000 -0.000000
vn -0.098481 0.017365 -0.000000
vn -0.100000 0.000000 -0.000000
vn -0.098481 0.017365 -0.000000
vn -0.093969 0.034202 -0.000000
vn -0.093969 0.034202 -0.000000
vn -0.086603 0.050000 -0.000000
vn -0.086603 0.050000 -0.000000
vn -0.076604 0.064279 -0.000000
vn -0.076604 0.064279 -0.000000
vn -0.064279 0.076604 -0.000000
vn -0.064279 0.076604 -0.000000
vn -0.050000 0.086603 -0.000000
vn -0.050000 0.086603 -0.000000
vn -0.034202 0.093969 -0.000000
vn -0.034202 0.093969 -0.000000
vn -0.100000 0.000000 0.000000
vn -0.100000 0.000000 0.000000
vn -0.000000 0.070711 -0.070711
vn -0.000000 0.070711 -0.070711
vn -0.000000 0.070711 -0.070711
vn -0.000000 0.070711 -0.070711
vn -0.000000 0.070711 -0.070711
vn -0.000000 0.070711 -0.070711
vn 0.006931 0.070370 -0.070711
vn 0.007917 0.070266 -0.070711
vn 0.013795 0.069352 -0.070711
vn 0.015735 0.068938 -0.070711
vn 0.020526 0.067666 -0.070711
vn 0.023354 0.066743 -0.070711
vn 0.027060 0.065328 -0.070711
vn 0.030680 0.063708 -0.070711
vn 0.033333 0.062361 -0.070711
vn 0.037620 0.059872 -0.070711
vn 0.039285 0.058794 -0.070711
vn 0.044087 0.055284 -0.070711
vn 0.044858 0.054660 -0.070711
vn 0.050000 0.050000 -0.070711
vn 0.050000 0.050000 -0.070711
vn 0.054660 0.044858 -0.070711
vn 0.055284 0.044087 -0.070711
vn 0.058794 0.039285 -0.070711
vn 0.059872 0.037620 -0.070711
vn 0.062361 0.033333 -0.070711
vn 0.063708 0.030680 -0.070711
vn 0.065328 0.027060 -0.070711
vn 0.066743 0.023354 -0.070711
vn 0.067666 0.020526 -0.070711
vn 0.068938 0.015735 -0.070711
vn 0.069352 0.013795 -0.070711
vn 0.070266 0.007917 -0.070711
vn 0.070370 0.006931 -0.070711
vn 0.070711 0.000000 -0.070711
vn 0.070711 0.000000 -0.070711
vn 0.070711 -0.000000 -0.070711
vn 0.070711 -0.000000 -0.070711
vn 0.070370 -0.006931 -0.070711
vn 0.070266 -0.007917 -0.070711
vn 0.069352 -0.013795 -0.070711
vn 0.068938 -0.015735 -0.070711
vn 0.067666 -0.020526 -0.070711
vn 0.066743 -0.023354 -0.070711
vn 0.065328 -0.027060 -0.070711
vn 0.063708 -0.030680 -0.070711
vn 0.062361 -0.033333 -0.070711
vn 0.059872 -0.037620 -0.070711
vn 0.058794 -0.039285 -0.070711
vn 0.055284 -0.044087 -0.070711
vn 0.054660 -0.044858 -0.070711
vn 0.050000 -0.050000 -0.070711
vn 0.050000 -0.050000 -0.070711
vn 0.044858 -0.054660 -0.070711
vn 0.044087 -0.055284 -0.070711
vn 0.039285 -0.058794 -0.070711
vn 0.037620 -0.059872 -0.070711
vn 0.033333 -0.062361 -0.070711
vn 0.030680 -0.063708 -0.070711
vn 0.027060 -0.065328 -0.070711
vn 0.023354 -0.066743 -0.070711
vn 0.020526 -0.067666 -0.070711
vn 0.015735 -0.068938 -0.070711
vn 0.013795 -0.069352 -0.070711
vn 0.007917 -0.070266 -0.070711
vn 0.006931 -0.070370 -0.070711
vn 0.000000 -0.070711 -0.070711
vn 0.000000 -0.070711 -0.070711
vn 0.000000 -0.070711 -0.070711
vn 0.000000 -0.070711 -0.070711
vn 0.000000 -0.070711 -0.070711
vn 0.000000 -0.070711 -0.070711
vn -0.006931 -0.070370 -0.070711
vn -0.007917 -0.070266 -0.070711
vn -0.013795 -0.069352 -0.070711
vn -0.015735 -0.068938 -0.070711
vn -0.020526 -0.067666 -0.070711
vn -0.023354 -0.066743 -0.070711
vn -0.027060 -0.065328 -0.070711
vn -0.030680 -0.063708 -0.070711
vn -0.033333 -0.062361 -0.070711
vn -0.037620 -0.059872 -0.070711
vn -0.039285 -0.058794 -0.070711
vn -0.044087 -0.055284 -0.070711
vn -0.044858 -0.054660 -0.070711
vn -0.050000 -0.050000 -0.070711
vn -0.050000 -0.050000 -0.070711
vn -0.054660 -0.044858 -0.070711
vn -0.055284 -0.044087 -0.070711
vn -0.058794 -0.039285 -0.070711
vn -0.059872 -0.037620 -0.070711
vn -0.062361 -0.033333 -0.070711
vn -0.063708 -0.030680 -0.070711
vn -0.065328 -0.027060 -0.070711
vn -0.066743 -0.023354 -0.070711
vn -0.067666 -0.020526 -0.070711
vn -0.068938 -0.015735 -0.070711
vn -0.069352 -0.013795 -0.070711
vn -0.070266 -0.007917 -0.070711
vn -0.070370 -0.006931 -0.070711
vn -0.070711 0.000000 -0.070711
vn -0.070711 0.000000 -0.070711
vn -0.070711 -0.000000 -0.070711
vn -0.070711 -0.000000 -0.070711
vn -0.070370 0.006931 -0.070711
vn -0.070266 0.007917 -0.070711
vn -0.069352 0.013795 -0.070711
vn -0.068938 0.015735 -0.070711
vn -0.067666 0.020526 -0.070711
vn -0.066743 0.023354 -0.070711
vn -0.065328 0.027060 -0.070711
vn -0.063708 0.030680 -0.070711
vn -0.062361 0.033333 -0.070711
vn -0.059872 0.037620 -0.070711
vn -0.058794 0.039285 -0.070711
vn -0.055284 0.044087 -0.070711
vn -0.054660 0.044858 -0.070711
vn -0.050000 0.050000 -0.070711
vn -0.050000 0.050000 -0.070711
vn -0.044858 0.054660 -0.070711
vn -0.044087 0.055284 -0.070711
vn -0.039285 0.058794 -0.070711
vn -0.037620 0.059872 -0.070711
vn -0.033333 0.062361 -0.070711
vn -0.030680 0.063708 -0.070711
vn -0.027060 0.065328 -0.070711
vn -0.023354 0.066743 -0.070711
vn -0.020526 0.067666 -0.070711
vn -0.015735 0.068938 -0.070711
vn -0.013795 0.069352 -0.070711
vn -0.007917 0.070266 -0.070711
vn -0.006931 0.070370 -0.070711
vn 0.000000 -0.100000 0.000000
vn 0.000000 -0.100000 0.000000
vn 0.009802 -0.099518 0.000000
vn 0.009802 -0.099518 0.000000
vn 0.019509 -0.098079 0.000000
vn 0.019509 -0.098079 0.000000
vn 0.029028 -0.095694 0.000000
vn 0.029028 -0.095694 0.000000
vn 0.038268 -0.092388 0.000000
vn 0.038268 -0.092388 0.000000
vn 0.047140 -0.088192 0.000000
vn 0.047140 -0.088192 0.000000
vn 0.055557 -0.083147 0.000000
vn 0.055557 -0.083147 0.000000
vn 0.063439 -0.077301 0.000000
vn 0.063439 -0.077301 0.000000
vn 0.070711 -0.070711 0.000000
vn 0.070711 -0.070711 0.000000
vn 0.077301 -0.063439 0.000000
vn 0.077301 -0.063439 0.000000
vn 0.083147 -0.055557 0.000000
vn 0.083147 -0.055557 0.000000
vn 0.088192 -0.047140 0.000000
vn 0.088192 -0.047140 0.000000
vn 0.092388 -0.038268 0.000000
vn 0.092388 -0.038268 0.000000
vn 0.095694 -0.029028 0.000000
vn 0.095694 -0.029028 0.000000
vn 0.098079 -0.019509 0.000000
vn 0.098079 -0.019509 0.000000
vn 0.099518 -0.009802 0.000000
vn 0.099518 -0.009802 0.000000
vn 0.100000 0.000000 0.000000
vn 0.100000 0.000000 0.000000
vn 0.099518 -0.009802 0.000000
vn 0.098079 -0.019509 0.000000
vn 0.095694 -0.029028 0.000000
vn 0.092388 -0.038268 0.000000
vn 0.088192 -0.047140 0.000000
vn 0.083147 -0.055557 0.000000
vn 0.077301 -0.063439 0.000000
vn 0.070711 -0.070711 0.000000
vn 0.063439 -0.077301 0.000000
vn 0.055557 -0.083147 0.000000
vn 0.047140 -0.088192 0.000000
vn 0.038268 -0.092388 0.000000
vn 0.029028 -0.095694 0.000000
vn 0.019509 -0.098079 0.000000
vn 0.009802 -0.099518 0.000000
vn 0.100000 -0.000000 0.000000
vn 0.100000 -0.000000 0.000000
vn 0.099518 0.009802 0.000000
vn 0.099518 0.009802 0.000000
vn 0.098079 0.019509 0.000000
vn 0.098079 0.019509 0.000000
vn 0.095694 0.029028 0.000000
vn 0.095694 0.029028 0.000000
vn 0.092388 0.038268 0.000000
vn 0.092388 0.038268 0.000000
vn 0.088192 0.047140 0.000000
vn 0.088192 0.047140 0.000000
vn 0.083147 0.055557 0.000000
vn 0.083147 0.055557 0.000000
vn 0.077301 0.063439 0.000000
vn 0.077301 0.063439 0.000000
vn 0.070711 0.070711 0.000000
vn 0.070711 0.070711 0.000000
vn 0.063439 0.077301 0.000000
vn 0.063439 0.077301 0.000000
vn 0.055557 0.083147 0.000000
vn 0.055557 0.083147 0.000000
vn 0.047140 0.088192 0.000000
vn 0.047140 0.088192 0.000000
vn 0.038268 0.092388 0.000000
vn 0.038268 0.092388 0.000000
vn 0.029028 0.095694 0.000000
vn 0.029028 0.095694 0.000000
vn 0.019509 0.098079 0.000000
vn 0.019509 0.098079 0.000000
vn 0.009802 0.099518 0.000000
vn 0.009802 0.099518 0.000000
vn -0.000000 0.100000 -0.000000
vn -0.000000 0.100000 -0.000000
vn 0.009802 0.099518 0.000000
vn 0.019509 0.098079 0.000000
vn 0.029028 0.095694 0.000000
vn 0.038268 0.092388 0.000000
vn 0.047140 0.088192 0.000000
vn 0.055557 0.083147 0.000000
vn 0.063439 0.077301 0.000000
vn 0.070711 0.070711 0.000000
vn 0.077301 0.063439 0.000000
vn 0.083147 0.055557 0.000000
vn 0.088192 0.047140 0.000000
vn 0.092388 0.038268 0.000000
vn 0.095694 0.029028 0.000000
vn 0.098079 0.019509 0.000000
vn 0.099518 0.009802 0.000000
vn -0.000000 0.100000 0.000000
vn -0.000000 0.100000 0.000000
vn -0.100000 0.000000 -0.000000
vn -0.100000 0.000000 -0.000000
vn -0.099518 -0.009802 0.000000
vn -0.099518 -0.009802 0.000000
vn -0.098079 -0.019509 0.000000
vn -0.098079 -0.019509 0.000000
vn -0.095694 -0.029028 0.000000
vn -0.095694 -0.029028 0.000000
vn -0.092388 -0.038268 0.000000
vn -0.092388 -0.038268 0.000000
vn -0.088192 -0.047140 0.000000
vn -0.088192 -0.047140 0.000000
vn -0.083147 -0.055557 0.000000
vn -0.083147 -0.055557 0.000000
vn -0.077301 -0.063439 0.000000
vn -0.077301 -0.063439 0.000000
vn -0.070711 -0.070711 0.000000
vn -0.070711 -0.070711 0.000000
vn -0.063439 -0.077301 0.000000
vn -0.063439 -0.077301 0.000000
vn -0.055557 -0.083147 0.000000
vn -0.055557 -0.083147 0.000000
vn -0.047140 -0.088192 0.000000
vn -0.047140 -0.088192 0.000000
vn -0.038268 -0.092388 0.000000
vn -0.038268 -0.092388 0.000000
vn -0.029028 -0.095694 0.000000
vn -0.029028 -0.095694 0.000000
vn -0.019509 -0.098079 0.000000
vn -0.019509 -0.098079 0.000000
vn -0.009802 -0.099518 0.000000
vn -0.009802 -0.099518 0.000000
vn 0.000000 -0.100000 0.000000
vn 0.000000 -0.100000 0.000000
vn -0.009802 -0.099518 0.000000
vn -0.019509 -0.098079 0.000000
vn -0.029028 -0.095694 0.000000
vn -0.038268 -0.092388 0.000000
vn -0.047140 -0.088192 0.000000
vn -0.055557 -0.083147 0.000000
vn -0.063439 -0.077301 0.000000
vn -0.070711 -0.070711 0.000000
vn -0.077301 -0.063439 0.000000
vn -0.083147 -0.055557 0.000000
vn -0.088192 -0.047140 0.000000
vn -0.092388 -0.038268 0.000000
vn -0.095694 -0.029028 0.000000
vn -0.098079 -0.019509 0.000000
vn -0.099518 -0.009802 0.000000
vn -0.100000 -0.000000 0.000000
vn -0.100000 -0.000000 0.000000
vn -0.009802 0.099518 -0.000000
vn -0.009802 0.099518 -0.000000
vn -0.019509 0.098079 -0.000000
vn -0.019509 0.098079 -0.000000
vn -0.029028 0.095694 -0.000000
vn -0.029028 0.095694 -0.000000
vn -0.038268 0.092388 -0.000000
vn -0.038268 0.092388 -0.000000
vn -0.047140 0.088192 -0.000000
vn -0.047140 0.088192 -0.000000
vn -0.055557 0.083147 -0.000000
vn -0.055557 0.083147 -0.000000
vn -0.063439 0.077301 -0.000000
vn -0.063439 0.077301 -0.000000
vn -0.070711 0.070711 -0.000000
vn -0.070711 0.070711 -0.000000
vn -0.077301 0.063439 -0.000000
vn -0.077301 0.063439 -0.000000
vn -0.083147 0.055557 -0.000000
vn -0.083147 0.055557 -0.000000
vn -0.088192 0.047140 -0.000000
vn -0.088192 0.047140 -0.000000
vn -0.092388 0.038268 -0.000000
vn -0.092388 0.038268 -0.000000
vn -0.095694 0.029028 -0.000000
vn -0.095694 0.029028 -0.000000
vn -0.098079 0.019509 -0.000000
vn -0.098079 0.019509 -0.000000
vn -0.099518 0.009802 -0.000000
vn -0.099518 0.009802 -0.000000
vn -0.099518 0.009802 -0.000000
vn -0.098079 0.019509 -0.000000
vn -0.095694 0.029028 -0.000000
vn -0.092388 0.038268 -0.000000
vn -0.088192 0.047140 -0.000000
vn -0.083147 0.055557 -0.000000
vn -0.077301 0.063439 -0.000000
vn -0.070711 0.070711 -0.000000
vn -0.063439 0.077301 -0.000000
vn -0.055557 0.083147 -0.000000
vn -0.047140 0.088192 -0.000000
vn -0.038268 0.092388 -0.000000
vn -0.029028 0.095694 -0.000000
vn -0.019509 0.098079 -0.000000
vn -0.009802 0.099518 -0.000000
vn 0.000000 -0.100000 0.000000
vn 0.000000 -0.100000 0.000000
vn 0.000000 -0.100000 0.000000
vn 0.000000 -0.100000 0.000000
vn -0.100000 0.000000 0.000000
vn -0.100000 0.000000 0.000000
vn -0.100000 0.000000 0.000000
vn -0.100000 0.000000 0.000000
vn -0.100000 0.000000 0.000000
vn -0.100000 0.000000 0.000000
vn -0.000000 0.100000 0.000000
vn -0.000000 0.100000 0.000000
vn 0.099255 -0.000000 -0.012187
vn 0.099255 -0.000000 -0.012187
vn 0.099255 -0.000000 -0.012187
vn 0.099255 -0.000000 -0.012187
vn 0.000000 0.000000 -0.100000
vn 0.000000 0.000000 -0.100000
vn 0.000000 0.000000 -0.100000
vn 0.000000 0.000000 -0.100000
vn 0.000000 0.000000 -0.100000
vn 0.000000 0.000000 -0.100000
vn 0.000000 0.000000 -0.100000
vn 0.000000 0.000000 -0.100000
vn 0.000000 0.000000 -0.100000
vn 0.000000 0.000000 -0.100000
vn 0.000000 0.000000 -0.100000
vn 0.000000 0.000000 -0.100000
vn 0.000000 0.000000 -0.100000
vn 0.000000 0.000000 -0.100000
vn 0.000000 0.000000 -0.100000
vn 0.000000 0.000000 -0.100000
vn 0.000000 0.000000 -0.100000
vn 0.000000 0.000000 -0.100000
vn 0.000000 0.000000 -0.100000
vn 0.000000 0.000000 -0.100000
vn 0.000000 0.000000 -0.100000
vn 0.000000 0.000000 -0.100000
vn 0.000000 0.000000 -0.100000
vn 0.000000 0.000000 -0.100000
vn 0.000000 0.000000 -0.100000
vn 0.000000 0.000000 -0.100000
vn 0.000000 0.000000 -0.100000
vn 0.000000 0.000000 -0.100000
vn 0.000000 0.000000 -0.100000
vn 0.000000 0.000000 -0.100000
vn 0.000000 0.000000 -0.100000
vn 0.000000 0.000000 -0.100000
vn 0.000000 0.000000 -0.100000
vn 0.000000 0.000000 -0.100000
vn 0.000000 0.000000 -0.100000
vn 0.000000 0.000000 -0.100000
vn 0.000000 0.000000 -0.100000
vn 0.000000 0.000000 -0.100000
vn 0.000000 0.000000 -0.100000
vn 0.000000 0.000000 -0.100000
vn 0.000000 0.000000 -0.100000
vn 0.000000 0.000000 -0.100000
vn 0.000000 0.000000 -0.100000
vn 0.000000 0.000000 -0.100000
vn 0.000000 0.000000 -0.100000
vn 0.000000 0.000000 -0.100000
vn 0.000000 0.000000 -0.100000
vn 0.000000 0.000000 -0.100000
vn 0.000000 0.099255 0.012187
usemtl ABS_(Weiß)
f 22/1/1 1/2/2 32/3/3
f 32/3/3 1/2/2 2/4/4
f 32/3/3 2/4/4 31/5/5
f 31/5/5 2/4/4 3/6/6
f 31/5/5 3/6/6 30/7/7
f 30/7/7 3/6/6 4/8/8
f 30/7/7 4/8/8 29/9/9
f 29/9/9 4/8/8 5/10/10
f 29/9/9 5/10/10 28/11/11
f 28/11/11 5/10/10 6/12/12
f 28/11/11 6/12/12 27/13/13
f 27/13/13 6/12/12 7/14/14
f 27/13/13 7/14/14 26/15/15
f 26/15/15 7/14/14 8/16/16
f 26/15/15 8/16/16 25/17/17
f 25/17/17 8/16/16 9/18/18
f 25/17/17 9/18/18 24/19/19
f 24/19/19 9/18/18 10/20/20
f 24/19/19 10/20/20 23/21/21
f 23/21/21 10/20/20 11/22/22
f 23/21/21 11/22/22 12/23/23
f 12/23/23 13/24/24 23/21/21
f 23/21/21 13/24/24 24/19/19
f 13/24/24 14/25/25 24/19/19
f 24/19/19 14/25/25 25/17/17
f 14/25/25 15/26/26 25/17/17
f 25/17/17 15/26/26 26/15/15
f 15/26/26 16/27/27 26/15/15
f 26/15/15 16/27/27 27/13/13
f 16/27/27 17/28/28 27/13/13
f 27/13/13 17/28/28 28/11/11
f 17/28/28 18/29/29 28/11/11
f 28/11/11 18/29/29 29/9/9
f 18/29/29 19/30/30 29/9/9
f 29/9/9 19/30/30 30/7/7
f 19/30/30 20/31/31 30/7/7
f 30/7/7 20/31/31 31/5/5
f 20/31/31 21/32/32 31/5/5
f 31/5/5 21/32/32 32/3/3
f 21/32/32 22/1/1 32/3/3
f 34/33/33 44/34/34 33/35/35
f 33/35/35 44/34/34 45/36/36
f 33/35/35 45/36/36 1/37/2
f 1/37/2 45/36/36 46/38/37
f 1/37/2 46/38/37 2/39/38
f 2/39/38 46/38/37 3/40/39
f 3/40/39 46/38/37 49/41/40
f 3/40/39 49/41/40 4/42/41
f 4/42/41 49/41/40 52/43/42
f 4/42/41 52/43/42 5/44/43
f 5/44/43 52/43/42 55/45/44
f 5/44/43 55/45/44 6/46/12
f 6/46/12 55/45/44 58/47/45
f 6/46/12 58/47/45 7/48/46
f 7/48/46 58/47/45 61/49/47
f 7/48/46 61/49/47 8/50/48
f 8/50/48 61/49/47 64/51/49
f 8/50/48 64/51/49 9/52/50
f 9/52/50 64/51/49 67/53/51
f 9/52/50 67/53/51 10/54/52
f 10/54/52 67/53/51 70/55/53
f 10/54/52 70/55/53 11/56/22
f 11/56/22 70/55/53 69/57/54
f 11/56/22 69/57/54 43/58/55
f 43/58/55 69/57/54 68/59/56
f 43/58/55 68/59/56 42/60/57
f 42/60/57 68/59/56 41/61/58
f 41/61/58 68/59/56 65/62/59
f 41/61/58 65/62/59 40/63/60
f 40/63/60 65/62/59 62/64/61
f 40/63/60 62/64/61 39/65/62
f 39/65/62 62/64/61 59/66/63
f 39/65/62 59/66/63 38/67/64
f 38/67/64 59/66/63 56/68/65
f 38/67/64 56/68/65 37/69/66
f 37/69/66 56/68/65 53/70/67
f 37/69/66 53/70/67 36/71/68
f 36/71/68 53/70/67 50/72/69
f 36/71/68 50/72/69 35/73/70
f 35/73/70 50/72/69 47/74/71
f 35/73/70 47/74/71 34/33/33
f 34/33/33 47/74/71 44/34/34
f 49/41/40 46/38/37 45/36/36
f 45/36/36 44/34/34 48/75/72
f 48/75/72 44/34/34 47/74/71
f 48/75/72 47/74/71 51/76/73
f 51/76/73 47/74/71 50/72/69
f 51/76/73 50/72/69 54/77/74
f 54/77/74 50/72/69 53/70/67
f 54/77/74 53/70/67 57/78/75
f 57/78/75 53/70/67 56/68/65
f 57/78/75 56/68/65 60/79/76
f 60/79/76 56/68/65 59/66/63
f 60/79/76 59/66/63 63/80/77
f 63/80/77 59/66/63 62/64/61
f 63/80/77 62/64/61 66/81/78
f 66/81/78 62/64/61 65/62/59
f 66/81/78 65/62/59 69/57/54
f 69/57/54 65/62/59 68/59/56
f 52/43/42 49/41/40 48/75/72
f 48/75/72 49/41/40 45/36/36
f 52/43/42 48/75/72 51/76/73
f 55/45/44 52/43/42 51/76/73
f 55/45/44 51/76/73 54/77/74
f 58/47/45 55/45/44 54/77/74
f 58/47/45 54/77/74 57/78/75
f 61/49/47 58/47/45 57/78/75
f 61/49/47 57/78/75 60/79/76
f 64/51/49 61/49/47 60/79/76
f 64/51/49 60/79/76 63/80/77
f 67/53/51 64/51/49 63/80/77
f 67/53/51 63/80/77 66/81/78
f 70/55/53 67/53/51 66/81/78
f 70/55/53 66/81/78 69/57/54
f 33/82/35 71/83/79 91/84/80
f 91/84/80 71/83/79 72/85/81
f 91/84/80 72/85/81 90/86/82
f 90/86/82 72/85/81 73/87/83
f 90/86/82 73/87/83 89/88/84
f 89/88/84 73/87/83 74/89/85
f 89/88/84 74/89/85 88/90/86
f 88/90/86 74/89/85 75/91/87
f 88/90/86 75/91/87 87/92/88
f 87/92/88 75/91/87 76/93/89
f 87/92/88 76/93/89 86/94/90
f 86/94/90 76/93/89 77/95/91
f 86/94/90 77/95/91 85/96/92
f 85/96/92 77/95/91 78/97/93
f 85/96/92 78/97/93 84/98/94
f 84/98/94 78/97/93 79/99/95
f 84/98/94 79/99/95 83/100/96
f 83/100/96 79/99/95 80/101/97
f 83/100/96 80/101/97 82/102/98
f 82/102/98 80/101/97 81/103/99
f 82/102/98 81/103/99 43/104/55
f 43/104/55 42/105/100 82/102/98
f 82/102/98 42/105/100 83/100/96
f 42/105/100 41/106/101 83/100/96
f 83/100/96 41/106/101 84/98/94
f 41/106/101 40/107/102 84/98/94
f 84/98/94 40/107/102 85/96/92
f 40/107/102 39/108/103 85/96/92
f 85/96/92 39/108/103 86/94/90
f 39/108/103 38/109/64 86/94/90
f 86/94/90 38/109/64 87/92/88
f 38/109/64 37/110/104 87/92/88
f 87/92/88 37/110/104 88/90/86
f 37/110/104 36/111/105 88/90/86
f 88/90/86 36/111/105 89/88/84
f 36/111/105 35/112/106 89/88/84
f 89/88/84 35/112/106 90/86/82
f 35/112/106 34/113/107 90/86/82
f 90/86/82 34/113/107 91/84/80
f 34/113/107 33/82/35 91/84/80
f 175/114/108 92/115/109 185/116/110
f 185/116/110 92/115/109 93/117/111
f 185/116/110 93/117/111 184/118/112
f 184/118/112 93/117/111 94/119/113
f 184/118/112 94/119/113 183/120/114
f 183/120/114 94/119/113 95/121/115
f 183/120/114 95/121/115 182/122/116
f 182/122/116 95/121/115 96/123/117
f 182/122/116 96/123/117 181/124/118
f 181/124/118 96/123/117 97/125/119
f 181/124/118 97/125/119 180/126/120
f 180/126/120 97/125/119 98/127/121
f 180/126/120 98/127/121 179/128/122
f 179/128/122 98/127/121 99/129/123
f 179/128/122 99/129/123 178/130/124
f 178/130/124 99/129/123 100/131/125
f 178/130/124 100/131/125 177/132/126
f 177/132/126 100/131/125 101/133/127
f 177/132/126 101/133/127 176/134/128
f 176/134/128 101/133/127 102/135/129
f 176/134/128 102/135/129 103/136/130
f 176/134/128 103/136/130 186/137/131
f 186/137/131 103/136/130 104/138/132
f 186/137/131 104/138/132 196/139/133
f 196/139/133 104/138/132 105/140/134
f 196/139/133 105/140/134 206/141/135
f 206/141/135 105/140/134 106/142/136
f 206/141/135 106/142/136 216/143/137
f 216/143/137 106/142/136 107/144/138
f 216/143/137 107/144/138 226/145/139
f 226/145/139 107/144/138 108/146/140
f 226/145/139 108/146/140 236/147/141
f 236/147/141 108/146/140 109/148/142
f 236/147/141 109/148/142 246/149/143
f 246/149/143 109/148/142 110/150/144
f 246/149/143 110/150/144 256/151/145
f 256/151/145 110/150/144 111/152/146
f 256/151/145 111/152/146 266/153/147
f 266/153/147 111/152/146 112/154/148
f 266/153/147 112/154/148 276/155/149
f 276/155/149 112/154/148 113/156/150
f 276/155/149 113/156/150 286/157/151
f 286/157/151 113/156/150 114/158/152
f 286/157/151 114/158/152 296/159/153
f 296/159/153 114/158/152 115/160/154
f 296/159/153 115/160/154 306/161/155
f 306/161/155 115/160/154 116/162/156
f 306/161/155 116/162/156 316/163/157
f 316/163/157 116/162/156 117/164/158
f 316/163/157 117/164/158 326/165/159
f 326/165/159 117/164/158 118/166/160
f 326/165/159 118/166/160 336/167/161
f 336/167/161 118/166/160 119/168/162
f 336/167/161 119/168/162 346/169/163
f 346/169/163 119/168/162 120/170/164
f 346/169/163 120/170/164 356/171/165
f 356/171/165 120/170/164 121/172/166
f 356/171/165 121/172/166 366/173/167
f 366/173/167 121/172/166 122/174/168
f 366/173/167 122/174/168 376/175/169
f 376/175/169 122/174/168 123/176/170
f 376/175/169 123/176/170 386/177/171
f 386/177/171 123/176/170 124/178/172
f 386/177/171 124/178/172 396/179/173
f 396/179/173 124/178/172 125/180/174
f 396/179/173 125/180/174 406/181/175
f 406/181/175 125/180/174 126/182/176
f 406/181/175 126/182/176 416/183/177
f 416/183/177 126/182/176 127/184/178
f 416/183/177 127/184/178 426/185/179
f 426/185/179 127/184/178 128/186/180
f 426/185/179 128/186/180 436/187/181
f 436/187/181 128/186/180 129/188/182
f 436/187/181 129/188/182 446/189/183
f 446/189/183 129/188/182 130/190/184
f 446/189/183 130/190/184 456/191/185
f 456/191/185 130/190/184 131/192/186
f 456/191/185 131/192/186 466/193/187
f 466/193/187 131/192/186 132/194/188
f 466/193/187 132/194/188 476/195/189
f 476/195/189 132/194/188 133/196/190
f 476/195/189 133/196/190 134/197/191
f 134/197/191 135/198/192 476/195/189
f 476/195/189 135/198/192 477/199/193
f 476/195/189 477/199/193 466/193/187
f 466/193/187 477/199/193 467/200/194
f 466/193/187 467/200/194 456/191/185
f 456/191/185 467/200/194 457/201/195
f 456/191/185 457/201/195 446/189/183
f 446/189/183 457/201/195 447/202/196
f 446/189/183 447/202/196 436/187/181
f 436/187/181 447/202/196 437/203/197
f 436/187/181 437/203/197 426/185/179
f 426/185/179 437/203/197 427/204/198
f 426/185/179 427/204/198 416/183/177
f 416/183/177 427/204/198 417/205/199
f 416/183/177 417/205/199 406/181/175
f 406/181/175 417/205/199 407/206/200
f 406/181/175 407/206/200 396/179/173
f 396/179/173 407/206/200 397/207/201
f 396/179/173 397/207/201 386/177/171
f 386/177/171 397/207/201 387/208/202
f 386/177/171 387/208/202 376/175/169
f 376/175/169 387/208/202 377/209/203
f 376/175/169 377/209/203 366/173/167
f 366/173/167 377/209/203 367/210/204
f 366/173/167 367/210/204 356/171/165
f 356/171/165 367/210/204 357/211/205
f 356/171/165 357/211/205 346/169/163
f 346/169/163 357/211/205 347/212/206
f 346/169/163 347/212/206 336/167/161
f 336/167/161 347/212/206 337/213/207
f 336/167/161 337/213/207 326/165/159
f 326/165/159 337/213/207 327/214/208
f 326/165/159 327/214/208 316/163/157
f 316/163/157 327/214/208 317/215/209
f 316/163/157 317/215/209 306/161/155
f 306/161/155 317/215/209 307/216/210
f 306/161/155 307/216/210 296/159/153
f 296/159/153 307/216/210 297/217/211
f 296/159/153 297/217/211 286/157/151
f 286/157/151 297/217/211 287/218/212
f 286/157/151 287/218/212 276/155/149
f 276/155/149 287/218/212 277/219/213
f 276/155/149 277/219/213 266/153/147
f 266/153/147 277/219/213 267/220/214
f 266/153/147 267/220/214 256/151/145
f 256/151/145 267/220/214 257/221/215
f 256/151/145 257/221/215 246/149/143
f 246/149/143 257/221/215 247/222/216
f 246/149/143 247/222/216 236/147/141
f 236/147/141 247/222/216 237/223/217
f 236/147/141 237/223/217 226/145/139
f 226/145/139 237/223/217 227/224/218
f 226/145/139 227/224/218 216/143/137
f 216/143/137 227/224/218 217/225/219
f 216/143/137 217/225/219 206/141/135
f 206/141/135 217/225/219 207/226/220
f 206/141/135 207/226/220 196/139/133
f 196/139/133 207/226/220 197/227/221
f 196/139/133 197/227/221 186/137/131
f 186/137/131 197/227/221 187/228/222
f 186/137/131 187/228/222 176/134/128
f 176/134/128 187/228/222 177/132/126
f 135/198/192 136/229/223 477/199/193
f 477/199/193 136/229/223 478/230/224
f 477/199/193 478/230/224 467/200/194
f 467/200/194 478/230/224 468/231/225
f 467/200/194 468/231/225 457/201/195
f 457/201/195 468/231/225 458/232/226
f 457/201/195 458/232/226 447/202/196
f 447/202/196 458/232/226 448/233/227
f 447/202/196 448/233/227 437/203/197
f 437/203/197 448/233/227 438/234/228
f 437/203/197 438/234/228 427/204/198
f 427/204/198 438/234/228 428/235/229
f 427/204/198 428/235/229 417/205/199
f 417/205/199 428/235/229 418/236/230
f 417/205/199 418/236/230 407/206/200
f 407/206/200 418/236/230 408/237/231
f 407/206/200 408/237/231 397/207/201
f 397/207/201 408/237/231 398/238/232
f 397/207/201 398/238/232 387/208/202
f 387/208/202 398/238/232 388/239/233
f 387/208/202 388/239/233 377/209/203
f 377/209/203 388/239/233 378/240/234
f 377/209/203 378/240/234 367/210/204
f 367/210/204 378/240/234 368/241/235
f 367/210/204 368/241/235 357/211/205
f 357/211/205 368/241/235 358/242/236
f 357/211/205 358/242/236 347/212/206
f 347/212/206 358/242/236 348/243/237
f 347/212/206 348/243/237 337/213/207
f 337/213/207 348/243/237 338/244/238
f 337/213/207 338/244/238 327/214/208
f 327/214/208 338/244/238 328/245/239
f 327/214/208 328/245/239 317/215/209
f 317/215/209 328/245/239 318/246/240
f 317/215/209 318/246/240 307/216/210
f 307/216/210 318/246/240 308/247/241
f 307/216/210 308/247/241 297/217/211
f 297/217/211 308/247/241 298/248/242
f 297/217/211 298/248/242 287/218/212
f 287/218/212 298/248/242 288/249/243
f 287/218/212 288/249/243 277/219/213
f 277/219/213 288/249/243 278/250/244
f 277/219/213 278/250/244 267/220/214
f 267/220/214 278/250/244 268/251/245
f 267/220/214 268/251/245 257/221/215
f 257/221/215 268/251/245 258/252/246
f 257/221/215 258/252/246 247/222/216
f 247/222/216 258/252/246 248/253/247
f 247/222/216 248/253/247 237/223/217
f 237/223/217 248/253/247 238/254/248
f 237/223/217 238/254/248 227/224/218
f 227/224/218 238/254/248 228/255/249
f 227/224/218 228/255/249 217/225/219
f 217/225/219 228/255/249 218/256/250
f 217/225/219 218/256/250 207/226/220
f 207/226/220 218/256/250 208/257/251
f 207/226/220 208/257/251 197/227/221
f 197/227/221 208/257/251 198/258/252
f 197/227/221 198/258/252 187/228/222
f 187/228/222 198/258/252 188/259/253
f 187/228/222 188/259/253 177/132/126
f 177/132/126 188/259/253 178/130/124
f 136/229/223 137/260/254 478/230/224
f 478/230/224 137/260/254 479/261/255
f 478/230/224 479/261/255 468/231/225
f 468/231/225 479/261/255 469/262/256
f 468/231/225 469/262/256 458/232/226
f 458/232/226 469/262/256 459/263/257
f 458/232/226 459/263/257 448/233/227
f 448/233/227 459/263/257 449/264/258
f 448/233/227 449/264/258 438/234/228
f 438/234/228 449/264/258 439/265/259
f 438/234/228 439/265/259 428/235/229
f 428/235/229 439/265/259 429/266/260
f 428/235/229 429/266/260 418/236/230
f 418/236/230 429/266/260 419/267/261
f 418/236/230 419/267/261 408/237/231
f 408/237/231 419/267/261 409/268/262
f 408/237/231 409/268/262 398/238/232
f 398/238/232 409/268/262 399/269/263
f 398/238/232 399/269/263 388/239/233
f 388/239/233 399/269/263 389/270/264
f 388/239/233 389/270/264 378/240/234
f 378/240/234 389/270/264 379/271/265
f 378/240/234 379/271/265 368/241/235
f 368/241/235 379/271/265 369/272/266
f 368/241/235 369/272/266 358/242/236
f 358/242/236 369/272/266 359/273/267
f 358/242/236 359/273/267 348/243/237
f 348/243/237 359/273/267 349/274/268
f 348/243/237 349/274/268 338/244/238
f 338/244/238 349/274/268 339/275/269
f 338/244/238 339/275/269 328/245/239
f 328/245/239 339/275/269 329/276/270
f 328/245/239 329/276/270 318/246/240
f 318/246/240 329/276/270 319/277/271
f 318/246/240 319/277/271 308/247/241
f 308/247/241 319/277/271 309/278/272
f 308/247/241 309/278/272 298/248/242
f 298/248/242 309/278/272 299/279/273
f 298/248/242 299/279/273 288/249/243
f 288/249/243 299/279/273 289/280/274
f 288/249/243 289/280/274 278/250/244
f 278/250/244 289/280/274 279/281/275
f 278/250/244 279/281/275 268/251/245
f 268/251/245 279/281/275 269/282/276
f 268/251/245 269/282/276 258/252/246
f 258/252/246 269/282/276 259/283/277
f 258/252/246 259/283/277 248/253/247
f 248/253/247 259/283/277 249/284/278
f 248/253/247 249/284/278 238/254/248
f 238/254/248 249/284/278 239/285/279
f 238/254/248 239/285/279 228/255/249
f 228/255/249 239/285/279 229/286/280
f 228/255/249 229/286/280 218/256/250
f 218/256/250 229/286/280 219/287/281
f 218/256/250 219/287/281 208/257/251
f 208/257/251 219/287/281 209/288/282
f 208/257/251 209/288/282 198/258/252
f 198/258/252 209/288/282 199/289/283
f 198/258/252 199/289/283 188/259/253
f 188/259/253 199/289/283 189/290/284
f 188/259/253 189/290/284 178/130/124
f 178/130/124 189/290/284 179/128/122
f 137/260/254 138/291/285 479/261/255
f 479/261/255 138/291/285 480/292/286
f 479/261/255 480/292/286 469/262/256
f 469/262/256 480/292/286 470/293/287
f 469/262/256 470/293/287 459/263/257
f 459/263/257 470/293/287 460/294/288
f 459/263/257 460/294/288 449/264/258
f 449/264/258 460/294/288 450/295/289
f 449/264/258 450/295/289 439/265/259
f 439/265/259 450/295/289 440/296/290
f 439/265/259 440/296/290 429/266/260
f 429/266/260 440/296/290 430/297/291
f 429/266/260 430/297/291 419/267/261
f 419/267/261 430/297/291 420/298/292
f 419/267/261 420/298/292 409/268/262
f 409/268/262 420/298/292 410/299/293
f 409/268/262 410/299/293 399/269/263
f 399/269/263 410/299/293 400/300/294
f 399/269/263 400/300/294 389/270/264
f 389/270/264 400/300/294 390/301/295
f 389/270/264 390/301/295 379/271/265
f 379/271/265 390/301/295 380/302/296
f 379/271/265 380/302/296 369/272/266
f 369/272/266 380/302/296 370/303/297
f 369/272/266 370/303/297 359/273/267
f 359/273/267 370/303/297 360/304/298
f 359/273/267 360/304/298 349/274/268
f 349/274/268 360/304/298 350/305/299
f 349/274/268 350/305/299 339/275/269
f 339/275/269 350/305/299 340/306/300
f 339/275/269 340/306/300 329/276/270
f 329/276/270 340/306/300 330/307/301
f 329/276/270 330/307/301 319/277/271
f 319/277/271 330/307/301 320/308/302
f 319/277/271 320/308/302 309/278/272
f 309/278/272 320/308/302 310/309/303
f 309/278/272 310/309/303 299/279/273
f 299/279/273 310/309/303 300/310/304
f 299/279/273 300/310/304 289/280/274
f 289/280/274 300/310/304 290/311/305
f 289/280/274 290/311/305 279/281/275
f 279/281/275 290/311/305 280/312/306
f 279/281/275 280/312/306 269/282/276
f 269/282/276 280/312/306 270/313/307
f 269/282/276 270/313/307 259/283/277
f 259/283/277 270/313/307 260/314/308
f 259/283/277 260/314/308 249/284/278
f 249/284/278 260/314/308 250/315/309
f 249/284/278 250/315/309 239/285/279
f 239/285/279 250/315/309 240/316/310
f 239/285/279 240/316/310 229/286/280
f 229/286/280 240/316/310 230/317/311
f 229/286/280 230/317/311 219/287/281
f 219/287/281 230/317/311 220/318/312
f 219/287/281 220/318/312 209/288/282
f 209/288/282 220/318/312 210/319/313
f 209/288/282 210/319/313 199/289/283
f 199/289/283 210/319/313 200/320/314
f 199/289/283 200/320/314 189/290/284
f 189/290/284 200/320/314 190/321/315
f 189/290/284 190/321/315 179/128/122
f 179/128/122 190/321/315 180/126/120
f 138/291/285 139/322/316 480/292/286
f 480/292/286 139/322/316 481/323/317
f 480/292/286 481/323/317 470/293/287
f 470/293/287 481/323/317 471/324/318
f 470/293/287 471/324/318 460/294/288
f 460/294/288 471/324/318 461/325/319
f 460/294/288 461/325/319 450/295/289
f 450/295/289 461/325/319 451/326/320
f 450/295/289 451/326/320 440/296/290
f 440/296/290 451/326/320 441/327/321
f 440/296/290 441/327/321 430/297/291
f 430/297/291 441/327/321 431/328/322
f 430/297/291 431/328/322 420/298/292
f 420/298/292 431/328/322 421/329/323
f 420/298/292 421/329/323 410/299/293
f 410/299/293 421/329/323 411/330/324
f 410/299/293 411/330/324 400/300/294
f 400/300/294 411/330/324 401/331/325
f 400/300/294 401/331/325 390/301/295
f 390/301/295 401/331/325 391/332/326
f 390/301/295 391/332/326 380/302/296
f 380/302/296 391/332/326 381/333/327
f 380/302/296 381/333/327 370/303/297
f 370/303/297 381/333/327 371/334/328
f 370/303/297 371/334/328 360/304/298
f 360/304/298 371/334/328 361/335/329
f 360/304/298 361/335/329 350/305/299
f 350/305/299 361/335/329 351/336/330
f 350/305/299 351/336/330 340/306/300
f 340/306/300 351/336/330 341/337/331
f 340/306/300 341/337/331 330/307/301
f 330/307/301 341/337/331 331/338/332
f 330/307/301 331/338/332 320/308/302
f 320/308/302 331/338/332 321/339/333
f 320/308/302 321/339/333 310/309/303
f 310/309/303 321/339/333 311/340/334
f 310/309/303 311/340/334 300/310/304
f 300/310/304 311/340/334 301/341/335
f 300/310/304 301/341/335 290/311/305
f 290/311/305 301/341/335 291/342/336
f 290/311/305 291/342/336 280/312/306
f 280/312/306 291/342/336 281/343/337
f 280/312/306 281/343/337 270/313/307
f 270/313/307 281/343/337 271/344/338
f 270/313/307 271/344/338 260/314/308
f 260/314/308 271/344/338 261/345/339
f 260/314/308 261/345/339 250/315/309
f 250/315/309 261/345/339 251/346/340
f 250/315/309 251/346/340 240/316/310
f 240/316/310 251/346/340 241/347/341
f 240/316/310 241/347/341 230/317/311
f 230/317/311 241/347/341 231/348/342
f 230/317/311 231/348/342 220/318/312
f 220/318/312 231/348/342 221/349/343
f 220/318/312 221/349/343 210/319/313
f 210/319/313 221/349/343 211/350/344
f 210/319/313 211/350/344 200/320/314
f 200/320/314 211/350/344 201/351/345
f 200/320/314 201/351/345 190/321/315
f 190/321/315 201/351/345 191/352/346
f 190/321/315 191/352/346 180/126/120
f 180/126/120 191/352/346 181/124/118
f 139/322/316 140/353/347 481/323/317
f 481/323/317 140/353/347 482/354/348
f 481/323/317 482/354/348 471/324/318
f 471/324/318 482/354/348 472/355/349
f 471/324/318 472/355/349 461/325/319
f 461/325/319 472/355/349 462/356/350
f 461/325/319 462/356/350 451/326/320
f 451/326/320 462/356/350 452/357/351
f 451/326/320 452/357/351 441/327/321
f 441/327/321 452/357/351 442/358/352
f 441/327/321 442/358/352 431/328/322
f 431/328/322 442/358/352 432/359/353
f 431/328/322 432/359/353 421/329/323
f 421/329/323 432/359/353 422/360/354
f 421/329/323 422/360/354 411/330/324
f 411/330/324 422/360/354 412/361/355
f 411/330/324 412/361/355 401/331/325
f 401/331/325 412/361/355 402/362/356
f 401/331/325 402/362/356 391/332/326
f 391/332/326 402/362/356 392/363/357
f 391/332/326 392/363/357 381/333/327
f 381/333/327 392/363/357 382/364/358
f 381/333/327 382/364/358 371/334/328
f 371/334/328 382/364/358 372/365/359
f 371/334/328 372/365/359 361/335/329
f 361/335/329 372/365/359 362/366/360
f 361/335/329 362/366/360 351/336/330
f 351/336/330 362/366/360 352/367/361
f 351/336/330 352/367/361 341/337/331
f 341/337/331 352/367/361 342/368/362
f 341/337/331 342/368/362 331/338/332
f 331/338/332 342/368/362 332/369/363
f 331/338/332 332/369/363 321/339/333
f 321/339/333 332/369/363 322/370/364
f 321/339/333 322/370/364 311/340/334
f 311/340/334 322/370/364 312/371/365
f 311/340/334 312/371/365 301/341/335
f 301/341/335 312/371/365 302/372/366
f 301/341/335 302/372/366 291/342/336
f 291/342/336 302/372/366 292/373/367
f 291/342/336 292/373/367 281/343/337
f 281/343/337 292/373/367 282/374/368
f 281/343/337 282/374/368 271/344/338
f 271/344/338 282/374/368 272/375/369
f 271/344/338 272/375/369 261/345/339
f 261/345/339 272/375/369 262/376/370
f 261/345/339 262/376/370 251/346/340
f 251/346/340 262/376/370 252/377/371
f 251/346/340 252/377/371 241/347/341
f 241/347/341 252/377/371 242/378/372
f 241/347/341 242/378/372 231/348/342
f 231/348/342 242/378/372 232/379/373
f 231/348/342 232/379/373 221/349/343
f 221/349/343 232/379/373 222/380/374
f 221/349/343 222/380/374 211/350/344
f 211/350/344 222/380/374 212/381/375
f 211/350/344 212/381/375 201/351/345
f 201/351/345 212/381/375 202/382/376
f 201/351/345 202/382/376 191/352/346
f 191/352/346 202/382/376 192/383/377
f 191/352/346 192/383/377 181/124/118
f 181/124/118 192/383/377 182/122/116
f 140/353/347 141/384/378 482/354/348
f 482/354/348 141/384/378 483/385/379
f 482/354/348 483/385/379 472/355/349
f 472/355/349 483/385/379 473/386/380
f 472/355/349 473/386/380 462/356/350
f 462/356/350 473/386/380 463/387/381
f 462/356/350 463/387/381 452/357/351
f 452/357/351 463/387/381 453/388/382
f 452/357/351 453/388/382 442/358/352
f 442/358/352 453/388/382 443/389/383
f 442/358/352 443/389/383 432/359/353
f 432/359/353 443/389/383 433/390/384
f 432/359/353 433/390/384 422/360/354
f 422/360/354 433/390/384 423/391/385
f 422/360/354 423/391/385 412/361/355
f 412/361/355 423/391/385 413/392/386
f 412/361/355 413/392/386 402/362/356
f 402/362/356 413/392/386 403/393/387
f 402/362/356 403/393/387 392/363/357
f 392/363/357 403/393/387 393/394/388
f 392/363/357 393/394/388 382/364/358
f 382/364/358 393/394/388 383/395/389
f 382/364/358 383/395/389 372/365/359
f 372/365/359 383/395/389 373/396/390
f 372/365/359 373/396/390 362/366/360
f 362/366/360 373/396/390 363/397/391
f 362/366/360 363/397/391 352/367/361
f 352/367/361 363/397/391 353/398/392
f 352/367/361 353/398/392 342/368/362
f 342/368/362 353/398/392 343/399/393
f 342/368/362 343/399/393 332/369/363
f 332/369/363 343/399/393 333/400/394
f 332/369/363 333/400/394 322/370/364
f 322/370/364 333/400/394 323/401/395
f 322/370/364 323/401/395 312/371/365
f 312/371/365 323/401/395 313/402/396
f 312/371/365 313/402/396 302/372/366
f 302/372/366 313/402/396 303/403/397
f 302/372/366 303/403/397 292/373/367
f 292/373/367 303/403/397 293/404/398
f 292/373/367 293/404/398 282/374/368
f 282/374/368 293/404/398 283/405/399
f 282/374/368 283/405/399 272/375/369
f 272/375/369 283/405/399 273/406/400
f 272/375/369 273/406/400 262/376/370
f 262/376/370 273/406/400 263/407/401
f 262/376/370 263/407/401 252/377/371
f 252/377/371 263/407/401 253/408/402
f 252/377/371 253/408/402 242/378/372
f 242/378/372 253/408/402 243/409/403
f 242/378/372 243/409/403 232/379/373
f 232/379/373 243/409/403 233/410/404
f 232/379/373 233/410/404 222/380/374
f 222/380/374 233/410/404 223/411/405
f 222/380/374 223/411/405 212/381/375
f 212/381/375 223/411/405 213/412/406
f 212/381/375 213/412/406 202/382/376
f 202/382/376 213/412/406 203/413/407
f 202/382/376 203/413/407 192/383/377
f 192/383/377 203/413/407 193/414/408
f 192/383/377 193/414/408 182/122/116
f 182/122/116 193/414/408 183/120/114
f 141/384/378 142/415/409 483/385/379
f 483/385/379 142/415/409 484/416/410
f 483/385/379 484/416/410 473/386/380
f 473/386/380 484/416/410 474/417/411
f 473/386/380 474/417/411 463/387/381
f 463/387/381 474/417/411 464/418/412
f 463/387/381 464/418/412 453/388/382
f 453/388/382 464/418/412 454/419/413
f 453/388/382 454/419/413 443/389/383
f 443/389/383 454/419/413 444/420/414
f 443/389/383 444/420/414 433/390/384
f 433/390/384 444/420/414 434/421/415
f 433/390/384 434/421/415 423/391/385
f 423/391/385 434/421/415 424/422/416
f 423/391/385 424/422/416 413/392/386
f 413/392/386 424/422/416 414/423/417
f 413/392/386 414/423/417 403/393/387
f 403/393/387 414/423/417 404/424/418
f 403/393/387 404/424/418 393/394/388
f 393/394/388 404/424/418 394/425/419
f 393/394/388 394/425/419 383/395/389
f 383/395/389 394/425/419 384/426/420
f 383/395/389 384/426/420 373/396/390
f 373/396/390 384/426/420 374/427/421
f 373/396/390 374/427/421 363/397/391
f 363/397/391 374/427/421 364/428/422
f 363/397/391 364/428/422 353/398/392
f 353/398/392 364/428/422 354/429/423
f 353/398/392 354/429/423 343/399/393
f 343/399/393 354/429/423 344/430/424
f 343/399/393 344/430/424 333/400/394
f 333/400/394 344/430/424 334/431/425
f 333/400/394 334/431/425 323/401/395
f 323/401/395 334/431/425 324/432/426
f 323/401/395 324/432/426 313/402/396
f 313/402/396 324/432/426 314/433/427
f 313/402/396 314/433/427 303/403/397
f 303/403/397 314/433/427 304/434/428
f 303/403/397 304/434/428 293/404/398
f 293/404/398 304/434/428 294/435/429
f 293/404/398 294/435/429 283/405/399
f 283/405/399 294/435/429 284/436/430
f 283/405/399 284/436/430 273/406/400
f 273/406/400 284/436/430 274/437/431
f 273/406/400 274/437/431 263/407/401
f 263/407/401 274/437/431 264/438/432
f 263/407/401 264/438/432 253/408/402
f 253/408/402 264/438/432 254/439/433
f 253/408/402 254/439/433 243/409/403
f 243/409/403 254/439/433 244/440/434
f 243/409/403 244/440/434 233/410/404
f 233/410/404 244/440/434 234/441/435
f 233/410/404 234/441/435 223/411/405
f 223/411/405 234/441/435 224/442/436
f 223/411/405 224/442/436 213/412/406
f 213/412/406 224/442/436 214/443/437
f 213/412/406 214/443/437 203/413/407
f 203/413/407 214/443/437 204/444/438
f 203/413/407 204/444/438 193/414/408
f 193/414/408 204/444/438 194/445/439
f 193/414/408 194/445/439 183/120/114
f 183/120/114 194/445/439 184/118/112
f 142/415/409 143/446/440 484/416/410
f 484/416/410 143/446/440 485/447/441
f 484/416/410 485/447/441 474/417/411
f 474/417/411 485/447/441 475/448/442
f 474/417/411 475/448/442 464/418/412
f 464/418/412 475/448/442 465/449/443
f 464/418/412 465/449/443 454/419/413
f 454/419/413 465/449/443 455/450/444
f 454/419/413 455/450/444 444/420/414
f 444/420/414 455/450/444 445/451/445
f 444/420/414 445/451/445 434/421/415
f 434/421/415 445/451/445 435/452/446
f 434/421/415 435/452/446 424/422/416
f 424/422/416 435/452/446 425/453/447
f 424/422/416 425/453/447 414/423/417
f 414/423/417 425/453/447 415/454/448
f 414/423/417 415/454/448 404/424/418
f 404/424/418 415/454/448 405/455/449
f 404/424/418 405/455/449 394/425/419
f 394/425/419 405/455/449 395/456/450
f 394/425/419 395/456/450 384/426/420
f 384/426/420 395/456/450 385/457/451
f 384/426/420 385/457/451 374/427/421
f 374/427/421 385/457/451 375/458/452
f 374/427/421 375/458/452 364/428/422
f 364/428/422 375/458/452 365/459/453
f 364/428/422 365/459/453 354/429/423
f 354/429/423 365/459/453 355/460/454
f 354/429/423 355/460/454 344/430/424
f 344/430/424 355/460/454 345/461/455
f 344/430/424 345/461/455 334/431/425
f 334/431/425 345/461/455 335/462/456
f 334/431/425 335/462/456 324/432/426
f 324/432/426 335/462/456 325/463/457
f 324/432/426 325/463/457 314/433/427
f 314/433/427 325/463/457 315/464/458
f 314/433/427 315/464/458 304/434/428
f 304/434/428 315/464/458 305/465/459
f 304/434/428 305/465/459 294/435/429
f 294/435/429 305/465/459 295/466/460
f 294/435/429 295/466/460 284/436/430
f 284/436/430 295/466/460 285/467/461
f 284/436/430 285/467/461 274/437/431
f 274/437/431 285/467/461 275/468/462
f 274/437/431 275/468/462 264/438/432
f 264/438/432 275/468/462 265/469/463
f 264/438/432 265/469/463 254/439/433
f 254/439/433 265/469/463 255/470/464
f 254/439/433 255/470/464 244/440/434
f 244/440/434 255/470/464 245/471/465
f 244/440/434 245/471/465 234/441/435
f 234/441/435 245/471/465 235/472/466
f 234/441/435 235/472/466 224/442/436
f 224/442/436 235/472/466 225/473/467
f 224/442/436 225/473/467 214/443/437
f 214/443/437 225/473/467 215/474/468
f 214/443/437 215/474/468 204/444/438
f 204/444/438 215/474/468 205/475/469
f 204/444/438 205/475/469 194/445/439
f 194/445/439 205/475/469 195/476/470
f 194/445/439 195/476/470 184/118/112
f 184/118/112 195/476/470 185/116/110
f 143/446/440 144/477/471 485/447/441
f 485/447/441 144/477/471 145/478/472
f 485/447/441 145/478/472 475/448/442
f 475/448/442 145/478/472 146/479/473
f 475/448/442 146/479/473 465/449/443
f 465/449/443 146/479/473 147/480/474
f 465/449/443 147/480/474 455/450/444
f 455/450/444 147/480/474 148/481/475
f 455/450/444 148/481/475 445/451/445
f 445/451/445 148/481/475 149/482/476
f 445/451/445 149/482/476 435/452/446
f 435/452/446 149/482/476 150/483/477
f 435/452/446 150/483/477 425/453/447
f 425/453/447 150/483/477 151/484/478
f 425/453/447 151/484/478 415/454/448
f 415/454/448 151/484/478 152/485/479
f 415/454/448 152/485/479 405/455/449
f 405/455/449 152/485/479 153/486/480
f 405/455/449 153/486/480 395/456/450
f 395/456/450 153/486/480 154/487/481
f 395/456/450 154/487/481 385/457/451
f 385/457/451 154/487/481 155/488/482
f 385/457/451 155/488/482 375/458/452
f 375/458/452 155/488/482 156/489/483
f 375/458/452 156/489/483 365/459/453
f 365/459/453 156/489/483 157/490/484
f 365/459/453 157/490/484 355/460/454
f 355/460/454 157/490/484 158/491/485
f 355/460/454 158/491/485 345/461/455
f 345/461/455 158/491/485 159/492/486
f 345/461/455 159/492/486 335/462/456
f 335/462/456 159/492/486 160/493/487
f 335/462/456 160/493/487 325/463/457
f 325/463/457 160/493/487 161/494/488
f 325/463/457 161/494/488 315/464/458
f 315/464/458 161/494/488 162/495/489
f 315/464/458 162/495/489 305/465/459
f 305/465/459 162/495/489 163/496/490
f 305/465/459 163/496/490 295/466/460
f 295/466/460 163/496/490 164/497/491
f 295/466/460 164/497/491 285/467/461
f 285/467/461 164/497/491 165/498/492
f 285/467/461 165/498/492 275/468/462
f 275/468/462 165/498/492 166/499/493
f 275/468/462 166/499/493 265/469/463
f 265/469/463 166/499/493 167/500/494
f 265/469/463 167/500/494 255/470/464
f 255/470/464 167/500/494 168/501/495
f 255/470/464 168/501/495 245/471/465
f 245/471/465 168/501/495 169/502/496
f 245/471/465 169/502/496 235/472/466
f 235/472/466 169/502/496 170/503/497
f 235/472/466 170/503/497 225/473/467
f 225/473/467 170/503/497 171/504/498
f 225/473/467 171/504/498 215/474/468
f 215/474/468 171/504/498 172/505/499
f 215/474/468 172/505/499 205/475/469
f 205/475/469 172/505/499 173/506/500
f 205/475/469 173/506/500 195/476/470
f 195/476/470 173/506/500 174/507/501
f 195/476/470 174/507/501 185/116/110
f 185/116/110 174/507/501 175/114/108
f 71/508/502 144/509/503 497/510/504
f 497/510/504 144/509/503 143/511/505
f 497/510/504 143/511/505 496/512/506
f 496/512/506 143/511/505 142/513/507
f 496/512/506 142/513/507 495/514/508
f 495/514/508 142/513/507 141/515/509
f 495/514/508 141/515/509 494/516/510
f 494/516/510 141/515/509 140/517/511
f 494/516/510 140/517/511 493/518/512
f 493/518/512 140/517/511 139/519/513
f 493/518/512 139/519/513 492/520/514
f 492/520/514 139/519/513 491/521/515
f 492/520/514 491/521/515 76/522/516
f 76/522/516 491/521/515 77/523/517
f 77/523/517 491/521/515 490/524/518
f 77/523/517 490/524/518 78/525/519
f 78/525/519 490/524/518 489/526/520
f 78/525/519 489/526/520 79/527/521
f 79/527/521 489/526/520 488/528/522
f 79/527/521 488/528/522 80/529/523
f 80/529/523 488/528/522 487/530/524
f 80/529/523 487/530/524 81/531/525
f 81/531/525 487/530/524 486/532/526
f 486/532/526 487/530/524 135/533/527
f 486/532/526 135/533/527 134/534/528
f 139/519/513 138/535/529 491/521/515
f 491/521/515 138/535/529 490/524/518
f 138/535/529 137/536/530 490/524/518
f 490/524/518 137/536/530 489/526/520
f 137/536/530 136/537/531 489/526/520
f 489/526/520 136/537/531 488/528/522
f 136/537/531 135/533/527 488/528/522
f 488/528/522 135/533/527 487/530/524
f 492/520/514 76/522/516 493/518/512
f 493/518/512 76/522/516 75/538/532
f 493/518/512 75/538/532 494/516/510
f 494/516/510 75/538/532 74/539/533
f 494/516/510 74/539/533 495/514/508
f 495/514/508 74/539/533 73/540/534
f 495/514/508 73/540/534 496/512/506
f 496/512/506 73/540/534 72/541/535
f 496/512/506 72/541/535 497/510/504
f 497/510/504 72/541/535 71/508/502
f 519/542/536 498/543/537 529/544/538
f 529/544/538 498/543/537 499/545/539
f 529/544/538 499/545/539 528/546/540
f 528/546/540 499/545/539 500/547/541
f 528/546/540 500/547/541 527/548/542
f 527/548/542 500/547/541 501/549/543
f 527/548/542 501/549/543 526/550/544
f 526/550/544 501/549/543 502/551/545
f 526/550/544 502/551/545 525/552/546
f 525/552/546 502/551/545 503/553/547
f 525/552/546 503/553/547 524/554/548
f 524/554/548 503/553/547 504/555/549
f 524/554/548 504/555/549 523/556/550
f 523/556/550 504/555/549 505/557/551
f 523/556/550 505/557/551 522/558/552
f 522/558/552 505/557/551 506/559/553
f 522/558/552 506/559/553 521/560/554
f 521/560/554 506/559/553 507/561/555
f 521/560/554 507/561/555 520/562/556
f 520/562/556 507/561/555 508/563/557
f 520/562/556 508/563/557 509/564/558
f 509/564/558 510/565/559 520/562/556
f 520/562/556 510/565/559 521/560/554
f 510/565/559 511/566/560 521/560/554
f 521/560/554 511/566/560 522/558/552
f 511/566/560 512/567/561 522/558/552
f 522/558/552 512/567/561 523/556/550
f 512/567/561 513/568/562 523/556/550
f 523/556/550 513/568/562 524/554/548
f 513/568/562 514/569/563 524/554/548
f 524/554/548 514/569/563 525/552/546
f 514/569/563 515/570/564 525/552/546
f 525/552/546 515/570/564 526/550/544
f 515/570/564 516/571/565 526/550/544
f 526/550/544 516/571/565 527/548/542
f 516/571/565 517/572/566 527/548/542
f 527/548/542 517/572/566 528/546/540
f 517/572/566 518/573/567 528/546/540
f 528/546/540 518/573/567 529/544/538
f 518/573/567 519/542/536 529/544/538
f 531/574/568 541/575/569 530/576/570
f 530/576/570 541/575/569 542/577/571
f 530/576/570 542/577/571 498/578/537
f 498/578/537 542/577/571 543/579/572
f 498/578/537 543/579/572 499/580/573
f 499/580/573 543/579/572 500/581/574
f 500/581/574 543/579/572 546/582/575
f 500/581/574 546/582/575 501/583/576
f 501/583/576 546/582/575 549/584/577
f 501/583/576 549/584/577 502/585/578
f 502/585/578 549/584/577 552/586/579
f 502/585/578 552/586/579 503/587/547
f 503/587/547 552/586/579 555/588/580
f 503/587/547 555/588/580 504/589/581
f 504/589/581 555/588/580 558/590/582
f 504/589/581 558/590/582 505/591/583
f 505/591/583 558/590/582 561/592/584
f 505/591/583 561/592/584 506/593/585
f 506/593/585 561/592/584 564/594/586
f 506/593/585 564/594/586 507/595/587
f 507/595/587 564/594/586 567/596/588
f 507/595/587 567/596/588 508/597/557
f 508/597/557 567/596/588 566/598/589
f 508/597/557 566/598/589 540/599/590
f 540/599/590 566/598/589 565/600/591
f 540/599/590 565/600/591 539/601/592
f 539/601/592 565/600/591 538/602/593
f 538/602/593 565/600/591 562/603/594
f 538/602/593 562/603/594 537/604/595
f 537/604/595 562/603/594 559/605/596
f 537/604/595 559/605/596 536/606/597
f 536/606/597 559/605/596 556/607/598
f 536/606/597 556/607/598 535/608/599
f 535/608/599 556/607/598 553/609/600
f 535/608/599 553/609/600 534/610/601
f 534/610/601 553/609/600 550/611/602
f 534/610/601 550/611/602 533/612/603
f 533/612/603 550/611/602 547/613/604
f 533/612/603 547/613/604 532/614/605
f 532/614/605 547/613/604 544/615/606
f 532/614/605 544/615/606 531/574/568
f 531/574/568 544/615/606 541/575/569
f 546/582/575 543/579/572 542/577/571
f 542/577/571 541/575/569 545/616/607
f 545/616/607 541/575/569 544/615/606
f 545/616/607 544/615/606 548/617/608
f 548/617/608 544/615/606 547/613/604
f 548/617/608 547/613/604 551/618/609
f 551/618/609 547/613/604 550/611/602
f 551/618/609 550/611/602 554/619/610
f 554/619/610 550/611/602 553/609/600
f 554/619/610 553/609/600 557/620/611
f 557/620/611 553/609/600 556/607/598
f 557/620/611 556/607/598 560/621/612
f 560/621/612 556/607/598 559/605/596
f 560/621/612 559/605/596 563/622/613
f 563/622/613 559/605/596 562/603/594
f 563/622/613 562/603/594 566/598/589
f 566/598/589 562/603/594 565/600/591
f 549/584/577 546/582/575 545/616/607
f 545/616/607 546/582/575 542/577/571
f 549/584/577 545/616/607 548/617/608
f 552/586/579 549/584/577 548/617/608
f 552/586/579 548/617/608 551/618/609
f 555/588/580 552/586/579 551/618/609
f 555/588/580 551/618/609 554/619/610
f 558/590/582 555/588/580 554/619/610
f 558/590/582 554/619/610 557/620/611
f 561/592/584 558/590/582 557/620/611
f 561/592/584 557/620/611 560/621/612
f 564/594/586 561/592/584 560/621/612
f 564/594/586 560/621/612 563/622/613
f 567/596/588 564/594/586 563/622/613
f 567/596/588 563/622/613 566/598/589
f 530/623/570 568/624/614 588/625/615
f 588/625/615 568/624/614 569/626/616
f 588/625/615 569/626/616 587/627/617
f 587/627/617 569/626/616 570/628/618
f 587/627/617 570/628/618 586/629/619
f 586/629/619 570/628/618 571/630/620
f 586/629/619 571/630/620 585/631/621
f 585/631/621 571/630/620 572/632/622
f 585/631/621 572/632/622 584/633/623
f 584/633/623 572/632/622 573/634/624
f 584/633/623 573/634/624 583/635/625
f 583/635/625 573/634/624 574/636/626
f 583/635/625 574/636/626 582/637/627
f 582/637/627 574/636/626 575/638/628
f 582/637/627 575/638/628 581/639/629
f 581/639/629 575/638/628 576/640/630
f 581/639/629 576/640/630 580/641/631
f 580/641/631 576/640/630 577/642/632
f 580/641/631 577/642/632 579/643/633
f 579/643/633 577/642/632 578/644/634
f 579/643/633 578/644/634 540/645/590
f 540/645/590 539/646/635 579/643/633
f 579/643/633 539/646/635 580/641/631
f 539/646/635 538/647/636 580/641/631
f 580/641/631 538/647/636 581/639/629
f 538/647/636 537/648/637 581/639/629
f 581/639/629 537/648/637 582/637/627
f 537/648/637 536/649/638 582/637/627
f 582/637/627 536/649/638 583/635/625
f 536/649/638 535/650/599 583/635/625
f 583/635/625 535/650/599 584/633/623
f 535/650/599 534/651/639 584/633/623
f 584/633/623 534/651/639 585/631/621
f 534/651/639 533/652/640 585/631/621
f 585/631/621 533/652/640 586/629/619
f 533/652/640 532/653/641 586/629/619
f 586/629/619 532/653/641 587/627/617
f 532/653/641 531/654/642 587/627/617
f 587/627/617 531/654/642 588/625/615
f 531/654/642 530/623/570 588/625/615
f 92/655/643 519/656/536 600/657/644
f 600/657/644 519/656/536 518/658/645
f 600/657/644 518/658/645 599/659/646
f 599/659/646 518/658/645 517/660/647
f 599/659/646 517/660/647 598/661/648
f 598/661/648 517/660/647 516/662/649
f 598/661/648 516/662/649 597/663/650
f 597/663/650 516/662/649 515/664/651
f 597/663/650 515/664/651 596/665/652
f 596/665/652 515/664/651 514/666/653
f 596/665/652 514/666/653 595/667/654
f 595/667/654 514/666/653 594/668/655
f 595/667/654 594/668/655 97/669/656
f 97/669/656 594/668/655 98/670/657
f 98/670/657 594/668/655 593/671/658
f 98/670/657 593/671/658 592/672/659
f 592/672/659 593/671/658 512/673/660
f 592/672/659 512/673/660 511/674/661
f 514/666/653 513/675/662 594/668/655
f 594/668/655 513/675/662 593/671/658
f 513/675/662 512/673/660 593/671/658
f 592/672/659 511/674/661 591/676/663
f 591/676/663 511/674/661 510/677/664
f 591/676/663 510/677/664 590/678/665
f 590/678/665 510/677/664 509/679/666
f 590/678/665 509/679/666 589/680/667
f 589/680/667 102/681/668 590/678/665
f 590/678/665 102/681/668 101/682/669
f 590/678/665 101/682/669 100/683/670
f 590/678/665 100/683/670 591/676/663
f 591/676/663 100/683/670 99/684/671
f 591/676/663 99/684/671 592/672/659
f 592/672/659 99/684/671 98/670/657
f 595/667/654 97/669/656 596/665/652
f 596/665/652 97/669/656 96/685/672
f 596/665/652 96/685/672 597/663/650
f 597/663/650 96/685/672 95/686/673
f 597/663/650 95/686/673 598/661/648
f 598/661/648 95/686/673 94/687/674
f 598/661/648 94/687/674 599/659/646
f 599/659/646 94/687/674 93/688/675
f 599/659/646 93/688/675 600/657/644
f 600/657/644 93/688/675 92/655/643
f 684/689/676 601/690/677 694/691/678
f 694/691/678 601/690/677 602/692/679
f 694/691/678 602/692/679 693/693/680
f 693/693/680 602/692/679 603/694/681
f 693/693/680 603/694/681 692/695/682
f 692/695/682 603/694/681 604/696/683
f 692/695/682 604/696/683 691/697/684
f 691/697/684 604/696/683 605/698/685
f 691/697/684 605/698/685 690/699/686
f 690/699/686 605/698/685 606/700/687
f 690/699/686 606/700/687 689/701/688
f 689/701/688 606/700/687 607/702/689
f 689/701/688 607/702/689 688/703/690
f 688/703/690 607/702/689 608/704/691
f 688/703/690 608/704/691 687/705/692
f 687/705/692 608/704/691 609/706/693
f 687/705/692 609/706/693 686/707/694
f 686/707/694 609/706/693 610/708/695
f 686/707/694 610/708/695 685/709/696
f 685/709/696 610/708/695 611/710/697
f 685/709/696 611/710/697 612/711/698
f 685/709/696 612/711/698 695/712/699
f 695/712/699 612/711/698 613/713/700
f 695/712/699 613/713/700 705/714/701
f 705/714/701 613/713/700 614/715/702
f 705/714/701 614/715/702 715/716/703
f 715/716/703 614/715/702 615/717/704
f 715/716/703 615/717/704 725/718/705
f 725/718/705 615/717/704 616/719/706
f 725/718/705 616/719/706 735/720/707
f 735/720/707 616/719/706 617/721/708
f 735/720/707 617/721/708 745/722/709
f 745/722/709 617/721/708 618/723/710
f 745/722/709 618/723/710 755/724/711
f 755/724/711 618/723/710 619/725/712
f 755/724/711 619/725/712 765/726/713
f 765/726/713 619/725/712 620/727/714
f 765/726/713 620/727/714 775/728/715
f 775/728/715 620/727/714 621/729/716
f 775/728/715 621/729/716 785/730/717
f 785/730/717 621/729/716 622/731/718
f 785/730/717 622/731/718 795/732/719
f 795/732/719 622/731/718 623/733/720
f 795/732/719 623/733/720 805/734/721
f 805/734/721 623/733/720 624/735/722
f 805/734/721 624/735/722 815/736/723
f 815/736/723 624/735/722 625/737/724
f 815/736/723 625/737/724 825/738/725
f 825/738/725 625/737/724 626/739/726
f 825/738/725 626/739/726 835/740/727
f 835/740/727 626/739/726 627/741/728
f 835/740/727 627/741/728 845/742/729
f 845/742/729 627/741/728 628/743/730
f 845/742/729 628/743/730 855/744/731
f 855/744/731 628/743/730 629/745/732
f 855/744/731 629/745/732 865/746/733
f 865/746/733 629/745/732 630/747/734
f 865/746/733 630/747/734 875/748/735
f 875/748/735 630/747/734 631/749/736
f 875/748/735 631/749/736 885/750/737
f 885/750/737 631/749/736 632/751/738
f 885/750/737 632/751/738 895/752/739
f 895/752/739 632/751/738 633/753/740
f 895/752/739 633/753/740 905/754/741
f 905/754/741 633/753/740 634/755/742
f 905/754/741 634/755/742 915/756/743
f 915/756/743 634/755/742 635/757/744
f 915/756/743 635/757/744 925/758/745
f 925/758/745 635/757/744 636/759/746
f 925/758/745 636/759/746 935/760/747
f 935/760/747 636/759/746 637/761/748
f 935/760/747 637/761/748 945/762/749
f 945/762/749 637/761/748 638/763/750
f 945/762/749 638/763/750 955/764/751
f 955/764/751 638/763/750 639/765/752
f 955/764/751 639/765/752 965/766/753
f 965/766/753 639/765/752 640/767/754
f 965/766/753 640/767/754 975/768/755
f 975/768/755 640/767/754 641/769/756
f 975/768/755 641/769/756 985/770/757
f 985/770/757 641/769/756 642/771/758
f 985/770/757 642/771/758 643/772/759
f 643/772/759 644/773/760 985/770/757
f 985/770/757 644/773/760 986/774/761
f 985/770/757 986/774/761 975/768/755
f 975/768/755 986/774/761 976/775/762
f 975/768/755 976/775/762 965/766/753
f 965/766/753 976/775/762 966/776/763
f 965/766/753 966/776/763 955/764/751
f 955/764/751 966/776/763 956/777/764
f 955/764/751 956/777/764 945/762/749
f 945/762/749 956/777/764 946/778/765
f 945/762/749 946/778/765 935/760/747
f 935/760/747 946/778/765 936/779/766
f 935/760/747 936/779/766 925/758/745
f 925/758/745 936/779/766 926/780/767
f 925/758/745 926/780/767 915/756/743
f 915/756/743 926/780/767 916/781/768
f 915/756/743 916/781/768 905/754/741
f 905/754/741 916/781/768 906/782/769
f 905/754/741 906/782/769 895/752/739
f 895/752/739 906/782/769 896/783/770
f 895/752/739 896/783/770 885/750/737
f 885/750/737 896/783/770 886/784/771
f 885/750/737 886/784/771 875/748/735
f 875/748/735 886/784/771 876/785/772
f 875/748/735 876/785/772 865/746/733
f 865/746/733 876/785/772 866/786/773
f 865/746/733 866/786/773 855/744/731
f 855/744/731 866/786/773 856/787/774
f 855/744/731 856/787/774 845/742/729
f 845/742/729 856/787/774 846/788/775
f 845/742/729 846/788/775 835/740/727
f 835/740/727 846/788/775 836/789/776
f 835/740/727 836/789/776 825/738/725
f 825/738/725 836/789/776 826/790/777
f 825/738/725 826/790/777 815/736/723
f 815/736/723 826/790/777 816/791/778
f 815/736/723 816/791/778 805/734/721
f 805/734/721 816/791/778 806/792/779
f 805/734/721 806/792/779 795/732/719
f 795/732/719 806/792/779 796/793/780
f 795/732/719 796/793/780 785/730/717
f 785/730/717 796/793/780 786/794/781
f 785/730/717 786/794/781 775/728/715
f 775/728/715 786/794/781 776/795/782
f 775/728/715 776/795/782 765/726/713
f 765/726/713 776/795/782 766/796/783
f 765/726/713 766/796/783 755/724/711
f 755/724/711 766/796/783 756/797/784
f 755/724/711 756/797/784 745/722/709
f 745/722/709 756/797/784 746/798/785
f 745/722/709 746/798/785 735/720/707
f 735/720/707 746/798/785 736/799/786
f 735/720/707 736/799/786 725/718/705
f 725/718/705 736/799/786 726/800/787
f 725/718/705 726/800/787 715/716/703
f 715/716/703 726/800/787 716/801/788
f 715/716/703 716/801/788 705/714/701
f 705/714/701 716/801/788 706/802/789
f 705/714/701 706/802/789 695/712/699
f 695/712/699 706/802/789 696/803/790
f 695/712/699 696/803/790 685/709/696
f 685/709/696 696/803/790 686/707/694
f 644/773/760 645/804/791 986/774/761
f 986/774/761 645/804/791 987/805/792
f 986/774/761 987/805/792 976/775/762
f 976/775/762 987/805/792 977/806/793
f 976/775/762 977/806/793 966/776/763
f 966/776/763 977/806/793 967/807/794
f 966/776/763 967/807/794 956/777/764
f 956/777/764 967/807/794 957/808/795
f 956/777/764 957/808/795 946/778/765
f 946/778/765 957/808/795 947/809/796
f 946/778/765 947/809/796 936/779/766
f 936/779/766 947/809/796 937/810/797
f 936/779/766 937/810/797 926/780/767
f 926/780/767 937/810/797 927/811/798
f 926/780/767 927/811/798 916/781/768
f 916/781/768 927/811/798 917/812/799
f 916/781/768 917/812/799 906/782/769
f 906/782/769 917/812/799 907/813/800
f 906/782/769 907/813/800 896/783/770
f 896/783/770 907/813/800 897/814/801
f 896/783/770 897/814/801 886/784/771
f 886/784/771 897/814/801 887/815/802
f 886/784/771 887/815/802 876/785/772
f 876/785/772 887/815/802 877/816/803
f 876/785/772 877/816/803 866/786/773
f 866/786/773 877/816/803 867/817/804
f 866/786/773 867/817/804 856/787/774
f 856/787/774 867/817/804 857/818/805
f 856/787/774 857/818/805 846/788/775
f 846/788/775 857/818/805 847/819/806
f 846/788/775 847/819/806 836/789/776
f 836/789/776 847/819/806 837/820/807
f 836/789/776 837/820/807 826/790/777
f 826/790/777 837/820/807 827/821/808
f 826/790/777 827/821/808 816/791/778
f 816/791/778 827/821/808 817/822/809
f 816/791/778 817/822/809 806/792/779
f 806/792/779 817/822/809 807/823/810
f 806/792/779 807/823/810 796/793/780
f 796/793/780 807/823/810 797/824/811
f 796/793/780 797/824/811 786/794/781
f 786/794/781 797/824/811 787/825/812
f 786/794/781 787/825/812 776/795/782
f 776/795/782 787/825/812 777/826/813
f 776/795/782 777/826/813 766/796/783
f 766/796/783 777/826/813 767/827/814
f 766/796/783 767/827/814 756/797/784
f 756/797/784 767/827/814 757/828/815
f 756/797/784 757/828/815 746/798/785
f 746/798/785 757/828/815 747/829/816
f 746/798/785 747/829/816 736/799/786
f 736/799/786 747/829/816 737/830/817
f 736/799/786 737/830/817 726/800/787
f 726/800/787 737/830/817 727/831/818
f 726/800/787 727/831/818 716/801/788
f 716/801/788 727/831/818 717/832/819
f 716/801/788 717/832/819 706/802/789
f 706/802/789 717/832/819 707/833/820
f 706/802/789 707/833/820 696/803/790
f 696/803/790 707/833/820 697/834/821
f 696/803/790 697/834/821 686/707/694
f 686/707/694 697/834/821 687/705/692
f 645/804/791 646/835/822 987/805/792
f 987/805/792 646/835/822 988/836/823
f 987/805/792 988/836/823 977/806/793
f 977/806/793 988/836/823 978/837/824
f 977/806/793 978/837/824 967/807/794
f 967/807/794 978/837/824 968/838/825
f 967/807/794 968/838/825 957/808/795
f 957/808/795 968/838/825 958/839/826
f 957/808/795 958/839/826 947/809/796
f 947/809/796 958/839/826 948/840/827
f 947/809/796 948/840/827 937/810/797
f 937/810/797 948/840/827 938/841/828
f 937/810/797 938/841/828 927/811/798
f 927/811/798 938/841/828 928/842/829
f 927/811/798 928/842/829 917/812/799
f 917/812/799 928/842/829 918/843/830
f 917/812/799 918/843/830 907/813/800
f 907/813/800 918/843/830 908/844/831
f 907/813/800 908/844/831 897/814/801
f 897/814/801 908/844/831 898/845/832
f 897/814/801 898/845/832 887/815/802
f 887/815/802 898/845/832 888/846/833
f 887/815/802 888/846/833 877/816/803
f 877/816/803 888/846/833 878/847/834
f 877/816/803 878/847/834 867/817/804
f 867/817/804 878/847/834 868/848/835
f 867/817/804 868/848/835 857/818/805
f 857/818/805 868/848/835 858/849/836
f 857/818/805 858/849/836 847/819/806
f 847/819/806 858/849/836 848/850/837
f 847/819/806 848/850/837 837/820/807
f 837/820/807 848/850/837 838/851/838
f 837/820/807 838/851/838 827/821/808
f 827/821/808 838/851/838 828/852/839
f 827/821/808 828/852/839 817/822/809
f 817/822/809 828/852/839 818/853/840
f 817/822/809 818/853/840 807/823/810
f 807/823/810 818/853/840 808/854/841
f 807/823/810 808/854/841 797/824/811
f 797/824/811 808/854/841 798/855/842
f 797/824/811 798/855/842 787/825/812
f 787/825/812 798/855/842 788/856/843
f 787/825/812 788/856/843 777/826/813
f 777/826/813 788/856/843 778/857/844
f 777/826/813 778/857/844 767/827/814
f 767/827/814 778/857/844 768/858/845
f 767/827/814 768/858/845 757/828/815
f 757/828/815 768/858/845 758/859/846
f 757/828/815 758/859/846 747/829/816
f 747/829/816 758/859/846 748/860/847
f 747/829/816 748/860/847 737/830/817
f 737/830/817 748/860/847 738/861/848
f 737/830/817 738/861/848 727/831/818
f 727/831/818 738/861/848 728/862/849
f 727/831/818 728/862/849 717/832/819
f 717/832/819 728/862/849 718/863/850
f 717/832/819 718/863/850 707/833/820
f 707/833/820 718/863/850 708/864/851
f 707/833/820 708/864/851 697/834/821
f 697/834/821 708/864/851 698/865/852
f 697/834/821 698/865/852 687/705/692
f 687/705/692 698/865/852 688/703/690
f 646/835/822 647/866/853 988/836/823
f 988/836/823 647/866/853 989/867/854
f 988/836/823 989/867/854 978/837/824
f 978/837/824 989/867/854 979/868/855
f 978/837/824 979/868/855 968/838/825
f 968/838/825 979/868/855 969/869/856
f 968/838/825 969/869/856 958/839/826
f 958/839/826 969/869/856 959/870/857
f 958/839/826 959/870/857 948/840/827
f 948/840/827 959/870/857 949/871/858
f 948/840/827 949/871/858 938/841/828
f 938/841/828 949/871/858 939/872/859
f 938/841/828 939/872/859 928/842/829
f 928/842/829 939/872/859 929/873/860
f 928/842/829 929/873/860 918/843/830
f 918/843/830 929/873/860 919/874/861
f 918/843/830 919/874/861 908/844/831
f 908/844/831 919/874/861 909/875/862
f 908/844/831 909/875/862 898/845/832
f 898/845/832 909/875/862 899/876/863
f 898/845/832 899/876/863 888/846/833
f 888/846/833 899/876/863 889/877/864
f 888/846/833 889/877/864 878/847/834
f 878/847/834 889/877/864 879/878/865
f 878/847/834 879/878/865 868/848/835
f 868/848/835 879/878/865 869/879/866
f 868/848/835 869/879/866 858/849/836
f 858/849/836 869/879/866 859/880/867
f 858/849/836 859/880/867 848/850/837
f 848/850/837 859/880/867 849/881/868
f 848/850/837 849/881/868 838/851/838
f 838/851/838 849/881/868 839/882/869
f 838/851/838 839/882/869 828/852/839
f 828/852/839 839/882/869 829/883/870
f 828/852/839 829/883/870 818/853/840
f 818/853/840 829/883/870 819/884/871
f 818/853/840 819/884/871 808/854/841
f 808/854/841 819/884/871 809/885/872
f 808/854/841 809/885/872 798/855/842
f 798/855/842 809/885/872 799/886/873
f 798/855/842 799/886/873 788/856/843
f 788/856/843 799/886/873 789/887/874
f 788/856/843 789/887/874 778/857/844
f 778/857/844 789/887/874 779/888/875
f 778/857/844 779/888/875 768/858/845
f 768/858/845 779/888/875 769/889/876
f 768/858/845 769/889/876 758/859/846
f 758/859/846 769/889/876 759/890/877
f 758/859/846 759/890/877 748/860/847
f 748/860/847 759/890/877 749/891/878
f 748/860/847 749/891/878 738/861/848
f 738/861/848 749/891/878 739/892/879
f 738/861/848 739/892/879 728/862/849
f 728/862/849 739/892/879 729/893/880
f 728/862/849 729/893/880 718/863/850
f 718/863/850 729/893/880 719/894/881
f 718/863/850 719/894/881 708/864/851
f 708/864/851 719/894/881 709/895/882
f 708/864/851 709/895/882 698/865/852
f 698/865/852 709/895/882 699/896/883
f 698/865/852 699/896/883 688/703/690
f 688/703/690 699/896/883 689/701/688
f 647/866/853 648/897/884 989/867/854
f 989/867/854 648/897/884 990/898/885
f 989/867/854 990/898/885 979/868/855
f 979/868/855 990/898/885 980/899/886
f 979/868/855 980/899/886 969/869/856
f 969/869/856 980/899/886 970/900/887
f 969/869/856 970/900/887 959/870/857
f 959/870/857 970/900/887 960/901/888
f 959/870/857 960/901/888 949/871/858
f 949/871/858 960/901/888 950/902/889
f 949/871/858 950/902/889 939/872/859
f 939/872/859 950/902/889 940/903/890
f 939/872/859 940/903/890 929/873/860
f 929/873/860 940/903/890 930/904/891
f 929/873/860 930/904/891 919/874/861
f 919/874/861 930/904/891 920/905/892
f 919/874/861 920/905/892 909/875/862
f 909/875/862 920/905/892 910/906/893
f 909/875/862 910/906/893 899/876/863
f 899/876/863 910/906/893 900/907/894
f 899/876/863 900/907/894 889/877/864
f 889/877/864 900/907/894 890/908/895
f 889/877/864 890/908/895 879/878/865
f 879/878/865 890/908/895 880/909/896
f 879/878/865 880/909/896 869/879/866
f 869/879/866 880/909/896 870/910/897
f 869/879/866 870/910/897 859/880/867
f 859/880/867 870/910/897 860/911/898
f 859/880/867 860/911/898 849/881/868
f 849/881/868 860/911/898 850/912/899
f 849/881/868 850/912/899 839/882/869
f 839/882/869 850/912/899 840/913/900
f 839/882/869 840/913/900 829/883/870
f 829/883/870 840/913/900 830/914/901
f 829/883/870 830/914/901 819/884/871
f 819/884/871 830/914/901 820/915/902
f 819/884/871 820/915/902 809/885/872
f 809/885/872 820/915/902 810/916/903
f 809/885/872 810/916/903 799/886/873
f 799/886/873 810/916/903 800/917/904
f 799/886/873 800/917/904 789/887/874
f 789/887/874 800/917/904 790/918/905
f 789/887/874 790/918/905 779/888/875
f 779/888/875 790/918/905 780/919/906
f 779/888/875 780/919/906 769/889/876
f 769/889/876 780/919/906 770/920/907
f 769/889/876 770/920/907 759/890/877
f 759/890/877 770/920/907 760/921/908
f 759/890/877 760/921/908 749/891/878
f 749/891/878 760/921/908 750/922/909
f 749/891/878 750/922/909 739/892/879
f 739/892/879 750/922/909 740/923/910
f 739/892/879 740/923/910 729/893/880
f 729/893/880 740/923/910 730/924/911
f 729/893/880 730/924/911 719/894/881
f 719/894/881 730/924/911 720/925/912
f 719/894/881 720/925/912 709/895/882
f 709/895/882 720/925/912 710/926/913
f 709/895/882 710/926/913 699/896/883
f 699/896/883 710/926/913 700/927/914
f 699/896/883 700/927/914 689/701/688
f 689/701/688 700/927/914 690/699/686
f 648/897/884 649/928/915 990/898/885
f 990/898/885 649/928/915 991/929/916
f 990/898/885 991/929/916 980/899/886
f 980/899/886 991/929/916 981/930/917
f 980/899/886 981/930/917 970/900/887
f 970/900/887 981/930/917 971/931/918
f 970/900/887 971/931/918 960/901/888
f 960/901/888 971/931/918 961/932/919
f 960/901/888 961/932/919 950/902/889
f 950/902/889 961/932/919 951/933/920
f 950/902/889 951/933/920 940/903/890
f 940/903/890 951/933/920 941/934/921
f 940/903/890 941/934/921 930/904/891
f 930/904/891 941/934/921 931/935/922
f 930/904/891 931/935/922 920/905/892
f 920/905/892 931/935/922 921/936/923
f 920/905/892 921/936/923 910/906/893
f 910/906/893 921/936/923 911/937/924
f 910/906/893 911/937/924 900/907/894
f 900/907/894 911/937/924 901/938/925
f 900/907/894 901/938/925 890/908/895
f 890/908/895 901/938/925 891/939/926
f 890/908/895 891/939/926 880/909/896
f 880/909/896 891/939/926 881/940/927
f 880/909/896 881/940/927 870/910/897
f 870/910/897 881/940/927 871/941/928
f 870/910/897 871/941/928 860/911/898
f 860/911/898 871/941/928 861/942/929
f 860/911/898 861/942/929 850/912/899
f 850/912/899 861/942/929 851/943/930
f 850/912/899 851/943/930 840/913/900
f 840/913/900 851/943/930 841/944/931
f 840/913/900 841/944/931 830/914/901
f 830/914/901 841/944/931 831/945/932
f 830/914/901 831/945/932 820/915/902
f 820/915/902 831/945/932 821/946/933
f 820/915/902 821/946/933 810/916/903
f 810/916/903 821/946/933 811/947/934
f 810/916/903 811/947/934 800/917/904
f 800/917/904 811/947/934 801/948/935
f 800/917/904 801/948/935 790/918/905
f 790/918/905 801/948/935 791/949/936
f 790/918/905 791/949/936 780/919/906
f 780/919/906 791/949/936 781/950/937
f 780/919/906 781/950/937 770/920/907
f 770/920/907 781/950/937 771/951/938
f 770/920/907 771/951/938 760/921/908
f 760/921/908 771/951/938 761/952/939
f 760/921/908 761/952/939 750/922/909
f 750/922/909 761/952/939 751/953/940
f 750/922/909 751/953/940 740/923/910
f 740/923/910 751/953/940 741/954/941
f 740/923/910 741/954/941 730/924/911
f 730/924/911 741/954/941 731/955/942
f 730/924/911 731/955/942 720/925/912
f 720/925/912 731/955/942 721/956/943
f 720/925/912 721/956/943 710/926/913
f 710/926/913 721/956/943 711/957/944
f 710/926/913 711/957/944 700/927/914
f 700/927/914 711/957/944 701/958/945
f 700/927/914 701/958/945 690/699/686
f 690/699/686 701/958/945 691/697/684
f 649/928/915 650/959/946 991/929/916
f 991/929/916 650/959/946 992/960/947
f 991/929/916 992/960/947 981/930/917
f 981/930/917 992/960/947 982/961/948
f 981/930/917 982/961/948 971/931/918
f 971/931/918 982/961/948 972/962/949
f 971/931/918 972/962/949 961/932/919
f 961/932/919 972/962/949 962/963/950
f 961/932/919 962/963/950 951/933/920
f 951/933/920 962/963/950 952/964/951
f 951/933/920 952/964/951 941/934/921
f 941/934/921 952/964/951 942/965/952
f 941/934/921 942/965/952 931/935/922
f 931/935/922 942/965/952 932/966/953
f 931/935/922 932/966/953 921/936/923
f 921/936/923 932/966/953 922/967/954
f 921/936/923 922/967/954 911/937/924
f 911/937/924 922/967/954 912/968/955
f 911/937/924 912/968/955 901/938/925
f 901/938/925 912/968/955 902/969/956
f 901/938/925 902/969/956 891/939/926
f 891/939/926 902/969/956 892/970/957
f 891/939/926 892/970/957 881/940/927
f 881/940/927 892/970/957 882/971/958
f 881/940/927 882/971/958 871/941/928
f 871/941/928 882/971/958 872/972/959
f 871/941/928 872/972/959 861/942/929
f 861/942/929 872/972/959 862/973/960
f 861/942/929 862/973/960 851/943/930
f 851/943/930 862/973/960 852/974/961
f 851/943/930 852/974/961 841/944/931
f 841/944/931 852/974/961 842/975/962
f 841/944/931 842/975/962 831/945/932
f 831/945/932 842/975/962 832/976/963
f 831/945/932 832/976/963 821/946/933
f 821/946/933 832/976/963 822/977/964
f 821/946/933 822/977/964 811/947/934
f 811/947/934 822/977/964 812/978/965
f 811/947/934 812/978/965 801/948/935
f 801/948/935 812/978/965 802/979/966
f 801/948/935 802/979/966 791/949/936
f 791/949/936 802/979/966 792/980/967
f 791/949/936 792/980/967 781/950/937
f 781/950/937 792/980/967 782/981/968
f 781/950/937 782/981/968 771/951/938
f 771/951/938 782/981/968 772/982/969
f 771/951/938 772/982/969 761/952/939
f 761/952/939 772/982/969 762/983/970
f 761/952/939 762/983/970 751/953/940
f 751/953/940 762/983/970 752/984/971
f 751/953/940 752/984/971 741/954/941
f 741/954/941 752/984/971 742/985/972
f 741/954/941 742/985/972 731/955/942
f 731/955/942 742/985/972 732/986/973
f 731/955/942 732/986/973 721/956/943
f 721/956/943 732/986/973 722/987/974
f 721/956/943 722/987/974 711/957/944
f 711/957/944 722/987/974 712/988/975
f 711/957/944 712/988/975 701/958/945
f 701/958/945 712/988/975 702/989/976
f 701/958/945 702/989/976 691/697/684
f 691/697/684 702/989/976 692/695/682
f 650/959/946 651/990/977 992/960/947
f 992/960/947 651/990/977 993/991/978
f 992/960/947 993/991/978 982/961/948
f 982/961/948 993/991/978 983/992/979
f 982/961/948 983/992/979 972/962/949
f 972/962/949 983/992/979 973/993/980
f 972/962/949 973/993/980 962/963/950
f 962/963/950 973/993/980 963/994/981
f 962/963/950 963/994/981 952/964/951
f 952/964/951 963/994/981 953/995/982
f 952/964/951 953/995/982 942/965/952
f 942/965/952 953/995/982 943/996/983
f 942/965/952 943/996/983 932/966/953
f 932/966/953 943/996/983 933/997/984
f 932/966/953 933/997/984 922/967/954
f 922/967/954 933/997/984 923/998/985
f 922/967/954 923/998/985 912/968/955
f 912/968/955 923/998/985 913/999/986
f 912/968/955 913/999/986 902/969/956
f 902/969/956 913/999/986 903/1000/987
f 902/969/956 903/1000/987 892/970/957
f 892/970/957 903/1000/987 893/1001/988
f 892/970/957 893/1001/988 882/971/958
f 882/971/958 893/1001/988 883/1002/989
f 882/971/958 883/1002/989 872/972/959
f 872/972/959 883/1002/989 873/1003/990
f 872/972/959 873/1003/990 862/973/960
f 862/973/960 873/1003/990 863/1004/991
f 862/973/960 863/1004/991 852/974/961
f 852/974/961 863/1004/991 853/1005/992
f 852/974/961 853/1005/992 842/975/962
f 842/975/962 853/1005/992 843/1006/993
f 842/975/962 843/1006/993 832/976/963
f 832/976/963 843/1006/993 833/1007/994
f 832/976/963 833/1007/994 822/977/964
f 822/977/964 833/1007/994 823/1008/995
f 822/977/964 823/1008/995 812/978/965
f 812/978/965 823/1008/995 813/1009/996
f 812/978/965 813/1009/996 802/979/966
f 802/979/966 813/1009/996 803/1010/997
f 802/979/966 803/1010/997 792/980/967
f 792/980/967 803/1010/997 793/1011/998
f 792/980/967 793/1011/998 782/981/968
f 782/981/968 793/1011/998 783/1012/999
f 782/981/968 783/1012/999 772/982/969
f 772/982/969 783/1012/999 773/1013/1000
f 772/982/969 773/1013/1000 762/983/970
f 762/983/970 773/1013/1000 763/1014/1001
f 762/983/970 763/1014/1001 752/984/971
f 752/984/971 763/1014/1001 753/1015/1002
f 752/984/971 753/1015/1002 742/985/972
f 742/985/972 753/1015/1002 743/1016/1003
f 742/985/972 743/1016/1003 732/986/973
f 732/986/973 743/1016/1003 733/1017/1004
f 732/986/973 733/1017/1004 722/987/974
f 722/987/974 733/1017/1004 723/1018/1005
f 722/987/974 723/1018/1005 712/988/975
f 712/988/975 723/1018/1005 713/1019/1006
f 712/988/975 713/1019/1006 702/989/976
f 702/989/976 713/1019/1006 703/1020/1007
f 702/989/976 703/1020/1007 692/695/682
f 692/695/682 703/1020/1007 693/693/680
f 651/990/977 652/1021/1008 993/991/978
f 993/991/978 652/1021/1008 994/1022/1009
f 993/991/978 994/1022/1009 983/992/979
f 983/992/979 994/1022/1009 984/1023/1010
f 983/992/979 984/1023/1010 973/993/980
f 973/993/980 984/1023/1010 974/1024/1011
f 973/993/980 974/1024/1011 963/994/981
f 963/994/981 974/1024/1011 964/1025/1012
f 963/994/981 964/1025/1012 953/995/982
f 953/995/982 964/1025/1012 954/1026/1013
f 953/995/982 954/1026/1013 943/996/983
f 943/996/983 954/1026/1013 944/1027/1014
f 943/996/983 944/1027/1014 933/997/984
f 933/997/984 944/1027/1014 934/1028/1015
f 933/997/984 934/1028/1015 923/998/985
f 923/998/985 934/1028/1015 924/1029/1016
f 923/998/985 924/1029/1016 913/999/986
f 913/999/986 924/1029/1016 914/1030/1017
f 913/999/986 914/1030/1017 903/1000/987
f 903/1000/987 914/1030/1017 904/1031/1018
f 903/1000/987 904/1031/1018 893/1001/988
f 893/1001/988 904/1031/1018 894/1032/1019
f 893/1001/988 894/1032/1019 883/1002/989
f 883/1002/989 894/1032/1019 884/1033/1020
f 883/1002/989 884/1033/1020 873/1003/990
f 873/1003/990 884/1033/1020 874/1034/1021
f 873/1003/990 874/1034/1021 863/1004/991
f 863/1004/991 874/1034/1021 864/1035/1022
f 863/1004/991 864/1035/1022 853/1005/992
f 853/1005/992 864/1035/1022 854/1036/1023
f 853/1005/992 854/1036/1023 843/1006/993
f 843/1006/993 854/1036/1023 844/1037/1024
f 843/1006/993 844/1037/1024 833/1007/994
f 833/1007/994 844/1037/1024 834/1038/1025
f 833/1007/994 834/1038/1025 823/1008/995
f 823/1008/995 834/1038/1025 824/1039/1026
f 823/1008/995 824/1039/1026 813/1009/996
f 813/1009/996 824/1039/1026 814/1040/1027
f 813/1009/996 814/1040/1027 803/1010/997
f 803/1010/997 814/1040/1027 804/1041/1028
f 803/1010/997 804/1041/1028 793/1011/998
f 793/1011/998 804/1041/1028 794/1042/1029
f 793/1011/998 794/1042/1029 783/1012/999
f 783/1012/999 794/1042/1029 784/1043/1030
f 783/1012/999 784/1043/1030 773/1013/1000
f 773/1013/1000 784/1043/1030 774/1044/1031
f 773/1013/1000 774/1044/1031 763/1014/1001
f 763/1014/1001 774/1044/1031 764/1045/1032
f 763/1014/1001 764/1045/1032 753/1015/1002
f 753/1015/1002 764/1045/1032 754/1046/1033
f 753/1015/1002 754/1046/1033 743/1016/1003
f 743/1016/1003 754/1046/1033 744/1047/1034
f 743/1016/1003 744/1047/1034 733/1017/1004
f 733/1017/1004 744/1047/1034 734/1048/1035
f 733/1017/1004 734/1048/1035 723/1018/1005
f 723/1018/1005 734/1048/1035 724/1049/1036
f 723/1018/1005 724/1049/1036 713/1019/1006
f 713/1019/1006 724/1049/1036 714/1050/1037
f 713/1019/1006 714/1050/1037 703/1020/1007
f 703/1020/1007 714/1050/1037 704/1051/1038
f 703/1020/1007 704/1051/1038 693/693/680
f 693/693/680 704/1051/1038 694/691/678
f 652/1021/1008 653/1052/1039 994/1022/1009
f 994/1022/1009 653/1052/1039 654/1053/1040
f 994/1022/1009 654/1053/1040 984/1023/1010
f 984/1023/1010 654/1053/1040 655/1054/1041
f 984/1023/1010 655/1054/1041 974/1024/1011
f 974/1024/1011 655/1054/1041 656/1055/1042
f 974/1024/1011 656/1055/1042 964/1025/1012
f 964/1025/1012 656/1055/1042 657/1056/1043
f 964/1025/1012 657/1056/1043 954/1026/1013
f 954/1026/1013 657/1056/1043 658/1057/1044
f 954/1026/1013 658/1057/1044 944/1027/1014
f 944/1027/1014 658/1057/1044 659/1058/1045
f 944/1027/1014 659/1058/1045 934/1028/1015
f 934/1028/1015 659/1058/1045 660/1059/1046
f 934/1028/1015 660/1059/1046 924/1029/1016
f 924/1029/1016 660/1059/1046 661/1060/1047
f 924/1029/1016 661/1060/1047 914/1030/1017
f 914/1030/1017 661/1060/1047 662/1061/1048
f 914/1030/1017 662/1061/1048 904/1031/1018
f 904/1031/1018 662/1061/1048 663/1062/1049
f 904/1031/1018 663/1062/1049 894/1032/1019
f 894/1032/1019 663/1062/1049 664/1063/1050
f 894/1032/1019 664/1063/1050 884/1033/1020
f 884/1033/1020 664/1063/1050 665/1064/1051
f 884/1033/1020 665/1064/1051 874/1034/1021
f 874/1034/1021 665/1064/1051 666/1065/1052
f 874/1034/1021 666/1065/1052 864/1035/1022
f 864/1035/1022 666/1065/1052 667/1066/1053
f 864/1035/1022 667/1066/1053 854/1036/1023
f 854/1036/1023 667/1066/1053 668/1067/1054
f 854/1036/1023 668/1067/1054 844/1037/1024
f 844/1037/1024 668/1067/1054 669/1068/1055
f 844/1037/1024 669/1068/1055 834/1038/1025
f 834/1038/1025 669/1068/1055 670/1069/1056
f 834/1038/1025 670/1069/1056 824/1039/1026
f 824/1039/1026 670/1069/1056 671/1070/1057
f 824/1039/1026 671/1070/1057 814/1040/1027
f 814/1040/1027 671/1070/1057 672/1071/1058
f 814/1040/1027 672/1071/1058 804/1041/1028
f 804/1041/1028 672/1071/1058 673/1072/1059
f 804/1041/1028 673/1072/1059 794/1042/1029
f 794/1042/1029 673/1072/1059 674/1073/1060
f 794/1042/1029 674/1073/1060 784/1043/1030
f 784/1043/1030 674/1073/1060 675/1074/1061
f 784/1043/1030 675/1074/1061 774/1044/1031
f 774/1044/1031 675/1074/1061 676/1075/1062
f 774/1044/1031 676/1075/1062 764/1045/1032
f 764/1045/1032 676/1075/1062 677/1076/1063
f 764/1045/1032 677/1076/1063 754/1046/1033
f 754/1046/1033 677/1076/1063 678/1077/1064
f 754/1046/1033 678/1077/1064 744/1047/1034
f 744/1047/1034 678/1077/1064 679/1078/1065
f 744/1047/1034 679/1078/1065 734/1048/1035
f 734/1048/1035 679/1078/1065 680/1079/1066
f 734/1048/1035 680/1079/1066 724/1049/1036
f 724/1049/1036 680/1079/1066 681/1080/1067
f 724/1049/1036 681/1080/1067 714/1050/1037
f 714/1050/1037 681/1080/1067 682/1081/1068
f 714/1050/1037 682/1081/1068 704/1051/1038
f 704/1051/1038 682/1081/1068 683/1082/1069
f 704/1051/1038 683/1082/1069 694/691/678
f 694/691/678 683/1082/1069 684/689/676
f 568/1083/614 653/1084/1070 1006/1085/1071
f 1006/1085/1071 653/1084/1070 652/1086/1072
f 1006/1085/1071 652/1086/1072 1005/1087/1073
f 1005/1087/1073 652/1086/1072 651/1088/1074
f 1005/1087/1073 651/1088/1074 1004/1089/1075
f 1004/1089/1075 651/1088/1074 650/1090/1076
f 1004/1089/1075 650/1090/1076 1003/1091/1077
f 1003/1091/1077 650/1090/1076 649/1092/1078
f 1003/1091/1077 649/1092/1078 1002/1093/1079
f 1002/1093/1079 649/1092/1078 648/1094/1080
f 1002/1093/1079 648/1094/1080 1001/1095/1081
f 1001/1095/1081 648/1094/1080 1000/1096/1082
f 1001/1095/1081 1000/1096/1082 573/1097/1083
f 573/1097/1083 1000/1096/1082 574/1098/1084
f 574/1098/1084 1000/1096/1082 999/1099/1085
f 574/1098/1084 999/1099/1085 575/1100/1086
f 575/1100/1086 999/1099/1085 998/1101/1087
f 575/1100/1086 998/1101/1087 576/1102/1088
f 576/1102/1088 998/1101/1087 997/1103/1089
f 576/1102/1088 997/1103/1089 577/1104/1090
f 577/1104/1090 997/1103/1089 996/1105/1091
f 577/1104/1090 996/1105/1091 578/1106/1092
f 578/1106/1092 996/1105/1091 995/1107/1093
f 995/1107/1093 996/1105/1091 644/1108/1094
f 995/1107/1093 644/1108/1094 643/1109/1095
f 648/1094/1080 647/1110/1096 1000/1096/1082
f 1000/1096/1082 647/1110/1096 999/1099/1085
f 647/1110/1096 646/1111/1097 999/1099/1085
f 999/1099/1085 646/1111/1097 998/1101/1087
f 646/1111/1097 645/1112/1098 998/1101/1087
f 998/1101/1087 645/1112/1098 997/1103/1089
f 645/1112/1098 644/1108/1094 997/1103/1089
f 997/1103/1089 644/1108/1094 996/1105/1091
f 1001/1095/1081 573/1097/1083 1002/1093/1079
f 1002/1093/1079 573/1097/1083 572/1113/1099
f 1002/1093/1079 572/1113/1099 1003/1091/1077
f 1003/1091/1077 572/1113/1099 571/1114/1100
f 1003/1091/1077 571/1114/1100 1004/1089/1075
f 1004/1089/1075 571/1114/1100 570/1115/1101
f 1004/1089/1075 570/1115/1101 1005/1087/1073
f 1005/1087/1073 570/1115/1101 569/1116/1102
f 1005/1087/1073 569/1116/1102 1006/1085/1071
f 1006/1085/1071 569/1116/1102 568/1083/614
f 1028/1117/1103 1007/1118/1104 1038/1119/1105
f 1038/1119/1105 1007/1118/1104 1008/1120/1106
f 1038/1119/1105 1008/1120/1106 1037/1121/1107
f 1037/1121/1107 1008/1120/1106 1009/1122/1108
f 1037/1121/1107 1009/1122/1108 1036/1123/1109
f 1036/1123/1109 1009/1122/1108 1010/1124/1110
f 1036/1123/1109 1010/1124/1110 1035/1125/1111
f 1035/1125/1111 1010/1124/1110 1011/1126/1112
f 1035/1125/1111 1011/1126/1112 1034/1127/1113
f 1034/1127/1113 1011/1126/1112 1012/1128/1114
f 1034/1127/1113 1012/1128/1114 1033/1129/1115
f 1033/1129/1115 1012/1128/1114 1013/1130/1116
f 1033/1129/1115 1013/1130/1116 1032/1131/1117
f 1032/1131/1117 1013/1130/1116 1014/1132/1118
f 1032/1131/1117 1014/1132/1118 1031/1133/1119
f 1031/1133/1119 1014/1132/1118 1015/1134/1120
f 1031/1133/1119 1015/1134/1120 1030/1135/1121
f 1030/1135/1121 1015/1134/1120 1016/1136/1122
f 1030/1135/1121 1016/1136/1122 1029/1137/1123
f 1029/1137/1123 1016/1136/1122 1017/1138/1124
f 1029/1137/1123 1017/1138/1124 1018/1139/1125
f 1018/1139/1125 1019/1140/1126 1029/1137/1123
f 1029/1137/1123 1019/1140/1126 1030/1135/1121
f 1019/1140/1126 1020/1141/1127 1030/1135/1121
f 1030/1135/1121 1020/1141/1127 1031/1133/1119
f 1020/1141/1127 1021/1142/1128 1031/1133/1119
f 1031/1133/1119 1021/1142/1128 1032/1131/1117
f 1021/1142/1128 1022/1143/1129 1032/1131/1117
f 1032/1131/1117 1022/1143/1129 1033/1129/1115
f 1022/1143/1129 1023/1144/1130 1033/1129/1115
f 1033/1129/1115 1023/1144/1130 1034/1127/1113
f 1023/1144/1130 1024/1145/1131 1034/1127/1113
f 1034/1127/1113 1024/1145/1131 1035/1125/1111
f 1024/1145/1131 1025/1146/1132 1035/1125/1111
f 1035/1125/1111 1025/1146/1132 1036/1123/1109
f 1025/1146/1132 1026/1147/1133 1036/1123/1109
f 1036/1123/1109 1026/1147/1133 1037/1121/1107
f 1026/1147/1133 1027/1148/1134 1037/1121/1107
f 1037/1121/1107 1027/1148/1134 1038/1119/1105
f 1027/1148/1134 1028/1117/1103 1038/1119/1105
f 1040/1149/1135 1050/1150/1136 1039/1151/1137
f 1039/1151/1137 1050/1150/1136 1051/1152/1138
f 1039/1151/1137 1051/1152/1138 1007/1153/1104
f 1007/1153/1104 1051/1152/1138 1052/1154/1139
f 1007/1153/1104 1052/1154/1139 1008/1155/1140
f 1008/1155/1140 1052/1154/1139 1009/1156/1141
f 1009/1156/1141 1052/1154/1139 1055/1157/1142
f 1009/1156/1141 1055/1157/1142 1010/1158/1143
f 1010/1158/1143 1055/1157/1142 1058/1159/1144
f 1010/1158/1143 1058/1159/1144 1011/1160/1145
f 1011/1160/1145 1058/1159/1144 1061/1161/1146
f 1011/1160/1145 1061/1161/1146 1012/1162/1114
f 1012/1162/1114 1061/1161/1146 1064/1163/1147
f 1012/1162/1114 1064/1163/1147 1013/1164/1148
f 1013/1164/1148 1064/1163/1147 1067/1165/1149
f 1013/1164/1148 1067/1165/1149 1014/1166/1150
f 1014/1166/1150 1067/1165/1149 1070/1167/1151
f 1014/1166/1150 1070/1167/1151 1015/1168/1152
f 1015/1168/1152 1070/1167/1151 1073/1169/1153
f 1015/1168/1152 1073/1169/1153 1016/1170/1154
f 1016/1170/1154 1073/1169/1153 1076/1171/1155
f 1016/1170/1154 1076/1171/1155 1017/1172/1124
f 1017/1172/1124 1076/1171/1155 1075/1173/1156
f 1017/1172/1124 1075/1173/1156 1049/1174/1157
f 1049/1174/1157 1075/1173/1156 1074/1175/1158
f 1049/1174/1157 1074/1175/1158 1048/1176/1159
f 1048/1176/1159 1074/1175/1158 1047/1177/1160
f 1047/1177/1160 1074/1175/1158 1071/1178/1161
f 1047/1177/1160 1071/1178/1161 1046/1179/1162
f 1046/1179/1162 1071/1178/1161 1068/1180/1163
f 1046/1179/1162 1068/1180/1163 1045/1181/1164
f 1045/1181/1164 1068/1180/1163 1065/1182/1165
f 1045/1181/1164 1065/1182/1165 1044/1183/1166
f 1044/1183/1166 1065/1182/1165 1062/1184/1167
f 1044/1183/1166 1062/1184/1167 1043/1185/1168
f 1043/1185/1168 1062/1184/1167 1059/1186/1169
f 1043/1185/1168 1059/1186/1169 1042/1187/1170
f 1042/1187/1170 1059/1186/1169 1056/1188/1171
f 1042/1187/1170 1056/1188/1171 1041/1189/1172
f 1041/1189/1172 1056/1188/1171 1053/1190/1173
f 1041/1189/1172 1053/1190/1173 1040/1149/1135
f 1040/1149/1135 1053/1190/1173 1050/1150/1136
f 1055/1157/1142 1052/1154/1139 1051/1152/1138
f 1051/1152/1138 1050/1150/1136 1054/1191/1174
f 1054/1191/1174 1050/1150/1136 1053/1190/1173
f 1054/1191/1174 1053/1190/1173 1057/1192/1175
f 1057/1192/1175 1053/1190/1173 1056/1188/1171
f 1057/1192/1175 1056/1188/1171 1060/1193/1176
f 1060/1193/1176 1056/1188/1171 1059/1186/1169
f 1060/1193/1176 1059/1186/1169 1063/1194/1177
f 1063/1194/1177 1059/1186/1169 1062/1184/1167
f 1063/1194/1177 1062/1184/1167 1066/1195/1178
f 1066/1195/1178 1062/1184/1167 1065/1182/1165
f 1066/1195/1178 1065/1182/1165 1069/1196/1179
f 1069/1196/1179 1065/1182/1165 1068/1180/1163
f 1069/1196/1179 1068/1180/1163 1072/1197/1180
f 1072/1197/1180 1068/1180/1163 1071/1178/1161
f 1072/1197/1180 1071/1178/1161 1075/1173/1156
f 1075/1173/1156 1071/1178/1161 1074/1175/1158
f 1058/1159/1144 1055/1157/1142 1054/1191/1174
f 1054/1191/1174 1055/1157/1142 1051/1152/1138
f 1058/1159/1144 1054/1191/1174 1057/1192/1175
f 1061/1161/1146 1058/1159/1144 1057/1192/1175
f 1061/1161/1146 1057/1192/1175 1060/1193/1176
f 1064/1163/1147 1061/1161/1146 1060/1193/1176
f 1064/1163/1147 1060/1193/1176 1063/1194/1177
f 1067/1165/1149 1064/1163/1147 1063/1194/1177
f 1067/1165/1149 1063/1194/1177 1066/1195/1178
f 1070/1167/1151 1067/1165/1149 1066/1195/1178
f 1070/1167/1151 1066/1195/1178 1069/1196/1179
f 1073/1169/1153 1070/1167/1151 1069/1196/1179
f 1073/1169/1153 1069/1196/1179 1072/1197/1180
f 1076/1171/1155 1073/1169/1153 1072/1197/1180
f 1076/1171/1155 1072/1197/1180 1075/1173/1156
f 1039/1198/1137 1077/1199/1181 1097/1200/1182
f 1097/1200/1182 1077/1199/1181 1078/1201/1183
f 1097/1200/1182 1078/1201/1183 1096/1202/1184
f 1096/1202/1184 1078/1201/1183 1079/1203/1185
f 1096/1202/1184 1079/1203/1185 1095/1204/1186
f 1095/1204/1186 1079/1203/1185 1080/1205/1187
f 1095/1204/1186 1080/1205/1187 1094/1206/1188
f 1094/1206/1188 1080/1205/1187 1081/1207/1189
f 1094/1206/1188 1081/1207/1189 1093/1208/1190
f 1093/1208/1190 1081/1207/1189 1082/1209/1191
f 1093/1208/1190 1082/1209/1191 1092/1210/1192
f 1092/1210/1192 1082/1209/1191 1083/1211/1193
f 1092/1210/1192 1083/1211/1193 1091/1212/1194
f 1091/1212/1194 1083/1211/1193 1084/1213/1195
f 1091/1212/1194 1084/1213/1195 1090/1214/1196
f 1090/1214/1196 1084/1213/1195 1085/1215/1197
f 1090/1214/1196 1085/1215/1197 1089/1216/1198
f 1089/1216/1198 1085/1215/1197 1086/1217/1199
f 1089/1216/1198 1086/1217/1199 1088/1218/1200
f 1088/1218/1200 1086/1217/1199 1087/1219/1201
f 1088/1218/1200 1087/1219/1201 1049/1220/1157
f 1049/1220/1157 1048/1221/1202 1088/1218/1200
f 1088/1218/1200 1048/1221/1202 1089/1216/1198
f 1048/1221/1202 1047/1222/1203 1089/1216/1198
f 1089/1216/1198 1047/1222/1203 1090/1214/1196
f 1047/1222/1203 1046/1223/1204 1090/1214/1196
f 1090/1214/1196 1046/1223/1204 1091/1212/1194
f 1046/1223/1204 1045/1224/1205 1091/1212/1194
f 1091/1212/1194 1045/1224/1205 1092/1210/1192
f 1045/1224/1205 1044/1225/1166 1092/1210/1192
f 1092/1210/1192 1044/1225/1166 1093/1208/1190
f 1044/1225/1166 1043/1226/1206 1093/1208/1190
f 1093/1208/1190 1043/1226/1206 1094/1206/1188
f 1043/1226/1206 1042/1227/1207 1094/1206/1188
f 1094/1206/1188 1042/1227/1207 1095/1204/1186
f 1042/1227/1207 1041/1228/1208 1095/1204/1186
f 1095/1204/1186 1041/1228/1208 1096/1202/1184
f 1041/1228/1208 1040/1229/1209 1096/1202/1184
f 1096/1202/1184 1040/1229/1209 1097/1200/1182
f 1040/1229/1209 1039/1198/1137 1097/1200/1182
f 601/1230/1210 1028/1231/1103 1109/1232/1211
f 1109/1232/1211 1028/1231/1103 1027/1233/1212
f 1109/1232/1211 1027/1233/1212 1108/1234/1213
f 1108/1234/1213 1027/1233/1212 1026/1235/1214
f 1108/1234/1213 1026/1235/1214 1107/1236/1215
f 1107/1236/1215 1026/1235/1214 1025/1237/1216
f 1107/1236/1215 1025/1237/1216 1106/1238/1217
f 1106/1238/1217 1025/1237/1216 1024/1239/1218
f 1106/1238/1217 1024/1239/1218 1105/1240/1219
f 1105/1240/1219 1024/1239/1218 1023/1241/1220
f 1105/1240/1219 1023/1241/1220 1104/1242/1221
f 1104/1242/1221 1023/1241/1220 1103/1243/1222
f 1104/1242/1221 1103/1243/1222 606/1244/1223
f 606/1244/1223 1103/1243/1222 607/1245/1224
f 607/1245/1224 1103/1243/1222 1102/1246/1225
f 607/1245/1224 1102/1246/1225 1101/1247/1226
f 1101/1247/1226 1102/1246/1225 1021/1248/1227
f 1101/1247/1226 1021/1248/1227 1020/1249/1228
f 1023/1241/1220 1022/1250/1229 1103/1243/1222
f 1103/1243/1222 1022/1250/1229 1102/1246/1225
f 1022/1250/1229 1021/1248/1227 1102/1246/1225
f 1101/1247/1226 1020/1249/1228 1100/1251/1230
f 1100/1251/1230 1020/1249/1228 1019/1252/1231
f 1100/1251/1230 1019/1252/1231 1099/1253/1232
f 1099/1253/1232 1019/1252/1231 1018/1254/1233
f 1099/1253/1232 1018/1254/1233 1098/1255/1234
f 1098/1255/1234 611/1256/1235 1099/1253/1232
f 1099/1253/1232 611/1256/1235 610/1257/1236
f 1099/1253/1232 610/1257/1236 609/1258/1237
f 1099/1253/1232 609/1258/1237 1100/1251/1230
f 1100/1251/1230 609/1258/1237 608/1259/1238
f 1100/1251/1230 608/1259/1238 1101/1247/1226
f 1101/1247/1226 608/1259/1238 607/1245/1224
f 1104/1242/1221 606/1244/1223 1105/1240/1219
f 1105/1240/1219 606/1244/1223 605/1260/1239
f 1105/1240/1219 605/1260/1239 1106/1238/1217
f 1106/1238/1217 605/1260/1239 604/1261/1240
f 1106/1238/1217 604/1261/1240 1107/1236/1215
f 1107/1236/1215 604/1261/1240 603/1262/1241
f 1107/1236/1215 603/1262/1241 1108/1234/1213
f 1108/1234/1213 603/1262/1241 602/1263/1242
f 1108/1234/1213 602/1263/1242 1109/1232/1211
f 1109/1232/1211 602/1263/1242 601/1230/1210
f 1193/1264/1243 1110/1265/1244 1203/1266/1245
f 1203/1266/1245 1110/1265/1244 1111/1267/1246
f 1203/1266/1245 1111/1267/1246 1202/1268/1247
f 1202/1268/1247 1111/1267/1246 1112/1269/1248
f 1202/1268/1247 1112/1269/1248 1201/1270/1249
f 1201/1270/1249 1112/1269/1248 1113/1271/1250
f 1201/1270/1249 1113/1271/1250 1200/1272/1251
f 1200/1272/1251 1113/1271/1250 1114/1273/1252
f 1200/1272/1251 1114/1273/1252 1199/1274/1253
f 1199/1274/1253 1114/1273/1252 1115/1275/1254
f 1199/1274/1253 1115/1275/1254 1198/1276/1255
f 1198/1276/1255 1115/1275/1254 1116/1277/1256
f 1198/1276/1255 1116/1277/1256 1197/1278/1257
f 1197/1278/1257 1116/1277/1256 1117/1279/1258
f 1197/1278/1257 1117/1279/1258 1196/1280/1259
f 1196/1280/1259 1117/1279/1258 1118/1281/1260
f 1196/1280/1259 1118/1281/1260 1195/1282/1261
f 1195/1282/1261 1118/1281/1260 1119/1283/1262
f 1195/1282/1261 1119/1283/1262 1194/1284/1263
f 1194/1284/1263 1119/1283/1262 1120/1285/1264
f 1194/1284/1263 1120/1285/1264 1121/1286/1265
f 1194/1284/1263 1121/1286/1265 1204/1287/1266
f 1204/1287/1266 1121/1286/1265 1122/1288/1267
f 1204/1287/1266 1122/1288/1267 1214/1289/1268
f 1214/1289/1268 1122/1288/1267 1123/1290/1269
f 1214/1289/1268 1123/1290/1269 1224/1291/1270
f 1224/1291/1270 1123/1290/1269 1124/1292/1271
f 1224/1291/1270 1124/1292/1271 1234/1293/1272
f 1234/1293/1272 1124/1292/1271 1125/1294/1273
f 1234/1293/1272 1125/1294/1273 1244/1295/1274
f 1244/1295/1274 1125/1294/1273 1126/1296/1275
f 1244/1295/1274 1126/1296/1275 1254/1297/1276
f 1254/1297/1276 1126/1296/1275 1127/1298/1277
f 1254/1297/1276 1127/1298/1277 1264/1299/1278
f 1264/1299/1278 1127/1298/1277 1128/1300/1279
f 1264/1299/1278 1128/1300/1279 1274/1301/1280
f 1274/1301/1280 1128/1300/1279 1129/1302/1281
f 1274/1301/1280 1129/1302/1281 1284/1303/1282
f 1284/1303/1282 1129/1302/1281 1130/1304/1283
f 1284/1303/1282 1130/1304/1283 1294/1305/1284
f 1294/1305/1284 1130/1304/1283 1131/1306/1285
f 1294/1305/1284 1131/1306/1285 1304/1307/1286
f 1304/1307/1286 1131/1306/1285 1132/1308/1287
f 1304/1307/1286 1132/1308/1287 1314/1309/1288
f 1314/1309/1288 1132/1308/1287 1133/1310/1289
f 1314/1309/1288 1133/1310/1289 1324/1311/1290
f 1324/1311/1290 1133/1310/1289 1134/1312/1291
f 1324/1311/1290 1134/1312/1291 1334/1313/1292
f 1334/1313/1292 1134/1312/1291 1135/1314/1293
f 1334/1313/1292 1135/1314/1293 1344/1315/1294
f 1344/1315/1294 1135/1314/1293 1136/1316/1295
f 1344/1315/1294 1136/1316/1295 1354/1317/1296
f 1354/1317/1296 1136/1316/1295 1137/1318/1297
f 1354/1317/1296 1137/1318/1297 1364/1319/1298
f 1364/1319/1298 1137/1318/1297 1138/1320/1299
f 1364/1319/1298 1138/1320/1299 1374/1321/1300
f 1374/1321/1300 1138/1320/1299 1139/1322/1301
f 1374/1321/1300 1139/1322/1301 1384/1323/1302
f 1384/1323/1302 1139/1322/1301 1140/1324/1303
f 1384/1323/1302 1140/1324/1303 1394/1325/1304
f 1394/1325/1304 1140/1324/1303 1141/1326/1305
f 1394/1325/1304 1141/1326/1305 1404/1327/1306
f 1404/1327/1306 1141/1326/1305 1142/1328/1307
f 1404/1327/1306 1142/1328/1307 1414/1329/1308
f 1414/1329/1308 1142/1328/1307 1143/1330/1309
f 1414/1329/1308 1143/1330/1309 1424/1331/1310
f 1424/1331/1310 1143/1330/1309 1144/1332/1311
f 1424/1331/1310 1144/1332/1311 1434/1333/1312
f 1434/1333/1312 1144/1332/1311 1145/1334/1313
f 1434/1333/1312 1145/1334/1313 1444/1335/1314
f 1444/1335/1314 1145/1334/1313 1146/1336/1315
f 1444/1335/1314 1146/1336/1315 1454/1337/1316
f 1454/1337/1316 1146/1336/1315 1147/1338/1317
f 1454/1337/1316 1147/1338/1317 1464/1339/1318
f 1464/1339/1318 1147/1338/1317 1148/1340/1319
f 1464/1339/1318 1148/1340/1319 1474/1341/1320
f 1474/1341/1320 1148/1340/1319 1149/1342/1321
f 1474/1341/1320 1149/1342/1321 1484/1343/1322
f 1484/1343/1322 1149/1342/1321 1150/1344/1323
f 1484/1343/1322 1150/1344/1323 1494/1345/1324
f 1494/1345/1324 1150/1344/1323 1151/1346/1325
f 1494/1345/1324 1151/1346/1325 1152/1347/1326
f 1152/1347/1326 1153/1348/1327 1494/1345/1324
f 1494/1345/1324 1153/1348/1327 1495/1349/1328
f 1494/1345/1324 1495/1349/1328 1484/1343/1322
f 1484/1343/1322 1495/1349/1328 1485/1350/1329
f 1484/1343/1322 1485/1350/1329 1474/1341/1320
f 1474/1341/1320 1485/1350/1329 1475/1351/1330
f 1474/1341/1320 1475/1351/1330 1464/1339/1318
f 1464/1339/1318 1475/1351/1330 1465/1352/1331
f 1464/1339/1318 1465/1352/1331 1454/1337/1316
f 1454/1337/1316 1465/1352/1331 1455/1353/1332
f 1454/1337/1316 1455/1353/1332 1444/1335/1314
f 1444/1335/1314 1455/1353/1332 1445/1354/1333
f 1444/1335/1314 1445/1354/1333 1434/1333/1312
f 1434/1333/1312 1445/1354/1333 1435/1355/1334
f 1434/1333/1312 1435/1355/1334 1424/1331/1310
f 1424/1331/1310 1435/1355/1334 1425/1356/1335
f 1424/1331/1310 1425/1356/1335 1414/1329/1308
f 1414/1329/1308 1425/1356/1335 1415/1357/1336
f 1414/1329/1308 1415/1357/1336 1404/1327/1306
f 1404/1327/1306 1415/1357/1336 1405/1358/1337
f 1404/1327/1306 1405/1358/1337 1394/1325/1304
f 1394/1325/1304 1405/1358/1337 1395/1359/1338
f 1394/1325/1304 1395/1359/1338 1384/1323/1302
f 1384/1323/1302 1395/1359/1338 1385/1360/1339
f 1384/1323/1302 1385/1360/1339 1374/1321/1300
f 1374/1321/1300 1385/1360/1339 1375/1361/1340
f 1374/1321/1300 1375/1361/1340 1364/1319/1298
f 1364/1319/1298 1375/1361/1340 1365/1362/1341
f 1364/1319/1298 1365/1362/1341 1354/1317/1296
f 1354/1317/1296 1365/1362/1341 1355/1363/1342
f 1354/1317/1296 1355/1363/1342 1344/1315/1294
f 1344/1315/1294 1355/1363/1342 1345/1364/1343
f 1344/1315/1294 1345/1364/1343 1334/1313/1292
f 1334/1313/1292 1345/1364/1343 1335/1365/1344
f 1334/1313/1292 1335/1365/1344 1324/1311/1290
f 1324/1311/1290 1335/1365/1344 1325/1366/1345
f 1324/1311/1290 1325/1366/1345 1314/1309/1288
f 1314/1309/1288 1325/1366/1345 1315/1367/1346
f 1314/1309/1288 1315/1367/1346 1304/1307/1286
f 1304/1307/1286 1315/1367/1346 1305/1368/1347
f 1304/1307/1286 1305/1368/1347 1294/1305/1284
f 1294/1305/1284 1305/1368/1347 1295/1369/1348
f 1294/1305/1284 1295/1369/1348 1284/1303/1282
f 1284/1303/1282 1295/1369/1348 1285/1370/1349
f 1284/1303/1282 1285/1370/1349 1274/1301/1280
f 1274/1301/1280 1285/1370/1349 1275/1371/1350
f 1274/1301/1280 1275/1371/1350 1264/1299/1278
f 1264/1299/1278 1275/1371/1350 1265/1372/1351
f 1264/1299/1278 1265/1372/1351 1254/1297/1276
f 1254/1297/1276 1265/1372/1351 1255/1373/1352
f 1254/1297/1276 1255/1373/1352 1244/1295/1274
f 1244/1295/1274 1255/1373/1352 1245/1374/1353
f 1244/1295/1274 1245/1374/1353 1234/1293/1272
f 1234/1293/1272 1245/1374/1353 1235/1375/1354
f 1234/1293/1272 1235/1375/1354 1224/1291/1270
f 1224/1291/1270 1235/1375/1354 1225/1376/1355
f 1224/1291/1270 1225/1376/1355 1214/1289/1268
f 1214/1289/1268 1225/1376/1355 1215/1377/1356
f 1214/1289/1268 1215/1377/1356 1204/1287/1266
f 1204/1287/1266 1215/1377/1356 1205/1378/1357
f 1204/1287/1266 1205/1378/1357 1194/1284/1263
f 1194/1284/1263 1205/1378/1357 1195/1282/1261
f 1153/1348/1327 1154/1379/1358 1495/1349/1328
f 1495/1349/1328 1154/1379/1358 1496/1380/1359
f 1495/1349/1328 1496/1380/1359 1485/1350/1329
f 1485/1350/1329 1496/1380/1359 1486/1381/1360
f 1485/1350/1329 1486/1381/1360 1475/1351/1330
f 1475/1351/1330 1486/1381/1360 1476/1382/1361
f 1475/1351/1330 1476/1382/1361 1465/1352/1331
f 1465/1352/1331 1476/1382/1361 1466/1383/1362
f 1465/1352/1331 1466/1383/1362 1455/1353/1332
f 1455/1353/1332 1466/1383/1362 1456/1384/1363
f 1455/1353/1332 1456/1384/1363 1445/1354/1333
f 1445/1354/1333 1456/1384/1363 1446/1385/1364
f 1445/1354/1333 1446/1385/1364 1435/1355/1334
f 1435/1355/1334 1446/1385/1364 1436/1386/1365
f 1435/1355/1334 1436/1386/1365 1425/1356/1335
f 1425/1356/1335 1436/1386/1365 1426/1387/1366
f 1425/1356/1335 1426/1387/1366 1415/1357/1336
f 1415/1357/1336 1426/1387/1366 1416/1388/1367
f 1415/1357/1336 1416/1388/1367 1405/1358/1337
f 1405/1358/1337 1416/1388/1367 1406/1389/1368
f 1405/1358/1337 1406/1389/1368 1395/1359/1338
f 1395/1359/1338 1406/1389/1368 1396/1390/1369
f 1395/1359/1338 1396/1390/1369 1385/1360/1339
f 1385/1360/1339 1396/1390/1369 1386/1391/1370
f 1385/1360/1339 1386/1391/1370 1375/1361/1340
f 1375/1361/1340 1386/1391/1370 1376/1392/1371
f 1375/1361/1340 1376/1392/1371 1365/1362/1341
f 1365/1362/1341 1376/1392/1371 1366/1393/1372
f 1365/1362/1341 1366/1393/1372 1355/1363/1342
f 1355/1363/1342 1366/1393/1372 1356/1394/1373
f 1355/1363/1342 1356/1394/1373 1345/1364/1343
f 1345/1364/1343 1356/1394/1373 1346/1395/1374
f 1345/1364/1343 1346/1395/1374 1335/1365/1344
f 1335/1365/1344 1346/1395/1374 1336/1396/1375
f 1335/1365/1344 1336/1396/1375 1325/1366/1345
f 1325/1366/1345 1336/1396/1375 1326/1397/1376
f 1325/1366/1345 1326/1397/1376 1315/1367/1346
f 1315/1367/1346 1326/1397/1376 1316/1398/1377
f 1315/1367/1346 1316/1398/1377 1305/1368/1347
f 1305/1368/1347 1316/1398/1377 1306/1399/1378
f 1305/1368/1347 1306/1399/1378 1295/1369/1348
f 1295/1369/1348 1306/1399/1378 1296/1400/1379
f 1295/1369/1348 1296/1400/1379 1285/1370/1349
f 1285/1370/1349 1296/1400/1379 1286/1401/1380
f 1285/1370/1349 1286/1401/1380 1275/1371/1350
f 1275/1371/1350 1286/1401/1380 1276/1402/1381
f 1275/1371/1350 1276/1402/1381 1265/1372/1351
f 1265/1372/1351 1276/1402/1381 1266/1403/1382
f 1265/1372/1351 1266/1403/1382 1255/1373/1352
f 1255/1373/1352 1266/1403/1382 1256/1404/1383
f 1255/1373/1352 1256/1404/1383 1245/1374/1353
f 1245/1374/1353 1256/1404/1383 1246/1405/1384
f 1245/1374/1353 1246/1405/1384 1235/1375/1354
f 1235/1375/1354 1246/1405/1384 1236/1406/1385
f 1235/1375/1354 1236/1406/1385 1225/1376/1355
f 1225/1376/1355 1236/1406/1385 1226/1407/1386
f 1225/1376/1355 1226/1407/1386 1215/1377/1356
f 1215/1377/1356 1226/1407/1386 1216/1408/1387
f 1215/1377/1356 1216/1408/1387 1205/1378/1357
f 1205/1378/1357 1216/1408/1387 1206/1409/1388
f 1205/1378/1357 1206/1409/1388 1195/1282/1261
f 1195/1282/1261 1206/1409/1388 1196/1280/1259
f 1154/1379/1358 1155/1410/1389 1496/1380/1359
f 1496/1380/1359 1155/1410/1389 1497/1411/1390
f 1496/1380/1359 1497/1411/1390 1486/1381/1360
f 1486/1381/1360 1497/1411/1390 1487/1412/1391
f 1486/1381/1360 1487/1412/1391 1476/1382/1361
f 1476/1382/1361 1487/1412/1391 1477/1413/1392
f 1476/1382/1361 1477/1413/1392 1466/1383/1362
f 1466/1383/1362 1477/1413/1392 1467/1414/1393
f 1466/1383/1362 1467/1414/1393 1456/1384/1363
f 1456/1384/1363 1467/1414/1393 1457/1415/1394
f 1456/1384/1363 1457/1415/1394 1446/1385/1364
f 1446/1385/1364 1457/1415/1394 1447/1416/1395
f 1446/1385/1364 1447/1416/1395 1436/1386/1365
f 1436/1386/1365 1447/1416/1395 1437/1417/1396
f 1436/1386/1365 1437/1417/1396 1426/1387/1366
f 1426/1387/1366 1437/1417/1396 1427/1418/1397
f 1426/1387/1366 1427/1418/1397 1416/1388/1367
f 1416/1388/1367 1427/1418/1397 1417/1419/1398
f 1416/1388/1367 1417/1419/1398 1406/1389/1368
f 1406/1389/1368 1417/1419/1398 1407/1420/1399
f 1406/1389/1368 1407/1420/1399 1396/1390/1369
f 1396/1390/1369 1407/1420/1399 1397/1421/1400
f 1396/1390/1369 1397/1421/1400 1386/1391/1370
f 1386/1391/1370 1397/1421/1400 1387/1422/1401
f 1386/1391/1370 1387/1422/1401 1376/1392/1371
f 1376/1392/1371 1387/1422/1401 1377/1423/1402
f 1376/1392/1371 1377/1423/1402 1366/1393/1372
f 1366/1393/1372 1377/1423/1402 1367/1424/1403
f 1366/1393/1372 1367/1424/1403 1356/1394/1373
f 1356/1394/1373 1367/1424/1403 1357/1425/1404
f 1356/1394/1373 1357/1425/1404 1346/1395/1374
f 1346/1395/1374 1357/1425/1404 1347/1426/1405
f 1346/1395/1374 1347/1426/1405 1336/1396/1375
f 1336/1396/1375 1347/1426/1405 1337/1427/1406
f 1336/1396/1375 1337/1427/1406 1326/1397/1376
f 1326/1397/1376 1337/1427/1406 1327/1428/1407
f 1326/1397/1376 1327/1428/1407 1316/1398/1377
f 1316/1398/1377 1327/1428/1407 1317/1429/1408
f 1316/1398/1377 1317/1429/1408 1306/1399/1378
f 1306/1399/1378 1317/1429/1408 1307/1430/1409
f 1306/1399/1378 1307/1430/1409 1296/1400/1379
f 1296/1400/1379 1307/1430/1409 1297/1431/1410
f 1296/1400/1379 1297/1431/1410 1286/1401/1380
f 1286/1401/1380 1297/1431/1410 1287/1432/1411
f 1286/1401/1380 1287/1432/1411 1276/1402/1381
f 1276/1402/1381 1287/1432/1411 1277/1433/1412
f 1276/1402/1381 1277/1433/1412 1266/1403/1382
f 1266/1403/1382 1277/1433/1412 1267/1434/1413
f 1266/1403/1382 1267/1434/1413 1256/1404/1383
f 1256/1404/1383 1267/1434/1413 1257/1435/1414
f 1256/1404/1383 1257/1435/1414 1246/1405/1384
f 1246/1405/1384 1257/1435/1414 1247/1436/1415
f 1246/1405/1384 1247/1436/1415 1236/1406/1385
f 1236/1406/1385 1247/1436/1415 1237/1437/1416
f 1236/1406/1385 1237/1437/1416 1226/1407/1386
f 1226/1407/1386 1237/1437/1416 1227/1438/1417
f 1226/1407/1386 1227/1438/1417 1216/1408/1387
f 1216/1408/1387 1227/1438/1417 1217/1439/1418
f 1216/1408/1387 1217/1439/1418 1206/1409/1388
f 1206/1409/1388 1217/1439/1418 1207/1440/1419
f 1206/1409/1388 1207/1440/1419 1196/1280/1259
f 1196/1280/1259 1207/1440/1419 1197/1278/1257
f 1155/1410/1389 1156/1441/1420 1497/1411/1390
f 1497/1411/1390 1156/1441/1420 1498/1442/1421
f 1497/1411/1390 1498/1442/1421 1487/1412/1391
f 1487/1412/1391 1498/1442/1421 1488/1443/1422
f 1487/1412/1391 1488/1443/1422 1477/1413/1392
f 1477/1413/1392 1488/1443/1422 1478/1444/1423
f 1477/1413/1392 1478/1444/1423 1467/1414/1393
f 1467/1414/1393 1478/1444/1423 1468/1445/1424
f 1467/1414/1393 1468/1445/1424 1457/1415/1394
f 1457/1415/1394 1468/1445/1424 1458/1446/1425
f 1457/1415/1394 1458/1446/1425 1447/1416/1395
f 1447/1416/1395 1458/1446/1425 1448/1447/1426
f 1447/1416/1395 1448/1447/1426 1437/1417/1396
f 1437/1417/1396 1448/1447/1426 1438/1448/1427
f 1437/1417/1396 1438/1448/1427 1427/1418/1397
f 1427/1418/1397 1438/1448/1427 1428/1449/1428
f 1427/1418/1397 1428/1449/1428 1417/1419/1398
f 1417/1419/1398 1428/1449/1428 1418/1450/1429
f 1417/1419/1398 1418/1450/1429 1407/1420/1399
f 1407/1420/1399 1418/1450/1429 1408/1451/1430
f 1407/1420/1399 1408/1451/1430 1397/1421/1400
f 1397/1421/1400 1408/1451/1430 1398/1452/1431
f 1397/1421/1400 1398/1452/1431 1387/1422/1401
f 1387/1422/1401 1398/1452/1431 1388/1453/1432
f 1387/1422/1401 1388/1453/1432 1377/1423/1402
f 1377/1423/1402 1388/1453/1432 1378/1454/1433
f 1377/1423/1402 1378/1454/1433 1367/1424/1403
f 1367/1424/1403 1378/1454/1433 1368/1455/1434
f 1367/1424/1403 1368/1455/1434 1357/1425/1404
f 1357/1425/1404 1368/1455/1434 1358/1456/1435
f 1357/1425/1404 1358/1456/1435 1347/1426/1405
f 1347/1426/1405 1358/1456/1435 1348/1457/1436
f 1347/1426/1405 1348/1457/1436 1337/1427/1406
f 1337/1427/1406 1348/1457/1436 1338/1458/1437
f 1337/1427/1406 1338/1458/1437 1327/1428/1407
f 1327/1428/1407 1338/1458/1437 1328/1459/1438
f 1327/1428/1407 1328/1459/1438 1317/1429/1408
f 1317/1429/1408 1328/1459/1438 1318/1460/1439
f 1317/1429/1408 1318/1460/1439 1307/1430/1409
f 1307/1430/1409 1318/1460/1439 1308/1461/1440
f 1307/1430/1409 1308/1461/1440 1297/1431/1410
f 1297/1431/1410 1308/1461/1440 1298/1462/1441
f 1297/1431/1410 1298/1462/1441 1287/1432/1411
f 1287/1432/1411 1298/1462/1441 1288/1463/1442
f 1287/1432/1411 1288/1463/1442 1277/1433/1412
f 1277/1433/1412 1288/1463/1442 1278/1464/1443
f 1277/1433/1412 1278/1464/1443 1267/1434/1413
f 1267/1434/1413 1278/1464/1443 1268/1465/1444
f 1267/1434/1413 1268/1465/1444 1257/1435/1414
f 1257/1435/1414 1268/1465/1444 1258/1466/1445
f 1257/1435/1414 1258/1466/1445 1247/1436/1415
f 1247/1436/1415 1258/1466/1445 1248/1467/1446
f 1247/1436/1415 1248/1467/1446 1237/1437/1416
f 1237/1437/1416 1248/1467/1446 1238/1468/1447
f 1237/1437/1416 1238/1468/1447 1227/1438/1417
f 1227/1438/1417 1238/1468/1447 1228/1469/1448
f 1227/1438/1417 1228/1469/1448 1217/1439/1418
f 1217/1439/1418 1228/1469/1448 1218/1470/1449
f 1217/1439/1418 1218/1470/1449 1207/1440/1419
f 1207/1440/1419 1218/1470/1449 1208/1471/1450
f 1207/1440/1419 1208/1471/1450 1197/1278/1257
f 1197/1278/1257 1208/1471/1450 1198/1276/1255
f 1156/1441/1420 1157/1472/1451 1498/1442/1421
f 1498/1442/1421 1157/1472/1451 1499/1473/1452
f 1498/1442/1421 1499/1473/1452 1488/1443/1422
f 1488/1443/1422 1499/1473/1452 1489/1474/1453
f 1488/1443/1422 1489/1474/1453 1478/1444/1423
f 1478/1444/1423 1489/1474/1453 1479/1475/1454
f 1478/1444/1423 1479/1475/1454 1468/1445/1424
f 1468/1445/1424 1479/1475/1454 1469/1476/1455
f 1468/1445/1424 1469/1476/1455 1458/1446/1425
f 1458/1446/1425 1469/1476/1455 1459/1477/1456
f 1458/1446/1425 1459/1477/1456 1448/1447/1426
f 1448/1447/1426 1459/1477/1456 1449/1478/1457
f 1448/1447/1426 1449/1478/1457 1438/1448/1427
f 1438/1448/1427 1449/1478/1457 1439/1479/1458
f 1438/1448/1427 1439/1479/1458 1428/1449/1428
f 1428/1449/1428 1439/1479/1458 1429/1480/1459
f 1428/1449/1428 1429/1480/1459 1418/1450/1429
f 1418/1450/1429 1429/1480/1459 1419/1481/1460
f 1418/1450/1429 1419/1481/1460 1408/1451/1430
f 1408/1451/1430 1419/1481/1460 1409/1482/1461
f 1408/1451/1430 1409/1482/1461 1398/1452/1431
f 1398/1452/1431 1409/1482/1461 1399/1483/1462
f 1398/1452/1431 1399/1483/1462 1388/1453/1432
f 1388/1453/1432 1399/1483/1462 1389/1484/1463
f 1388/1453/1432 1389/1484/1463 1378/1454/1433
f 1378/1454/1433 1389/1484/1463 1379/1485/1464
f 1378/1454/1433 1379/1485/1464 1368/1455/1434
f 1368/1455/1434 1379/1485/1464 1369/1486/1465
f 1368/1455/1434 1369/1486/1465 1358/1456/1435
f 1358/1456/1435 1369/1486/1465 1359/1487/1466
f 1358/1456/1435 1359/1487/1466 1348/1457/1436
f 1348/1457/1436 1359/1487/1466 1349/1488/1467
f 1348/1457/1436 1349/1488/1467 1338/1458/1437
f 1338/1458/1437 1349/1488/1467 1339/1489/1468
f 1338/1458/1437 1339/1489/1468 1328/1459/1438
f 1328/1459/1438 1339/1489/1468 1329/1490/1469
f 1328/1459/1438 1329/1490/1469 1318/1460/1439
f 1318/1460/1439 1329/1490/1469 1319/1491/1470
f 1318/1460/1439 1319/1491/1470 1308/1461/1440
f 1308/1461/1440 1319/1491/1470 1309/1492/1471
f 1308/1461/1440 1309/1492/1471 1298/1462/1441
f 1298/1462/1441 1309/1492/1471 1299/1493/1472
f 1298/1462/1441 1299/1493/1472 1288/1463/1442
f 1288/1463/1442 1299/1493/1472 1289/1494/1473
f 1288/1463/1442 1289/1494/1473 1278/1464/1443
f 1278/1464/1443 1289/1494/1473 1279/1495/1474
f 1278/1464/1443 1279/1495/1474 1268/1465/1444
f 1268/1465/1444 1279/1495/1474 1269/1496/1475
f 1268/1465/1444 1269/1496/1475 1258/1466/1445
f 1258/1466/1445 1269/1496/1475 1259/1497/1476
f 1258/1466/1445 1259/1497/1476 1248/1467/1446
f 1248/1467/1446 1259/1497/1476 1249/1498/1477
f 1248/1467/1446 1249/1498/1477 1238/1468/1447
f 1238/1468/1447 1249/1498/1477 1239/1499/1478
f 1238/1468/1447 1239/1499/1478 1228/1469/1448
f 1228/1469/1448 1239/1499/1478 1229/1500/1479
f 1228/1469/1448 1229/1500/1479 1218/1470/1449
f 1218/1470/1449 1229/1500/1479 1219/1501/1480
f 1218/1470/1449 1219/1501/1480 1208/1471/1450
f 1208/1471/1450 1219/1501/1480 1209/1502/1481
f 1208/1471/1450 1209/1502/1481 1198/1276/1255
f 1198/1276/1255 1209/1502/1481 1199/1274/1253
f 1157/1472/1451 1158/1503/1482 1499/1473/1452
f 1499/1473/1452 1158/1503/1482 1500/1504/1483
f 1499/1473/1452 1500/1504/1483 1489/1474/1453
f 1489/1474/1453 1500/1504/1483 1490/1505/1484
f 1489/1474/1453 1490/1505/1484 1479/1475/1454
f 1479/1475/1454 1490/1505/1484 1480/1506/1485
f 1479/1475/1454 1480/1506/1485 1469/1476/1455
f 1469/1476/1455 1480/1506/1485 1470/1507/1486
f 1469/1476/1455 1470/1507/1486 1459/1477/1456
f 1459/1477/1456 1470/1507/1486 1460/1508/1487
f 1459/1477/1456 1460/1508/1487 1449/1478/1457
f 1449/1478/1457 1460/1508/1487 1450/1509/1488
f 1449/1478/1457 1450/1509/1488 1439/1479/1458
f 1439/1479/1458 1450/1509/1488 1440/1510/1489
f 1439/1479/1458 1440/1510/1489 1429/1480/1459
f 1429/1480/1459 1440/1510/1489 1430/1511/1490
f 1429/1480/1459 1430/1511/1490 1419/1481/1460
f 1419/1481/1460 1430/1511/1490 1420/1512/1491
f 1419/1481/1460 1420/1512/1491 1409/1482/1461
f 1409/1482/1461 1420/1512/1491 1410/1513/1492
f 1409/1482/1461 1410/1513/1492 1399/1483/1462
f 1399/1483/1462 1410/1513/1492 1400/1514/1493
f 1399/1483/1462 1400/1514/1493 1389/1484/1463
f 1389/1484/1463 1400/1514/1493 1390/1515/1494
f 1389/1484/1463 1390/1515/1494 1379/1485/1464
f 1379/1485/1464 1390/1515/1494 1380/1516/1495
f 1379/1485/1464 1380/1516/1495 1369/1486/1465
f 1369/1486/1465 1380/1516/1495 1370/1517/1496
f 1369/1486/1465 1370/1517/1496 1359/1487/1466
f 1359/1487/1466 1370/1517/1496 1360/1518/1497
f 1359/1487/1466 1360/1518/1497 1349/1488/1467
f 1349/1488/1467 1360/1518/1497 1350/1519/1498
f 1349/1488/1467 1350/1519/1498 1339/1489/1468
f 1339/1489/1468 1350/1519/1498 1340/1520/1499
f 1339/1489/1468 1340/1520/1499 1329/1490/1469
f 1329/1490/1469 1340/1520/1499 1330/1521/1500
f 1329/1490/1469 1330/1521/1500 1319/1491/1470
f 1319/1491/1470 1330/1521/1500 1320/1522/1501
f 1319/1491/1470 1320/1522/1501 1309/1492/1471
f 1309/1492/1471 1320/1522/1501 1310/1523/1502
f 1309/1492/1471 1310/1523/1502 1299/1493/1472
f 1299/1493/1472 1310/1523/1502 1300/1524/1503
f 1299/1493/1472 1300/1524/1503 1289/1494/1473
f 1289/1494/1473 1300/1524/1503 1290/1525/1504
f 1289/1494/1473 1290/1525/1504 1279/1495/1474
f 1279/1495/1474 1290/1525/1504 1280/1526/1505
f 1279/1495/1474 1280/1526/1505 1269/1496/1475
f 1269/1496/1475 1280/1526/1505 1270/1527/1506
f 1269/1496/1475 1270/1527/1506 1259/1497/1476
f 1259/1497/1476 1270/1527/1506 1260/1528/1507
f 1259/1497/1476 1260/1528/1507 1249/1498/1477
f 1249/1498/1477 1260/1528/1507 1250/1529/1508
f 1249/1498/1477 1250/1529/1508 1239/1499/1478
f 1239/1499/1478 1250/1529/1508 1240/1530/1509
f 1239/1499/1478 1240/1530/1509 1229/1500/1479
f 1229/1500/1479 1240/1530/1509 1230/1531/1510
f 1229/1500/1479 1230/1531/1510 1219/1501/1480
f 1219/1501/1480 1230/1531/1510 1220/1532/1511
f 1219/1501/1480 1220/1532/1511 1209/1502/1481
f 1209/1502/1481 1220/1532/1511 1210/1533/1512
f 1209/1502/1481 1210/1533/1512 1199/1274/1253
f 1199/1274/1253 1210/1533/1512 1200/1272/1251
f 1158/1503/1482 1159/1534/1513 1500/1504/1483
f 1500/1504/1483 1159/1534/1513 1501/1535/1514
f 1500/1504/1483 1501/1535/1514 1490/1505/1484
f 1490/1505/1484 1501/1535/1514 1491/1536/1515
f 1490/1505/1484 1491/1536/1515 1480/1506/1485
f 1480/1506/1485 1491/1536/1515 1481/1537/1516
f 1480/1506/1485 1481/1537/1516 1470/1507/1486
f 1470/1507/1486 1481/1537/1516 1471/1538/1517
f 1470/1507/1486 1471/1538/1517 1460/1508/1487
f 1460/1508/1487 1471/1538/1517 1461/1539/1518
f 1460/1508/1487 1461/1539/1518 1450/1509/1488
f 1450/1509/1488 1461/1539/1518 1451/1540/1519
f 1450/1509/1488 1451/1540/1519 1440/1510/1489
f 1440/1510/1489 1451/1540/1519 1441/1541/1520
f 1440/1510/1489 1441/1541/1520 1430/1511/1490
f 1430/1511/1490 1441/1541/1520 1431/1542/1521
f 1430/1511/1490 1431/1542/1521 1420/1512/1491
f 1420/1512/1491 1431/1542/1521 1421/1543/1522
f 1420/1512/1491 1421/1543/1522 1410/1513/1492
f 1410/1513/1492 1421/1543/1522 1411/1544/1523
f 1410/1513/1492 1411/1544/1523 1400/1514/1493
f 1400/1514/1493 1411/1544/1523 1401/1545/1524
f 1400/1514/1493 1401/1545/1524 1390/1515/1494
f 1390/1515/1494 1401/1545/1524 1391/1546/1525
f 1390/1515/1494 1391/1546/1525 1380/1516/1495
f 1380/1516/1495 1391/1546/1525 1381/1547/1526
f 1380/1516/1495 1381/1547/1526 1370/1517/1496
f 1370/1517/1496 1381/1547/1526 1371/1548/1527
f 1370/1517/1496 1371/1548/1527 1360/1518/1497
f 1360/1518/1497 1371/1548/1527 1361/1549/1528
f 1360/1518/1497 1361/1549/1528 1350/1519/1498
f 1350/1519/1498 1361/1549/1528 1351/1550/1529
f 1350/1519/1498 1351/1550/1529 1340/1520/1499
f 1340/1520/1499 1351/1550/1529 1341/1551/1530
f 1340/1520/1499 1341/1551/1530 1330/1521/1500
f 1330/1521/1500 1341/1551/1530 1331/1552/1531
f 1330/1521/1500 1331/1552/1531 1320/1522/1501
f 1320/1522/1501 1331/1552/1531 1321/1553/1532
f 1320/1522/1501 1321/1553/1532 1310/1523/1502
f 1310/1523/1502 1321/1553/1532 1311/1554/1533
f 1310/1523/1502 1311/1554/1533 1300/1524/1503
f 1300/1524/1503 1311/1554/1533 1301/1555/1534
f 1300/1524/1503 1301/1555/1534 1290/1525/1504
f 1290/1525/1504 1301/1555/1534 1291/1556/1535
f 1290/1525/1504 1291/1556/1535 1280/1526/1505
f 1280/1526/1505 1291/1556/1535 1281/1557/1536
f 1280/1526/1505 1281/1557/1536 1270/1527/1506
f 1270/1527/1506 1281/1557/1536 1271/1558/1537
f 1270/1527/1506 1271/1558/1537 1260/1528/1507
f 1260/1528/1507 1271/1558/1537 1261/1559/1538
f 1260/1528/1507 1261/1559/1538 1250/1529/1508
f 1250/1529/1508 1261/1559/1538 1251/1560/1539
f 1250/1529/1508 1251/1560/1539 1240/1530/1509
f 1240/1530/1509 1251/1560/1539 1241/1561/1540
f 1240/1530/1509 1241/1561/1540 1230/1531/1510
f 1230/1531/1510 1241/1561/1540 1231/1562/1541
f 1230/1531/1510 1231/1562/1541 1220/1532/1511
f 1220/1532/1511 1231/1562/1541 1221/1563/1542
f 1220/1532/1511 1221/1563/1542 1210/1533/1512
f 1210/1533/1512 1221/1563/1542 1211/1564/1543
f 1210/1533/1512 1211/1564/1543 1200/1272/1251
f 1200/1272/1251 1211/1564/1543 1201/1270/1249
f 1159/1534/1513 1160/1565/1544 1501/1535/1514
f 1501/1535/1514 1160/1565/1544 1502/1566/1545
f 1501/1535/1514 1502/1566/1545 1491/1536/1515
f 1491/1536/1515 1502/1566/1545 1492/1567/1546
f 1491/1536/1515 1492/1567/1546 1481/1537/1516
f 1481/1537/1516 1492/1567/1546 1482/1568/1547
f 1481/1537/1516 1482/1568/1547 1471/1538/1517
f 1471/1538/1517 1482/1568/1547 1472/1569/1548
f 1471/1538/1517 1472/1569/1548 1461/1539/1518
f 1461/1539/1518 1472/1569/1548 1462/1570/1549
f 1461/1539/1518 1462/1570/1549 1451/1540/1519
f 1451/1540/1519 1462/1570/1549 1452/1571/1550
f 1451/1540/1519 1452/1571/1550 1441/1541/1520
f 1441/1541/1520 1452/1571/1550 1442/1572/1551
f 1441/1541/1520 1442/1572/1551 1431/1542/1521
f 1431/1542/1521 1442/1572/1551 1432/1573/1552
f 1431/1542/1521 1432/1573/1552 1421/1543/1522
f 1421/1543/1522 1432/1573/1552 1422/1574/1553
f 1421/1543/1522 1422/1574/1553 1411/1544/1523
f 1411/1544/1523 1422/1574/1553 1412/1575/1554
f 1411/1544/1523 1412/1575/1554 1401/1545/1524
f 1401/1545/1524 1412/1575/1554 1402/1576/1555
f 1401/1545/1524 1402/1576/1555 1391/1546/1525
f 1391/1546/1525 1402/1576/1555 1392/1577/1556
f 1391/1546/1525 1392/1577/1556 1381/1547/1526
f 1381/1547/1526 1392/1577/1556 1382/1578/1557
f 1381/1547/1526 1382/1578/1557 1371/1548/1527
f 1371/1548/1527 1382/1578/1557 1372/1579/1558
f 1371/1548/1527 1372/1579/1558 1361/1549/1528
f 1361/1549/1528 1372/1579/1558 1362/1580/1559
f 1361/1549/1528 1362/1580/1559 1351/1550/1529
f 1351/1550/1529 1362/1580/1559 1352/1581/1560
f 1351/1550/1529 1352/1581/1560 1341/1551/1530
f 1341/1551/1530 1352/1581/1560 1342/1582/1561
f 1341/1551/1530 1342/1582/1561 1331/1552/1531
f 1331/1552/1531 1342/1582/1561 1332/1583/1562
f 1331/1552/1531 1332/1583/1562 1321/1553/1532
f 1321/1553/1532 1332/1583/1562 1322/1584/1563
f 1321/1553/1532 1322/1584/1563 1311/1554/1533
f 1311/1554/1533 1322/1584/1563 1312/1585/1564
f 1311/1554/1533 1312/1585/1564 1301/1555/1534
f 1301/1555/1534 1312/1585/1564 1302/1586/1565
f 1301/1555/1534 1302/1586/1565 1291/1556/1535
f 1291/1556/1535 1302/1586/1565 1292/1587/1566
f 1291/1556/1535 1292/1587/1566 1281/1557/1536
f 1281/1557/1536 1292/1587/1566 1282/1588/1567
f 1281/1557/1536 1282/1588/1567 1271/1558/1537
f 1271/1558/1537 1282/1588/1567 1272/1589/1568
f 1271/1558/1537 1272/1589/1568 1261/1559/1538
f 1261/1559/1538 1272/1589/1568 1262/1590/1569
f 1261/1559/1538 1262/1590/1569 1251/1560/1539
f 1251/1560/1539 1262/1590/1569 1252/1591/1570
f 1251/1560/1539 1252/1591/1570 1241/1561/1540
f 1241/1561/1540 1252/1591/1570 1242/1592/1571
f 1241/1561/1540 1242/1592/1571 1231/1562/1541
f 1231/1562/1541 1242/1592/1571 1232/1593/1572
f 1231/1562/1541 1232/1593/1572 1221/1563/1542
f 1221/1563/1542 1232/1593/1572 1222/1594/1573
f 1221/1563/1542 1222/1594/1573 1211/1564/1543
f 1211/1564/1543 1222/1594/1573 1212/1595/1574
f 1211/1564/1543 1212/1595/1574 1201/1270/1249
f 1201/1270/1249 1212/1595/1574 1202/1268/1247
f 1160/1565/1544 1161/1596/1575 1502/1566/1545
f 1502/1566/1545 1161/1596/1575 1503/1597/1576
f 1502/1566/1545 1503/1597/1576 1492/1567/1546
f 1492/1567/1546 1503/1597/1576 1493/1598/1577
f 1492/1567/1546 1493/1598/1577 1482/1568/1547
f 1482/1568/1547 1493/1598/1577 1483/1599/1578
f 1482/1568/1547 1483/1599/1578 1472/1569/1548
f 1472/1569/1548 1483/1599/1578 1473/1600/1579
f 1472/1569/1548 1473/1600/1579 1462/1570/1549
f 1462/1570/1549 1473/1600/1579 1463/1601/1580
f 1462/1570/1549 1463/1601/1580 1452/1571/1550
f 1452/1571/1550 1463/1601/1580 1453/1602/1581
f 1452/1571/1550 1453/1602/1581 1442/1572/1551
f 1442/1572/1551 1453/1602/1581 1443/1603/1582
f 1442/1572/1551 1443/1603/1582 1432/1573/1552
f 1432/1573/1552 1443/1603/1582 1433/1604/1583
f 1432/1573/1552 1433/1604/1583 1422/1574/1553
f 1422/1574/1553 1433/1604/1583 1423/1605/1584
f 1422/1574/1553 1423/1605/1584 1412/1575/1554
f 1412/1575/1554 1423/1605/1584 1413/1606/1585
f 1412/1575/1554 1413/1606/1585 1402/1576/1555
f 1402/1576/1555 1413/1606/1585 1403/1607/1586
f 1402/1576/1555 1403/1607/1586 1392/1577/1556
f 1392/1577/1556 1403/1607/1586 1393/1608/1587
f 1392/1577/1556 1393/1608/1587 1382/1578/1557
f 1382/1578/1557 1393/1608/1587 1383/1609/1588
f 1382/1578/1557 1383/1609/1588 1372/1579/1558
f 1372/1579/1558 1383/1609/1588 1373/1610/1589
f 1372/1579/1558 1373/1610/1589 1362/1580/1559
f 1362/1580/1559 1373/1610/1589 1363/1611/1590
f 1362/1580/1559 1363/1611/1590 1352/1581/1560
f 1352/1581/1560 1363/1611/1590 1353/1612/1591
f 1352/1581/1560 1353/1612/1591 1342/1582/1561
f 1342/1582/1561 1353/1612/1591 1343/1613/1592
f 1342/1582/1561 1343/1613/1592 1332/1583/1562
f 1332/1583/1562 1343/1613/1592 1333/1614/1593
f 1332/1583/1562 1333/1614/1593 1322/1584/1563
f 1322/1584/1563 1333/1614/1593 1323/1615/1594
f 1322/1584/1563 1323/1615/1594 1312/1585/1564
f 1312/1585/1564 1323/1615/1594 1313/1616/1595
f 1312/1585/1564 1313/1616/1595 1302/1586/1565
f 1302/1586/1565 1313/1616/1595 1303/1617/1596
f 1302/1586/1565 1303/1617/1596 1292/1587/1566
f 1292/1587/1566 1303/1617/1596 1293/1618/1597
f 1292/1587/1566 1293/1618/1597 1282/1588/1567
f 1282/1588/1567 1293/1618/1597 1283/1619/1598
f 1282/1588/1567 1283/1619/1598 1272/1589/1568
f 1272/1589/1568 1283/1619/1598 1273/1620/1599
f 1272/1589/1568 1273/1620/1599 1262/1590/1569
f 1262/1590/1569 1273/1620/1599 1263/1621/1600
f 1262/1590/1569 1263/1621/1600 1252/1591/1570
f 1252/1591/1570 1263/1621/1600 1253/1622/1601
f 1252/1591/1570 1253/1622/1601 1242/1592/1571
f 1242/1592/1571 1253/1622/1601 1243/1623/1602
f 1242/1592/1571 1243/1623/1602 1232/1593/1572
f 1232/1593/1572 1243/1623/1602 1233/1624/1603
f 1232/1593/1572 1233/1624/1603 1222/1594/1573
f 1222/1594/1573 1233/1624/1603 1223/1625/1604
f 1222/1594/1573 1223/1625/1604 1212/1595/1574
f 1212/1595/1574 1223/1625/1604 1213/1626/1605
f 1212/1595/1574 1213/1626/1605 1202/1268/1247
f 1202/1268/1247 1213/1626/1605 1203/1266/1245
f 1161/1596/1575 1162/1627/1606 1503/1597/1576
f 1503/1597/1576 1162/1627/1606 1163/1628/1607
f 1503/1597/1576 1163/1628/1607 1493/1598/1577
f 1493/1598/1577 1163/1628/1607 1164/1629/1608
f 1493/1598/1577 1164/1629/1608 1483/1599/1578
f 1483/1599/1578 1164/1629/1608 1165/1630/1609
f 1483/1599/1578 1165/1630/1609 1473/1600/1579
f 1473/1600/1579 1165/1630/1609 1166/1631/1610
f 1473/1600/1579 1166/1631/1610 1463/1601/1580
f 1463/1601/1580 1166/1631/1610 1167/1632/1611
f 1463/1601/1580 1167/1632/1611 1453/1602/1581
f 1453/1602/1581 1167/1632/1611 1168/1633/1612
f 1453/1602/1581 1168/1633/1612 1443/1603/1582
f 1443/1603/1582 1168/1633/1612 1169/1634/1613
f 1443/1603/1582 1169/1634/1613 1433/1604/1583
f 1433/1604/1583 1169/1634/1613 1170/1635/1614
f 1433/1604/1583 1170/1635/1614 1423/1605/1584
f 1423/1605/1584 1170/1635/1614 1171/1636/1615
f 1423/1605/1584 1171/1636/1615 1413/1606/1585
f 1413/1606/1585 1171/1636/1615 1172/1637/1616
f 1413/1606/1585 1172/1637/1616 1403/1607/1586
f 1403/1607/1586 1172/1637/1616 1173/1638/1617
f 1403/1607/1586 1173/1638/1617 1393/1608/1587
f 1393/1608/1587 1173/1638/1617 1174/1639/1618
f 1393/1608/1587 1174/1639/1618 1383/1609/1588
f 1383/1609/1588 1174/1639/1618 1175/1640/1619
f 1383/1609/1588 1175/1640/1619 1373/1610/1589
f 1373/1610/1589 1175/1640/1619 1176/1641/1620
f 1373/1610/1589 1176/1641/1620 1363/1611/1590
f 1363/1611/1590 1176/1641/1620 1177/1642/1621
f 1363/1611/1590 1177/1642/1621 1353/1612/1591
f 1353/1612/1591 1177/1642/1621 1178/1643/1622
f 1353/1612/1591 1178/1643/1622 1343/1613/1592
f 1343/1613/1592 1178/1643/1622 1179/1644/1623
f 1343/1613/1592 1179/1644/1623 1333/1614/1593
f 1333/1614/1593 1179/1644/1623 1180/1645/1624
f 1333/1614/1593 1180/1645/1624 1323/1615/1594
f 1323/1615/1594 1180/1645/1624 1181/1646/1625
f 1323/1615/1594 1181/1646/1625 1313/1616/1595
f 1313/1616/1595 1181/1646/1625 1182/1647/1626
f 1313/1616/1595 1182/1647/1626 1303/1617/1596
f 1303/1617/1596 1182/1647/1626 1183/1648/1627
f 1303/1617/1596 1183/1648/1627 1293/1618/1597
f 1293/1618/1597 1183/1648/1627 1184/1649/1628
f 1293/1618/1597 1184/1649/1628 1283/1619/1598
f 1283/1619/1598 1184/1649/1628 1185/1650/1629
f 1283/1619/1598 1185/1650/1629 1273/1620/1599
f 1273/1620/1599 1185/1650/1629 1186/1651/1630
f 1273/1620/1599 1186/1651/1630 1263/1621/1600
f 1263/1621/1600 1186/1651/1630 1187/1652/1631
f 1263/1621/1600 1187/1652/1631 1253/1622/1601
f 1253/1622/1601 1187/1652/1631 1188/1653/1632
f 1253/1622/1601 1188/1653/1632 1243/1623/1602
f 1243/1623/1602 1188/1653/1632 1189/1654/1633
f 1243/1623/1602 1189/1654/1633 1233/1624/1603
f 1233/1624/1603 1189/1654/1633 1190/1655/1634
f 1233/1624/1603 1190/1655/1634 1223/1625/1604
f 1223/1625/1604 1190/1655/1634 1191/1656/1635
f 1223/1625/1604 1191/1656/1635 1213/1626/1605
f 1213/1626/1605 1191/1656/1635 1192/1657/1636
f 1213/1626/1605 1192/1657/1636 1203/1266/1245
f 1203/1266/1245 1192/1657/1636 1193/1264/1243
f 1077/1658/1637 1162/1659/1638 1515/1660/1639
f 1515/1660/1639 1162/1659/1638 1161/1661/1640
f 1515/1660/1639 1161/1661/1640 1514/1662/1641
f 1514/1662/1641 1161/1661/1640 1160/1663/1642
f 1514/1662/1641 1160/1663/1642 1513/1664/1643
f 1513/1664/1643 1160/1663/1642 1159/1665/1644
f 1513/1664/1643 1159/1665/1644 1512/1666/1645
f 1512/1666/1645 1159/1665/1644 1158/1667/1646
f 1512/1666/1645 1158/1667/1646 1511/1668/1647
f 1511/1668/1647 1158/1667/1646 1157/1669/1648
f 1511/1668/1647 1157/1669/1648 1510/1670/1649
f 1510/1670/1649 1157/1669/1648 1509/1671/1650
f 1510/1670/1649 1509/1671/1650 1082/1672/1651
f 1082/1672/1651 1509/1671/1650 1083/1673/1652
f 1083/1673/1652 1509/1671/1650 1508/1674/1653
f 1083/1673/1652 1508/1674/1653 1084/1675/1654
f 1084/1675/1654 1508/1674/1653 1507/1676/1655
f 1084/1675/1654 1507/1676/1655 1085/1677/1656
f 1085/1677/1656 1507/1676/1655 1506/1678/1657
f 1085/1677/1656 1506/1678/1657 1086/1679/1658
f 1086/1679/1658 1506/1678/1657 1505/1680/1659
f 1086/1679/1658 1505/1680/1659 1087/1681/1660
f 1087/1681/1660 1505/1680/1659 1504/1682/1661
f 1504/1682/1661 1505/1680/1659 1153/1683/1662
f 1504/1682/1661 1153/1683/1662 1152/1684/1663
f 1157/1669/1648 1156/1685/1664 1509/1671/1650
f 1509/1671/1650 1156/1685/1664 1508/1674/1653
f 1156/1685/1664 1155/1686/1665 1508/1674/1653
f 1508/1674/1653 1155/1686/1665 1507/1676/1655
f 1155/1686/1665 1154/1687/1666 1507/1676/1655
f 1507/1676/1655 1154/1687/1666 1506/1678/1657
f 1154/1687/1666 1153/1683/1662 1506/1678/1657
f 1506/1678/1657 1153/1683/1662 1505/1680/1659
f 1510/1670/1649 1082/1672/1651 1511/1668/1647
f 1511/1668/1647 1082/1672/1651 1081/1688/1667
f 1511/1668/1647 1081/1688/1667 1512/1666/1645
f 1512/1666/1645 1081/1688/1667 1080/1689/1668
f 1512/1666/1645 1080/1689/1668 1513/1664/1643
f 1513/1664/1643 1080/1689/1668 1079/1690/1669
f 1513/1664/1643 1079/1690/1669 1514/1662/1641
f 1514/1662/1641 1079/1690/1669 1078/1691/1670
f 1514/1662/1641 1078/1691/1670 1515/1660/1639
f 1515/1660/1639 1078/1691/1670 1077/1658/1637
f 1537/1692/1671 1516/1693/1672 1547/1694/1673
f 1547/1694/1673 1516/1693/1672 1517/1695/1674
f 1547/1694/1673 1517/1695/1674 1546/1696/1675
f 1546/1696/1675 1517/1695/1674 1518/1697/1676
f 1546/1696/1675 1518/1697/1676 1545/1698/1677
f 1545/1698/1677 1518/1697/1676 1519/1699/1678
f 1545/1698/1677 1519/1699/1678 1544/1700/1679
f 1544/1700/1679 1519/1699/1678 1520/1701/1680
f 1544/1700/1679 1520/1701/1680 1543/1702/1681
f 1543/1702/1681 1520/1701/1680 1521/1703/1682
f 1543/1702/1681 1521/1703/1682 1542/1704/1683
f 1542/1704/1683 1521/1703/1682 1522/1705/1684
f 1542/1704/1683 1522/1705/1684 1541/1706/1685
f 1541/1706/1685 1522/1705/1684 1523/1707/1686
f 1541/1706/1685 1523/1707/1686 1540/1708/1687
f 1540/1708/1687 1523/1707/1686 1524/1709/1688
f 1540/1708/1687 1524/1709/1688 1539/1710/1689
f 1539/1710/1689 1524/1709/1688 1525/1711/1690
f 1539/1710/1689 1525/1711/1690 1538/1712/1691
f 1538/1712/1691 1525/1711/1690 1526/1713/1692
f 1538/1712/1691 1526/1713/1692 1527/1714/1693
f 1527/1714/1693 1528/1715/1694 1538/1712/1691
f 1538/1712/1691 1528/1715/1694 1539/1710/1689
f 1528/1715/1694 1529/1716/1695 1539/1710/1689
f 1539/1710/1689 1529/1716/1695 1540/1708/1687
f 1529/1716/1695 1530/1717/1696 1540/1708/1687
f 1540/1708/1687 1530/1717/1696 1541/1706/1685
f 1530/1717/1696 1531/1718/1697 1541/1706/1685
f 1541/1706/1685 1531/1718/1697 1542/1704/1683
f 1531/1718/1697 1532/1719/1698 1542/1704/1683
f 1542/1704/1683 1532/1719/1698 1543/1702/1681
f 1532/1719/1698 1533/1720/1699 1543/1702/1681
f 1543/1702/1681 1533/1720/1699 1544/1700/1679
f 1533/1720/1699 1534/1721/1700 1544/1700/1679
f 1544/1700/1679 1534/1721/1700 1545/1698/1677
f 1534/1721/1700 1535/1722/1701 1545/1698/1677
f 1545/1698/1677 1535/1722/1701 1546/1696/1675
f 1535/1722/1701 1536/1723/1702 1546/1696/1675
f 1546/1696/1675 1536/1723/1702 1547/1694/1673
f 1536/1723/1702 1537/1692/1671 1547/1694/1673
f 1549/1724/1703 1559/1725/1704 1548/1726/1705
f 1548/1726/1705 1559/1725/1704 1560/1727/1706
f 1548/1726/1705 1560/1727/1706 1516/1728/1672
f 1516/1728/1672 1560/1727/1706 1561/1729/1707
f 1516/1728/1672 1561/1729/1707 1517/1730/1708
f 1517/1730/1708 1561/1729/1707 1518/1731/1709
f 1518/1731/1709 1561/1729/1707 1564/1732/1710
f 1518/1731/1709 1564/1732/1710 1519/1733/1711
f 1519/1733/1711 1564/1732/1710 1567/1734/1712
f 1519/1733/1711 1567/1734/1712 1520/1735/1713
f 1520/1735/1713 1567/1734/1712 1570/1736/1714
f 1520/1735/1713 1570/1736/1714 1521/1737/1682
f 1521/1737/1682 1570/1736/1714 1573/1738/1715
f 1521/1737/1682 1573/1738/1715 1522/1739/1716
f 1522/1739/1716 1573/1738/1715 1576/1740/1717
f 1522/1739/1716 1576/1740/1717 1523/1741/1718
f 1523/1741/1718 1576/1740/1717 1579/1742/1719
f 1523/1741/1718 1579/1742/1719 1524/1743/1720
f 1524/1743/1720 1579/1742/1719 1582/1744/1721
f 1524/1743/1720 1582/1744/1721 1525/1745/1722
f 1525/1745/1722 1582/1744/1721 1585/1746/1723
f 1525/1745/1722 1585/1746/1723 1526/1747/1692
f 1526/1747/1692 1585/1746/1723 1584/1748/1724
f 1526/1747/1692 1584/1748/1724 1558/1749/1725
f 1558/1749/1725 1584/1748/1724 1583/1750/1726
f 1558/1749/1725 1583/1750/1726 1557/1751/1727
f 1557/1751/1727 1583/1750/1726 1556/1752/1728
f 1556/1752/1728 1583/1750/1726 1580/1753/1729
f 1556/1752/1728 1580/1753/1729 1555/1754/1730
f 1555/1754/1730 1580/1753/1729 1577/1755/1731
f 1555/1754/1730 1577/1755/1731 1554/1756/1732
f 1554/1756/1732 1577/1755/1731 1574/1757/1733
f 1554/1756/1732 1574/1757/1733 1553/1758/1734
f 1553/1758/1734 1574/1757/1733 1571/1759/1735
f 1553/1758/1734 1571/1759/1735 1552/1760/1736
f 1552/1760/1736 1571/1759/1735 1568/1761/1737
f 1552/1760/1736 1568/1761/1737 1551/1762/1738
f 1551/1762/1738 1568/1761/1737 1565/1763/1739
f 1551/1762/1738 1565/1763/1739 1550/1764/1740
f 1550/1764/1740 1565/1763/1739 1562/1765/1741
f 1550/1764/1740 1562/1765/1741 1549/1724/1703
f 1549/1724/1703 1562/1765/1741 1559/1725/1704
f 1564/1732/1710 1561/1729/1707 1560/1727/1706
f 1560/1727/1706 1559/1725/1704 1563/1766/1742
f 1563/1766/1742 1559/1725/1704 1562/1765/1741
f 1563/1766/1742 1562/1765/1741 1566/1767/1743
f 1566/1767/1743 1562/1765/1741 1565/1763/1739
f 1566/1767/1743 1565/1763/1739 1569/1768/1744
f 1569/1768/1744 1565/1763/1739 1568/1761/1737
f 1569/1768/1744 1568/1761/1737 1572/1769/1745
f 1572/1769/1745 1568/1761/1737 1571/1759/1735
f 1572/1769/1745 1571/1759/1735 1575/1770/1746
f 1575/1770/1746 1571/1759/1735 1574/1757/1733
f 1575/1770/1746 1574/1757/1733 1578/1771/1747
f 1578/1771/1747 1574/1757/1733 1577/1755/1731
f 1578/1771/1747 1577/1755/1731 1581/1772/1748
f 1581/1772/1748 1577/1755/1731 1580/1753/1729
f 1581/1772/1748 1580/1753/1729 1584/1748/1724
f 1584/1748/1724 1580/1753/1729 1583/1750/1726
f 1567/1734/1712 1564/1732/1710 1563/1766/1742
f 1563/1766/1742 1564/1732/1710 1560/1727/1706
f 1567/1734/1712 1563/1766/1742 1566/1767/1743
f 1570/1736/1714 1567/1734/1712 1566/1767/1743
f 1570/1736/1714 1566/1767/1743 1569/1768/1744
f 1573/1738/1715 1570/1736/1714 1569/1768/1744
f 1573/1738/1715 1569/1768/1744 1572/1769/1745
f 1576/1740/1717 1573/1738/1715 1572/1769/1745
f 1576/1740/1717 1572/1769/1745 1575/1770/1746
f 1579/1742/1719 1576/1740/1717 1575/1770/1746
f 1579/1742/1719 1575/1770/1746 1578/1771/1747
f 1582/1744/1721 1579/1742/1719 1578/1771/1747
f 1582/1744/1721 1578/1771/1747 1581/1772/1748
f 1585/1746/1723 1582/1744/1721 1581/1772/1748
f 1585/1746/1723 1581/1772/1748 1584/1748/1724
f 1548/1773/1705 1586/1774/1749 1606/1775/1750
f 1606/1775/1750 1586/1774/1749 1587/1776/1751
f 1606/1775/1750 1587/1776/1751 1605/1777/1752
f 1605/1777/1752 1587/1776/1751 1588/1778/1753
f 1605/1777/1752 1588/1778/1753 1604/1779/1754
f 1604/1779/1754 1588/1778/1753 1589/1780/1755
f 1604/1779/1754 1589/1780/1755 1603/1781/1756
f 1603/1781/1756 1589/1780/1755 1590/1782/1757
f 1603/1781/1756 1590/1782/1757 1602/1783/1758
f 1602/1783/1758 1590/1782/1757 1591/1784/1759
f 1602/1783/1758 1591/1784/1759 1601/1785/1760
f 1601/1785/1760 1591/1784/1759 1592/1786/1761
f 1601/1785/1760 1592/1786/1761 1600/1787/1762
f 1600/1787/1762 1592/1786/1761 1593/1788/1763
f 1600/1787/1762 1593/1788/1763 1599/1789/1764
f 1599/1789/1764 1593/1788/1763 1594/1790/1765
f 1599/1789/1764 1594/1790/1765 1598/1791/1766
f 1598/1791/1766 1594/1790/1765 1595/1792/1767
f 1598/1791/1766 1595/1792/1767 1597/1793/1768
f 1597/1793/1768 1595/1792/1767 1596/1794/1769
f 1597/1793/1768 1596/1794/1769 1558/1795/1725
f 1558/1795/1725 1557/1796/1770 1597/1793/1768
f 1597/1793/1768 1557/1796/1770 1598/1791/1766
f 1557/1796/1770 1556/1797/1771 1598/1791/1766
f 1598/1791/1766 1556/1797/1771 1599/1789/1764
f 1556/1797/1771 1555/1798/1772 1599/1789/1764
f 1599/1789/1764 1555/1798/1772 1600/1787/1762
f 1555/1798/1772 1554/1799/1773 1600/1787/1762
f 1600/1787/1762 1554/1799/1773 1601/1785/1760
f 1554/1799/1773 1553/1800/1734 1601/1785/1760
f 1601/1785/1760 1553/1800/1734 1602/1783/1758
f 1553/1800/1734 1552/1801/1774 1602/1783/1758
f 1602/1783/1758 1552/1801/1774 1603/1781/1756
f 1552/1801/1774 1551/1802/1775 1603/1781/1756
f 1603/1781/1756 1551/1802/1775 1604/1779/1754
f 1551/1802/1775 1550/1803/1776 1604/1779/1754
f 1604/1779/1754 1550/1803/1776 1605/1777/1752
f 1550/1803/1776 1549/1804/1777 1605/1777/1752
f 1605/1777/1752 1549/1804/1777 1606/1775/1750
f 1549/1804/1777 1548/1773/1705 1606/1775/1750
f 1110/1805/1778 1537/1806/1671 1618/1807/1779
f 1618/1807/1779 1537/1806/1671 1536/1808/1780
f 1618/1807/1779 1536/1808/1780 1617/1809/1781
f 1617/1809/1781 1536/1808/1780 1535/1810/1782
f 1617/1809/1781 1535/1810/1782 1616/1811/1783
f 1616/1811/1783 1535/1810/1782 1534/1812/1784
f 1616/1811/1783 1534/1812/1784 1615/1813/1785
f 1615/1813/1785 1534/1812/1784 1533/1814/1786
f 1615/1813/1785 1533/1814/1786 1614/1815/1787
f 1614/1815/1787 1533/1814/1786 1532/1816/1788
f 1614/1815/1787 1532/1816/1788 1613/1817/1789
f 1613/1817/1789 1532/1816/1788 1612/1818/1790
f 1613/1817/1789 1612/1818/1790 1115/1819/1791
f 1115/1819/1791 1612/1818/1790 1116/1820/1792
f 1116/1820/1792 1612/1818/1790 1611/1821/1793
f 1116/1820/1792 1611/1821/1793 1610/1822/1794
f 1610/1822/1794 1611/1821/1793 1530/1823/1795
f 1610/1822/1794 1530/1823/1795 1529/1824/1796
f 1532/1816/1788 1531/1825/1797 1612/1818/1790
f 1612/1818/1790 1531/1825/1797 1611/1821/1793
f 1531/1825/1797 1530/1823/1795 1611/1821/1793
f 1610/1822/1794 1529/1824/1796 1609/1826/1798
f 1609/1826/1798 1529/1824/1796 1528/1827/1799
f 1609/1826/1798 1528/1827/1799 1608/1828/1800
f 1608/1828/1800 1528/1827/1799 1527/1829/1801
f 1608/1828/1800 1527/1829/1801 1607/1830/1802
f 1607/1830/1802 1120/1831/1803 1608/1828/1800
f 1608/1828/1800 1120/1831/1803 1119/1832/1804
f 1608/1828/1800 1119/1832/1804 1118/1833/1805
f 1608/1828/1800 1118/1833/1805 1609/1826/1798
f 1609/1826/1798 1118/1833/1805 1117/1834/1806
f 1609/1826/1798 1117/1834/1806 1610/1822/1794
f 1610/1822/1794 1117/1834/1806 1116/1820/1792
f 1613/1817/1789 1115/1819/1791 1614/1815/1787
f 1614/1815/1787 1115/1819/1791 1114/1835/1807
f 1614/1815/1787 1114/1835/1807 1615/1813/1785
f 1615/1813/1785 1114/1835/1807 1113/1836/1808
f 1615/1813/1785 1113/1836/1808 1616/1811/1783
f 1616/1811/1783 1113/1836/1808 1112/1837/1809
f 1616/1811/1783 1112/1837/1809 1617/1809/1781
f 1617/1809/1781 1112/1837/1809 1111/1838/1810
f 1617/1809/1781 1111/1838/1810 1618/1807/1779
f 1618/1807/1779 1111/1838/1810 1110/1805/1778
f 1702/1839/1811 1619/1840/1812 1712/1841/1813
f 1712/1841/1813 1619/1840/1812 1620/1842/1814
f 1712/1841/1813 1620/1842/1814 1711/1843/1815
f 1711/1843/1815 1620/1842/1814 1621/1844/1816
f 1711/1843/1815 1621/1844/1816 1710/1845/1817
f 1710/1845/1817 1621/1844/1816 1622/1846/1818
f 1710/1845/1817 1622/1846/1818 1709/1847/1819
f 1709/1847/1819 1622/1846/1818 1623/1848/1820
f 1709/1847/1819 1623/1848/1820 1708/1849/1821
f 1708/1849/1821 1623/1848/1820 1624/1850/1822
f 1708/1849/1821 1624/1850/1822 1707/1851/1823
f 1707/1851/1823 1624/1850/1822 1625/1852/1824
f 1707/1851/1823 1625/1852/1824 1706/1853/1825
f 1706/1853/1825 1625/1852/1824 1626/1854/1826
f 1706/1853/1825 1626/1854/1826 1705/1855/1827
f 1705/1855/1827 1626/1854/1826 1627/1856/1828
f 1705/1855/1827 1627/1856/1828 1704/1857/1829
f 1704/1857/1829 1627/1856/1828 1628/1858/1830
f 1704/1857/1829 1628/1858/1830 1703/1859/1831
f 1703/1859/1831 1628/1858/1830 1629/1860/1832
f 1703/1859/1831 1629/1860/1832 1630/1861/1833
f 1703/1859/1831 1630/1861/1833 1713/1862/1834
f 1713/1862/1834 1630/1861/1833 1631/1863/1835
f 1713/1862/1834 1631/1863/1835 1723/1864/1836
f 1723/1864/1836 1631/1863/1835 1632/1865/1837
f 1723/1864/1836 1632/1865/1837 1733/1866/1838
f 1733/1866/1838 1632/1865/1837 1633/1867/1839
f 1733/1866/1838 1633/1867/1839 1743/1868/1840
f 1743/1868/1840 1633/1867/1839 1634/1869/1841
f 1743/1868/1840 1634/1869/1841 1753/1870/1842
f 1753/1870/1842 1634/1869/1841 1635/1871/1843
f 1753/1870/1842 1635/1871/1843 1763/1872/1844
f 1763/1872/1844 1635/1871/1843 1636/1873/1845
f 1763/1872/1844 1636/1873/1845 1773/1874/1846
f 1773/1874/1846 1636/1873/1845 1637/1875/1847
f 1773/1874/1846 1637/1875/1847 1783/1876/1848
f 1783/1876/1848 1637/1875/1847 1638/1877/1849
f 1783/1876/1848 1638/1877/1849 1793/1878/1850
f 1793/1878/1850 1638/1877/1849 1639/1879/1851
f 1793/1878/1850 1639/1879/1851 1803/1880/1852
f 1803/1880/1852 1639/1879/1851 1640/1881/1853
f 1803/1880/1852 1640/1881/1853 1813/1882/1854
f 1813/1882/1854 1640/1881/1853 1641/1883/1855
f 1813/1882/1854 1641/1883/1855 1823/1884/1856
f 1823/1884/1856 1641/1883/1855 1642/1885/1857
f 1823/1884/1856 1642/1885/1857 1833/1886/1858
f 1833/1886/1858 1642/1885/1857 1643/1887/1859
f 1833/1886/1858 1643/1887/1859 1843/1888/1860
f 1843/1888/1860 1643/1887/1859 1644/1889/1861
f 1843/1888/1860 1644/1889/1861 1853/1890/1862
f 1853/1890/1862 1644/1889/1861 1645/1891/1863
f 1853/1890/1862 1645/1891/1863 1863/1892/1864
f 1863/1892/1864 1645/1891/1863 1646/1893/1865
f 1863/1892/1864 1646/1893/1865 1873/1894/1866
f 1873/1894/1866 1646/1893/1865 1647/1895/1867
f 1873/1894/1866 1647/1895/1867 1883/1896/1868
f 1883/1896/1868 1647/1895/1867 1648/1897/1869
f 1883/1896/1868 1648/1897/1869 1893/1898/1870
f 1893/1898/1870 1648/1897/1869 1649/1899/1871
f 1893/1898/1870 1649/1899/1871 1903/1900/1872
f 1903/1900/1872 1649/1899/1871 1650/1901/1873
f 1903/1900/1872 1650/1901/1873 1913/1902/1874
f 1913/1902/1874 1650/1901/1873 1651/1903/1875
f 1913/1902/1874 1651/1903/1875 1923/1904/1876
f 1923/1904/1876 1651/1903/1875 1652/1905/1877
f 1923/1904/1876 1652/1905/1877 1933/1906/1878
f 1933/1906/1878 1652/1905/1877 1653/1907/1879
f 1933/1906/1878 1653/1907/1879 1943/1908/1880
f 1943/1908/1880 1653/1907/1879 1654/1909/1881
f 1943/1908/1880 1654/1909/1881 1953/1910/1882
f 1953/1910/1882 1654/1909/1881 1655/1911/1883
f 1953/1910/1882 1655/1911/1883 1963/1912/1884
f 1963/1912/1884 1655/1911/1883 1656/1913/1885
f 1963/1912/1884 1656/1913/1885 1973/1914/1886
f 1973/1914/1886 1656/1913/1885 1657/1915/1887
f 1973/1914/1886 1657/1915/1887 1983/1916/1888
f 1983/1916/1888 1657/1915/1887 1658/1917/1889
f 1983/1916/1888 1658/1917/1889 1993/1918/1890
f 1993/1918/1890 1658/1917/1889 1659/1919/1891
f 1993/1918/1890 1659/1919/1891 2003/1920/1892
f 2003/1920/1892 1659/1919/1891 1660/1921/1893
f 2003/1920/1892 1660/1921/1893 1661/1922/1894
f 1661/1922/1894 1662/1923/1895 2003/1920/1892
f 2003/1920/1892 1662/1923/1895 2004/1924/1896
f 2003/1920/1892 2004/1924/1896 1993/1918/1890
f 1993/1918/1890 2004/1924/1896 1994/1925/1897
f 1993/1918/1890 1994/1925/1897 1983/1916/1888
f 1983/1916/1888 1994/1925/1897 1984/1926/1898
f 1983/1916/1888 1984/1926/1898 1973/1914/1886
f 1973/1914/1886 1984/1926/1898 1974/1927/1899
f 1973/1914/1886 1974/1927/1899 1963/1912/1884
f 1963/1912/1884 1974/1927/1899 1964/1928/1900
f 1963/1912/1884 1964/1928/1900 1953/1910/1882
f 1953/1910/1882 1964/1928/1900 1954/1929/1901
f 1953/1910/1882 1954/1929/1901 1943/1908/1880
f 1943/1908/1880 1954/1929/1901 1944/1930/1902
f 1943/1908/1880 1944/1930/1902 1933/1906/1878
f 1933/1906/1878 1944/1930/1902 1934/1931/1903
f 1933/1906/1878 1934/1931/1903 1923/1904/1876
f 1923/1904/1876 1934/1931/1903 1924/1932/1904
f 1923/1904/1876 1924/1932/1904 1913/1902/1874
f 1913/1902/1874 1924/1932/1904 1914/1933/1905
f 1913/1902/1874 1914/1933/1905 1903/1900/1872
f 1903/1900/1872 1914/1933/1905 1904/1934/1906
f 1903/1900/1872 1904/1934/1906 1893/1898/1870
f 1893/1898/1870 1904/1934/1906 1894/1935/1907
f 1893/1898/1870 1894/1935/1907 1883/1896/1868
f 1883/1896/1868 1894/1935/1907 1884/1936/1908
f 1883/1896/1868 1884/1936/1908 1873/1894/1866
f 1873/1894/1866 1884/1936/1908 1874/1937/1909
f 1873/1894/1866 1874/1937/1909 1863/1892/1864
f 1863/1892/1864 1874/1937/1909 1864/1938/1910
f 1863/1892/1864 1864/1938/1910 1853/1890/1862
f 1853/1890/1862 1864/1938/1910 1854/1939/1911
f 1853/1890/1862 1854/1939/1911 1843/1888/1860
f 1843/1888/1860 1854/1939/1911 1844/1940/1912
f 1843/1888/1860 1844/1940/1912 1833/1886/1858
f 1833/1886/1858 1844/1940/1912 1834/1941/1913
f 1833/1886/1858 1834/1941/1913 1823/1884/1856
f 1823/1884/1856 1834/1941/1913 1824/1942/1914
f 1823/1884/1856 1824/1942/1914 1813/1882/1854
f 1813/1882/1854 1824/1942/1914 1814/1943/1915
f 1813/1882/1854 1814/1943/1915 1803/1880/1852
f 1803/1880/1852 1814/1943/1915 1804/1944/1916
f 1803/1880/1852 1804/1944/1916 1793/1878/1850
f 1793/1878/1850 1804/1944/1916 1794/1945/1917
f 1793/1878/1850 1794/1945/1917 1783/1876/1848
f 1783/1876/1848 1794/1945/1917 1784/1946/1918
f 1783/1876/1848 1784/1946/1918 1773/1874/1846
f 1773/1874/1846 1784/1946/1918 1774/1947/1919
f 1773/1874/1846 1774/1947/1919 1763/1872/1844
f 1763/1872/1844 1774/1947/1919 1764/1948/1920
f 1763/1872/1844 1764/1948/1920 1753/1870/1842
f 1753/1870/1842 1764/1948/1920 1754/1949/1921
f 1753/1870/1842 1754/1949/1921 1743/1868/1840
f 1743/1868/1840 1754/1949/1921 1744/1950/1922
f 1743/1868/1840 1744/1950/1922 1733/1866/1838
f 1733/1866/1838 1744/1950/1922 1734/1951/1923
f 1733/1866/1838 1734/1951/1923 1723/1864/1836
f 1723/1864/1836 1734/1951/1923 1724/1952/1924
f 1723/1864/1836 1724/1952/1924 1713/1862/1834
f 1713/1862/1834 1724/1952/1924 1714/1953/1925
f 1713/1862/1834 1714/1953/1925 1703/1859/1831
f 1703/1859/1831 1714/1953/1925 1704/1857/1829
f 1662/1923/1895 1663/1954/1926 2004/1924/1896
f 2004/1924/1896 1663/1954/1926 2005/1955/1927
f 2004/1924/1896 2005/1955/1927 1994/1925/1897
f 1994/1925/1897 2005/1955/1927 1995/1956/1928
f 1994/1925/1897 1995/1956/1928 1984/1926/1898
f 1984/1926/1898 1995/1956/1928 1985/1957/1929
f 1984/1926/1898 1985/1957/1929 1974/1927/1899
f 1974/1927/1899 1985/1957/1929 1975/1958/1930
f 1974/1927/1899 1975/1958/1930 1964/1928/1900
f 1964/1928/1900 1975/1958/1930 1965/1959/1931
f 1964/1928/1900 1965/1959/1931 1954/1929/1901
f 1954/1929/1901 1965/1959/1931 1955/1960/1932
f 1954/1929/1901 1955/1960/1932 1944/1930/1902
f 1944/1930/1902 1955/1960/1932 1945/1961/1933
f 1944/1930/1902 1945/1961/1933 1934/1931/1903
f 1934/1931/1903 1945/1961/1933 1935/1962/1934
f 1934/1931/1903 1935/1962/1934 1924/1932/1904
f 1924/1932/1904 1935/1962/1934 1925/1963/1935
f 1924/1932/1904 1925/1963/1935 1914/1933/1905
f 1914/1933/1905 1925/1963/1935 1915/1964/1936
f 1914/1933/1905 1915/1964/1936 1904/1934/1906
f 1904/1934/1906 1915/1964/1936 1905/1965/1937
f 1904/1934/1906 1905/1965/1937 1894/1935/1907
f 1894/1935/1907 1905/1965/1937 1895/1966/1938
f 1894/1935/1907 1895/1966/1938 1884/1936/1908
f 1884/1936/1908 1895/1966/1938 1885/1967/1939
f 1884/1936/1908 1885/1967/1939 1874/1937/1909
f 1874/1937/1909 1885/1967/1939 1875/1968/1940
f 1874/1937/1909 1875/1968/1940 1864/1938/1910
f 1864/1938/1910 1875/1968/1940 1865/1969/1941
f 1864/1938/1910 1865/1969/1941 1854/1939/1911
f 1854/1939/1911 1865/1969/1941 1855/1970/1942
f 1854/1939/1911 1855/1970/1942 1844/1940/1912
f 1844/1940/1912 1855/1970/1942 1845/1971/1943
f 1844/1940/1912 1845/1971/1943 1834/1941/1913
f 1834/1941/1913 1845/1971/1943 1835/1972/1944
f 1834/1941/1913 1835/1972/1944 1824/1942/1914
f 1824/1942/1914 1835/1972/1944 1825/1973/1945
f 1824/1942/1914 1825/1973/1945 1814/1943/1915
f 1814/1943/1915 1825/1973/1945 1815/1974/1946
f 1814/1943/1915 1815/1974/1946 1804/1944/1916
f 1804/1944/1916 1815/1974/1946 1805/1975/1947
f 1804/1944/1916 1805/1975/1947 1794/1945/1917
f 1794/1945/1917 1805/1975/1947 1795/1976/1948
f 1794/1945/1917 1795/1976/1948 1784/1946/1918
f 1784/1946/1918 1795/1976/1948 1785/1977/1949
f 1784/1946/1918 1785/1977/1949 1774/1947/1919
f 1774/1947/1919 1785/1977/1949 1775/1978/1950
f 1774/1947/1919 1775/1978/1950 1764/1948/1920
f 1764/1948/1920 1775/1978/1950 1765/1979/1951
f 1764/1948/1920 1765/1979/1951 1754/1949/1921
f 1754/1949/1921 1765/1979/1951 1755/1980/1952
f 1754/1949/1921 1755/1980/1952 1744/1950/1922
f 1744/1950/1922 1755/1980/1952 1745/1981/1953
f 1744/1950/1922 1745/1981/1953 1734/1951/1923
f 1734/1951/1923 1745/1981/1953 1735/1982/1954
f 1734/1951/1923 1735/1982/1954 1724/1952/1924
f 1724/1952/1924 1735/1982/1954 1725/1983/1955
f 1724/1952/1924 1725/1983/1955 1714/1953/1925
f 1714/1953/1925 1725/1983/1955 1715/1984/1956
f 1714/1953/1925 1715/1984/1956 1704/1857/1829
f 1704/1857/1829 1715/1984/1956 1705/1855/1827
f 1663/1954/1926 1664/1985/1957 2005/1955/1927
f 2005/1955/1927 1664/1985/1957 2006/1986/1958
f 2005/1955/1927 2006/1986/1958 1995/1956/1928
f 1995/1956/1928 2006/1986/1958 1996/1987/1959
f 1995/1956/1928 1996/1987/1959 1985/1957/1929
f 1985/1957/1929 1996/1987/1959 1986/1988/1960
f 1985/1957/1929 1986/1988/1960 1975/1958/1930
f 1975/1958/1930 1986/1988/1960 1976/1989/1961
f 1975/1958/1930 1976/1989/1961 1965/1959/1931
f 1965/1959/1931 1976/1989/1961 1966/1990/1962
f 1965/1959/1931 1966/1990/1962 1955/1960/1932
f 1955/1960/1932 1966/1990/1962 1956/1991/1963
f 1955/1960/1932 1956/1991/1963 1945/1961/1933
f 1945/1961/1933 1956/1991/1963 1946/1992/1964
f 1945/1961/1933 1946/1992/1964 1935/1962/1934
f 1935/1962/1934 1946/1992/1964 1936/1993/1965
f 1935/1962/1934 1936/1993/1965 1925/1963/1935
f 1925/1963/1935 1936/1993/1965 1926/1994/1966
f 1925/1963/1935 1926/1994/1966 1915/1964/1936
f 1915/1964/1936 1926/1994/1966 1916/1995/1967
f 1915/1964/1936 1916/1995/1967 1905/1965/1937
f 1905/1965/1937 1916/1995/1967 1906/1996/1968
f 1905/1965/1937 1906/1996/1968 1895/1966/1938
f 1895/1966/1938 1906/1996/1968 1896/1997/1969
f 1895/1966/1938 1896/1997/1969 1885/1967/1939
f 1885/1967/1939 1896/1997/1969 1886/1998/1970
f 1885/1967/1939 1886/1998/1970 1875/1968/1940
f 1875/1968/1940 1886/1998/1970 1876/1999/1971
f 1875/1968/1940 1876/1999/1971 1865/1969/1941
f 1865/1969/1941 1876/1999/1971 1866/2000/1972
f 1865/1969/1941 1866/2000/1972 1855/1970/1942
f 1855/1970/1942 1866/2000/1972 1856/2001/1973
f 1855/1970/1942 1856/2001/1973 1845/1971/1943
f 1845/1971/1943 1856/2001/1973 1846/2002/1974
f 1845/1971/1943 1846/2002/1974 1835/1972/1944
f 1835/1972/1944 1846/2002/1974 1836/2003/1975
f 1835/1972/1944 1836/2003/1975 1825/1973/1945
f 1825/1973/1945 1836/2003/1975 1826/2004/1976
f 1825/1973/1945 1826/2004/1976 1815/1974/1946
f 1815/1974/1946 1826/2004/1976 1816/2005/1977
f 1815/1974/1946 1816/2005/1977 1805/1975/1947
f 1805/1975/1947 1816/2005/1977 1806/2006/1978
f 1805/1975/1947 1806/2006/1978 1795/1976/1948
f 1795/1976/1948 1806/2006/1978 1796/2007/1979
f 1795/1976/1948 1796/2007/1979 1785/1977/1949
f 1785/1977/1949 1796/2007/1979 1786/2008/1980
f 1785/1977/1949 1786/2008/1980 1775/1978/1950
f 1775/1978/1950 1786/2008/1980 1776/2009/1981
f 1775/1978/1950 1776/2009/1981 1765/1979/1951
f 1765/1979/1951 1776/2009/1981 1766/2010/1982
f 1765/1979/1951 1766/2010/1982 1755/1980/1952
f 1755/1980/1952 1766/2010/1982 1756/2011/1983
f 1755/1980/1952 1756/2011/1983 1745/1981/1953
f 1745/1981/1953 1756/2011/1983 1746/2012/1984
f 1745/1981/1953 1746/2012/1984 1735/1982/1954
f 1735/1982/1954 1746/2012/1984 1736/2013/1985
f 1735/1982/1954 1736/2013/1985 1725/1983/1955
f 1725/1983/1955 1736/2013/1985 1726/2014/1986
f 1725/1983/1955 1726/2014/1986 1715/1984/1956
f 1715/1984/1956 1726/2014/1986 1716/2015/1987
f 1715/1984/1956 1716/2015/1987 1705/1855/1827
f 1705/1855/1827 1716/2015/1987 1706/1853/1825
f 1664/1985/1957 1665/2016/1988 2006/1986/1958
f 2006/1986/1958 1665/2016/1988 2007/2017/1989
f 2006/1986/1958 2007/2017/1989 1996/1987/1959
f 1996/1987/1959 2007/2017/1989 1997/2018/1990
f 1996/1987/1959 1997/2018/1990 1986/1988/1960
f 1986/1988/1960 1997/2018/1990 1987/2019/1991
f 1986/1988/1960 1987/2019/1991 1976/1989/1961
f 1976/1989/1961 1987/2019/1991 1977/2020/1992
f 1976/1989/1961 1977/2020/1992 1966/1990/1962
f 1966/1990/1962 1977/2020/1992 1967/2021/1993
f 1966/1990/1962 1967/2021/1993 1956/1991/1963
f 1956/1991/1963 1967/2021/1993 1957/2022/1994
f 1956/1991/1963 1957/2022/1994 1946/1992/1964
f 1946/1992/1964 1957/2022/1994 1947/2023/1995
f 1946/1992/1964 1947/2023/1995 1936/1993/1965
f 1936/1993/1965 1947/2023/1995 1937/2024/1996
f 1936/1993/1965 1937/2024/1996 1926/1994/1966
f 1926/1994/1966 1937/2024/1996 1927/2025/1997
f 1926/1994/1966 1927/2025/1997 1916/1995/1967
f 1916/1995/1967 1927/2025/1997 1917/2026/1998
f 1916/1995/1967 1917/2026/1998 1906/1996/1968
f 1906/1996/1968 1917/2026/1998 1907/2027/1999
f 1906/1996/1968 1907/2027/1999 1896/1997/1969
f 1896/1997/1969 1907/2027/1999 1897/2028/2000
f 1896/1997/1969 1897/2028/2000 1886/1998/1970
f 1886/1998/1970 1897/2028/2000 1887/2029/2001
f 1886/1998/1970 1887/2029/2001 1876/1999/1971
f 1876/1999/1971 1887/2029/2001 1877/2030/2002
f 1876/1999/1971 1877/2030/2002 1866/2000/1972
f 1866/2000/1972 1877/2030/2002 1867/2031/2003
f 1866/2000/1972 1867/2031/2003 1856/2001/1973
f 1856/2001/1973 1867/2031/2003 1857/2032/2004
f 1856/2001/1973 1857/2032/2004 1846/2002/1974
f 1846/2002/1974 1857/2032/2004 1847/2033/2005
f 1846/2002/1974 1847/2033/2005 1836/2003/1975
f 1836/2003/1975 1847/2033/2005 1837/2034/2006
f 1836/2003/1975 1837/2034/2006 1826/2004/1976
f 1826/2004/1976 1837/2034/2006 1827/2035/2007
f 1826/2004/1976 1827/2035/2007 1816/2005/1977
f 1816/2005/1977 1827/2035/2007 1817/2036/2008
f 1816/2005/1977 1817/2036/2008 1806/2006/1978
f 1806/2006/1978 1817/2036/2008 1807/2037/2009
f 1806/2006/1978 1807/2037/2009 1796/2007/1979
f 1796/2007/1979 1807/2037/2009 1797/2038/2010
f 1796/2007/1979 1797/2038/2010 1786/2008/1980
f 1786/2008/1980 1797/2038/2010 1787/2039/2011
f 1786/2008/1980 1787/2039/2011 1776/2009/1981
f 1776/2009/1981 1787/2039/2011 1777/2040/2012
f 1776/2009/1981 1777/2040/2012 1766/2010/1982
f 1766/2010/1982 1777/2040/2012 1767/2041/2013
f 1766/2010/1982 1767/2041/2013 1756/2011/1983
f 1756/2011/1983 1767/2041/2013 1757/2042/2014
f 1756/2011/1983 1757/2042/2014 1746/2012/1984
f 1746/2012/1984 1757/2042/2014 1747/2043/2015
f 1746/2012/1984 1747/2043/2015 1736/2013/1985
f 1736/2013/1985 1747/2043/2015 1737/2044/2016
f 1736/2013/1985 1737/2044/2016 1726/2014/1986
f 1726/2014/1986 1737/2044/2016 1727/2045/2017
f 1726/2014/1986 1727/2045/2017 1716/2015/1987
f 1716/2015/1987 1727/2045/2017 1717/2046/2018
f 1716/2015/1987 1717/2046/2018 1706/1853/1825
f 1706/1853/1825 1717/2046/2018 1707/1851/1823
f 1665/2016/1988 1666/2047/2019 2007/2017/1989
f 2007/2017/1989 1666/2047/2019 2008/2048/2020
f 2007/2017/1989 2008/2048/2020 1997/2018/1990
f 1997/2018/1990 2008/2048/2020 1998/2049/2021
f 1997/2018/1990 1998/2049/2021 1987/2019/1991
f 1987/2019/1991 1998/2049/2021 1988/2050/2022
f 1987/2019/1991 1988/2050/2022 1977/2020/1992
f 1977/2020/1992 1988/2050/2022 1978/2051/2023
f 1977/2020/1992 1978/2051/2023 1967/2021/1993
f 1967/2021/1993 1978/2051/2023 1968/2052/2024
f 1967/2021/1993 1968/2052/2024 1957/2022/1994
f 1957/2022/1994 1968/2052/2024 1958/2053/2025
f 1957/2022/1994 1958/2053/2025 1947/2023/1995
f 1947/2023/1995 1958/2053/2025 1948/2054/2026
f 1947/2023/1995 1948/2054/2026 1937/2024/1996
f 1937/2024/1996 1948/2054/2026 1938/2055/2027
f 1937/2024/1996 1938/2055/2027 1927/2025/1997
f 1927/2025/1997 1938/2055/2027 1928/2056/2028
f 1927/2025/1997 1928/2056/2028 1917/2026/1998
f 1917/2026/1998 1928/2056/2028 1918/2057/2029
f 1917/2026/1998 1918/2057/2029 1907/2027/1999
f 1907/2027/1999 1918/2057/2029 1908/2058/2030
f 1907/2027/1999 1908/2058/2030 1897/2028/2000
f 1897/2028/2000 1908/2058/2030 1898/2059/2031
f 1897/2028/2000 1898/2059/2031 1887/2029/2001
f 1887/2029/2001 1898/2059/2031 1888/2060/2032
f 1887/2029/2001 1888/2060/2032 1877/2030/2002
f 1877/2030/2002 1888/2060/2032 1878/2061/2033
f 1877/2030/2002 1878/2061/2033 1867/2031/2003
f 1867/2031/2003 1878/2061/2033 1868/2062/2034
f 1867/2031/2003 1868/2062/2034 1857/2032/2004
f 1857/2032/2004 1868/2062/2034 1858/2063/2035
f 1857/2032/2004 1858/2063/2035 1847/2033/2005
f 1847/2033/2005 1858/2063/2035 1848/2064/2036
f 1847/2033/2005 1848/2064/2036 1837/2034/2006
f 1837/2034/2006 1848/2064/2036 1838/2065/2037
f 1837/2034/2006 1838/2065/2037 1827/2035/2007
f 1827/2035/2007 1838/2065/2037 1828/2066/2038
f 1827/2035/2007 1828/2066/2038 1817/2036/2008
f 1817/2036/2008 1828/2066/2038 1818/2067/2039
f 1817/2036/2008 1818/2067/2039 1807/2037/2009
f 1807/2037/2009 1818/2067/2039 1808/2068/2040
f 1807/2037/2009 1808/2068/2040 1797/2038/2010
f 1797/2038/2010 1808/2068/2040 1798/2069/2041
f 1797/2038/2010 1798/2069/2041 1787/2039/2011
f 1787/2039/2011 1798/2069/2041 1788/2070/2042
f 1787/2039/2011 1788/2070/2042 1777/2040/2012
f 1777/2040/2012 1788/2070/2042 1778/2071/2043
f 1777/2040/2012 1778/2071/2043 1767/2041/2013
f 1767/2041/2013 1778/2071/2043 1768/2072/2044
f 1767/2041/2013 1768/2072/2044 1757/2042/2014
f 1757/2042/2014 1768/2072/2044 1758/2073/2045
f 1757/2042/2014 1758/2073/2045 1747/2043/2015
f 1747/2043/2015 1758/2073/2045 1748/2074/2046
f 1747/2043/2015 1748/2074/2046 1737/2044/2016
f 1737/2044/2016 1748/2074/2046 1738/2075/2047
f 1737/2044/2016 1738/2075/2047 1727/2045/2017
f 1727/2045/2017 1738/2075/2047 1728/2076/2048
f 1727/2045/2017 1728/2076/2048 1717/2046/2018
f 1717/2046/2018 1728/2076/2048 1718/2077/2049
f 1717/2046/2018 1718/2077/2049 1707/1851/1823
f 1707/1851/1823 1718/2077/2049 1708/1849/1821
f 1666/2047/2019 1667/2078/2050 2008/2048/2020
f 2008/2048/2020 1667/2078/2050 2009/2079/2051
f 2008/2048/2020 2009/2079/2051 1998/2049/2021
f 1998/2049/2021 2009/2079/2051 1999/2080/2052
f 1998/2049/2021 1999/2080/2052 1988/2050/2022
f 1988/2050/2022 1999/2080/2052 1989/2081/2053
f 1988/2050/2022 1989/2081/2053 1978/2051/2023
f 1978/2051/2023 1989/2081/2053 1979/2082/2054
f 1978/2051/2023 1979/2082/2054 1968/2052/2024
f 1968/2052/2024 1979/2082/2054 1969/2083/2055
f 1968/2052/2024 1969/2083/2055 1958/2053/2025
f 1958/2053/2025 1969/2083/2055 1959/2084/2056
f 1958/2053/2025 1959/2084/2056 1948/2054/2026
f 1948/2054/2026 1959/2084/2056 1949/2085/2057
f 1948/2054/2026 1949/2085/2057 1938/2055/2027
f 1938/2055/2027 1949/2085/2057 1939/2086/2058
f 1938/2055/2027 1939/2086/2058 1928/2056/2028
f 1928/2056/2028 1939/2086/2058 1929/2087/2059
f 1928/2056/2028 1929/2087/2059 1918/2057/2029
f 1918/2057/2029 1929/2087/2059 1919/2088/2060
f 1918/2057/2029 1919/2088/2060 1908/2058/2030
f 1908/2058/2030 1919/2088/2060 1909/2089/2061
f 1908/2058/2030 1909/2089/2061 1898/2059/2031
f 1898/2059/2031 1909/2089/2061 1899/2090/2062
f 1898/2059/2031 1899/2090/2062 1888/2060/2032
f 1888/2060/2032 1899/2090/2062 1889/2091/2063
f 1888/2060/2032 1889/2091/2063 1878/2061/2033
f 1878/2061/2033 1889/2091/2063 1879/2092/2064
f 1878/2061/2033 1879/2092/2064 1868/2062/2034
f 1868/2062/2034 1879/2092/2064 1869/2093/2065
f 1868/2062/2034 1869/2093/2065 1858/2063/2035
f 1858/2063/2035 1869/2093/2065 1859/2094/2066
f 1858/2063/2035 1859/2094/2066 1848/2064/2036
f 1848/2064/2036 1859/2094/2066 1849/2095/2067
f 1848/2064/2036 1849/2095/2067 1838/2065/2037
f 1838/2065/2037 1849/2095/2067 1839/2096/2068
f 1838/2065/2037 1839/2096/2068 1828/2066/2038
f 1828/2066/2038 1839/2096/2068 1829/2097/2069
f 1828/2066/2038 1829/2097/2069 1818/2067/2039
f 1818/2067/2039 1829/2097/2069 1819/2098/2070
f 1818/2067/2039 1819/2098/2070 1808/2068/2040
f 1808/2068/2040 1819/2098/2070 1809/2099/2071
f 1808/2068/2040 1809/2099/2071 1798/2069/2041
f 1798/2069/2041 1809/2099/2071 1799/2100/2072
f 1798/2069/2041 1799/2100/2072 1788/2070/2042
f 1788/2070/2042 1799/2100/2072 1789/2101/2073
f 1788/2070/2042 1789/2101/2073 1778/2071/2043
f 1778/2071/2043 1789/2101/2073 1779/2102/2074
f 1778/2071/2043 1779/2102/2074 1768/2072/2044
f 1768/2072/2044 1779/2102/2074 1769/2103/2075
f 1768/2072/2044 1769/2103/2075 1758/2073/2045
f 1758/2073/2045 1769/2103/2075 1759/2104/2076
f 1758/2073/2045 1759/2104/2076 1748/2074/2046
f 1748/2074/2046 1759/2104/2076 1749/2105/2077
f 1748/2074/2046 1749/2105/2077 1738/2075/2047
f 1738/2075/2047 1749/2105/2077 1739/2106/2078
f 1738/2075/2047 1739/2106/2078 1728/2076/2048
f 1728/2076/2048 1739/2106/2078 1729/2107/2079
f 1728/2076/2048 1729/2107/2079 1718/2077/2049
f 1718/2077/2049 1729/2107/2079 1719/2108/2080
f 1718/2077/2049 1719/2108/2080 1708/1849/1821
f 1708/1849/1821 1719/2108/2080 1709/1847/1819
f 1667/2078/2050 1668/2109/2081 2009/2079/2051
f 2009/2079/2051 1668/2109/2081 2010/2110/2082
f 2009/2079/2051 2010/2110/2082 1999/2080/2052
f 1999/2080/2052 2010/2110/2082 2000/2111/2083
f 1999/2080/2052 2000/2111/2083 1989/2081/2053
f 1989/2081/2053 2000/2111/2083 1990/2112/2084
f 1989/2081/2053 1990/2112/2084 1979/2082/2054
f 1979/2082/2054 1990/2112/2084 1980/2113/2085
f 1979/2082/2054 1980/2113/2085 1969/2083/2055
f 1969/2083/2055 1980/2113/2085 1970/2114/2086
f 1969/2083/2055 1970/2114/2086 1959/2084/2056
f 1959/2084/2056 1970/2114/2086 1960/2115/2087
f 1959/2084/2056 1960/2115/2087 1949/2085/2057
f 1949/2085/2057 1960/2115/2087 1950/2116/2088
f 1949/2085/2057 1950/2116/2088 1939/2086/2058
f 1939/2086/2058 1950/2116/2088 1940/2117/2089
f 1939/2086/2058 1940/2117/2089 1929/2087/2059
f 1929/2087/2059 1940/2117/2089 1930/2118/2090
f 1929/2087/2059 1930/2118/2090 1919/2088/2060
f 1919/2088/2060 1930/2118/2090 1920/2119/2091
f 1919/2088/2060 1920/2119/2091 1909/2089/2061
f 1909/2089/2061 1920/2119/2091 1910/2120/2092
f 1909/2089/2061 1910/2120/2092 1899/2090/2062
f 1899/2090/2062 1910/2120/2092 1900/2121/2093
f 1899/2090/2062 1900/2121/2093 1889/2091/2063
f 1889/2091/2063 1900/2121/2093 1890/2122/2094
f 1889/2091/2063 1890/2122/2094 1879/2092/2064
f 1879/2092/2064 1890/2122/2094 1880/2123/2095
f 1879/2092/2064 1880/2123/2095 1869/2093/2065
f 1869/2093/2065 1880/2123/2095 1870/2124/2096
f 1869/2093/2065 1870/2124/2096 1859/2094/2066
f 1859/2094/2066 1870/2124/2096 1860/2125/2097
f 1859/2094/2066 1860/2125/2097 1849/2095/2067
f 1849/2095/2067 1860/2125/2097 1850/2126/2098
f 1849/2095/2067 1850/2126/2098 1839/2096/2068
f 1839/2096/2068 1850/2126/2098 1840/2127/2099
f 1839/2096/2068 1840/2127/2099 1829/2097/2069
f 1829/2097/2069 1840/2127/2099 1830/2128/2100
f 1829/2097/2069 1830/2128/2100 1819/2098/2070
f 1819/2098/2070 1830/2128/2100 1820/2129/2101
f 1819/2098/2070 1820/2129/2101 1809/2099/2071
f 1809/2099/2071 1820/2129/2101 1810/2130/2102
f 1809/2099/2071 1810/2130/2102 1799/2100/2072
f 1799/2100/2072 1810/2130/2102 1800/2131/2103
f 1799/2100/2072 1800/2131/2103 1789/2101/2073
f 1789/2101/2073 1800/2131/2103 1790/2132/2104
f 1789/2101/2073 1790/2132/2104 1779/2102/2074
f 1779/2102/2074 1790/2132/2104 1780/2133/2105
f 1779/2102/2074 1780/2133/2105 1769/2103/2075
f 1769/2103/2075 1780/2133/2105 1770/2134/2106
f 1769/2103/2075 1770/2134/2106 1759/2104/2076
f 1759/2104/2076 1770/2134/2106 1760/2135/2107
f 1759/2104/2076 1760/2135/2107 1749/2105/2077
f 1749/2105/2077 1760/2135/2107 1750/2136/2108
f 1749/2105/2077 1750/2136/2108 1739/2106/2078
f 1739/2106/2078 1750/2136/2108 1740/2137/2109
f 1739/2106/2078 1740/2137/2109 1729/2107/2079
f 1729/2107/2079 1740/2137/2109 1730/2138/2110
f 1729/2107/2079 1730/2138/2110 1719/2108/2080
f 1719/2108/2080 1730/2138/2110 1720/2139/2111
f 1719/2108/2080 1720/2139/2111 1709/1847/1819
f 1709/1847/1819 1720/2139/2111 1710/1845/1817
f 1668/2109/2081 1669/2140/2112 2010/2110/2082
f 2010/2110/2082 1669/2140/2112 2011/2141/2113
f 2010/2110/2082 2011/2141/2113 2000/2111/2083
f 2000/2111/2083 2011/2141/2113 2001/2142/2114
f 2000/2111/2083 2001/2142/2114 1990/2112/2084
f 1990/2112/2084 2001/2142/2114 1991/2143/2115
f 1990/2112/2084 1991/2143/2115 1980/2113/2085
f 1980/2113/2085 1991/2143/2115 1981/2144/2116
f 1980/2113/2085 1981/2144/2116 1970/2114/2086
f 1970/2114/2086 1981/2144/2116 1971/2145/2117
f 1970/2114/2086 1971/2145/2117 1960/2115/2087
f 1960/2115/2087 1971/2145/2117 1961/2146/2118
f 1960/2115/2087 1961/2146/2118 1950/2116/2088
f 1950/2116/2088 1961/2146/2118 1951/2147/2119
f 1950/2116/2088 1951/2147/2119 1940/2117/2089
f 1940/2117/2089 1951/2147/2119 1941/2148/2120
f 1940/2117/2089 1941/2148/2120 1930/2118/2090
f 1930/2118/2090 1941/2148/2120 1931/2149/2121
f 1930/2118/2090 1931/2149/2121 1920/2119/2091
f 1920/2119/2091 1931/2149/2121 1921/2150/2122
f 1920/2119/2091 1921/2150/2122 1910/2120/2092
f 1910/2120/2092 1921/2150/2122 1911/2151/2123
f 1910/2120/2092 1911/2151/2123 1900/2121/2093
f 1900/2121/2093 1911/2151/2123 1901/2152/2124
f 1900/2121/2093 1901/2152/2124 1890/2122/2094
f 1890/2122/2094 1901/2152/2124 1891/2153/2125
f 1890/2122/2094 1891/2153/2125 1880/2123/2095
f 1880/2123/2095 1891/2153/2125 1881/2154/2126
f 1880/2123/2095 1881/2154/2126 1870/2124/2096
f 1870/2124/2096 1881/2154/2126 1871/2155/2127
f 1870/2124/2096 1871/2155/2127 1860/2125/2097
f 1860/2125/2097 1871/2155/2127 1861/2156/2128
f 1860/2125/2097 1861/2156/2128 1850/2126/2098
f 1850/2126/2098 1861/2156/2128 1851/2157/2129
f 1850/2126/2098 1851/2157/2129 1840/2127/2099
f 1840/2127/2099 1851/2157/2129 1841/2158/2130
f 1840/2127/2099 1841/2158/2130 1830/2128/2100
f 1830/2128/2100 1841/2158/2130 1831/2159/2131
f 1830/2128/2100 1831/2159/2131 1820/2129/2101
f 1820/2129/2101 1831/2159/2131 1821/2160/2132
f 1820/2129/2101 1821/2160/2132 1810/2130/2102
f 1810/2130/2102 1821/2160/2132 1811/2161/2133
f 1810/2130/2102 1811/2161/2133 1800/2131/2103
f 1800/2131/2103 1811/2161/2133 1801/2162/2134
f 1800/2131/2103 1801/2162/2134 1790/2132/2104
f 1790/2132/2104 1801/2162/2134 1791/2163/2135
f 1790/2132/2104 1791/2163/2135 1780/2133/2105
f 1780/2133/2105 1791/2163/2135 1781/2164/2136
f 1780/2133/2105 1781/2164/2136 1770/2134/2106
f 1770/2134/2106 1781/2164/2136 1771/2165/2137
f 1770/2134/2106 1771/2165/2137 1760/2135/2107
f 1760/2135/2107 1771/2165/2137 1761/2166/2138
f 1760/2135/2107 1761/2166/2138 1750/2136/2108
f 1750/2136/2108 1761/2166/2138 1751/2167/2139
f 1750/2136/2108 1751/2167/2139 1740/2137/2109
f 1740/2137/2109 1751/2167/2139 1741/2168/2140
f 1740/2137/2109 1741/2168/2140 1730/2138/2110
f 1730/2138/2110 1741/2168/2140 1731/2169/2141
f 1730/2138/2110 1731/2169/2141 1720/2139/2111
f 1720/2139/2111 1731/2169/2141 1721/2170/2142
f 1720/2139/2111 1721/2170/2142 1710/1845/1817
f 1710/1845/1817 1721/2170/2142 1711/1843/1815
f 1669/2140/2112 1670/2171/2143 2011/2141/2113
f 2011/2141/2113 1670/2171/2143 2012/2172/2144
f 2011/2141/2113 2012/2172/2144 2001/2142/2114
f 2001/2142/2114 2012/2172/2144 2002/2173/2145
f 2001/2142/2114 2002/2173/2145 1991/2143/2115
f 1991/2143/2115 2002/2173/2145 1992/2174/2146
f 1991/2143/2115 1992/2174/2146 1981/2144/2116
f 1981/2144/2116 1992/2174/2146 1982/2175/2147
f 1981/2144/2116 1982/2175/2147 1971/2145/2117
f 1971/2145/2117 1982/2175/2147 1972/2176/2148
f 1971/2145/2117 1972/2176/2148 1961/2146/2118
f 1961/2146/2118 1972/2176/2148 1962/2177/2149
f 1961/2146/2118 1962/2177/2149 1951/2147/2119
f 1951/2147/2119 1962/2177/2149 1952/2178/2150
f 1951/2147/2119 1952/2178/2150 1941/2148/2120
f 1941/2148/2120 1952/2178/2150 1942/2179/2151
f 1941/2148/2120 1942/2179/2151 1931/2149/2121
f 1931/2149/2121 1942/2179/2151 1932/2180/2152
f 1931/2149/2121 1932/2180/2152 1921/2150/2122
f 1921/2150/2122 1932/2180/2152 1922/2181/2153
f 1921/2150/2122 1922/2181/2153 1911/2151/2123
f 1911/2151/2123 1922/2181/2153 1912/2182/2154
f 1911/2151/2123 1912/2182/2154 1901/2152/2124
f 1901/2152/2124 1912/2182/2154 1902/2183/2155
f 1901/2152/2124 1902/2183/2155 1891/2153/2125
f 1891/2153/2125 1902/2183/2155 1892/2184/2156
f 1891/2153/2125 1892/2184/2156 1881/2154/2126
f 1881/2154/2126 1892/2184/2156 1882/2185/2157
f 1881/2154/2126 1882/2185/2157 1871/2155/2127
f 1871/2155/2127 1882/2185/2157 1872/2186/2158
f 1871/2155/2127 1872/2186/2158 1861/2156/2128
f 1861/2156/2128 1872/2186/2158 1862/2187/2159
f 1861/2156/2128 1862/2187/2159 1851/2157/2129
f 1851/2157/2129 1862/2187/2159 1852/2188/2160
f 1851/2157/2129 1852/2188/2160 1841/2158/2130
f 1841/2158/2130 1852/2188/2160 1842/2189/2161
f 1841/2158/2130 1842/2189/2161 1831/2159/2131
f 1831/2159/2131 1842/2189/2161 1832/2190/2162
f 1831/2159/2131 1832/2190/2162 1821/2160/2132
f 1821/2160/2132 1832/2190/2162 1822/2191/2163
f 1821/2160/2132 1822/2191/2163 1811/2161/2133
f 1811/2161/2133 1822/2191/2163 1812/2192/2164
f 1811/2161/2133 1812/2192/2164 1801/2162/2134
f 1801/2162/2134 1812/2192/2164 1802/2193/2165
f 1801/2162/2134 1802/2193/2165 1791/2163/2135
f 1791/2163/2135 1802/2193/2165 1792/2194/2166
f 1791/2163/2135 1792/2194/2166 1781/2164/2136
f 1781/2164/2136 1792/2194/2166 1782/2195/2167
f 1781/2164/2136 1782/2195/2167 1771/2165/2137
f 1771/2165/2137 1782/2195/2167 1772/2196/2168
f 1771/2165/2137 1772/2196/2168 1761/2166/2138
f 1761/2166/2138 1772/2196/2168 1762/2197/2169
f 1761/2166/2138 1762/2197/2169 1751/2167/2139
f 1751/2167/2139 1762/2197/2169 1752/2198/2170
f 1751/2167/2139 1752/2198/2170 1741/2168/2140
f 1741/2168/2140 1752/2198/2170 1742/2199/2171
f 1741/2168/2140 1742/2199/2171 1731/2169/2141
f 1731/2169/2141 1742/2199/2171 1732/2200/2172
f 1731/2169/2141 1732/2200/2172 1721/2170/2142
f 1721/2170/2142 1732/2200/2172 1722/2201/2173
f 1721/2170/2142 1722/2201/2173 1711/1843/1815
f 1711/1843/1815 1722/2201/2173 1712/1841/1813
f 1670/2171/2143 1671/2202/2174 2012/2172/2144
f 2012/2172/2144 1671/2202/2174 1672/2203/2175
f 2012/2172/2144 1672/2203/2175 2002/2173/2145
f 2002/2173/2145 1672/2203/2175 1673/2204/2176
f 2002/2173/2145 1673/2204/2176 1992/2174/2146
f 1992/2174/2146 1673/2204/2176 1674/2205/2177
f 1992/2174/2146 1674/2205/2177 1982/2175/2147
f 1982/2175/2147 1674/2205/2177 1675/2206/2178
f 1982/2175/2147 1675/2206/2178 1972/2176/2148
f 1972/2176/2148 1675/2206/2178 1676/2207/2179
f 1972/2176/2148 1676/2207/2179 1962/2177/2149
f 1962/2177/2149 1676/2207/2179 1677/2208/2180
f 1962/2177/2149 1677/2208/2180 1952/2178/2150
f 1952/2178/2150 1677/2208/2180 1678/2209/2181
f 1952/2178/2150 1678/2209/2181 1942/2179/2151
f 1942/2179/2151 1678/2209/2181 1679/2210/2182
f 1942/2179/2151 1679/2210/2182 1932/2180/2152
f 1932/2180/2152 1679/2210/2182 1680/2211/2183
f 1932/2180/2152 1680/2211/2183 1922/2181/2153
f 1922/2181/2153 1680/2211/2183 1681/2212/2184
f 1922/2181/2153 1681/2212/2184 1912/2182/2154
f 1912/2182/2154 1681/2212/2184 1682/2213/2185
f 1912/2182/2154 1682/2213/2185 1902/2183/2155
f 1902/2183/2155 1682/2213/2185 1683/2214/2186
f 1902/2183/2155 1683/2214/2186 1892/2184/2156
f 1892/2184/2156 1683/2214/2186 1684/2215/2187
f 1892/2184/2156 1684/2215/2187 1882/2185/2157
f 1882/2185/2157 1684/2215/2187 1685/2216/2188
f 1882/2185/2157 1685/2216/2188 1872/2186/2158
f 1872/2186/2158 1685/2216/2188 1686/2217/2189
f 1872/2186/2158 1686/2217/2189 1862/2187/2159
f 1862/2187/2159 1686/2217/2189 1687/2218/2190
f 1862/2187/2159 1687/2218/2190 1852/2188/2160
f 1852/2188/2160 1687/2218/2190 1688/2219/2191
f 1852/2188/2160 1688/2219/2191 1842/2189/2161
f 1842/2189/2161 1688/2219/2191 1689/2220/2192
f 1842/2189/2161 1689/2220/2192 1832/2190/2162
f 1832/2190/2162 1689/2220/2192 1690/2221/2193
f 1832/2190/2162 1690/2221/2193 1822/2191/2163
f 1822/2191/2163 1690/2221/2193 1691/2222/2194
f 1822/2191/2163 1691/2222/2194 1812/2192/2164
f 1812/2192/2164 1691/2222/2194 1692/2223/2195
f 1812/2192/2164 1692/2223/2195 1802/2193/2165
f 1802/2193/2165 1692/2223/2195 1693/2224/2196
f 1802/2193/2165 1693/2224/2196 1792/2194/2166
f 1792/2194/2166 1693/2224/2196 1694/2225/2197
f 1792/2194/2166 1694/2225/2197 1782/2195/2167
f 1782/2195/2167 1694/2225/2197 1695/2226/2198
f 1782/2195/2167 1695/2226/2198 1772/2196/2168
f 1772/2196/2168 1695/2226/2198 1696/2227/2199
f 1772/2196/2168 1696/2227/2199 1762/2197/2169
f 1762/2197/2169 1696/2227/2199 1697/2228/2200
f 1762/2197/2169 1697/2228/2200 1752/2198/2170
f 1752/2198/2170 1697/2228/2200 1698/2229/2201
f 1752/2198/2170 1698/2229/2201 1742/2199/2171
f 1742/2199/2171 1698/2229/2201 1699/2230/2202
f 1742/2199/2171 1699/2230/2202 1732/2200/2172
f 1732/2200/2172 1699/2230/2202 1700/2231/2203
f 1732/2200/2172 1700/2231/2203 1722/2201/2173
f 1722/2201/2173 1700/2231/2203 1701/2232/2204
f 1722/2201/2173 1701/2232/2204 1712/1841/1813
f 1712/1841/1813 1701/2232/2204 1702/1839/1811
f 1586/2233/1749 1671/2234/2205 2024/2235/2206
f 2024/2235/2206 1671/2234/2205 1670/2236/2207
f 2024/2235/2206 1670/2236/2207 2023/2237/2208
f 2023/2237/2208 1670/2236/2207 1669/2238/2209
f 2023/2237/2208 1669/2238/2209 2022/2239/2210
f 2022/2239/2210 1669/2238/2209 1668/2240/2211
f 2022/2239/2210 1668/2240/2211 2021/2241/2212
f 2021/2241/2212 1668/2240/2211 1667/2242/2213
f 2021/2241/2212 1667/2242/2213 2020/2243/2214
f 2020/2243/2214 1667/2242/2213 1666/2244/2215
f 2020/2243/2214 1666/2244/2215 2019/2245/2216
f 2019/2245/2216 1666/2244/2215 2018/2246/2217
f 2019/2245/2216 2018/2246/2217 1591/2247/2218
f 1591/2247/2218 2018/2246/2217 1592/2248/2219
f 1592/2248/2219 2018/2246/2217 2017/2249/2220
f 1592/2248/2219 2017/2249/2220 1593/2250/2221
f 1593/2250/2221 2017/2249/2220 2016/2251/2222
f 1593/2250/2221 2016/2251/2222 1594/2252/2223
f 1594/2252/2223 2016/2251/2222 2015/2253/2224
f 1594/2252/2223 2015/2253/2224 1595/2254/2225
f 1595/2254/2225 2015/2253/2224 2014/2255/2226
f 1595/2254/2225 2014/2255/2226 1596/2256/2227
f 1596/2256/2227 2014/2255/2226 2013/2257/2228
f 2013/2257/2228 2014/2255/2226 1662/2258/2229
f 2013/2257/2228 1662/2258/2229 1661/2259/2230
f 1666/2244/2215 1665/2260/2231 2018/2246/2217
f 2018/2246/2217 1665/2260/2231 2017/2249/2220
f 1665/2260/2231 1664/2261/2232 2017/2249/2220
f 2017/2249/2220 1664/2261/2232 2016/2251/2222
f 1664/2261/2232 1663/2262/2233 2016/2251/2222
f 2016/2251/2222 1663/2262/2233 2015/2253/2224
f 1663/2262/2233 1662/2258/2229 2015/2253/2224
f 2015/2253/2224 1662/2258/2229 2014/2255/2226
f 2019/2245/2216 1591/2247/2218 2020/2243/2214
f 2020/2243/2214 1591/2247/2218 1590/2263/2234
f 2020/2243/2214 1590/2263/2234 2021/2241/2212
f 2021/2241/2212 1590/2263/2234 1589/2264/2235
f 2021/2241/2212 1589/2264/2235 2022/2239/2210
f 2022/2239/2210 1589/2264/2235 1588/2265/2236
f 2022/2239/2210 1588/2265/2236 2023/2237/2208
f 2023/2237/2208 1588/2265/2236 1587/2266/2237
f 2023/2237/2208 1587/2266/2237 2024/2235/2206
f 2024/2235/2206 1587/2266/2237 1586/2233/1749
f 1619/2267/2238 22/2268/1 2036/2269/2239
f 2036/2269/2239 22/2268/1 21/2270/2240
f 2036/2269/2239 21/2270/2240 2035/2271/2241
f 2035/2271/2241 21/2270/2240 20/2272/2242
f 2035/2271/2241 20/2272/2242 2034/2273/2243
f 2034/2273/2243 20/2272/2242 19/2274/2244
f 2034/2273/2243 19/2274/2244 2033/2275/2245
f 2033/2275/2245 19/2274/2244 18/2276/2246
f 2033/2275/2245 18/2276/2246 2032/2277/2247
f 2032/2277/2247 18/2276/2246 17/2278/2248
f 2032/2277/2247 17/2278/2248 2031/2279/2249
f 2031/2279/2249 17/2278/2248 2030/2280/2250
f 2031/2279/2249 2030/2280/2250 1624/2281/2251
f 1624/2281/2251 2030/2280/2250 1625/2282/2252
f 1625/2282/2252 2030/2280/2250 2029/2283/2253
f 1625/2282/2252 2029/2283/2253 2028/2284/2254
f 2028/2284/2254 2029/2283/2253 15/2285/2255
f 2028/2284/2254 15/2285/2255 14/2286/2256
f 17/2278/2248 16/2287/2257 2030/2280/2250
f 2030/2280/2250 16/2287/2257 2029/2283/2253
f 16/2287/2257 15/2285/2255 2029/2283/2253
f 2028/2284/2254 14/2286/2256 2027/2288/2258
f 2027/2288/2258 14/2286/2256 13/2289/2259
f 2027/2288/2258 13/2289/2259 2026/2290/2260
f 2026/2290/2260 13/2289/2259 12/2291/2261
f 2026/2290/2260 12/2291/2261 2025/2292/2262
f 2025/2292/2262 1629/2293/2263 2026/2290/2260
f 2026/2290/2260 1629/2293/2263 1628/2294/2264
f 2026/2290/2260 1628/2294/2264 1627/2295/2265
f 2026/2290/2260 1627/2295/2265 2027/2288/2258
f 2027/2288/2258 1627/2295/2265 1626/2296/2266
f 2027/2288/2258 1626/2296/2266 2028/2284/2254
f 2028/2284/2254 1626/2296/2266 1625/2282/2252
f 2031/2279/2249 1624/2281/2251 2032/2277/2247
f 2032/2277/2247 1624/2281/2251 1623/2297/2267
f 2032/2277/2247 1623/2297/2267 2033/2275/2245
f 2033/2275/2245 1623/2297/2267 1622/2298/2268
f 2033/2275/2245 1622/2298/2268 2034/2273/2243
f 2034/2273/2243 1622/2298/2268 1621/2299/2269
f 2034/2273/2243 1621/2299/2269 2035/2271/2241
f 2035/2271/2241 1621/2299/2269 1620/2300/2270
f 2035/2271/2241 1620/2300/2270 2036/2269/2239
f 2036/2269/2239 1620/2300/2270 1619/2267/2238
f 1017/2301/1124 2045/2302/2271 1018/2303/1125
f 1018/2303/1125 2045/2302/2271 2046/2304/2272
f 1018/2303/1125 2046/2304/2272 2044/2305/2273
f 2044/2305/2273 2046/2304/2272 2043/2306/2274
f 2043/2306/2274 2046/2304/2272 2047/2307/2275
f 2043/2306/2274 2047/2307/2275 2042/2308/2276
f 2042/2308/2276 2047/2307/2275 2041/2309/2277
f 2041/2309/2277 2047/2307/2275 2040/2310/2278
f 2040/2310/2278 2047/2307/2275 2046/2304/2272
f 2040/2310/2278 2046/2304/2272 2039/2311/2279
f 2039/2311/2279 2046/2304/2272 2045/2302/2271
f 2039/2311/2279 2045/2302/2271 2038/2312/2280
f 2038/2312/2280 2045/2302/2271 2037/2313/2281
f 2037/2313/2281 2045/2302/2271 1017/2301/1124
f 1017/2314/1124 1049/2315/1157 2037/2316/2281
f 2037/2316/2281 1049/2315/1157 2048/2317/2282
f 2037/2316/2281 2048/2317/2282 2038/2318/2280
f 2038/2318/2280 2048/2317/2282 2049/2319/2283
f 2038/2318/2280 2049/2319/2283 2039/2320/2279
f 2039/2320/2279 2049/2319/2283 2050/2321/2284
f 2039/2320/2279 2050/2321/2284 2040/2322/2278
f 2040/2322/2278 2050/2321/2284 2051/2323/2285
f 2048/2324/2282 1049/2325/1157 2056/2326/2286
f 2056/2326/2286 1049/2325/1157 1087/2327/1201
f 2056/2326/2286 1087/2327/1201 2052/2328/2287
f 2056/2326/2286 2052/2328/2287 2057/2329/2288
f 2057/2329/2288 2052/2328/2287 2053/2330/2289
f 2057/2329/2288 2053/2330/2289 2054/2331/2290
f 2054/2331/2290 2055/2332/2291 2057/2329/2288
f 2057/2329/2288 2055/2332/2291 2050/2333/2284
f 2057/2329/2288 2050/2333/2284 2049/2334/2283
f 2055/2332/2291 2051/2335/2285 2050/2333/2284
f 2049/2334/2283 2048/2324/2282 2057/2329/2288
f 2057/2329/2288 2048/2324/2282 2056/2326/2286
f 2052/2336/2292 1087/2337/2293 2113/2338/2294
f 2113/2338/2294 1087/2337/2293 1504/2339/2295
f 2113/2338/2294 1504/2339/2295 2117/2340/2296
f 2117/2340/2296 1504/2339/2295 1152/2341/2297
f 2117/2340/2296 1152/2341/2297 2121/2342/2298
f 2121/2342/2298 1152/2341/2297 1151/2343/2299
f 2121/2342/2298 1151/2343/2299 2111/2344/2300
f 2111/2344/2300 1151/2343/2299 1150/2345/2301
f 2111/2344/2300 1150/2345/2301 2134/2346/2302
f 2134/2346/2302 1150/2345/2301 2127/2347/2303
f 2134/2346/2302 2127/2347/2303 2128/2348/2304
f 2128/2348/2304 2127/2347/2303 2136/2349/2305
f 2128/2348/2304 2136/2349/2305 2137/2350/2306
f 2137/2350/2306 2136/2349/2305 2140/2351/2307
f 2137/2350/2306 2140/2351/2307 2141/2352/2308
f 2141/2352/2308 2140/2351/2307 2109/2353/2309
f 2141/2352/2308 2109/2353/2309 2087/2354/2310
f 2087/2354/2310 2109/2353/2309 2086/2355/2311
f 2086/2355/2311 2109/2353/2309 2149/2356/2312
f 2086/2355/2311 2149/2356/2312 2148/2357/2313
f 2148/2357/2313 2149/2356/2312 2150/2358/2314
f 2148/2357/2313 2150/2358/2314 2147/2359/2315
f 2147/2359/2315 2150/2358/2314 2151/2360/2316
f 2147/2359/2315 2151/2360/2316 2146/2361/2317
f 2146/2361/2317 2151/2360/2316 2108/2362/2318
f 2146/2361/2317 2108/2362/2318 2145/2363/2319
f 2145/2363/2319 2108/2362/2318 1146/2364/2320
f 2145/2363/2319 1146/2364/2320 1145/2365/2321
f 1150/2345/2301 1149/2366/2322 2127/2347/2303
f 2127/2347/2303 1149/2366/2322 2135/2367/2323
f 2127/2347/2303 2135/2367/2323 2136/2349/2305
f 2136/2349/2305 2135/2367/2323 2139/2368/2324
f 2136/2349/2305 2139/2368/2324 2140/2351/2307
f 2140/2351/2307 2139/2368/2324 2144/2369/2325
f 2140/2351/2307 2144/2369/2325 2109/2353/2309
f 2109/2353/2309 2144/2369/2325 2149/2356/2312
f 1149/2366/2322 1148/2370/2326 2135/2367/2323
f 2135/2367/2323 1148/2370/2326 2138/2371/2327
f 2135/2367/2323 2138/2371/2327 2139/2368/2324
f 2139/2368/2324 2138/2371/2327 2143/2372/2328
f 2139/2368/2324 2143/2372/2328 2144/2369/2325
f 2144/2369/2325 2143/2372/2328 2150/2358/2314
f 2144/2369/2325 2150/2358/2314 2149/2356/2312
f 1148/2370/2326 1147/2373/2329 2138/2371/2327
f 2138/2371/2327 1147/2373/2329 2142/2374/2330
f 2138/2371/2327 2142/2374/2330 2143/2372/2328
f 2143/2372/2328 2142/2374/2330 2151/2360/2316
f 2143/2372/2328 2151/2360/2316 2150/2358/2314
f 2142/2374/2330 1147/2373/2329 2108/2362/2318
f 2108/2362/2318 1147/2373/2329 1146/2364/2320
f 2145/2363/2319 1145/2365/2321 2152/2375/2331
f 2152/2375/2331 1145/2365/2321 1144/2376/2332
f 2152/2375/2331 1144/2376/2332 2106/2377/2333
f 2106/2377/2333 1144/2376/2332 1143/2378/2334
f 2106/2377/2333 1143/2378/2334 2165/2379/2335
f 2165/2379/2335 1143/2378/2334 2159/2380/2336
f 2165/2379/2335 2159/2380/2336 2160/2381/2337
f 2160/2381/2337 2159/2380/2336 2167/2382/2338
f 2160/2381/2337 2167/2382/2338 2168/2383/2339
f 2168/2383/2339 2167/2382/2338 2172/2384/2340
f 2168/2383/2339 2172/2384/2340 2105/2385/2341
f 2105/2385/2341 2172/2384/2340 2175/2386/2342
f 2105/2385/2341 2175/2386/2342 2081/2387/2343
f 2081/2387/2343 2175/2386/2342 2080/2388/2344
f 2080/2388/2344 2175/2386/2342 2104/2389/2345
f 2080/2388/2344 2104/2389/2345 2079/2390/2346
f 2079/2390/2346 2104/2389/2345 2179/2391/2347
f 2079/2390/2346 2179/2391/2347 2186/2392/2348
f 2186/2392/2348 2179/2391/2347 2178/2393/2349
f 2186/2392/2348 2178/2393/2349 2185/2394/2350
f 2185/2394/2350 2178/2393/2349 2177/2395/2351
f 2185/2394/2350 2177/2395/2351 2184/2396/2352
f 2184/2396/2352 2177/2395/2351 2176/2397/2353
f 2184/2396/2352 2176/2397/2353 2183/2398/2354
f 2183/2398/2354 2176/2397/2353 1138/2399/2355
f 2183/2398/2354 1138/2399/2355 1137/2400/2356
f 1143/2378/2334 1142/2401/2357 2159/2380/2336
f 2159/2380/2336 1142/2401/2357 2166/2402/2358
f 2159/2380/2336 2166/2402/2358 2167/2382/2338
f 2167/2382/2338 2166/2402/2358 2171/2403/2359
f 2167/2382/2338 2171/2403/2359 2172/2384/2340
f 2172/2384/2340 2171/2403/2359 2174/2404/2360
f 2172/2384/2340 2174/2404/2360 2175/2386/2342
f 2175/2386/2342 2174/2404/2360 2104/2389/2345
f 1142/2401/2357 1141/2405/2361 2166/2402/2358
f 2166/2402/2358 1141/2405/2361 2170/2406/2362
f 2166/2402/2358 2170/2406/2362 2171/2403/2359
f 2171/2403/2359 2170/2406/2362 2173/2407/2363
f 2171/2403/2359 2173/2407/2363 2174/2404/2360
f 2174/2404/2360 2173/2407/2363 2180/2408/2364
f 2174/2404/2360 2180/2408/2364 2104/2389/2345
f 2104/2389/2345 2180/2408/2364 2179/2391/2347
f 1141/2405/2361 1140/2409/2365 2170/2406/2362
f 2170/2406/2362 1140/2409/2365 2103/2410/2366
f 2170/2406/2362 2103/2410/2366 2173/2407/2363
f 2173/2407/2363 2103/2410/2366 2181/2411/2367
f 2173/2407/2363 2181/2411/2367 2180/2408/2364
f 2180/2408/2364 2181/2411/2367 2178/2393/2349
f 2180/2408/2364 2178/2393/2349 2179/2391/2347
f 1140/2409/2365 1139/2412/2368 2103/2410/2366
f 2103/2410/2366 1139/2412/2368 2182/2413/2369
f 2103/2410/2366 2182/2413/2369 2181/2411/2367
f 2181/2411/2367 2182/2413/2369 2177/2395/2351
f 2181/2411/2367 2177/2395/2351 2178/2393/2349
f 2182/2413/2369 1139/2412/2368 2176/2397/2353
f 2176/2397/2353 1139/2412/2368 1138/2399/2355
f 2183/2398/2354 1137/2400/2356 2187/2414/2370
f 2187/2414/2370 1137/2400/2356 1136/2415/2371
f 2187/2414/2370 1136/2415/2371 1135/2416/2372
f 2187/2414/2370 1135/2416/2372 2191/2417/2373
f 2191/2417/2373 1135/2416/2372 1134/2418/2374
f 2191/2417/2373 1134/2418/2374 2195/2419/2375
f 2195/2419/2375 1134/2418/2374 1133/2420/2376
f 2195/2419/2375 1133/2420/2376 2199/2421/2377
f 2199/2421/2377 1133/2420/2376 2101/2422/2378
f 2199/2421/2377 2101/2422/2378 2204/2423/2379
f 2204/2423/2379 2101/2422/2378 2206/2424/2380
f 2204/2423/2379 2206/2424/2380 2207/2425/2381
f 2207/2425/2381 2206/2424/2380 2211/2426/2382
f 2207/2425/2381 2211/2426/2382 2100/2427/2383
f 2100/2427/2383 2211/2426/2382 2215/2428/2384
f 2100/2427/2383 2215/2428/2384 2072/2429/2385
f 2072/2429/2385 2215/2428/2384 2071/2430/2386
f 2071/2430/2386 2215/2428/2384 2099/2431/2387
f 2071/2430/2386 2099/2431/2387 2070/2432/2388
f 2070/2432/2388 2099/2431/2387 2219/2433/2389
f 2070/2432/2388 2219/2433/2389 2225/2434/2390
f 2225/2434/2390 2219/2433/2389 2220/2435/2391
f 2225/2434/2390 2220/2435/2391 2224/2436/2392
f 2224/2436/2392 2220/2435/2391 2221/2437/2393
f 2224/2436/2392 2221/2437/2393 2223/2438/2394
f 2223/2438/2394 2221/2437/2393 2098/2439/2395
f 2223/2438/2394 2098/2439/2395 2222/2440/2396
f 2222/2440/2396 2098/2439/2395 1128/2441/2397
f 2222/2440/2396 1128/2441/2397 1127/2442/2398
f 1133/2420/2376 1132/2443/2399 2101/2422/2378
f 2101/2422/2378 1132/2443/2399 2205/2444/2400
f 2101/2422/2378 2205/2444/2400 2206/2424/2380
f 2206/2424/2380 2205/2444/2400 2210/2445/2401
f 2206/2424/2380 2210/2445/2401 2211/2426/2382
f 2211/2426/2382 2210/2445/2401 2214/2446/2402
f 2211/2426/2382 2214/2446/2402 2215/2428/2384
f 2215/2428/2384 2214/2446/2402 2099/2431/2387
f 1132/2443/2399 1131/2447/2403 2205/2444/2400
f 2205/2444/2400 1131/2447/2403 2209/2448/2404
f 2205/2444/2400 2209/2448/2404 2210/2445/2401
f 2210/2445/2401 2209/2448/2404 2213/2449/2405
f 2210/2445/2401 2213/2449/2405 2214/2446/2402
f 2214/2446/2402 2213/2449/2405 2218/2450/2406
f 2214/2446/2402 2218/2450/2406 2099/2431/2387
f 2099/2431/2387 2218/2450/2406 2219/2433/2389
f 1131/2447/2403 1130/2451/2407 2209/2448/2404
f 2209/2448/2404 1130/2451/2407 2212/2452/2408
f 2209/2448/2404 2212/2452/2408 2213/2449/2405
f 2213/2449/2405 2212/2452/2408 2217/2453/2409
f 2213/2449/2405 2217/2453/2409 2218/2450/2406
f 2218/2450/2406 2217/2453/2409 2220/2435/2391
f 2218/2450/2406 2220/2435/2391 2219/2433/2389
f 1130/2451/2407 1129/2454/2410 2212/2452/2408
f 2212/2452/2408 1129/2454/2410 2216/2455/2411
f 2212/2452/2408 2216/2455/2411 2217/2453/2409
f 2217/2453/2409 2216/2455/2411 2221/2437/2393
f 2217/2453/2409 2221/2437/2393 2220/2435/2391
f 2216/2455/2411 1129/2454/2410 2098/2439/2395
f 2098/2439/2395 1129/2454/2410 1128/2441/2397
f 2222/2440/2396 1127/2442/2398 2226/2456/2412
f 2226/2456/2412 1127/2442/2398 1126/2457/2413
f 2226/2456/2412 1126/2457/2413 2096/2458/2414
f 2096/2458/2414 1126/2457/2413 1125/2459/2415
f 2096/2458/2414 1125/2459/2415 2235/2460/2416
f 2235/2460/2416 1125/2459/2415 2236/2461/2417
f 2235/2460/2416 2236/2461/2417 2237/2462/2418
f 2237/2462/2418 2236/2461/2417 2241/2463/2419
f 2237/2462/2418 2241/2463/2419 2242/2464/2420
f 2242/2464/2420 2241/2463/2419 2246/2465/2421
f 2242/2464/2420 2246/2465/2421 2095/2466/2422
f 2095/2466/2422 2246/2465/2421 2250/2467/2423
f 2095/2466/2422 2250/2467/2423 2065/2468/2424
f 2065/2468/2424 2250/2467/2423 2064/2469/2425
f 2064/2469/2425 2250/2467/2423 2094/2470/2426
f 2064/2469/2425 2094/2470/2426 2063/2471/2427
f 2063/2471/2427 2094/2470/2426 2256/2472/2428
f 2063/2471/2427 2256/2472/2428 2260/2473/2429
f 2260/2473/2429 2256/2472/2428 2255/2474/2430
f 2260/2473/2429 2255/2474/2430 2259/2475/2431
f 2259/2475/2431 2255/2474/2430 2254/2476/2432
f 2259/2475/2431 2254/2476/2432 2258/2477/2433
f 2258/2477/2433 2254/2476/2432 2253/2478/2434
f 2258/2477/2433 2253/2478/2434 2257/2479/2435
f 2257/2479/2435 2253/2478/2434 1120/2480/2436
f 2257/2479/2435 1120/2480/2436 1607/2481/2437
f 1125/2459/2415 1124/2482/2438 2236/2461/2417
f 2236/2461/2417 1124/2482/2438 2240/2483/2439
f 2236/2461/2417 2240/2483/2439 2241/2463/2419
f 2241/2463/2419 2240/2483/2439 2245/2484/2440
f 2241/2463/2419 2245/2484/2440 2246/2465/2421
f 2246/2465/2421 2245/2484/2440 2249/2485/2441
f 2246/2465/2421 2249/2485/2441 2250/2467/2423
f 2250/2467/2423 2249/2485/2441 2094/2470/2426
f 1124/2482/2438 1123/2486/2442 2240/2483/2439
f 2240/2483/2439 1123/2486/2442 2244/2487/2443
f 2240/2483/2439 2244/2487/2443 2245/2484/2440
f 2245/2484/2440 2244/2487/2443 2248/2488/2444
f 2245/2484/2440 2248/2488/2444 2249/2485/2441
f 2249/2485/2441 2248/2488/2444 2251/2489/2445
f 2249/2485/2441 2251/2489/2445 2094/2470/2426
f 2094/2470/2426 2251/2489/2445 2256/2472/2428
f 1123/2486/2442 1122/2490/2446 2244/2487/2443
f 2244/2487/2443 1122/2490/2446 2247/2491/2447
f 2244/2487/2443 2247/2491/2447 2248/2488/2444
f 2248/2488/2444 2247/2491/2447 2252/2492/2448
f 2248/2488/2444 2252/2492/2448 2251/2489/2445
f 2251/2489/2445 2252/2492/2448 2255/2474/2430
f 2251/2489/2445 2255/2474/2430 2256/2472/2428
f 2247/2491/2447 1122/2490/2446 2093/2493/2449
f 2093/2493/2449 1122/2490/2446 1121/2494/2450
f 2093/2493/2449 1121/2494/2450 2253/2478/2434
f 2253/2478/2434 1121/2494/2450 1120/2480/2436
f 2257/2479/2435 1607/2481/2437 2261/2495/2451
f 2261/2495/2451 1607/2481/2437 1527/2496/2452
f 2261/2495/2451 1527/2496/2452 2058/2497/2453
f 2058/2497/2453 2059/2498/2454 2261/2495/2451
f 2261/2495/2451 2059/2498/2454 2262/2499/2455
f 2261/2495/2451 2262/2499/2455 2257/2479/2435
f 2257/2479/2435 2262/2499/2455 2258/2477/2433
f 2059/2498/2454 2060/2500/2456 2262/2499/2455
f 2262/2499/2455 2060/2500/2456 2263/2501/2457
f 2262/2499/2455 2263/2501/2457 2258/2477/2433
f 2258/2477/2433 2263/2501/2457 2259/2475/2431
f 2060/2500/2456 2061/2502/2458 2263/2501/2457
f 2263/2501/2457 2061/2502/2458 2264/2503/2459
f 2263/2501/2457 2264/2503/2459 2259/2475/2431
f 2259/2475/2431 2264/2503/2459 2260/2473/2429
f 2061/2502/2458 2062/2504/2460 2264/2503/2459
f 2264/2503/2459 2062/2504/2460 2260/2473/2429
f 2062/2504/2460 2063/2471/2427 2260/2473/2429
f 2065/2468/2424 2066/2505/2461 2095/2466/2422
f 2095/2466/2422 2066/2505/2461 2243/2506/2462
f 2095/2466/2422 2243/2506/2462 2242/2464/2420
f 2242/2464/2420 2243/2506/2462 2238/2507/2463
f 2242/2464/2420 2238/2507/2463 2237/2462/2418
f 2237/2462/2418 2238/2507/2463 2234/2508/2464
f 2237/2462/2418 2234/2508/2464 2235/2460/2416
f 2235/2460/2416 2234/2508/2464 2096/2458/2414
f 2243/2506/2462 2066/2505/2461 2239/2509/2465
f 2239/2509/2465 2066/2505/2461 2067/2510/2466
f 2239/2509/2465 2067/2510/2466 2097/2511/2467
f 2097/2511/2467 2067/2510/2466 2068/2512/2468
f 2097/2511/2467 2068/2512/2468 2232/2513/2469
f 2232/2513/2469 2068/2512/2468 2229/2514/2470
f 2232/2513/2469 2229/2514/2470 2228/2515/2471
f 2228/2515/2471 2229/2514/2470 2224/2436/2392
f 2228/2515/2471 2224/2436/2392 2223/2438/2394
f 2068/2512/2468 2069/2516/2472 2229/2514/2470
f 2229/2514/2470 2069/2516/2472 2225/2434/2390
f 2229/2514/2470 2225/2434/2390 2224/2436/2392
f 2069/2516/2472 2070/2432/2388 2225/2434/2390
f 2072/2429/2385 2073/2517/2473 2100/2427/2383
f 2100/2427/2383 2073/2517/2473 2208/2518/2474
f 2100/2427/2383 2208/2518/2474 2207/2425/2381
f 2207/2425/2381 2208/2518/2474 2203/2519/2475
f 2207/2425/2381 2203/2519/2475 2204/2423/2379
f 2204/2423/2379 2203/2519/2475 2200/2520/2476
f 2204/2423/2379 2200/2520/2476 2199/2421/2377
f 2199/2421/2377 2200/2520/2476 2195/2419/2375
f 2208/2518/2474 2073/2517/2473 2202/2521/2477
f 2202/2521/2477 2073/2517/2473 2074/2522/2478
f 2202/2521/2477 2074/2522/2478 2102/2523/2479
f 2102/2523/2479 2074/2522/2478 2075/2524/2480
f 2102/2523/2479 2075/2524/2480 2198/2525/2481
f 2198/2525/2481 2075/2524/2480 2194/2526/2482
f 2198/2525/2481 2194/2526/2482 2193/2527/2483
f 2193/2527/2483 2194/2526/2482 2189/2528/2484
f 2193/2527/2483 2189/2528/2484 2188/2529/2485
f 2188/2529/2485 2189/2528/2484 2184/2396/2352
f 2188/2529/2485 2184/2396/2352 2183/2398/2354
f 2075/2524/2480 2076/2530/2486 2194/2526/2482
f 2194/2526/2482 2076/2530/2486 2190/2531/2487
f 2194/2526/2482 2190/2531/2487 2189/2528/2484
f 2189/2528/2484 2190/2531/2487 2185/2394/2350
f 2189/2528/2484 2185/2394/2350 2184/2396/2352
f 2076/2530/2486 2077/2532/2488 2190/2531/2487
f 2190/2531/2487 2077/2532/2488 2078/2533/2489
f 2190/2531/2487 2078/2533/2489 2186/2392/2348
f 2186/2392/2348 2078/2533/2489 2079/2390/2346
f 2081/2387/2343 2082/2534/2490 2105/2385/2341
f 2105/2385/2341 2082/2534/2490 2169/2535/2491
f 2105/2385/2341 2169/2535/2491 2168/2383/2339
f 2168/2383/2339 2169/2535/2491 2161/2536/2492
f 2168/2383/2339 2161/2536/2492 2160/2381/2337
f 2160/2381/2337 2161/2536/2492 2164/2537/2493
f 2160/2381/2337 2164/2537/2493 2165/2379/2335
f 2165/2379/2335 2164/2537/2493 2106/2377/2333
f 2169/2535/2491 2082/2534/2490 2162/2538/2494
f 2162/2538/2494 2082/2534/2490 2083/2539/2495
f 2162/2538/2494 2083/2539/2495 2107/2540/2496
f 2107/2540/2496 2083/2539/2495 2084/2541/2497
f 2107/2540/2496 2084/2541/2497 2158/2542/2498
f 2158/2542/2498 2084/2541/2497 2155/2543/2499
f 2158/2542/2498 2155/2543/2499 2154/2544/2500
f 2154/2544/2500 2155/2543/2499 2147/2359/2315
f 2154/2544/2500 2147/2359/2315 2146/2361/2317
f 2084/2541/2497 2085/2545/2501 2155/2543/2499
f 2155/2543/2499 2085/2545/2501 2148/2357/2313
f 2155/2543/2499 2148/2357/2313 2147/2359/2315
f 2085/2545/2501 2086/2355/2311 2148/2357/2313
f 2087/2354/2310 2088/2546/2502 2141/2352/2308
f 2141/2352/2308 2088/2546/2502 2110/2547/2503
f 2141/2352/2308 2110/2547/2503 2137/2350/2306
f 2137/2350/2306 2110/2547/2503 2129/2548/2504
f 2137/2350/2306 2129/2548/2504 2128/2348/2304
f 2128/2348/2304 2129/2548/2504 2133/2549/2505
f 2128/2348/2304 2133/2549/2505 2134/2346/2302
f 2134/2346/2302 2133/2549/2505 2111/2344/2300
f 2088/2546/2502 2089/2550/2506 2110/2547/2503
f 2110/2547/2503 2089/2550/2506 2130/2551/2507
f 2110/2547/2503 2130/2551/2507 2129/2548/2504
f 2129/2548/2504 2130/2551/2507 2132/2552/2508
f 2129/2548/2504 2132/2552/2508 2133/2549/2505
f 2133/2549/2505 2132/2552/2508 2125/2553/2509
f 2133/2549/2505 2125/2553/2509 2111/2344/2300
f 2111/2344/2300 2125/2553/2509 2121/2342/2298
f 2130/2551/2507 2089/2550/2506 2131/2554/2510
f 2131/2554/2510 2089/2550/2506 2090/2555/2511
f 2131/2554/2510 2090/2555/2511 2112/2556/2512
f 2112/2556/2512 2090/2555/2511 2091/2557/2513
f 2112/2556/2512 2091/2557/2513 2124/2558/2514
f 2124/2558/2514 2091/2557/2513 2120/2559/2515
f 2124/2558/2514 2120/2559/2515 2119/2560/2516
f 2119/2560/2516 2120/2559/2515 2115/2561/2517
f 2119/2560/2516 2115/2561/2517 2114/2562/2518
f 2114/2562/2518 2115/2561/2517 2053/2563/2519
f 2114/2562/2518 2053/2563/2519 2052/2336/2292
f 2091/2557/2513 2092/2564/2520 2120/2559/2515
f 2120/2559/2515 2092/2564/2520 2116/2565/2521
f 2120/2559/2515 2116/2565/2521 2115/2561/2517
f 2115/2561/2517 2116/2565/2521 2054/2566/2522
f 2115/2561/2517 2054/2566/2522 2053/2563/2519
f 2092/2564/2520 2055/2567/2523 2116/2565/2521
f 2116/2565/2521 2055/2567/2523 2054/2566/2522
f 2114/2562/2518 2052/2336/2292 2113/2338/2294
f 2114/2562/2518 2113/2338/2294 2118/2568/2524
f 2118/2568/2524 2113/2338/2294 2117/2340/2296
f 2118/2568/2524 2117/2340/2296 2122/2569/2525
f 2122/2569/2525 2117/2340/2296 2121/2342/2298
f 2122/2569/2525 2121/2342/2298 2125/2553/2509
f 2114/2562/2518 2118/2568/2524 2119/2560/2516
f 2119/2560/2516 2118/2568/2524 2123/2570/2526
f 2119/2560/2516 2123/2570/2526 2124/2558/2514
f 2124/2558/2514 2123/2570/2526 2112/2556/2512
f 2123/2570/2526 2118/2568/2524 2122/2569/2525
f 2123/2570/2526 2122/2569/2525 2126/2571/2527
f 2126/2571/2527 2122/2569/2525 2125/2553/2509
f 2126/2571/2527 2125/2553/2509 2132/2552/2508
f 2131/2554/2510 2112/2556/2512 2126/2571/2527
f 2126/2571/2527 2112/2556/2512 2123/2570/2526
f 2131/2554/2510 2126/2571/2527 2132/2552/2508
f 2131/2554/2510 2132/2552/2508 2130/2551/2507
f 2108/2362/2318 2151/2360/2316 2142/2374/2330
f 2146/2361/2317 2145/2363/2319 2153/2572/2528
f 2153/2572/2528 2145/2363/2319 2152/2375/2331
f 2153/2572/2528 2152/2375/2331 2156/2573/2529
f 2156/2573/2529 2152/2375/2331 2106/2377/2333
f 2156/2573/2529 2106/2377/2333 2164/2537/2493
f 2146/2361/2317 2153/2572/2528 2154/2544/2500
f 2154/2544/2500 2153/2572/2528 2157/2574/2530
f 2154/2544/2500 2157/2574/2530 2158/2542/2498
f 2158/2542/2498 2157/2574/2530 2107/2540/2496
f 2157/2574/2530 2153/2572/2528 2156/2573/2529
f 2157/2574/2530 2156/2573/2529 2163/2575/2531
f 2163/2575/2531 2156/2573/2529 2164/2537/2493
f 2163/2575/2531 2164/2537/2493 2161/2536/2492
f 2161/2536/2492 2162/2538/2494 2163/2575/2531
f 2163/2575/2531 2162/2538/2494 2107/2540/2496
f 2163/2575/2531 2107/2540/2496 2157/2574/2530
f 2162/2538/2494 2161/2536/2492 2169/2535/2491
f 2176/2397/2353 2177/2395/2351 2182/2413/2369
f 2190/2531/2487 2186/2392/2348 2185/2394/2350
f 2183/2398/2354 2187/2414/2370 2188/2529/2485
f 2188/2529/2485 2187/2414/2370 2192/2576/2532
f 2188/2529/2485 2192/2576/2532 2193/2527/2483
f 2193/2527/2483 2192/2576/2532 2197/2577/2533
f 2193/2527/2483 2197/2577/2533 2198/2525/2481
f 2198/2525/2481 2197/2577/2533 2102/2523/2479
f 2187/2414/2370 2191/2417/2373 2192/2576/2532
f 2192/2576/2532 2191/2417/2373 2196/2578/2534
f 2192/2576/2532 2196/2578/2534 2197/2577/2533
f 2197/2577/2533 2196/2578/2534 2201/2579/2535
f 2197/2577/2533 2201/2579/2535 2102/2523/2479
f 2102/2523/2479 2201/2579/2535 2202/2521/2477
f 2191/2417/2373 2195/2419/2375 2196/2578/2534
f 2196/2578/2534 2195/2419/2375 2200/2520/2476
f 2196/2578/2534 2200/2520/2476 2201/2579/2535
f 2201/2579/2535 2200/2520/2476 2203/2519/2475
f 2201/2579/2535 2203/2519/2475 2202/2521/2477
f 2202/2521/2477 2203/2519/2475 2208/2518/2474
f 2098/2439/2395 2221/2437/2393 2216/2455/2411
f 2223/2438/2394 2222/2440/2396 2227/2580/2536
f 2227/2580/2536 2222/2440/2396 2226/2456/2412
f 2227/2580/2536 2226/2456/2412 2230/2581/2537
f 2230/2581/2537 2226/2456/2412 2096/2458/2414
f 2230/2581/2537 2096/2458/2414 2234/2508/2464
f 2223/2438/2394 2227/2580/2536 2228/2515/2471
f 2228/2515/2471 2227/2580/2536 2231/2582/2538
f 2228/2515/2471 2231/2582/2538 2232/2513/2469
f 2232/2513/2469 2231/2582/2538 2097/2511/2467
f 2231/2582/2538 2227/2580/2536 2230/2581/2537
f 2231/2582/2538 2230/2581/2537 2233/2583/2539
f 2233/2583/2539 2230/2581/2537 2234/2508/2464
f 2233/2583/2539 2234/2508/2464 2238/2507/2463
f 2097/2511/2467 2233/2583/2539 2239/2509/2465
f 2239/2509/2465 2233/2583/2539 2238/2507/2463
f 2239/2509/2465 2238/2507/2463 2243/2506/2462
f 2233/2583/2539 2097/2511/2467 2231/2582/2538
f 2254/2476/2432 2255/2474/2430 2252/2492/2448
f 2253/2478/2434 2254/2476/2432 2093/2493/2449
f 2093/2493/2449 2254/2476/2432 2252/2492/2448
f 2093/2493/2449 2252/2492/2448 2247/2491/2447
f 1526/2584/1692 2269/2585/2540 1527/2586/1693
f 1527/2586/1693 2269/2585/2540 2270/2587/2541
f 1527/2586/1693 2270/2587/2541 2058/2588/2542
f 2058/2588/2542 2270/2587/2541 2059/2589/2543
f 2059/2589/2543 2270/2587/2541 2271/2590/2544
f 2059/2589/2543 2271/2590/2544 2060/2591/2545
f 2060/2591/2545 2271/2590/2544 2061/2592/2546
f 2061/2592/2546 2271/2590/2544 2268/2593/2547
f 2268/2593/2547 2271/2590/2544 2270/2587/2541
f 2268/2593/2547 2270/2587/2541 2267/2594/2548
f 2267/2594/2548 2270/2587/2541 2269/2585/2540
f 2267/2594/2548 2269/2585/2540 2266/2595/2549
f 2266/2595/2549 2269/2585/2540 2265/2596/2550
f 2265/2596/2550 2269/2585/2540 1526/2584/1692
f 1558/2597/1725 2272/2598/2551 1526/2599/1692
f 1526/2599/1692 2272/2598/2551 2265/2600/2550
f 2265/2600/2550 2272/2598/2551 2273/2601/2552
f 2265/2600/2550 2273/2601/2552 2266/2602/2549
f 2266/2602/2549 2273/2601/2552 2274/2603/2553
f 2266/2602/2549 2274/2603/2553 2267/2604/2548
f 2267/2604/2548 2274/2603/2553 2275/2605/2554
f 2267/2604/2548 2275/2605/2554 2268/2606/2547
f 2272/2607/2551 1558/2608/1725 2280/2609/2555
f 2280/2609/2555 1558/2608/1725 1596/2610/1769
f 2280/2609/2555 1596/2610/1769 2276/2611/2556
f 2280/2609/2555 2276/2611/2556 2281/2612/2557
f 2281/2612/2557 2276/2611/2556 2277/2613/2558
f 2281/2612/2557 2277/2613/2558 2278/2614/2559
f 2278/2614/2559 2279/2615/2560 2281/2612/2557
f 2281/2612/2557 2279/2615/2560 2274/2616/2553
f 2281/2612/2557 2274/2616/2553 2273/2617/2552
f 2279/2615/2560 2275/2618/2554 2274/2616/2553
f 2273/2617/2552 2272/2607/2551 2281/2612/2557
f 2281/2612/2557 2272/2607/2551 2280/2609/2555
f 2276/2619/2561 1596/2620/2562 2337/2621/2563
f 2337/2621/2563 1596/2620/2562 2013/2622/2564
f 2337/2621/2563 2013/2622/2564 2341/2623/2565
f 2341/2623/2565 2013/2622/2564 1661/2624/2566
f 2341/2623/2565 1661/2624/2566 2345/2625/2567
f 2345/2625/2567 1661/2624/2566 1660/2626/2568
f 2345/2625/2567 1660/2626/2568 2335/2627/2569
f 2335/2627/2569 1660/2626/2568 1659/2628/2570
f 2335/2627/2569 1659/2628/2570 2358/2629/2571
f 2358/2629/2571 1659/2628/2570 2351/2630/2572
f 2358/2629/2571 2351/2630/2572 2352/2631/2573
f 2352/2631/2573 2351/2630/2572 2360/2632/2574
f 2352/2631/2573 2360/2632/2574 2361/2633/2575
f 2361/2633/2575 2360/2632/2574 2364/2634/2576
f 2361/2633/2575 2364/2634/2576 2365/2635/2577
f 2365/2635/2577 2364/2634/2576 2333/2636/2578
f 2365/2635/2577 2333/2636/2578 2311/2637/2579
f 2311/2637/2579 2333/2636/2578 2310/2638/2580
f 2310/2638/2580 2333/2636/2578 2373/2639/2581
f 2310/2638/2580 2373/2639/2581 2372/2640/2582
f 2372/2640/2582 2373/2639/2581 2374/2641/2583
f 2372/2640/2582 2374/2641/2583 2371/2642/2584
f 2371/2642/2584 2374/2641/2583 2375/2643/2585
f 2371/2642/2584 2375/2643/2585 2370/2644/2586
f 2370/2644/2586 2375/2643/2585 2332/2645/2587
f 2370/2644/2586 2332/2645/2587 2369/2646/2588
f 2369/2646/2588 2332/2645/2587 1655/2647/2589
f 2369/2646/2588 1655/2647/2589 1654/2648/2590
f 1659/2628/2570 1658/2649/2591 2351/2630/2572
f 2351/2630/2572 1658/2649/2591 2359/2650/2592
f 2351/2630/2572 2359/2650/2592 2360/2632/2574
f 2360/2632/2574 2359/2650/2592 2363/2651/2593
f 2360/2632/2574 2363/2651/2593 2364/2634/2576
f 2364/2634/2576 2363/2651/2593 2368/2652/2594
f 2364/2634/2576 2368/2652/2594 2333/2636/2578
f 2333/2636/2578 2368/2652/2594 2373/2639/2581
f 1658/2649/2591 1657/2653/2595 2359/2650/2592
f 2359/2650/2592 1657/2653/2595 2362/2654/2596
f 2359/2650/2592 2362/2654/2596 2363/2651/2593
f 2363/2651/2593 2362/2654/2596 2367/2655/2597
f 2363/2651/2593 2367/2655/2597 2368/2652/2594
f 2368/2652/2594 2367/2655/2597 2374/2641/2583
f 2368/2652/2594 2374/2641/2583 2373/2639/2581
f 1657/2653/2595 1656/2656/2598 2362/2654/2596
f 2362/2654/2596 1656/2656/2598 2366/2657/2599
f 2362/2654/2596 2366/2657/2599 2367/2655/2597
f 2367/2655/2597 2366/2657/2599 2375/2643/2585
f 2367/2655/2597 2375/2643/2585 2374/2641/2583
f 2366/2657/2599 1656/2656/2598 2332/2645/2587
f 2332/2645/2587 1656/2656/2598 1655/2647/2589
f 2369/2646/2588 1654/2648/2590 2376/2658/2600
f 2376/2658/2600 1654/2648/2590 1653/2659/2601
f 2376/2658/2600 1653/2659/2601 2330/2660/2602
f 2330/2660/2602 1653/2659/2601 1652/2661/2603
f 2330/2660/2602 1652/2661/2603 2389/2662/2604
f 2389/2662/2604 1652/2661/2603 2383/2663/2605
f 2389/2662/2604 2383/2663/2605 2384/2664/2606
f 2384/2664/2606 2383/2663/2605 2391/2665/2607
f 2384/2664/2606 2391/2665/2607 2392/2666/2608
f 2392/2666/2608 2391/2665/2607 2396/2667/2609
f 2392/2666/2608 2396/2667/2609 2329/2668/2610
f 2329/2668/2610 2396/2667/2609 2399/2669/2611
f 2329/2668/2610 2399/2669/2611 2305/2670/2612
f 2305/2670/2612 2399/2669/2611 2304/2671/2613
f 2304/2671/2613 2399/2669/2611 2328/2672/2614
f 2304/2671/2613 2328/2672/2614 2303/2673/2615
f 2303/2673/2615 2328/2672/2614 2403/2674/2616
f 2303/2673/2615 2403/2674/2616 2410/2675/2617
f 2410/2675/2617 2403/2674/2616 2402/2676/2618
f 2410/2675/2617 2402/2676/2618 2409/2677/2619
f 2409/2677/2619 2402/2676/2618 2401/2678/2620
f 2409/2677/2619 2401/2678/2620 2408/2679/2621
f 2408/2679/2621 2401/2678/2620 2400/2680/2622
f 2408/2679/2621 2400/2680/2622 2407/2681/2623
f 2407/2681/2623 2400/2680/2622 1647/2682/2624
f 2407/2681/2623 1647/2682/2624 1646/2683/2625
f 1652/2661/2603 1651/2684/2626 2383/2663/2605
f 2383/2663/2605 1651/2684/2626 2390/2685/2627
f 2383/2663/2605 2390/2685/2627 2391/2665/2607
f 2391/2665/2607 2390/2685/2627 2395/2686/2628
f 2391/2665/2607 2395/2686/2628 2396/2667/2609
f 2396/2667/2609 2395/2686/2628 2398/2687/2629
f 2396/2667/2609 2398/2687/2629 2399/2669/2611
f 2399/2669/2611 2398/2687/2629 2328/2672/2614
f 1651/2684/2626 1650/2688/2630 2390/2685/2627
f 2390/2685/2627 1650/2688/2630 2394/2689/2631
f 2390/2685/2627 2394/2689/2631 2395/2686/2628
f 2395/2686/2628 2394/2689/2631 2397/2690/2632
f 2395/2686/2628 2397/2690/2632 2398/2687/2629
f 2398/2687/2629 2397/2690/2632 2404/2691/2633
f 2398/2687/2629 2404/2691/2633 2328/2672/2614
f 2328/2672/2614 2404/2691/2633 2403/2674/2616
f 1650/2688/2630 1649/2692/2634 2394/2689/2631
f 2394/2689/2631 1649/2692/2634 2327/2693/2635
f 2394/2689/2631 2327/2693/2635 2397/2690/2632
f 2397/2690/2632 2327/2693/2635 2405/2694/2636
f 2397/2690/2632 2405/2694/2636 2404/2691/2633
f 2404/2691/2633 2405/2694/2636 2402/2676/2618
f 2404/2691/2633 2402/2676/2618 2403/2674/2616
f 1649/2692/2634 1648/2695/2637 2327/2693/2635
f 2327/2693/2635 1648/2695/2637 2406/2696/2638
f 2327/2693/2635 2406/2696/2638 2405/2694/2636
f 2405/2694/2636 2406/2696/2638 2401/2678/2620
f 2405/2694/2636 2401/2678/2620 2402/2676/2618
f 2406/2696/2638 1648/2695/2637 2400/2680/2622
f 2400/2680/2622 1648/2695/2637 1647/2682/2624
f 2407/2681/2623 1646/2683/2625 2411/2697/2639
f 2411/2697/2639 1646/2683/2625 1645/2698/2640
f 2411/2697/2639 1645/2698/2640 1644/2699/2641
f 2411/2697/2639 1644/2699/2641 2415/2700/2642
f 2415/2700/2642 1644/2699/2641 1643/2701/2643
f 2415/2700/2642 1643/2701/2643 2419/2702/2644
f 2419/2702/2644 1643/2701/2643 1642/2703/2645
f 2419/2702/2644 1642/2703/2645 2423/2704/2646
f 2423/2704/2646 1642/2703/2645 2325/2705/2647
f 2423/2704/2646 2325/2705/2647 2428/2706/2648
f 2428/2706/2648 2325/2705/2647 2430/2707/2649
f 2428/2706/2648 2430/2707/2649 2431/2708/2650
f 2431/2708/2650 2430/2707/2649 2435/2709/2651
f 2431/2708/2650 2435/2709/2651 2324/2710/2652
f 2324/2710/2652 2435/2709/2651 2439/2711/2653
f 2324/2710/2652 2439/2711/2653 2296/2712/2654
f 2296/2712/2654 2439/2711/2653 2295/2713/2655
f 2295/2713/2655 2439/2711/2653 2323/2714/2656
f 2295/2713/2655 2323/2714/2656 2294/2715/2657
f 2294/2715/2657 2323/2714/2656 2443/2716/2658
f 2294/2715/2657 2443/2716/2658 2449/2717/2659
f 2449/2717/2659 2443/2716/2658 2444/2718/2660
f 2449/2717/2659 2444/2718/2660 2448/2719/2661
f 2448/2719/2661 2444/2718/2660 2445/2720/2662
f 2448/2719/2661 2445/2720/2662 2447/2721/2663
f 2447/2721/2663 2445/2720/2662 2322/2722/2664
f 2447/2721/2663 2322/2722/2664 2446/2723/2665
f 2446/2723/2665 2322/2722/2664 1637/2724/2666
f 2446/2723/2665 1637/2724/2666 1636/2725/2667
f 1642/2703/2645 1641/2726/2668 2325/2705/2647
f 2325/2705/2647 1641/2726/2668 2429/2727/2669
f 2325/2705/2647 2429/2727/2669 2430/2707/2649
f 2430/2707/2649 2429/2727/2669 2434/2728/2670
f 2430/2707/2649 2434/2728/2670 2435/2709/2651
f 2435/2709/2651 2434/2728/2670 2438/2729/2671
f 2435/2709/2651 2438/2729/2671 2439/2711/2653
f 2439/2711/2653 2438/2729/2671 2323/2714/2656
f 1641/2726/2668 1640/2730/2672 2429/2727/2669
f 2429/2727/2669 1640/2730/2672 2433/2731/2673
f 2429/2727/2669 2433/2731/2673 2434/2728/2670
f 2434/2728/2670 2433/2731/2673 2437/2732/2674
f 2434/2728/2670 2437/2732/2674 2438/2729/2671
f 2438/2729/2671 2437/2732/2674 2442/2733/2675
f 2438/2729/2671 2442/2733/2675 2323/2714/2656
f 2323/2714/2656 2442/2733/2675 2443/2716/2658
f 1640/2730/2672 1639/2734/2676 2433/2731/2673
f 2433/2731/2673 1639/2734/2676 2436/2735/2677
f 2433/2731/2673 2436/2735/2677 2437/2732/2674
f 2437/2732/2674 2436/2735/2677 2441/2736/2678
f 2437/2732/2674 2441/2736/2678 2442/2733/2675
f 2442/2733/2675 2441/2736/2678 2444/2718/2660
f 2442/2733/2675 2444/2718/2660 2443/2716/2658
f 1639/2734/2676 1638/2737/2679 2436/2735/2677
f 2436/2735/2677 1638/2737/2679 2440/2738/2680
f 2436/2735/2677 2440/2738/2680 2441/2736/2678
f 2441/2736/2678 2440/2738/2680 2445/2720/2662
f 2441/2736/2678 2445/2720/2662 2444/2718/2660
f 2440/2738/2680 1638/2737/2679 2322/2722/2664
f 2322/2722/2664 1638/2737/2679 1637/2724/2666
f 2446/2723/2665 1636/2725/2667 2450/2739/2681
f 2450/2739/2681 1636/2725/2667 1635/2740/2682
f 2450/2739/2681 1635/2740/2682 2320/2741/2683
f 2320/2741/2683 1635/2740/2682 1634/2742/2684
f 2320/2741/2683 1634/2742/2684 2459/2743/2685
f 2459/2743/2685 1634/2742/2684 2460/2744/2686
f 2459/2743/2685 2460/2744/2686 2461/2745/2687
f 2461/2745/2687 2460/2744/2686 2465/2746/2688
f 2461/2745/2687 2465/2746/2688 2466/2747/2689
f 2466/2747/2689 2465/2746/2688 2470/2748/2690
f 2466/2747/2689 2470/2748/2690 2319/2749/2691
f 2319/2749/2691 2470/2748/2690 2474/2750/2692
f 2319/2749/2691 2474/2750/2692 2289/2751/2693
f 2289/2751/2693 2474/2750/2692 2288/2752/2694
f 2288/2752/2694 2474/2750/2692 2318/2753/2695
f 2288/2752/2694 2318/2753/2695 2287/2754/2696
f 2287/2754/2696 2318/2753/2695 2480/2755/2697
f 2287/2754/2696 2480/2755/2697 2484/2756/2698
f 2484/2756/2698 2480/2755/2697 2479/2757/2699
f 2484/2756/2698 2479/2757/2699 2483/2758/2700
f 2483/2758/2700 2479/2757/2699 2478/2759/2701
f 2483/2758/2700 2478/2759/2701 2482/2760/2702
f 2482/2760/2702 2478/2759/2701 2477/2761/2703
f 2482/2760/2702 2477/2761/2703 2481/2762/2704
f 2481/2762/2704 2477/2761/2703 1629/2763/2705
f 2481/2762/2704 1629/2763/2705 2025/2764/2706
f 1634/2742/2684 1633/2765/2707 2460/2744/2686
f 2460/2744/2686 1633/2765/2707 2464/2766/2708
f 2460/2744/2686 2464/2766/2708 2465/2746/2688
f 2465/2746/2688 2464/2766/2708 2469/2767/2709
f 2465/2746/2688 2469/2767/2709 2470/2748/2690
f 2470/2748/2690 2469/2767/2709 2473/2768/2710
f 2470/2748/2690 2473/2768/2710 2474/2750/2692
f 2474/2750/2692 2473/2768/2710 2318/2753/2695
f 1633/2765/2707 1632/2769/2711 2464/2766/2708
f 2464/2766/2708 1632/2769/2711 2468/2770/2712
f 2464/2766/2708 2468/2770/2712 2469/2767/2709
f 2469/2767/2709 2468/2770/2712 2472/2771/2713
f 2469/2767/2709 2472/2771/2713 2473/2768/2710
f 2473/2768/2710 2472/2771/2713 2475/2772/2714
f 2473/2768/2710 2475/2772/2714 2318/2753/2695
f 2318/2753/2695 2475/2772/2714 2480/2755/2697
f 1632/2769/2711 1631/2773/2715 2468/2770/2712
f 2468/2770/2712 1631/2773/2715 2471/2774/2716
f 2468/2770/2712 2471/2774/2716 2472/2771/2713
f 2472/2771/2713 2471/2774/2716 2476/2775/2717
f 2472/2771/2713 2476/2775/2717 2475/2772/2714
f 2475/2772/2714 2476/2775/2717 2479/2757/2699
f 2475/2772/2714 2479/2757/2699 2480/2755/2697
f 2471/2774/2716 1631/2773/2715 2317/2776/2718
f 2317/2776/2718 1631/2773/2715 1630/2777/2719
f 2317/2776/2718 1630/2777/2719 2477/2761/2703
f 2477/2761/2703 1630/2777/2719 1629/2763/2705
f 2481/2762/2704 2025/2764/2706 2485/2778/2720
f 2485/2778/2720 2025/2764/2706 12/2779/2721
f 2485/2778/2720 12/2779/2721 2282/2780/2722
f 2282/2780/2722 2283/2781/2723 2485/2778/2720
f 2485/2778/2720 2283/2781/2723 2486/2782/2724
f 2485/2778/2720 2486/2782/2724 2481/2762/2704
f 2481/2762/2704 2486/2782/2724 2482/2760/2702
f 2283/2781/2723 2284/2783/2725 2486/2782/2724
f 2486/2782/2724 2284/2783/2725 2487/2784/2726
f 2486/2782/2724 2487/2784/2726 2482/2760/2702
f 2482/2760/2702 2487/2784/2726 2483/2758/2700
f 2284/2783/2725 2285/2785/2727 2487/2784/2726
f 2487/2784/2726 2285/2785/2727 2488/2786/2728
f 2487/2784/2726 2488/2786/2728 2483/2758/2700
f 2483/2758/2700 2488/2786/2728 2484/2756/2698
f 2285/2785/2727 2286/2787/2729 2488/2786/2728
f 2488/2786/2728 2286/2787/2729 2484/2756/2698
f 2286/2787/2729 2287/2754/2696 2484/2756/2698
f 2289/2751/2693 2290/2788/2730 2319/2749/2691
f 2319/2749/2691 2290/2788/2730 2467/2789/2731
f 2319/2749/2691 2467/2789/2731 2466/2747/2689
f 2466/2747/2689 2467/2789/2731 2462/2790/2732
f 2466/2747/2689 2462/2790/2732 2461/2745/2687
f 2461/2745/2687 2462/2790/2732 2458/2791/2733
f 2461/2745/2687 2458/2791/2733 2459/2743/2685
f 2459/2743/2685 2458/2791/2733 2320/2741/2683
f 2467/2789/2731 2290/2788/2730 2463/2792/2734
f 2463/2792/2734 2290/2788/2730 2291/2793/2735
f 2463/2792/2734 2291/2793/2735 2321/2794/2736
f 2321/2794/2736 2291/2793/2735 2292/2795/2737
f 2321/2794/2736 2292/2795/2737 2456/2796/2738
f 2456/2796/2738 2292/2795/2737 2453/2797/2739
f 2456/2796/2738 2453/2797/2739 2452/2798/2740
f 2452/2798/2740 2453/2797/2739 2448/2719/2661
f 2452/2798/2740 2448/2719/2661 2447/2721/2663
f 2292/2795/2737 2293/2799/2741 2453/2797/2739
f 2453/2797/2739 2293/2799/2741 2449/2717/2659
f 2453/2797/2739 2449/2717/2659 2448/2719/2661
f 2293/2799/2741 2294/2715/2657 2449/2717/2659
f 2296/2712/2654 2297/2800/2742 2324/2710/2652
f 2324/2710/2652 2297/2800/2742 2432/2801/2743
f 2324/2710/2652 2432/2801/2743 2431/2708/2650
f 2431/2708/2650 2432/2801/2743 2427/2802/2744
f 2431/2708/2650 2427/2802/2744 2428/2706/2648
f 2428/2706/2648 2427/2802/2744 2424/2803/2745
f 2428/2706/2648 2424/2803/2745 2423/2704/2646
f 2423/2704/2646 2424/2803/2745 2419/2702/2644
f 2432/2801/2743 2297/2800/2742 2426/2804/2746
f 2426/2804/2746 2297/2800/2742 2298/2805/2747
f 2426/2804/2746 2298/2805/2747 2326/2806/2748
f 2326/2806/2748 2298/2805/2747 2299/2807/2749
f 2326/2806/2748 2299/2807/2749 2422/2808/2750
f 2422/2808/2750 2299/2807/2749 2418/2809/2751
f 2422/2808/2750 2418/2809/2751 2417/2810/2752
f 2417/2810/2752 2418/2809/2751 2413/2811/2753
f 2417/2810/2752 2413/2811/2753 2412/2812/2754
f 2412/2812/2754 2413/2811/2753 2408/2679/2621
f 2412/2812/2754 2408/2679/2621 2407/2681/2623
f 2299/2807/2749 2300/2813/2755 2418/2809/2751
f 2418/2809/2751 2300/2813/2755 2414/2814/2756
f 2418/2809/2751 2414/2814/2756 2413/2811/2753
f 2413/2811/2753 2414/2814/2756 2409/2677/2619
f 2413/2811/2753 2409/2677/2619 2408/2679/2621
f 2300/2813/2755 2301/2815/2757 2414/2814/2756
f 2414/2814/2756 2301/2815/2757 2302/2816/2758
f 2414/2814/2756 2302/2816/2758 2410/2675/2617
f 2410/2675/2617 2302/2816/2758 2303/2673/2615
f 2305/2670/2612 2306/2817/2759 2329/2668/2610
f 2329/2668/2610 2306/2817/2759 2393/2818/2760
f 2329/2668/2610 2393/2818/2760 2392/2666/2608
f 2392/2666/2608 2393/2818/2760 2385/2819/2761
f 2392/2666/2608 2385/2819/2761 2384/2664/2606
f 2384/2664/2606 2385/2819/2761 2388/2820/2762
f 2384/2664/2606 2388/2820/2762 2389/2662/2604
f 2389/2662/2604 2388/2820/2762 2330/2660/2602
f 2393/2818/2760 2306/2817/2759 2386/2821/2763
f 2386/2821/2763 2306/2817/2759 2307/2822/2764
f 2386/2821/2763 2307/2822/2764 2331/2823/2765
f 2331/2823/2765 2307/2822/2764 2308/2824/2766
f 2331/2823/2765 2308/2824/2766 2382/2825/2767
f 2382/2825/2767 2308/2824/2766 2379/2826/2768
f 2382/2825/2767 2379/2826/2768 2378/2827/2769
f 2378/2827/2769 2379/2826/2768 2371/2642/2584
f 2378/2827/2769 2371/2642/2584 2370/2644/2586
f 2308/2824/2766 2309/2828/2770 2379/2826/2768
f 2379/2826/2768 2309/2828/2770 2372/2640/2582
f 2379/2826/2768 2372/2640/2582 2371/2642/2584
f 2309/2828/2770 2310/2638/2580 2372/2640/2582
f 2311/2637/2579 2312/2829/2771 2365/2635/2577
f 2365/2635/2577 2312/2829/2771 2334/2830/2772
f 2365/2635/2577 2334/2830/2772 2361/2633/2575
f 2361/2633/2575 2334/2830/2772 2353/2831/2773
f 2361/2633/2575 2353/2831/2773 2352/2631/2573
f 2352/2631/2573 2353/2831/2773 2357/2832/2774
f 2352/2631/2573 2357/2832/2774 2358/2629/2571
f 2358/2629/2571 2357/2832/2774 2335/2627/2569
f 2312/2829/2771 2313/2833/2775 2334/2830/2772
f 2334/2830/2772 2313/2833/2775 2354/2834/2776
f 2334/2830/2772 2354/2834/2776 2353/2831/2773
f 2353/2831/2773 2354/2834/2776 2356/2835/2777
f 2353/2831/2773 2356/2835/2777 2357/2832/2774
f 2357/2832/2774 2356/2835/2777 2349/2836/2778
f 2357/2832/2774 2349/2836/2778 2335/2627/2569
f 2335/2627/2569 2349/2836/2778 2345/2625/2567
f 2354/2834/2776 2313/2833/2775 2355/2837/2779
f 2355/2837/2779 2313/2833/2775 2314/2838/2780
f 2355/2837/2779 2314/2838/2780 2336/2839/2781
f 2336/2839/2781 2314/2838/2780 2315/2840/2782
f 2336/2839/2781 2315/2840/2782 2348/2841/2783
f 2348/2841/2783 2315/2840/2782 2344/2842/2784
f 2348/2841/2783 2344/2842/2784 2343/2843/2785
f 2343/2843/2785 2344/2842/2784 2339/2844/2786
f 2343/2843/2785 2339/2844/2786 2338/2845/2787
f 2338/2845/2787 2339/2844/2786 2277/2846/2788
f 2338/2845/2787 2277/2846/2788 2276/2619/2561
f 2315/2840/2782 2316/2847/2789 2344/2842/2784
f 2344/2842/2784 2316/2847/2789 2340/2848/2790
f 2344/2842/2784 2340/2848/2790 2339/2844/2786
f 2339/2844/2786 2340/2848/2790 2278/2849/2791
f 2339/2844/2786 2278/2849/2791 2277/2846/2788
f 2316/2847/2789 2279/2850/2792 2340/2848/2790
f 2340/2848/2790 2279/2850/2792 2278/2849/2791
f 2338/2845/2787 2276/2619/2561 2337/2621/2563
f 2338/2845/2787 2337/2621/2563 2342/2851/2793
f 2342/2851/2793 2337/2621/2563 2341/2623/2565
f 2342/2851/2793 2341/2623/2565 2346/2852/2794
f 2346/2852/2794 2341/2623/2565 2345/2625/2567
f 2346/2852/2794 2345/2625/2567 2349/2836/2778
f 2338/2845/2787 2342/2851/2793 2343/2843/2785
f 2343/2843/2785 2342/2851/2793 2347/2853/2795
f 2343/2843/2785 2347/2853/2795 2348/2841/2783
f 2348/2841/2783 2347/2853/2795 2336/2839/2781
f 2347/2853/2795 2342/2851/2793 2346/2852/2794
f 2347/2853/2795 2346/2852/2794 2350/2854/2796
f 2350/2854/2796 2346/2852/2794 2349/2836/2778
f 2350/2854/2796 2349/2836/2778 2356/2835/2777
f 2355/2837/2779 2336/2839/2781 2350/2854/2796
f 2350/2854/2796 2336/2839/2781 2347/2853/2795
f 2355/2837/2779 2350/2854/2796 2356/2835/2777
f 2355/2837/2779 2356/2835/2777 2354/2834/2776
f 2332/2645/2587 2375/2643/2585 2366/2657/2599
f 2370/2644/2586 2369/2646/2588 2377/2855/2797
f 2377/2855/2797 2369/2646/2588 2376/2658/2600
f 2377/2855/2797 2376/2658/2600 2380/2856/2798
f 2380/2856/2798 2376/2658/2600 2330/2660/2602
f 2380/2856/2798 2330/2660/2602 2388/2820/2762
f 2370/2644/2586 2377/2855/2797 2378/2827/2769
f 2378/2827/2769 2377/2855/2797 2381/2857/2799
f 2378/2827/2769 2381/2857/2799 2382/2825/2767
f 2382/2825/2767 2381/2857/2799 2331/2823/2765
f 2381/2857/2799 2377/2855/2797 2380/2856/2798
f 2381/2857/2799 2380/2856/2798 2387/2858/2800
f 2387/2858/2800 2380/2856/2798 2388/2820/2762
f 2387/2858/2800 2388/2820/2762 2385/2819/2761
f 2385/2819/2761 2386/2821/2763 2387/2858/2800
f 2387/2858/2800 2386/2821/2763 2331/2823/2765
f 2387/2858/2800 2331/2823/2765 2381/2857/2799
f 2386/2821/2763 2385/2819/2761 2393/2818/2760
f 2400/2680/2622 2401/2678/2620 2406/2696/2638
f 2414/2814/2756 2410/2675/2617 2409/2677/2619
f 2407/2681/2623 2411/2697/2639 2412/2812/2754
f 2412/2812/2754 2411/2697/2639 2416/2859/2801
f 2412/2812/2754 2416/2859/2801 2417/2810/2752
f 2417/2810/2752 2416/2859/2801 2421/2860/2802
f 2417/2810/2752 2421/2860/2802 2422/2808/2750
f 2422/2808/2750 2421/2860/2802 2326/2806/2748
f 2411/2697/2639 2415/2700/2642 2416/2859/2801
f 2416/2859/2801 2415/2700/2642 2420/2861/2803
f 2416/2859/2801 2420/2861/2803 2421/2860/2802
f 2421/2860/2802 2420/2861/2803 2425/2862/2804
f 2421/2860/2802 2425/2862/2804 2326/2806/2748
f 2326/2806/2748 2425/2862/2804 2426/2804/2746
f 2415/2700/2642 2419/2702/2644 2420/2861/2803
f 2420/2861/2803 2419/2702/2644 2424/2803/2745
f 2420/2861/2803 2424/2803/2745 2425/2862/2804
f 2425/2862/2804 2424/2803/2745 2427/2802/2744
f 2425/2862/2804 2427/2802/2744 2426/2804/2746
f 2426/2804/2746 2427/2802/2744 2432/2801/2743
f 2322/2722/2664 2445/2720/2662 2440/2738/2680
f 2447/2721/2663 2446/2723/2665 2451/2863/2805
f 2451/2863/2805 2446/2723/2665 2450/2739/2681
f 2451/2863/2805 2450/2739/2681 2454/2864/2806
f 2454/2864/2806 2450/2739/2681 2320/2741/2683
f 2454/2864/2806 2320/2741/2683 2458/2791/2733
f 2447/2721/2663 2451/2863/2805 2452/2798/2740
f 2452/2798/2740 2451/2863/2805 2455/2865/2807
f 2452/2798/2740 2455/2865/2807 2456/2796/2738
f 2456/2796/2738 2455/2865/2807 2321/2794/2736
f 2455/2865/2807 2451/2863/2805 2454/2864/2806
f 2455/2865/2807 2454/2864/2806 2457/2866/2808
f 2457/2866/2808 2454/2864/2806 2458/2791/2733
f 2457/2866/2808 2458/2791/2733 2462/2790/2732
f 2321/2794/2736 2457/2866/2808 2463/2792/2734
f 2463/2792/2734 2457/2866/2808 2462/2790/2732
f 2463/2792/2734 2462/2790/2732 2467/2789/2731
f 2457/2866/2808 2321/2794/2736 2455/2865/2807
f 2478/2759/2701 2479/2757/2699 2476/2775/2717
f 2477/2761/2703 2478/2759/2701 2317/2776/2718
f 2317/2776/2718 2478/2759/2701 2476/2775/2717
f 2317/2776/2718 2476/2775/2717 2471/2774/2716
f 568/2867/614 530/2868/570 653/2869/1070
f 653/2869/1070 530/2868/570 2490/2870/2809
f 2490/2870/2809 530/2868/570 498/2871/537
f 2490/2870/2809 498/2871/537 2489/2872/2810
f 2489/2872/2810 498/2871/537 92/2873/643
f 92/2873/643 498/2871/537 519/2874/536
f 175/2875/2811 2519/2876/2812 92/2877/2813
f 92/2877/2813 2519/2876/2812 2517/2878/2814
f 92/2877/2813 2517/2878/2814 2489/2879/2810
f 175/2875/2811 174/2880/2815 2519/2876/2812
f 2519/2876/2812 174/2880/2815 2520/2881/2816
f 2519/2876/2812 2520/2881/2816 2516/2882/2817
f 2516/2882/2817 2520/2881/2816 2515/2883/2818
f 2515/2883/2818 2520/2881/2816 2521/2884/2819
f 2515/2883/2818 2521/2884/2819 2514/2885/2820
f 2514/2885/2820 2521/2884/2819 2522/2886/2821
f 2514/2885/2820 2522/2886/2821 2513/2887/2822
f 2513/2887/2822 2522/2886/2821 2523/2888/2823
f 2513/2887/2822 2523/2888/2823 2512/2889/2824
f 2512/2889/2824 2523/2888/2823 2524/2890/2825
f 2512/2889/2824 2524/2890/2825 2511/2891/2826
f 2511/2891/2826 2524/2890/2825 2525/2892/2827
f 2511/2891/2826 2525/2892/2827 2510/2893/2828
f 2510/2893/2828 2525/2892/2827 2526/2894/2829
f 2510/2893/2828 2526/2894/2829 2509/2895/2830
f 2509/2895/2830 2526/2894/2829 2527/2896/2831
f 2509/2895/2830 2527/2896/2831 2508/2897/2832
f 2508/2897/2832 2527/2896/2831 2528/2898/2833
f 2508/2897/2832 2528/2898/2833 2507/2899/2834
f 2507/2899/2834 2528/2898/2833 2529/2900/2835
f 2507/2899/2834 2529/2900/2835 2506/2901/2836
f 2506/2901/2836 2529/2900/2835 2530/2902/2837
f 2506/2901/2836 2530/2902/2837 2505/2903/2838
f 2505/2903/2838 2530/2902/2837 2518/2904/2839
f 2505/2903/2838 2518/2904/2839 2504/2905/2840
f 2504/2905/2840 2518/2904/2839 2531/2906/2841
f 2504/2905/2840 2531/2906/2841 2503/2907/2842
f 2503/2907/2842 2531/2906/2841 2532/2908/2843
f 2503/2907/2842 2532/2908/2843 2502/2909/2844
f 2502/2909/2844 2532/2908/2843 2533/2910/2845
f 2502/2909/2844 2533/2910/2845 2501/2911/2846
f 2501/2911/2846 2533/2910/2845 2534/2912/2847
f 2501/2911/2846 2534/2912/2847 2500/2913/2848
f 2500/2913/2848 2534/2912/2847 2535/2914/2849
f 2500/2913/2848 2535/2914/2849 2499/2915/2850
f 2499/2915/2850 2535/2914/2849 2536/2916/2851
f 2499/2915/2850 2536/2916/2851 2498/2917/2852
f 2498/2917/2852 2536/2916/2851 2537/2918/2853
f 2498/2917/2852 2537/2918/2853 2497/2919/2854
f 2497/2919/2854 2537/2918/2853 2538/2920/2855
f 2497/2919/2854 2538/2920/2855 2496/2921/2856
f 2496/2921/2856 2538/2920/2855 2539/2922/2857
f 2496/2921/2856 2539/2922/2857 2495/2923/2858
f 2495/2923/2858 2539/2922/2857 2540/2924/2859
f 2495/2923/2858 2540/2924/2859 2494/2925/2860
f 2494/2925/2860 2540/2924/2859 2541/2926/2861
f 2494/2925/2860 2541/2926/2861 2493/2927/2862
f 2493/2927/2862 2541/2926/2861 2542/2928/2863
f 2493/2927/2862 2542/2928/2863 2492/2929/2864
f 2492/2929/2864 2542/2928/2863 2491/2930/2865
f 2491/2930/2865 2542/2928/2863 145/2931/2866
f 2491/2930/2865 145/2931/2866 144/2932/2867
f 174/2880/2815 173/2933/2868 2520/2881/2816
f 2520/2881/2816 173/2933/2868 2521/2884/2819
f 173/2933/2868 172/2934/2869 2521/2884/2819
f 2521/2884/2819 172/2934/2869 2522/2886/2821
f 172/2934/2869 171/2935/2870 2522/2886/2821
f 2522/2886/2821 171/2935/2870 170/2936/2871
f 2522/2886/2821 170/2936/2871 2523/2888/2823
f 2523/2888/2823 170/2936/2871 169/2937/2872
f 2523/2888/2823 169/2937/2872 2524/2890/2825
f 2524/2890/2825 169/2937/2872 168/2938/2873
f 2524/2890/2825 168/2938/2873 2525/2892/2827
f 2525/2892/2827 168/2938/2873 167/2939/2874
f 2525/2892/2827 167/2939/2874 2526/2894/2829
f 2526/2894/2829 167/2939/2874 166/2940/2875
f 2526/2894/2829 166/2940/2875 165/2941/2876
f 2526/2894/2829 165/2941/2876 2527/2896/2831
f 2527/2896/2831 165/2941/2876 164/2942/2877
f 2527/2896/2831 164/2942/2877 2528/2898/2833
f 2528/2898/2833 164/2942/2877 163/2943/2878
f 2528/2898/2833 163/2943/2878 2529/2900/2835
f 2529/2900/2835 163/2943/2878 162/2944/2879
f 2529/2900/2835 162/2944/2879 2530/2902/2837
f 2530/2902/2837 162/2944/2879 161/2945/2880
f 2530/2902/2837 161/2945/2880 2518/2904/2839
f 2518/2904/2839 161/2945/2880 160/2946/2881
f 2518/2904/2839 160/2946/2881 159/2947/2882
f 2518/2904/2839 159/2947/2882 2531/2906/2841
f 2531/2906/2841 159/2947/2882 158/2948/2883
f 2531/2906/2841 158/2948/2883 2532/2908/2843
f 2532/2908/2843 158/2948/2883 157/2949/2884
f 2532/2908/2843 157/2949/2884 2533/2910/2845
f 2533/2910/2845 157/2949/2884 156/2950/2885
f 2533/2910/2845 156/2950/2885 2534/2912/2847
f 2534/2912/2847 156/2950/2885 155/2951/2886
f 2534/2912/2847 155/2951/2886 2535/2914/2849
f 2535/2914/2849 155/2951/2886 154/2952/2887
f 2535/2914/2849 154/2952/2887 153/2953/2888
f 2535/2914/2849 153/2953/2888 2536/2916/2851
f 2536/2916/2851 153/2953/2888 152/2954/2889
f 2536/2916/2851 152/2954/2889 2537/2918/2853
f 2537/2918/2853 152/2954/2889 151/2955/2890
f 2537/2918/2853 151/2955/2890 2538/2920/2855
f 2538/2920/2855 151/2955/2890 150/2956/2891
f 2538/2920/2855 150/2956/2891 2539/2922/2857
f 2539/2922/2857 150/2956/2891 149/2957/2892
f 2539/2922/2857 149/2957/2892 148/2958/2893
f 2539/2922/2857 148/2958/2893 2540/2924/2859
f 2540/2924/2859 148/2958/2893 147/2959/2894
f 2540/2924/2859 147/2959/2894 2541/2926/2861
f 2541/2926/2861 147/2959/2894 146/2960/2895
f 2541/2926/2861 146/2960/2895 2542/2928/2863
f 2542/2928/2863 146/2960/2895 145/2931/2866
f 2516/2882/2817 2517/2878/2814 2519/2876/2812
f 71/2961/79 33/2962/35 144/2963/2896
f 144/2963/2896 33/2962/35 2491/2964/2865
f 2491/2964/2865 33/2962/35 1/2965/2
f 2491/2964/2865 1/2965/2 2543/2966/2897
f 2543/2966/2897 1/2965/2 1619/2967/2238
f 1619/2967/2238 1/2965/2 22/2968/1
f 1702/2969/2898 2572/2970/2899 1619/2971/2900
f 1619/2971/2900 2572/2970/2899 2570/2972/2901
f 1619/2971/2900 2570/2972/2901 2543/2973/2897
f 1702/2969/2898 1701/2974/2902 2572/2970/2899
f 2572/2970/2899 1701/2974/2902 2573/2975/2903
f 2572/2970/2899 2573/2975/2903 2569/2976/2904
f 2569/2976/2904 2573/2975/2903 2568/2977/2905
f 2568/2977/2905 2573/2975/2903 2574/2978/2906
f 2568/2977/2905 2574/2978/2906 2567/2979/2907
f 2567/2979/2907 2574/2978/2906 2575/2980/2908
f 2567/2979/2907 2575/2980/2908 2566/2981/2909
f 2566/2981/2909 2575/2980/2908 2576/2982/2910
f 2566/2981/2909 2576/2982/2910 2565/2983/2911
f 2565/2983/2911 2576/2982/2910 2577/2984/2912
f 2565/2983/2911 2577/2984/2912 2564/2985/2913
f 2564/2985/2913 2577/2984/2912 2578/2986/2914
f 2564/2985/2913 2578/2986/2914 2563/2987/2915
f 2563/2987/2915 2578/2986/2914 2579/2988/2916
f 2563/2987/2915 2579/2988/2916 2562/2989/2917
f 2562/2989/2917 2579/2988/2916 2580/2990/2918
f 2562/2989/2917 2580/2990/2918 2561/2991/2919
f 2561/2991/2919 2580/2990/2918 2581/2992/2920
f 2561/2991/2919 2581/2992/2920 2560/2993/2921
f 2560/2993/2921 2581/2992/2920 2582/2994/2922
f 2560/2993/2921 2582/2994/2922 2559/2995/2923
f 2559/2995/2923 2582/2994/2922 2583/2996/2924
f 2559/2995/2923 2583/2996/2924 2558/2997/2925
f 2558/2997/2925 2583/2996/2924 2571/2998/2926
f 2558/2997/2925 2571/2998/2926 2557/2999/2927
f 2557/2999/2927 2571/2998/2926 2584/3000/2928
f 2557/2999/2927 2584/3000/2928 2556/3001/2929
f 2556/3001/2929 2584/3000/2928 2585/3002/2930
f 2556/3001/2929 2585/3002/2930 2555/3003/2931
f 2555/3003/2931 2585/3002/2930 2586/3004/2932
f 2555/3003/2931 2586/3004/2932 2554/3005/2933
f 2554/3005/2933 2586/3004/2932 2587/3006/2934
f 2554/3005/2933 2587/3006/2934 2553/3007/2935
f 2553/3007/2935 2587/3006/2934 2588/3008/2936
f 2553/3007/2935 2588/3008/2936 2552/3009/2937
f 2552/3009/2937 2588/3008/2936 2589/3010/2938
f 2552/3009/2937 2589/3010/2938 2551/3011/2939
f 2551/3011/2939 2589/3010/2938 2590/3012/2940
f 2551/3011/2939 2590/3012/2940 2550/3013/2941
f 2550/3013/2941 2590/3012/2940 2591/3014/2942
f 2550/3013/2941 2591/3014/2942 2549/3015/2943
f 2549/3015/2943 2591/3014/2942 2592/3016/2944
f 2549/3015/2943 2592/3016/2944 2548/3017/2945
f 2548/3017/2945 2592/3016/2944 2593/3018/2946
f 2548/3017/2945 2593/3018/2946 2547/3019/2947
f 2547/3019/2947 2593/3018/2946 2594/3020/2948
f 2547/3019/2947 2594/3020/2948 2546/3021/2949
f 2546/3021/2949 2594/3020/2948 2595/3022/2950
f 2546/3021/2949 2595/3022/2950 2545/3023/2951
f 2545/3023/2951 2595/3022/2950 2544/3024/2952
f 2544/3024/2952 2595/3022/2950 1672/3025/2953
f 2544/3024/2952 1672/3025/2953 1671/3026/2954
f 1701/2974/2902 1700/3027/2955 2573/2975/2903
f 2573/2975/2903 1700/3027/2955 2574/2978/2906
f 1700/3027/2955 1699/3028/2956 2574/2978/2906
f 2574/2978/2906 1699/3028/2956 2575/2980/2908
f 1699/3028/2956 1698/3029/2957 2575/2980/2908
f 2575/2980/2908 1698/3029/2957 1697/3030/2958
f 2575/2980/2908 1697/3030/2958 2576/2982/2910
f 2576/2982/2910 1697/3030/2958 1696/3031/2959
f 2576/2982/2910 1696/3031/2959 2577/2984/2912
f 2577/2984/2912 1696/3031/2959 1695/3032/2960
f 2577/2984/2912 1695/3032/2960 2578/2986/2914
f 2578/2986/2914 1695/3032/2960 1694/3033/2961
f 2578/2986/2914 1694/3033/2961 2579/2988/2916
f 2579/2988/2916 1694/3033/2961 1693/3034/2962
f 2579/2988/2916 1693/3034/2962 1692/3035/2963
f 2579/2988/2916 1692/3035/2963 2580/2990/2918
f 2580/2990/2918 1692/3035/2963 1691/3036/2964
f 2580/2990/2918 1691/3036/2964 2581/2992/2920
f 2581/2992/2920 1691/3036/2964 1690/3037/2965
f 2581/2992/2920 1690/3037/2965 2582/2994/2922
f 2582/2994/2922 1690/3037/2965 1689/3038/2966
f 2582/2994/2922 1689/3038/2966 2583/2996/2924
f 2583/2996/2924 1689/3038/2966 1688/3039/2967
f 2583/2996/2924 1688/3039/2967 2571/2998/2926
f 2571/2998/2926 1688/3039/2967 1687/3040/2968
f 2571/2998/2926 1687/3040/2968 1686/3041/2969
f 2571/2998/2926 1686/3041/2969 2584/3000/2928
f 2584/3000/2928 1686/3041/2969 1685/3042/2970
f 2584/3000/2928 1685/3042/2970 2585/3002/2930
f 2585/3002/2930 1685/3042/2970 1684/3043/2971
f 2585/3002/2930 1684/3043/2971 2586/3004/2932
f 2586/3004/2932 1684/3043/2971 1683/3044/2972
f 2586/3004/2932 1683/3044/2972 2587/3006/2934
f 2587/3006/2934 1683/3044/2972 1682/3045/2973
f 2587/3006/2934 1682/3045/2973 2588/3008/2936
f 2588/3008/2936 1682/3045/2973 1681/3046/2974
f 2588/3008/2936 1681/3046/2974 1680/3047/2975
f 2588/3008/2936 1680/3047/2975 2589/3010/2938
f 2589/3010/2938 1680/3047/2975 1679/3048/2976
f 2589/3010/2938 1679/3048/2976 2590/3012/2940
f 2590/3012/2940 1679/3048/2976 1678/3049/2977
f 2590/3012/2940 1678/3049/2977 2591/3014/2942
f 2591/3014/2942 1678/3049/2977 1677/3050/2978
f 2591/3014/2942 1677/3050/2978 2592/3016/2944
f 2592/3016/2944 1677/3050/2978 1676/3051/2979
f 2592/3016/2944 1676/3051/2979 1675/3052/2980
f 2592/3016/2944 1675/3052/2980 2593/3018/2946
f 2593/3018/2946 1675/3052/2980 1674/3053/2981
f 2593/3018/2946 1674/3053/2981 2594/3020/2948
f 2594/3020/2948 1674/3053/2981 1673/3054/2982
f 2594/3020/2948 1673/3054/2982 2595/3022/2950
f 2595/3022/2950 1673/3054/2982 1672/3025/2953
f 2569/2976/2904 2570/2972/2901 2572/2970/2899
f 1098/3055/2983 2656/3056/2984 611/3057/2985
f 611/3057/2985 2656/3056/2984 2655/3058/2986
f 611/3057/2985 2655/3058/2986 612/3059/2987
f 612/3059/2987 2655/3058/2986 2631/3060/2988
f 612/3059/2987 2631/3060/2988 613/3061/2989
f 613/3061/2989 2631/3060/2988 2667/3062/2990
f 613/3061/2989 2667/3062/2990 2672/3063/2991
f 2672/3063/2991 2667/3062/2990 2666/3064/2992
f 2672/3063/2991 2666/3064/2992 2671/3065/2993
f 2671/3065/2993 2666/3064/2992 2665/3066/2994
f 2671/3065/2993 2665/3066/2994 2670/3067/2995
f 2670/3067/2995 2665/3066/2994 2664/3068/2996
f 2670/3067/2995 2664/3068/2996 2633/3069/2997
f 2633/3069/2997 2664/3068/2996 2599/3070/2998
f 2633/3069/2997 2599/3070/2998 2600/3071/2999
f 2656/3056/2984 1098/3055/2983 2660/3072/3000
f 2660/3072/3000 1098/3055/2983 1018/3073/3001
f 2660/3072/3000 1018/3073/3001 2044/3074/3002
f 2044/3074/3002 2043/3075/3003 2660/3072/3000
f 2660/3072/3000 2043/3075/3003 2661/3076/3004
f 2660/3072/3000 2661/3076/3004 2656/3056/2984
f 2656/3056/2984 2661/3076/3004 2657/3077/3005
f 2656/3056/2984 2657/3077/3005 2655/3058/2986
f 2655/3058/2986 2657/3077/3005 2654/3078/3006
f 2655/3058/2986 2654/3078/3006 2631/3060/2988
f 2631/3060/2988 2654/3078/3006 2668/3079/3007
f 2631/3060/2988 2668/3079/3007 2667/3062/2990
f 2667/3062/2990 2668/3079/3007 2666/3064/2992
f 2043/3075/3003 2042/3080/3008 2661/3076/3004
f 2661/3076/3004 2042/3080/3008 2662/3081/3009
f 2661/3076/3004 2662/3081/3009 2657/3077/3005
f 2657/3077/3005 2662/3081/3009 2658/3082/3010
f 2657/3077/3005 2658/3082/3010 2654/3078/3006
f 2654/3078/3006 2658/3082/3010 2653/3083/3011
f 2654/3078/3006 2653/3083/3011 2668/3079/3007
f 2668/3079/3007 2653/3083/3011 2669/3084/3012
f 2668/3079/3007 2669/3084/3012 2666/3064/2992
f 2666/3064/2992 2669/3084/3012 2665/3066/2994
f 2042/3080/3008 2041/3085/3013 2662/3081/3009
f 2662/3081/3009 2041/3085/3013 2663/3086/3014
f 2662/3081/3009 2663/3086/3014 2658/3082/3010
f 2658/3082/3010 2663/3086/3014 2659/3087/3015
f 2658/3082/3010 2659/3087/3015 2653/3083/3011
f 2653/3083/3011 2659/3087/3015 2652/3088/3016
f 2653/3083/3011 2652/3088/3016 2669/3084/3012
f 2669/3084/3012 2652/3088/3016 2632/3089/3017
f 2669/3084/3012 2632/3089/3017 2665/3066/2994
f 2665/3066/2994 2632/3089/3017 2664/3068/2996
f 2041/3085/3013 2596/3090/3018 2663/3086/3014
f 2663/3086/3014 2596/3090/3018 2659/3087/3015
f 2596/3090/3018 2597/3091/3019 2659/3087/3015
f 2659/3087/3015 2597/3091/3019 2652/3088/3016
f 2652/3088/3016 2597/3091/3019 2632/3089/3017
f 2632/3089/3017 2597/3091/3019 2598/3092/3020
f 2632/3089/3017 2598/3092/3020 2664/3068/2996
f 2664/3068/2996 2598/3092/3020 2599/3070/2998
f 2601/3093/3021 2673/3094/3022 2600/3071/2999
f 2600/3071/2999 2673/3094/3022 2680/3095/3023
f 2600/3071/2999 2680/3095/3023 2633/3069/2997
f 2633/3069/2997 2680/3095/3023 2679/3096/3024
f 2633/3069/2997 2679/3096/3024 2670/3067/2995
f 2670/3067/2995 2679/3096/3024 2678/3097/3025
f 2670/3067/2995 2678/3097/3025 2671/3065/2993
f 2671/3065/2993 2678/3097/3025 2677/3098/3026
f 2671/3065/2993 2677/3098/3026 2672/3063/2991
f 2672/3063/2991 2677/3098/3026 614/3099/3027
f 2672/3063/2991 614/3099/3027 613/3061/2989
f 2673/3094/3022 2601/3093/3021 2635/3100/3028
f 2635/3100/3028 2601/3093/3021 2602/3101/3029
f 2635/3100/3028 2602/3101/3029 2690/3102/3030
f 2690/3102/3030 2602/3101/3029 2684/3103/3031
f 2690/3102/3030 2684/3103/3031 2685/3104/3032
f 2685/3104/3032 2684/3103/3031 2692/3105/3033
f 2685/3104/3032 2692/3105/3033 2693/3106/3034
f 2693/3106/3034 2692/3105/3033 2697/3107/3035
f 2693/3106/3034 2697/3107/3035 2636/3108/3036
f 2636/3108/3036 2697/3107/3035 2702/3109/3037
f 2636/3108/3036 2702/3109/3037 620/3110/3038
f 620/3110/3038 2702/3109/3037 2701/3111/3039
f 620/3110/3038 2701/3111/3039 621/3112/3040
f 621/3112/3040 2701/3111/3039 2707/3113/3041
f 621/3112/3040 2707/3113/3041 622/3114/3042
f 622/3114/3042 2707/3113/3041 2711/3115/3043
f 622/3114/3042 2711/3115/3043 623/3116/3044
f 623/3116/3044 2711/3115/3043 2639/3117/3045
f 623/3116/3044 2639/3117/3045 624/3118/3046
f 624/3118/3046 2639/3117/3045 2717/3119/3047
f 624/3118/3046 2717/3119/3047 2722/3120/3048
f 2722/3120/3048 2717/3119/3047 2716/3121/3049
f 2722/3120/3048 2716/3121/3049 2723/3122/3050
f 2723/3122/3050 2716/3121/3049 2715/3123/3051
f 2723/3122/3050 2715/3123/3051 2724/3124/3052
f 2724/3124/3052 2715/3123/3051 2640/3125/3053
f 2724/3124/3052 2640/3125/3053 2725/3126/3054
f 2725/3126/3054 2640/3125/3053 2609/3127/3055
f 2725/3126/3054 2609/3127/3055 2718/3128/3056
f 2718/3128/3056 2609/3127/3055 2610/3129/3057
f 2718/3128/3056 2610/3129/3057 2726/3130/3058
f 2726/3130/3058 2610/3129/3057 2611/3131/3059
f 2726/3130/3058 2611/3131/3059 2612/3132/3060
f 2602/3101/3029 2603/3133/3061 2684/3103/3031
f 2684/3103/3031 2603/3133/3061 2691/3134/3062
f 2684/3103/3031 2691/3134/3062 2692/3105/3033
f 2692/3105/3033 2691/3134/3062 2696/3135/3063
f 2692/3105/3033 2696/3135/3063 2697/3107/3035
f 2697/3107/3035 2696/3135/3063 2703/3136/3064
f 2697/3107/3035 2703/3136/3064 2702/3109/3037
f 2702/3109/3037 2703/3136/3064 2701/3111/3039
f 2603/3133/3061 2604/3137/3065 2691/3134/3062
f 2691/3134/3062 2604/3137/3065 2695/3138/3066
f 2691/3134/3062 2695/3138/3066 2696/3135/3063
f 2696/3135/3063 2695/3138/3066 2704/3139/3067
f 2696/3135/3063 2704/3139/3067 2703/3136/3064
f 2703/3136/3064 2704/3139/3067 2700/3140/3068
f 2703/3136/3064 2700/3140/3068 2701/3111/3039
f 2701/3111/3039 2700/3140/3068 2707/3113/3041
f 2695/3138/3066 2604/3137/3065 2637/3141/3069
f 2637/3141/3069 2604/3137/3065 2605/3142/3070
f 2637/3141/3069 2605/3142/3070 2698/3143/3071
f 2698/3143/3071 2605/3142/3070 2606/3144/3072
f 2698/3143/3071 2606/3144/3072 2638/3145/3073
f 2638/3145/3073 2606/3144/3072 2607/3146/3074
f 2638/3145/3073 2607/3146/3074 2714/3147/3075
f 2714/3147/3075 2607/3146/3074 2708/3148/3076
f 2714/3147/3075 2708/3148/3076 2709/3149/3077
f 2709/3149/3077 2708/3148/3076 2715/3123/3051
f 2709/3149/3077 2715/3123/3051 2716/3121/3049
f 2607/3146/3074 2608/3150/3078 2708/3148/3076
f 2708/3148/3076 2608/3150/3078 2640/3125/3053
f 2708/3148/3076 2640/3125/3053 2715/3123/3051
f 2608/3150/3078 2609/3127/3055 2640/3125/3053
f 2726/3130/3058 2612/3132/3060 2730/3151/3079
f 2730/3151/3079 2612/3132/3060 2613/3152/3080
f 2730/3151/3079 2613/3152/3080 2734/3153/3081
f 2734/3153/3081 2613/3152/3080 2642/3154/3082
f 2734/3153/3081 2642/3154/3082 2743/3155/3083
f 2743/3155/3083 2642/3154/3082 2739/3156/3084
f 2743/3155/3083 2739/3156/3084 2740/3157/3085
f 2740/3157/3085 2739/3156/3084 2745/3158/3086
f 2740/3157/3085 2745/3158/3086 2746/3159/3087
f 2746/3159/3087 2745/3158/3086 2751/3160/3088
f 2746/3159/3087 2751/3160/3088 632/3161/3089
f 632/3161/3089 2751/3160/3088 633/3162/3090
f 633/3162/3090 2751/3160/3088 2750/3163/3091
f 633/3162/3090 2750/3163/3091 634/3164/3092
f 634/3164/3092 2750/3163/3091 2757/3165/3093
f 634/3164/3092 2757/3165/3093 2644/3166/3094
f 2644/3166/3094 2757/3165/3093 2756/3167/3095
f 2644/3166/3094 2756/3167/3095 2758/3168/3096
f 2758/3168/3096 2756/3167/3095 2755/3169/3097
f 2758/3168/3096 2755/3169/3097 2759/3170/3098
f 2759/3170/3098 2755/3169/3097 2645/3171/3099
f 2759/3170/3098 2645/3171/3099 2760/3172/3100
f 2760/3172/3100 2645/3171/3099 2618/3173/3101
f 2760/3172/3100 2618/3173/3101 2761/3174/3102
f 2761/3174/3102 2618/3173/3101 2619/3175/3103
f 2761/3174/3102 2619/3175/3103 2765/3176/3104
f 2765/3176/3104 2619/3175/3103 2620/3177/3105
f 2765/3176/3104 2620/3177/3105 2769/3178/3106
f 2769/3178/3106 2620/3177/3105 2647/3179/3107
f 2769/3178/3106 2647/3179/3107 2774/3180/3108
f 2774/3180/3108 2647/3179/3107 2776/3181/3109
f 2774/3180/3108 2776/3181/3109 2777/3182/3110
f 2777/3182/3110 2776/3181/3109 2780/3183/3111
f 2777/3182/3110 2780/3183/3111 2781/3184/3112
f 2781/3184/3112 2780/3183/3111 2782/3185/3113
f 2781/3184/3112 2782/3185/3113 640/3186/3114
f 640/3186/3114 2782/3185/3113 641/3187/3115
f 641/3187/3115 2782/3185/3113 2789/3188/3116
f 641/3187/3115 2789/3188/3116 2649/3189/3117
f 2649/3189/3117 2789/3188/3116 2788/3190/3118
f 2649/3189/3117 2788/3190/3118 2791/3191/3119
f 2791/3191/3119 2788/3190/3118 2787/3192/3120
f 2791/3191/3119 2787/3192/3120 2790/3193/3121
f 2790/3193/3121 2787/3192/3120 2786/3194/3122
f 2790/3193/3121 2786/3194/3122 2650/3195/3123
f 2650/3195/3123 2786/3194/3122 2624/3196/3124
f 2650/3195/3123 2624/3196/3124 2625/3197/3125
f 2613/3152/3080 2614/3198/3126 2642/3154/3082
f 2642/3154/3082 2614/3198/3126 2738/3199/3127
f 2642/3154/3082 2738/3199/3127 2739/3156/3084
f 2739/3156/3084 2738/3199/3127 2744/3200/3128
f 2739/3156/3084 2744/3200/3128 2745/3158/3086
f 2745/3158/3086 2744/3200/3128 2752/3201/3129
f 2745/3158/3086 2752/3201/3129 2751/3160/3088
f 2751/3160/3088 2752/3201/3129 2750/3163/3091
f 2614/3198/3126 2615/3202/3130 2738/3199/3127
f 2738/3199/3127 2615/3202/3130 2643/3203/3131
f 2738/3199/3127 2643/3203/3131 2744/3200/3128
f 2744/3200/3128 2643/3203/3131 2753/3204/3132
f 2744/3200/3128 2753/3204/3132 2752/3201/3129
f 2752/3201/3129 2753/3204/3132 2749/3205/3133
f 2752/3201/3129 2749/3205/3133 2750/3163/3091
f 2750/3163/3091 2749/3205/3133 2757/3165/3093
f 2615/3202/3130 2616/3206/3134 2643/3203/3131
f 2643/3203/3131 2616/3206/3134 2754/3207/3135
f 2643/3203/3131 2754/3207/3135 2753/3204/3132
f 2753/3204/3132 2754/3207/3135 2748/3208/3136
f 2753/3204/3132 2748/3208/3136 2749/3205/3133
f 2749/3205/3133 2748/3208/3136 2756/3167/3095
f 2749/3205/3133 2756/3167/3095 2757/3165/3093
f 2754/3207/3135 2616/3206/3134 2747/3209/3137
f 2747/3209/3137 2616/3206/3134 2617/3210/3138
f 2747/3209/3137 2617/3210/3138 2645/3171/3099
f 2645/3171/3099 2617/3210/3138 2618/3173/3101
f 2620/3177/3105 2621/3211/3139 2647/3179/3107
f 2647/3179/3107 2621/3211/3139 2775/3212/3140
f 2647/3179/3107 2775/3212/3140 2776/3181/3109
f 2776/3181/3109 2775/3212/3140 2779/3213/3141
f 2776/3181/3109 2779/3213/3141 2780/3183/3111
f 2780/3183/3111 2779/3213/3141 2783/3214/3142
f 2780/3183/3111 2783/3214/3142 2782/3185/3113
f 2782/3185/3113 2783/3214/3142 2789/3188/3116
f 2621/3211/3139 2622/3215/3143 2775/3212/3140
f 2775/3212/3140 2622/3215/3143 2648/3216/3144
f 2775/3212/3140 2648/3216/3144 2779/3213/3141
f 2779/3213/3141 2648/3216/3144 2784/3217/3145
f 2779/3213/3141 2784/3217/3145 2783/3214/3142
f 2783/3214/3142 2784/3217/3145 2788/3190/3118
f 2783/3214/3142 2788/3190/3118 2789/3188/3116
f 2622/3215/3143 2623/3218/3146 2648/3216/3144
f 2648/3216/3144 2623/3218/3146 2785/3219/3147
f 2648/3216/3144 2785/3219/3147 2784/3217/3145
f 2784/3217/3145 2785/3219/3147 2787/3192/3120
f 2784/3217/3145 2787/3192/3120 2788/3190/3118
f 2785/3219/3147 2623/3218/3146 2786/3194/3122
f 2786/3194/3122 2623/3218/3146 2624/3196/3124
f 2626/3220/3148 2792/3221/3149 2625/3197/3125
f 2625/3197/3125 2792/3221/3149 2799/3222/3150
f 2625/3197/3125 2799/3222/3150 2650/3195/3123
f 2650/3195/3123 2799/3222/3150 2798/3223/3151
f 2650/3195/3123 2798/3223/3151 2790/3193/3121
f 2790/3193/3121 2798/3223/3151 2797/3224/3152
f 2790/3193/3121 2797/3224/3152 2791/3191/3119
f 2791/3191/3119 2797/3224/3152 2796/3225/3153
f 2791/3191/3119 2796/3225/3153 2649/3189/3117
f 2649/3189/3117 2796/3225/3153 642/3226/3154
f 2649/3189/3117 642/3226/3154 641/3187/3115
f 2792/3221/3149 2626/3220/3148 2800/3227/3155
f 2800/3227/3155 2626/3220/3148 2627/3228/3156
f 2800/3227/3155 2627/3228/3156 2628/3229/3157
f 2800/3227/3155 2628/3229/3157 2801/3230/3158
f 2801/3230/3158 2628/3229/3157 2629/3231/3159
f 2801/3230/3158 2629/3231/3159 2802/3232/3160
f 2802/3232/3160 2629/3231/3159 2630/3233/3161
f 2802/3232/3160 2630/3233/3161 2651/3234/3162
f 2651/3234/3162 2630/3233/3161 578/3235/3163
f 2651/3234/3162 578/3235/3163 995/3236/3164
f 2651/3234/3162 995/3236/3164 2795/3237/3165
f 2795/3237/3165 995/3236/3164 643/3238/3166
f 2795/3237/3165 643/3238/3166 2796/3225/3153
f 2796/3225/3153 643/3238/3166 642/3226/3154
f 640/3186/3114 639/3239/3167 2781/3184/3112
f 2781/3184/3112 639/3239/3167 2778/3240/3168
f 2781/3184/3112 2778/3240/3168 2777/3182/3110
f 2777/3182/3110 2778/3240/3168 2773/3241/3169
f 2777/3182/3110 2773/3241/3169 2774/3180/3108
f 2774/3180/3108 2773/3241/3169 2770/3242/3170
f 2774/3180/3108 2770/3242/3170 2769/3178/3106
f 2769/3178/3106 2770/3242/3170 2765/3176/3104
f 639/3239/3167 638/3243/3171 2778/3240/3168
f 2778/3240/3168 638/3243/3171 2772/3244/3172
f 2778/3240/3168 2772/3244/3172 2773/3241/3169
f 2773/3241/3169 2772/3244/3172 2771/3245/3173
f 2773/3241/3169 2771/3245/3173 2770/3242/3170
f 2770/3242/3170 2771/3245/3173 2766/3246/3174
f 2770/3242/3170 2766/3246/3174 2765/3176/3104
f 2765/3176/3104 2766/3246/3174 2761/3174/3102
f 2772/3244/3172 638/3243/3171 2646/3247/3175
f 2646/3247/3175 638/3243/3171 637/3248/3176
f 2646/3247/3175 637/3248/3176 2768/3249/3177
f 2768/3249/3177 637/3248/3176 636/3250/3178
f 2768/3249/3177 636/3250/3178 2764/3251/3179
f 2764/3251/3179 636/3250/3178 635/3252/3180
f 2764/3251/3179 635/3252/3180 2644/3166/3094
f 2644/3166/3094 635/3252/3180 634/3164/3092
f 632/3161/3089 631/3253/3181 2746/3159/3087
f 2746/3159/3087 631/3253/3181 2641/3254/3182
f 2746/3159/3087 2641/3254/3182 2740/3157/3085
f 2740/3157/3085 2641/3254/3182 2742/3255/3183
f 2740/3157/3085 2742/3255/3183 2743/3155/3083
f 2743/3155/3083 2742/3255/3183 2735/3256/3184
f 2743/3155/3083 2735/3256/3184 2734/3153/3081
f 2734/3153/3081 2735/3256/3184 2730/3151/3079
f 631/3253/3181 630/3257/3185 2641/3254/3182
f 2641/3254/3182 630/3257/3185 2741/3258/3186
f 2641/3254/3182 2741/3258/3186 2742/3255/3183
f 2742/3255/3183 2741/3258/3186 2736/3259/3187
f 2742/3255/3183 2736/3259/3187 2735/3256/3184
f 2735/3256/3184 2736/3259/3187 2731/3260/3188
f 2735/3256/3184 2731/3260/3188 2730/3151/3079
f 2730/3151/3079 2731/3260/3188 2726/3130/3058
f 2741/3258/3186 630/3257/3185 2737/3261/3189
f 2737/3261/3189 630/3257/3185 629/3262/3190
f 2737/3261/3189 629/3262/3190 2733/3263/3191
f 2733/3263/3191 629/3262/3190 628/3264/3192
f 2733/3263/3191 628/3264/3192 2729/3265/3193
f 2729/3265/3193 628/3264/3192 627/3266/3194
f 2729/3265/3193 627/3266/3194 626/3267/3195
f 2729/3265/3193 626/3267/3195 2721/3268/3196
f 2721/3268/3196 626/3267/3195 625/3269/3197
f 2721/3268/3196 625/3269/3197 2722/3120/3048
f 2722/3120/3048 625/3269/3197 624/3118/3046
f 620/3110/3038 619/3270/3198 2636/3108/3036
f 2636/3108/3036 619/3270/3198 2694/3271/3199
f 2636/3108/3036 2694/3271/3199 2693/3106/3034
f 2693/3106/3034 2694/3271/3199 2686/3272/3200
f 2693/3106/3034 2686/3272/3200 2685/3104/3032
f 2685/3104/3032 2686/3272/3200 2689/3273/3201
f 2685/3104/3032 2689/3273/3201 2690/3102/3030
f 2690/3102/3030 2689/3273/3201 2635/3100/3028
f 619/3270/3198 618/3274/3202 2694/3271/3199
f 2694/3271/3199 618/3274/3202 2687/3275/3203
f 2694/3271/3199 2687/3275/3203 2686/3272/3200
f 2686/3272/3200 2687/3275/3203 2688/3276/3204
f 2686/3272/3200 2688/3276/3204 2689/3273/3201
f 2689/3273/3201 2688/3276/3204 2681/3277/3205
f 2689/3273/3201 2681/3277/3205 2635/3100/3028
f 2635/3100/3028 2681/3277/3205 2673/3094/3022
f 618/3274/3202 617/3278/3206 2687/3275/3203
f 2687/3275/3203 617/3278/3206 2634/3279/3207
f 2687/3275/3203 2634/3279/3207 2688/3276/3204
f 2688/3276/3204 2634/3279/3207 2682/3280/3208
f 2688/3276/3204 2682/3280/3208 2681/3277/3205
f 2681/3277/3205 2682/3280/3208 2674/3281/3209
f 2681/3277/3205 2674/3281/3209 2673/3094/3022
f 2673/3094/3022 2674/3281/3209 2680/3095/3023
f 617/3278/3206 616/3282/3210 2634/3279/3207
f 2634/3279/3207 616/3282/3210 2683/3283/3211
f 2634/3279/3207 2683/3283/3211 2682/3280/3208
f 2682/3280/3208 2683/3283/3211 2675/3284/3212
f 2682/3280/3208 2675/3284/3212 2674/3281/3209
f 2674/3281/3209 2675/3284/3212 2679/3096/3024
f 2674/3281/3209 2679/3096/3024 2680/3095/3023
f 2683/3283/3211 616/3282/3210 2676/3285/3213
f 2676/3285/3213 616/3282/3210 615/3286/3214
f 2676/3285/3213 615/3286/3214 2677/3098/3026
f 2677/3098/3026 615/3286/3214 614/3099/3027
f 2678/3097/3025 2679/3096/3024 2675/3284/3212
f 2677/3098/3026 2678/3097/3025 2676/3285/3213
f 2676/3285/3213 2678/3097/3025 2675/3284/3212
f 2676/3285/3213 2675/3284/3212 2683/3283/3211
f 2698/3143/3071 2699/3287/3215 2637/3141/3069
f 2637/3141/3069 2699/3287/3215 2704/3139/3067
f 2637/3141/3069 2704/3139/3067 2695/3138/3066
f 2704/3139/3067 2699/3287/3215 2700/3140/3068
f 2700/3140/3068 2699/3287/3215 2706/3288/3216
f 2700/3140/3068 2706/3288/3216 2707/3113/3041
f 2707/3113/3041 2706/3288/3216 2711/3115/3043
f 2699/3287/3215 2698/3143/3071 2705/3289/3217
f 2705/3289/3217 2698/3143/3071 2638/3145/3073
f 2705/3289/3217 2638/3145/3073 2713/3290/3218
f 2713/3290/3218 2638/3145/3073 2714/3147/3075
f 2713/3290/3218 2714/3147/3075 2709/3149/3077
f 2699/3287/3215 2705/3289/3217 2706/3288/3216
f 2706/3288/3216 2705/3289/3217 2712/3291/3219
f 2706/3288/3216 2712/3291/3219 2711/3115/3043
f 2711/3115/3043 2712/3291/3219 2639/3117/3045
f 2712/3291/3219 2705/3289/3217 2713/3290/3218
f 2712/3291/3219 2713/3290/3218 2710/3292/3220
f 2710/3292/3220 2713/3290/3218 2709/3149/3077
f 2710/3292/3220 2709/3149/3077 2716/3121/3049
f 2717/3119/3047 2639/3117/3045 2710/3292/3220
f 2710/3292/3220 2639/3117/3045 2712/3291/3219
f 2717/3119/3047 2710/3292/3220 2716/3121/3049
f 2724/3124/3052 2725/3126/3054 2719/3293/3221
f 2719/3293/3221 2725/3126/3054 2718/3128/3056
f 2719/3293/3221 2718/3128/3056 2727/3294/3222
f 2727/3294/3222 2718/3128/3056 2726/3130/3058
f 2727/3294/3222 2726/3130/3058 2731/3260/3188
f 2723/3122/3050 2724/3124/3052 2720/3295/3223
f 2720/3295/3223 2724/3124/3052 2719/3293/3221
f 2720/3295/3223 2719/3293/3221 2728/3296/3224
f 2728/3296/3224 2719/3293/3221 2727/3294/3222
f 2728/3296/3224 2727/3294/3222 2732/3297/3225
f 2732/3297/3225 2727/3294/3222 2731/3260/3188
f 2732/3297/3225 2731/3260/3188 2736/3259/3187
f 2722/3120/3048 2723/3122/3050 2721/3268/3196
f 2721/3268/3196 2723/3122/3050 2720/3295/3223
f 2721/3268/3196 2720/3295/3223 2729/3265/3193
f 2729/3265/3193 2720/3295/3223 2728/3296/3224
f 2729/3265/3193 2728/3296/3224 2733/3263/3191
f 2733/3263/3191 2728/3296/3224 2732/3297/3225
f 2733/3263/3191 2732/3297/3225 2737/3261/3189
f 2737/3261/3189 2732/3297/3225 2736/3259/3187
f 2737/3261/3189 2736/3259/3187 2741/3258/3186
f 2754/3207/3135 2747/3209/3137 2748/3208/3136
f 2748/3208/3136 2747/3209/3137 2755/3169/3097
f 2748/3208/3136 2755/3169/3097 2756/3167/3095
f 2645/3171/3099 2755/3169/3097 2747/3209/3137
f 2644/3166/3094 2758/3168/3096 2764/3251/3179
f 2764/3251/3179 2758/3168/3096 2763/3298/3226
f 2764/3251/3179 2763/3298/3226 2768/3249/3177
f 2768/3249/3177 2763/3298/3226 2767/3299/3227
f 2768/3249/3177 2767/3299/3227 2646/3247/3175
f 2646/3247/3175 2767/3299/3227 2771/3245/3173
f 2646/3247/3175 2771/3245/3173 2772/3244/3172
f 2758/3168/3096 2759/3170/3098 2763/3298/3226
f 2763/3298/3226 2759/3170/3098 2762/3300/3228
f 2763/3298/3226 2762/3300/3228 2767/3299/3227
f 2767/3299/3227 2762/3300/3228 2766/3246/3174
f 2767/3299/3227 2766/3246/3174 2771/3245/3173
f 2759/3170/3098 2760/3172/3100 2762/3300/3228
f 2762/3300/3228 2760/3172/3100 2761/3174/3102
f 2762/3300/3228 2761/3174/3102 2766/3246/3174
f 2786/3194/3122 2787/3192/3120 2785/3219/3147
f 2798/3223/3151 2799/3222/3150 2793/3301/3229
f 2793/3301/3229 2799/3222/3150 2792/3221/3149
f 2793/3301/3229 2792/3221/3149 2801/3230/3158
f 2801/3230/3158 2792/3221/3149 2800/3227/3155
f 2797/3224/3152 2798/3223/3151 2794/3302/3230
f 2794/3302/3230 2798/3223/3151 2793/3301/3229
f 2794/3302/3230 2793/3301/3229 2802/3232/3160
f 2802/3232/3160 2793/3301/3229 2801/3230/3158
f 2796/3225/3153 2797/3224/3152 2795/3237/3165
f 2795/3237/3165 2797/3224/3152 2794/3302/3230
f 2795/3237/3165 2794/3302/3230 2651/3234/3162
f 2651/3234/3162 2794/3302/3230 2802/3232/3160
f 540/3303/590 2803/3304/3231 508/3305/557
f 508/3305/557 2803/3304/3231 2810/3306/3232
f 2810/3306/3232 2803/3304/3231 2804/3307/3233
f 2810/3306/3232 2804/3307/3233 2809/3308/3234
f 2809/3308/3234 2804/3307/3233 2805/3309/3235
f 2809/3308/3234 2805/3309/3235 2808/3310/3236
f 2808/3310/3236 2805/3309/3235 2806/3311/3237
f 2808/3310/3236 2806/3311/3237 2807/3312/3238
f 2803/3313/3231 540/3314/590 2811/3315/3239
f 2811/3315/3239 540/3314/590 578/3316/634
f 2811/3315/3239 578/3316/634 2630/3317/3240
f 2811/3315/3239 2630/3317/3240 2812/3318/3241
f 2812/3318/3241 2630/3317/3240 2629/3319/3242
f 2812/3318/3241 2629/3319/3242 2628/3320/3243
f 2628/3320/3243 2627/3321/3244 2812/3318/3241
f 2812/3318/3241 2627/3321/3244 2805/3322/3235
f 2812/3318/3241 2805/3322/3235 2804/3323/3233
f 2627/3321/3244 2806/3324/3237 2805/3322/3235
f 2804/3323/3233 2803/3313/3231 2812/3318/3241
f 2812/3318/3241 2803/3313/3231 2811/3315/3239
f 589/3325/3245 2877/3326/3246 102/3327/3247
f 102/3327/3247 2877/3326/3246 2876/3328/3248
f 102/3327/3247 2876/3328/3248 103/3329/3249
f 103/3329/3249 2876/3328/3248 2852/3330/3250
f 103/3329/3249 2852/3330/3250 104/3331/3251
f 104/3331/3251 2852/3330/3250 2888/3332/3252
f 104/3331/3251 2888/3332/3252 2893/3333/3253
f 2893/3333/3253 2888/3332/3252 2887/3334/3254
f 2893/3333/3253 2887/3334/3254 2892/3335/3255
f 2892/3335/3255 2887/3334/3254 2886/3336/3256
f 2892/3335/3255 2886/3336/3256 2891/3337/3257
f 2891/3337/3257 2886/3336/3256 2885/3338/3258
f 2891/3337/3257 2885/3338/3258 2854/3339/3259
f 2854/3339/3259 2885/3338/3258 2820/3340/3260
f 2854/3339/3259 2820/3340/3260 2821/3341/3261
f 2877/3326/3246 589/3325/3245 2881/3342/3262
f 2881/3342/3262 589/3325/3245 509/3343/3263
f 2881/3342/3262 509/3343/3263 2813/3344/3264
f 2813/3344/3264 2814/3345/3265 2881/3342/3262
f 2881/3342/3262 2814/3345/3265 2882/3346/3266
f 2881/3342/3262 2882/3346/3266 2877/3326/3246
f 2877/3326/3246 2882/3346/3266 2878/3347/3267
f 2877/3326/3246 2878/3347/3267 2876/3328/3248
f 2876/3328/3248 2878/3347/3267 2875/3348/3268
f 2876/3328/3248 2875/3348/3268 2852/3330/3250
f 2852/3330/3250 2875/3348/3268 2889/3349/3269
f 2852/3330/3250 2889/3349/3269 2888/3332/3252
f 2888/3332/3252 2889/3349/3269 2887/3334/3254
f 2814/3345/3265 2815/3350/3270 2882/3346/3266
f 2882/3346/3266 2815/3350/3270 2883/3351/3271
f 2882/3346/3266 2883/3351/3271 2878/3347/3267
f 2878/3347/3267 2883/3351/3271 2879/3352/3272
f 2878/3347/3267 2879/3352/3272 2875/3348/3268
f 2875/3348/3268 2879/3352/3272 2874/3353/3273
f 2875/3348/3268 2874/3353/3273 2889/3349/3269
f 2889/3349/3269 2874/3353/3273 2890/3354/3274
f 2889/3349/3269 2890/3354/3274 2887/3334/3254
f 2887/3334/3254 2890/3354/3274 2886/3336/3256
f 2815/3350/3270 2816/3355/3275 2883/3351/3271
f 2883/3351/3271 2816/3355/3275 2884/3356/3276
f 2883/3351/3271 2884/3356/3276 2879/3352/3272
f 2879/3352/3272 2884/3356/3276 2880/3357/3277
f 2879/3352/3272 2880/3357/3277 2874/3353/3273
f 2874/3353/3273 2880/3357/3277 2873/3358/3278
f 2874/3353/3273 2873/3358/3278 2890/3354/3274
f 2890/3354/3274 2873/3358/3278 2853/3359/3279
f 2890/3354/3274 2853/3359/3279 2886/3336/3256
f 2886/3336/3256 2853/3359/3279 2885/3338/3258
f 2816/3355/3275 2817/3360/3280 2884/3356/3276
f 2884/3356/3276 2817/3360/3280 2880/3357/3277
f 2817/3360/3280 2818/3361/3281 2880/3357/3277
f 2880/3357/3277 2818/3361/3281 2873/3358/3278
f 2873/3358/3278 2818/3361/3281 2853/3359/3279
f 2853/3359/3279 2818/3361/3281 2819/3362/3282
f 2853/3359/3279 2819/3362/3282 2885/3338/3258
f 2885/3338/3258 2819/3362/3282 2820/3340/3260
f 2822/3363/3283 2894/3364/3284 2821/3341/3261
f 2821/3341/3261 2894/3364/3284 2901/3365/3285
f 2821/3341/3261 2901/3365/3285 2854/3339/3259
f 2854/3339/3259 2901/3365/3285 2900/3366/3286
f 2854/3339/3259 2900/3366/3286 2891/3337/3257
f 2891/3337/3257 2900/3366/3286 2899/3367/3287
f 2891/3337/3257 2899/3367/3287 2892/3335/3255
f 2892/3335/3255 2899/3367/3287 2898/3368/3288
f 2892/3335/3255 2898/3368/3288 2893/3333/3253
f 2893/3333/3253 2898/3368/3288 105/3369/3289
f 2893/3333/3253 105/3369/3289 104/3331/3251
f 2894/3364/3284 2822/3363/3283 2856/3370/3290
f 2856/3370/3290 2822/3363/3283 2823/3371/3291
f 2856/3370/3290 2823/3371/3291 2911/3372/3292
f 2911/3372/3292 2823/3371/3291 2905/3373/3293
f 2911/3372/3292 2905/3373/3293 2906/3374/3294
f 2906/3374/3294 2905/3373/3293 2913/3375/3295
f 2906/3374/3294 2913/3375/3295 2914/3376/3296
f 2914/3376/3296 2913/3375/3295 2918/3377/3297
f 2914/3376/3296 2918/3377/3297 2857/3378/3298
f 2857/3378/3298 2918/3377/3297 2923/3379/3299
f 2857/3378/3298 2923/3379/3299 111/3380/3300
f 111/3380/3300 2923/3379/3299 2922/3381/3301
f 111/3380/3300 2922/3381/3301 112/3382/3302
f 112/3382/3302 2922/3381/3301 2928/3383/3303
f 112/3382/3302 2928/3383/3303 113/3384/3304
f 113/3384/3304 2928/3383/3303 2932/3385/3305
f 113/3384/3304 2932/3385/3305 114/3386/3306
f 114/3386/3306 2932/3385/3305 2860/3387/3307
f 114/3386/3306 2860/3387/3307 115/3388/3308
f 115/3388/3308 2860/3387/3307 2938/3389/3309
f 115/3388/3308 2938/3389/3309 2943/3390/3310
f 2943/3390/3310 2938/3389/3309 2937/3391/3311
f 2943/3390/3310 2937/3391/3311 2944/3392/3312
f 2944/3392/3312 2937/3391/3311 2936/3393/3313
f 2944/3392/3312 2936/3393/3313 2945/3394/3314
f 2945/3394/3314 2936/3393/3313 2861/3395/3315
f 2945/3394/3314 2861/3395/3315 2946/3396/3316
f 2946/3396/3316 2861/3395/3315 2830/3397/3317
f 2946/3396/3316 2830/3397/3317 2939/3398/3318
f 2939/3398/3318 2830/3397/3317 2831/3399/3319
f 2939/3398/3318 2831/3399/3319 2947/3400/3320
f 2947/3400/3320 2831/3399/3319 2832/3401/3321
f 2947/3400/3320 2832/3401/3321 2833/3402/3322
f 2823/3371/3291 2824/3403/3323 2905/3373/3293
f 2905/3373/3293 2824/3403/3323 2912/3404/3324
f 2905/3373/3293 2912/3404/3324 2913/3375/3295
f 2913/3375/3295 2912/3404/3324 2917/3405/3325
f 2913/3375/3295 2917/3405/3325 2918/3377/3297
f 2918/3377/3297 2917/3405/3325 2924/3406/3326
f 2918/3377/3297 2924/3406/3326 2923/3379/3299
f 2923/3379/3299 2924/3406/3326 2922/3381/3301
f 2824/3403/3323 2825/3407/3327 2912/3404/3324
f 2912/3404/3324 2825/3407/3327 2916/3408/3328
f 2912/3404/3324 2916/3408/3328 2917/3405/3325
f 2917/3405/3325 2916/3408/3328 2925/3409/3329
f 2917/3405/3325 2925/3409/3329 2924/3406/3326
f 2924/3406/3326 2925/3409/3329 2921/3410/3330
f 2924/3406/3326 2921/3410/3330 2922/3381/3301
f 2922/3381/3301 2921/3410/3330 2928/3383/3303
f 2916/3408/3328 2825/3407/3327 2858/3411/3331
f 2858/3411/3331 2825/3407/3327 2826/3412/3332
f 2858/3411/3331 2826/3412/3332 2919/3413/3333
f 2919/3413/3333 2826/3412/3332 2827/3414/3334
f 2919/3413/3333 2827/3414/3334 2859/3415/3335
f 2859/3415/3335 2827/3414/3334 2828/3416/3336
f 2859/3415/3335 2828/3416/3336 2935/3417/3337
f 2935/3417/3337 2828/3416/3336 2929/3418/3338
f 2935/3417/3337 2929/3418/3338 2930/3419/3339
f 2930/3419/3339 2929/3418/3338 2936/3393/3313
f 2930/3419/3339 2936/3393/3313 2937/3391/3311
f 2828/3416/3336 2829/3420/3340 2929/3418/3338
f 2929/3418/3338 2829/3420/3340 2861/3395/3315
f 2929/3418/3338 2861/3395/3315 2936/3393/3313
f 2829/3420/3340 2830/3397/3317 2861/3395/3315
f 2947/3400/3320 2833/3402/3322 2951/3421/3341
f 2951/3421/3341 2833/3402/3322 2834/3422/3342
f 2951/3421/3341 2834/3422/3342 2955/3423/3343
f 2955/3423/3343 2834/3422/3342 2863/3424/3344
f 2955/3423/3343 2863/3424/3344 2964/3425/3345
f 2964/3425/3345 2863/3424/3344 2960/3426/3346
f 2964/3425/3345 2960/3426/3346 2961/3427/3347
f 2961/3427/3347 2960/3426/3346 2966/3428/3348
f 2961/3427/3347 2966/3428/3348 2967/3429/3349
f 2967/3429/3349 2966/3428/3348 2972/3430/3350
f 2967/3429/3349 2972/3430/3350 123/3431/3351
f 123/3431/3351 2972/3430/3350 124/3432/3352
f 124/3432/3352 2972/3430/3350 2971/3433/3353
f 124/3432/3352 2971/3433/3353 125/3434/3354
f 125/3434/3354 2971/3433/3353 2978/3435/3355
f 125/3434/3354 2978/3435/3355 2865/3436/3356
f 2865/3436/3356 2978/3435/3355 2977/3437/3357
f 2865/3436/3356 2977/3437/3357 2979/3438/3358
f 2979/3438/3358 2977/3437/3357 2976/3439/3359
f 2979/3438/3358 2976/3439/3359 2980/3440/3360
f 2980/3440/3360 2976/3439/3359 2866/3441/3361
f 2980/3440/3360 2866/3441/3361 2981/3442/3362
f 2981/3442/3362 2866/3441/3361 2839/3443/3363
f 2981/3442/3362 2839/3443/3363 2982/3444/3364
f 2982/3444/3364 2839/3443/3363 2840/3445/3365
f 2982/3444/3364 2840/3445/3365 2986/3446/3366
f 2986/3446/3366 2840/3445/3365 2841/3447/3367
f 2986/3446/3366 2841/3447/3367 2990/3448/3368
f 2990/3448/3368 2841/3447/3367 2868/3449/3369
f 2990/3448/3368 2868/3449/3369 2995/3450/3370
f 2995/3450/3370 2868/3449/3369 2997/3451/3371
f 2995/3450/3370 2997/3451/3371 2998/3452/3372
f 2998/3452/3372 2997/3451/3371 3001/3453/3373
f 2998/3452/3372 3001/3453/3373 3002/3454/3374
f 3002/3454/3374 3001/3453/3373 3003/3455/3375
f 3002/3454/3374 3003/3455/3375 131/3456/3376
f 131/3456/3376 3003/3455/3375 132/3457/3377
f 132/3457/3377 3003/3455/3375 3010/3458/3378
f 132/3457/3377 3010/3458/3378 2870/3459/3379
f 2870/3459/3379 3010/3458/3378 3009/3460/3380
f 2870/3459/3379 3009/3460/3380 3012/3461/3381
f 3012/3461/3381 3009/3460/3380 3008/3462/3382
f 3012/3461/3381 3008/3462/3382 3011/3463/3383
f 3011/3463/3383 3008/3462/3382 3007/3464/3384
f 3011/3463/3383 3007/3464/3384 2871/3465/3385
f 2871/3465/3385 3007/3464/3384 2845/3466/3386
f 2871/3465/3385 2845/3466/3386 2846/3467/3387
f 2834/3422/3342 2835/3468/3388 2863/3424/3344
f 2863/3424/3344 2835/3468/3388 2959/3469/3389
f 2863/3424/3344 2959/3469/3389 2960/3426/3346
f 2960/3426/3346 2959/3469/3389 2965/3470/3390
f 2960/3426/3346 2965/3470/3390 2966/3428/3348
f 2966/3428/3348 2965/3470/3390 2973/3471/3391
f 2966/3428/3348 2973/3471/3391 2972/3430/3350
f 2972/3430/3350 2973/3471/3391 2971/3433/3353
f 2835/3468/3388 2836/3472/3392 2959/3469/3389
f 2959/3469/3389 2836/3472/3392 2864/3473/3393
f 2959/3469/3389 2864/3473/3393 2965/3470/3390
f 2965/3470/3390 2864/3473/3393 2974/3474/3394
f 2965/3470/3390 2974/3474/3394 2973/3471/3391
f 2973/3471/3391 2974/3474/3394 2970/3475/3395
f 2973/3471/3391 2970/3475/3395 2971/3433/3353
f 2971/3433/3353 2970/3475/3395 2978/3435/3355
f 2836/3472/3392 2837/3476/3396 2864/3473/3393
f 2864/3473/3393 2837/3476/3396 2975/3477/3397
f 2864/3473/3393 2975/3477/3397 2974/3474/3394
f 2974/3474/3394 2975/3477/3397 2969/3478/3398
f 2974/3474/3394 2969/3478/3398 2970/3475/3395
f 2970/3475/3395 2969/3478/3398 2977/3437/3357
f 2970/3475/3395 2977/3437/3357 2978/3435/3355
f 2975/3477/3397 2837/3476/3396 2968/3479/3399
f 2968/3479/3399 2837/3476/3396 2838/3480/3400
f 2968/3479/3399 2838/3480/3400 2866/3441/3361
f 2866/3441/3361 2838/3480/3400 2839/3443/3363
f 2841/3447/3367 2842/3481/3401 2868/3449/3369
f 2868/3449/3369 2842/3481/3401 2996/3482/3402
f 2868/3449/3369 2996/3482/3402 2997/3451/3371
f 2997/3451/3371 2996/3482/3402 3000/3483/3403
f 2997/3451/3371 3000/3483/3403 3001/3453/3373
f 3001/3453/3373 3000/3483/3403 3004/3484/3404
f 3001/3453/3373 3004/3484/3404 3003/3455/3375
f 3003/3455/3375 3004/3484/3404 3010/3458/3378
f 2842/3481/3401 2843/3485/3405 2996/3482/3402
f 2996/3482/3402 2843/3485/3405 2869/3486/3406
f 2996/3482/3402 2869/3486/3406 3000/3483/3403
f 3000/3483/3403 2869/3486/3406 3005/3487/3407
f 3000/3483/3403 3005/3487/3407 3004/3484/3404
f 3004/3484/3404 3005/3487/3407 3009/3460/3380
f 3004/3484/3404 3009/3460/3380 3010/3458/3378
f 2843/3485/3405 2844/3488/3408 2869/3486/3406
f 2869/3486/3406 2844/3488/3408 3006/3489/3409
f 2869/3486/3406 3006/3489/3409 3005/3487/3407
f 3005/3487/3407 3006/3489/3409 3008/3462/3382
f 3005/3487/3407 3008/3462/3382 3009/3460/3380
f 3006/3489/3409 2844/3488/3408 3007/3464/3384
f 3007/3464/3384 2844/3488/3408 2845/3466/3386
f 2847/3490/3410 3013/3491/3411 2846/3467/3387
f 2846/3467/3387 3013/3491/3411 3020/3492/3412
f 2846/3467/3387 3020/3492/3412 2871/3465/3385
f 2871/3465/3385 3020/3492/3412 3019/3493/3413
f 2871/3465/3385 3019/3493/3413 3011/3463/3383
f 3011/3463/3383 3019/3493/3413 3018/3494/3414
f 3011/3463/3383 3018/3494/3414 3012/3461/3381
f 3012/3461/3381 3018/3494/3414 3017/3495/3415
f 3012/3461/3381 3017/3495/3415 2870/3459/3379
f 2870/3459/3379 3017/3495/3415 133/3496/3416
f 2870/3459/3379 133/3496/3416 132/3457/3377
f 3013/3491/3411 2847/3490/3410 3021/3497/3417
f 3021/3497/3417 2847/3490/3410 2848/3498/3418
f 3021/3497/3417 2848/3498/3418 2849/3499/3419
f 3021/3497/3417 2849/3499/3419 3022/3500/3420
f 3022/3500/3420 2849/3499/3419 2850/3501/3421
f 3022/3500/3420 2850/3501/3421 3023/3502/3422
f 3023/3502/3422 2850/3501/3421 2851/3503/3423
f 3023/3502/3422 2851/3503/3423 2872/3504/3424
f 2872/3504/3424 2851/3503/3423 81/3505/3425
f 2872/3504/3424 81/3505/3425 486/3506/3426
f 2872/3504/3424 486/3506/3426 3016/3507/3427
f 3016/3507/3427 486/3506/3426 134/3508/3428
f 3016/3507/3427 134/3508/3428 3017/3495/3415
f 3017/3495/3415 134/3508/3428 133/3496/3416
f 131/3456/3376 130/3509/3429 3002/3454/3374
f 3002/3454/3374 130/3509/3429 2999/3510/3430
f 3002/3454/3374 2999/3510/3430 2998/3452/3372
f 2998/3452/3372 2999/3510/3430 2994/3511/3431
f 2998/3452/3372 2994/3511/3431 2995/3450/3370
f 2995/3450/3370 2994/3511/3431 2991/3512/3432
f 2995/3450/3370 2991/3512/3432 2990/3448/3368
f 2990/3448/3368 2991/3512/3432 2986/3446/3366
f 130/3509/3429 129/3513/3433 2999/3510/3430
f 2999/3510/3430 129/3513/3433 2993/3514/3434
f 2999/3510/3430 2993/3514/3434 2994/3511/3431
f 2994/3511/3431 2993/3514/3434 2992/3515/3435
f 2994/3511/3431 2992/3515/3435 2991/3512/3432
f 2991/3512/3432 2992/3515/3435 2987/3516/3436
f 2991/3512/3432 2987/3516/3436 2986/3446/3366
f 2986/3446/3366 2987/3516/3436 2982/3444/3364
f 2993/3514/3434 129/3513/3433 2867/3517/3437
f 2867/3517/3437 129/3513/3433 128/3518/3438
f 2867/3517/3437 128/3518/3438 2989/3519/3439
f 2989/3519/3439 128/3518/3438 127/3520/3440
f 2989/3519/3439 127/3520/3440 2985/3521/3441
f 2985/3521/3441 127/3520/3440 126/3522/3442
f 2985/3521/3441 126/3522/3442 2865/3436/3356
f 2865/3436/3356 126/3522/3442 125/3434/3354
f 123/3431/3351 122/3523/3443 2967/3429/3349
f 2967/3429/3349 122/3523/3443 2862/3524/3444
f 2967/3429/3349 2862/3524/3444 2961/3427/3347
f 2961/3427/3347 2862/3524/3444 2963/3525/3445
f 2961/3427/3347 2963/3525/3445 2964/3425/3345
f 2964/3425/3345 2963/3525/3445 2956/3526/3446
f 2964/3425/3345 2956/3526/3446 2955/3423/3343
f 2955/3423/3343 2956/3526/3446 2951/3421/3341
f 122/3523/3443 121/3527/3447 2862/3524/3444
f 2862/3524/3444 121/3527/3447 2962/3528/3448
f 2862/3524/3444 2962/3528/3448 2963/3525/3445
f 2963/3525/3445 2962/3528/3448 2957/3529/3449
f 2963/3525/3445 2957/3529/3449 2956/3526/3446
f 2956/3526/3446 2957/3529/3449 2952/3530/3450
f 2956/3526/3446 2952/3530/3450 2951/3421/3341
f 2951/3421/3341 2952/3530/3450 2947/3400/3320
f 2962/3528/3448 121/3527/3447 2958/3531/3451
f 2958/3531/3451 121/3527/3447 120/3532/3452
f 2958/3531/3451 120/3532/3452 2954/3533/3453
f 2954/3533/3453 120/3532/3452 119/3534/3454
f 2954/3533/3453 119/3534/3454 2950/3535/3455
f 2950/3535/3455 119/3534/3454 118/3536/3456
f 2950/3535/3455 118/3536/3456 117/3537/3457
f 2950/3535/3455 117/3537/3457 2942/3538/3458
f 2942/3538/3458 117/3537/3457 116/3539/3459
f 2942/3538/3458 116/3539/3459 2943/3390/3310
f 2943/3390/3310 116/3539/3459 115/3388/3308
f 111/3380/3300 110/3540/3460 2857/3378/3298
f 2857/3378/3298 110/3540/3460 2915/3541/3461
f 2857/3378/3298 2915/3541/3461 2914/3376/3296
f 2914/3376/3296 2915/3541/3461 2907/3542/3462
f 2914/3376/3296 2907/3542/3462 2906/3374/3294
f 2906/3374/3294 2907/3542/3462 2910/3543/3463
f 2906/3374/3294 2910/3543/3463 2911/3372/3292
f 2911/3372/3292 2910/3543/3463 2856/3370/3290
f 110/3540/3460 109/3544/3464 2915/3541/3461
f 2915/3541/3461 109/3544/3464 2908/3545/3465
f 2915/3541/3461 2908/3545/3465 2907/3542/3462
f 2907/3542/3462 2908/3545/3465 2909/3546/3466
f 2907/3542/3462 2909/3546/3466 2910/3543/3463
f 2910/3543/3463 2909/3546/3466 2902/3547/3467
f 2910/3543/3463 2902/3547/3467 2856/3370/3290
f 2856/3370/3290 2902/3547/3467 2894/3364/3284
f 109/3544/3464 108/3548/3468 2908/3545/3465
f 2908/3545/3465 108/3548/3468 2855/3549/3469
f 2908/3545/3465 2855/3549/3469 2909/3546/3466
f 2909/3546/3466 2855/3549/3469 2903/3550/3470
f 2909/3546/3466 2903/3550/3470 2902/3547/3467
f 2902/3547/3467 2903/3550/3470 2895/3551/3471
f 2902/3547/3467 2895/3551/3471 2894/3364/3284
f 2894/3364/3284 2895/3551/3471 2901/3365/3285
f 108/3548/3468 107/3552/3472 2855/3549/3469
f 2855/3549/3469 107/3552/3472 2904/3553/3473
f 2855/3549/3469 2904/3553/3473 2903/3550/3470
f 2903/3550/3470 2904/3553/3473 2896/3554/3474
f 2903/3550/3470 2896/3554/3474 2895/3551/3471
f 2895/3551/3471 2896/3554/3474 2900/3366/3286
f 2895/3551/3471 2900/3366/3286 2901/3365/3285
f 2904/3553/3473 107/3552/3472 2897/3555/3475
f 2897/3555/3475 107/3552/3472 106/3556/3476
f 2897/3555/3475 106/3556/3476 2898/3368/3288
f 2898/3368/3288 106/3556/3476 105/3369/3289
f 2899/3367/3287 2900/3366/3286 2896/3554/3474
f 2898/3368/3288 2899/3367/3287 2897/3555/3475
f 2897/3555/3475 2899/3367/3287 2896/3554/3474
f 2897/3555/3475 2896/3554/3474 2904/3553/3473
f 2919/3413/3333 2920/3557/3477 2858/3411/3331
f 2858/3411/3331 2920/3557/3477 2925/3409/3329
f 2858/3411/3331 2925/3409/3329 2916/3408/3328
f 2925/3409/3329 2920/3557/3477 2921/3410/3330
f 2921/3410/3330 2920/3557/3477 2927/3558/3478
f 2921/3410/3330 2927/3558/3478 2928/3383/3303
f 2928/3383/3303 2927/3558/3478 2932/3385/3305
f 2920/3557/3477 2919/3413/3333 2926/3559/3479
f 2926/3559/3479 2919/3413/3333 2859/3415/3335
f 2926/3559/3479 2859/3415/3335 2934/3560/3480
f 2934/3560/3480 2859/3415/3335 2935/3417/3337
f 2934/3560/3480 2935/3417/3337 2930/3419/3339
f 2920/3557/3477 2926/3559/3479 2927/3558/3478
f 2927/3558/3478 2926/3559/3479 2933/3561/3481
f 2927/3558/3478 2933/3561/3481 2932/3385/3305
f 2932/3385/3305 2933/3561/3481 2860/3387/3307
f 2933/3561/3481 2926/3559/3479 2934/3560/3480
f 2933/3561/3481 2934/3560/3480 2931/3562/3482
f 2931/3562/3482 2934/3560/3480 2930/3419/3339
f 2931/3562/3482 2930/3419/3339 2937/3391/3311
f 2938/3389/3309 2860/3387/3307 2931/3562/3482
f 2931/3562/3482 2860/3387/3307 2933/3561/3481
f 2938/3389/3309 2931/3562/3482 2937/3391/3311
f 2945/3394/3314 2946/3396/3316 2940/3563/3483
f 2940/3563/3483 2946/3396/3316 2939/3398/3318
f 2940/3563/3483 2939/3398/3318 2948/3564/3484
f 2948/3564/3484 2939/3398/3318 2947/3400/3320
f 2948/3564/3484 2947/3400/3320 2952/3530/3450
f 2944/3392/3312 2945/3394/3314 2941/3565/3485
f 2941/3565/3485 2945/3394/3314 2940/3563/3483
f 2941/3565/3485 2940/3563/3483 2949/3566/3486
f 2949/3566/3486 2940/3563/3483 2948/3564/3484
f 2949/3566/3486 2948/3564/3484 2953/3567/3487
f 2953/3567/3487 2948/3564/3484 2952/3530/3450
f 2953/3567/3487 2952/3530/3450 2957/3529/3449
f 2943/3390/3310 2944/3392/3312 2942/3538/3458
f 2942/3538/3458 2944/3392/3312 2941/3565/3485
f 2942/3538/3458 2941/3565/3485 2950/3535/3455
f 2950/3535/3455 2941/3565/3485 2949/3566/3486
f 2950/3535/3455 2949/3566/3486 2954/3533/3453
f 2954/3533/3453 2949/3566/3486 2953/3567/3487
f 2954/3533/3453 2953/3567/3487 2958/3531/3451
f 2958/3531/3451 2953/3567/3487 2957/3529/3449
f 2958/3531/3451 2957/3529/3449 2962/3528/3448
f 2975/3477/3397 2968/3479/3399 2969/3478/3398
f 2969/3478/3398 2968/3479/3399 2976/3439/3359
f 2969/3478/3398 2976/3439/3359 2977/3437/3357
f 2866/3441/3361 2976/3439/3359 2968/3479/3399
f 2865/3436/3356 2979/3438/3358 2985/3521/3441
f 2985/3521/3441 2979/3438/3358 2984/3568/3488
f 2985/3521/3441 2984/3568/3488 2989/3519/3439
f 2989/3519/3439 2984/3568/3488 2988/3569/3489
f 2989/3519/3439 2988/3569/3489 2867/3517/3437
f 2867/3517/3437 2988/3569/3489 2992/3515/3435
f 2867/3517/3437 2992/3515/3435 2993/3514/3434
f 2979/3438/3358 2980/3440/3360 2984/3568/3488
f 2984/3568/3488 2980/3440/3360 2983/3570/3490
f 2984/3568/3488 2983/3570/3490 2988/3569/3489
f 2988/3569/3489 2983/3570/3490 2987/3516/3436
f 2988/3569/3489 2987/3516/3436 2992/3515/3435
f 2980/3440/3360 2981/3442/3362 2983/3570/3490
f 2983/3570/3490 2981/3442/3362 2982/3444/3364
f 2983/3570/3490 2982/3444/3364 2987/3516/3436
f 3007/3464/3384 3008/3462/3382 3006/3489/3409
f 3019/3493/3413 3020/3492/3412 3014/3571/3491
f 3014/3571/3491 3020/3492/3412 3013/3491/3411
f 3014/3571/3491 3013/3491/3411 3022/3500/3420
f 3022/3500/3420 3013/3491/3411 3021/3497/3417
f 3018/3494/3414 3019/3493/3413 3015/3572/3492
f 3015/3572/3492 3019/3493/3413 3014/3571/3491
f 3015/3572/3492 3014/3571/3491 3023/3502/3422
f 3023/3502/3422 3014/3571/3491 3022/3500/3420
f 3017/3495/3415 3018/3494/3414 3016/3507/3427
f 3016/3507/3427 3018/3494/3414 3015/3572/3492
f 3016/3507/3427 3015/3572/3492 2872/3504/3424
f 2872/3504/3424 3015/3572/3492 3023/3502/3422
f 508/3573/557 3024/3574/3493 509/3575/558
f 509/3575/558 3024/3574/3493 3025/3576/3494
f 509/3575/558 3025/3576/3494 2813/3577/3495
f 2813/3577/3495 3025/3576/3494 2814/3578/3496
f 2814/3578/3496 3025/3576/3494 3026/3579/3497
f 2814/3578/3496 3026/3579/3497 2815/3580/3498
f 2815/3580/3498 3026/3579/3497 2816/3581/3499
f 2816/3581/3499 3026/3579/3497 2807/3582/3238
f 2807/3582/3238 3026/3579/3497 3025/3576/3494
f 2807/3582/3238 3025/3576/3494 2808/3583/3236
f 2808/3583/3236 3025/3576/3494 3024/3574/3493
f 2808/3583/3236 3024/3574/3493 2809/3584/3234
f 2809/3584/3234 3024/3574/3493 2810/3585/3232
f 2810/3585/3232 3024/3574/3493 508/3573/557
f 11/3586/22 43/3587/55 3034/3588/3500
f 3034/3588/3500 43/3587/55 3027/3589/3501
f 3034/3588/3500 3027/3589/3501 3033/3590/3502
f 3033/3590/3502 3027/3589/3501 3028/3591/3503
f 3033/3590/3502 3028/3591/3503 3032/3592/3504
f 3032/3592/3504 3028/3591/3503 3029/3593/3505
f 3032/3592/3504 3029/3593/3505 3031/3594/3506
f 3031/3594/3506 3029/3593/3505 3030/3595/3507
f 3027/3596/3501 43/3597/55 3035/3598/3508
f 3035/3598/3508 43/3597/55 81/3599/99
f 3035/3598/3508 81/3599/99 2851/3600/3509
f 3035/3598/3508 2851/3600/3509 3036/3601/3510
f 3036/3601/3510 2851/3600/3509 2850/3602/3511
f 3036/3601/3510 2850/3602/3511 2849/3603/3512
f 2849/3603/3512 2848/3604/3513 3036/3601/3510
f 3036/3601/3510 2848/3604/3513 3029/3605/3505
f 3036/3601/3510 3029/3605/3505 3028/3606/3503
f 2848/3604/3513 3030/3607/3507 3029/3605/3505
f 3028/3606/3503 3027/3596/3501 3036/3601/3510
f 3036/3601/3510 3027/3596/3501 3035/3598/3508
f 11/3608/22 3037/3609/3514 12/3610/23
f 12/3610/23 3037/3609/3514 3038/3611/3515
f 12/3610/23 3038/3611/3515 2282/3612/3516
f 2282/3612/3516 3038/3611/3515 2283/3613/3517
f 2283/3613/3517 3038/3611/3515 3039/3614/3518
f 2283/3613/3517 3039/3614/3518 2284/3615/3519
f 2284/3615/3519 3039/3614/3518 2285/3616/3520
f 2285/3616/3520 3039/3614/3518 3031/3617/3506
f 3031/3617/3506 3039/3614/3518 3038/3611/3515
f 3031/3617/3506 3038/3611/3515 3032/3618/3504
f 3032/3618/3504 3038/3611/3515 3037/3609/3514
f 3032/3618/3504 3037/3609/3514 3033/3619/3502
f 3033/3619/3502 3037/3609/3514 3034/3620/3500
f 3034/3620/3500 3037/3609/3514 11/3608/22
f 684/3621/3521 3068/3622/3522 601/3623/3523
f 601/3623/3523 3068/3622/3522 3065/3624/3524
f 601/3623/3523 3065/3624/3524 3066/3625/3525
f 684/3621/3521 683/3626/3526 3068/3622/3522
f 3068/3622/3522 683/3626/3526 3069/3627/3527
f 3068/3622/3522 3069/3627/3527 3064/3628/3528
f 3064/3628/3528 3069/3627/3527 3063/3629/3529
f 3063/3629/3529 3069/3627/3527 3070/3630/3530
f 3063/3629/3529 3070/3630/3530 3062/3631/3531
f 3062/3631/3531 3070/3630/3530 3071/3632/3532
f 3062/3631/3531 3071/3632/3532 3061/3633/3533
f 3061/3633/3533 3071/3632/3532 3072/3634/3534
f 3061/3633/3533 3072/3634/3534 3060/3635/3535
f 3060/3635/3535 3072/3634/3534 3073/3636/3536
f 3060/3635/3535 3073/3636/3536 3059/3637/3537
f 3059/3637/3537 3073/3636/3536 3074/3638/3538
f 3059/3637/3537 3074/3638/3538 3058/3639/3539
f 3058/3639/3539 3074/3638/3538 3075/3640/3540
f 3058/3639/3539 3075/3640/3540 3057/3641/3541
f 3057/3641/3541 3075/3640/3540 3076/3642/3542
f 3057/3641/3541 3076/3642/3542 3056/3643/3543
f 3056/3643/3543 3076/3642/3542 3077/3644/3544
f 3056/3643/3543 3077/3644/3544 3055/3645/3545
f 3055/3645/3545 3077/3644/3544 3078/3646/3546
f 3055/3645/3545 3078/3646/3546 3054/3647/3547
f 3054/3647/3547 3078/3646/3546 3079/3648/3548
f 3054/3647/3547 3079/3648/3548 3053/3649/3549
f 3053/3649/3549 3079/3648/3548 3067/3650/3550
f 3053/3649/3549 3067/3650/3550 3052/3651/3551
f 3052/3651/3551 3067/3650/3550 3080/3652/3552
f 3052/3651/3551 3080/3652/3552 3051/3653/3553
f 3051/3653/3553 3080/3652/3552 3081/3654/3554
f 3051/3653/3553 3081/3654/3554 3050/3655/3555
f 3050/3655/3555 3081/3654/3554 3082/3656/3556
f 3050/3655/3555 3082/3656/3556 3049/3657/3557
f 3049/3657/3557 3082/3656/3556 3083/3658/3558
f 3049/3657/3557 3083/3658/3558 3048/3659/3559
f 3048/3659/3559 3083/3658/3558 3084/3660/3560
f 3048/3659/3559 3084/3660/3560 3047/3661/3561
f 3047/3661/3561 3084/3660/3560 3085/3662/3562
f 3047/3661/3561 3085/3662/3562 3046/3663/3563
f 3046/3663/3563 3085/3662/3562 3086/3664/3564
f 3046/3663/3563 3086/3664/3564 3045/3665/3565
f 3045/3665/3565 3086/3664/3564 3087/3666/3566
f 3045/3665/3565 3087/3666/3566 3044/3667/3567
f 3044/3667/3567 3087/3666/3566 3088/3668/3568
f 3044/3667/3567 3088/3668/3568 3043/3669/3569
f 3043/3669/3569 3088/3668/3568 3089/3670/3570
f 3043/3669/3569 3089/3670/3570 3042/3671/3571
f 3042/3671/3571 3089/3670/3570 3090/3672/3572
f 3042/3671/3571 3090/3672/3572 3041/3673/3573
f 3041/3673/3573 3090/3672/3572 3091/3674/3574
f 3041/3673/3573 3091/3674/3574 3040/3675/3575
f 3040/3675/3575 3091/3674/3574 2490/3676/2809
f 2490/3676/2809 3091/3674/3574 654/3677/3576
f 2490/3676/2809 654/3677/3576 653/3678/3577
f 683/3626/3526 682/3679/3578 3069/3627/3527
f 3069/3627/3527 682/3679/3578 3070/3630/3530
f 682/3679/3578 681/3680/3579 3070/3630/3530
f 3070/3630/3530 681/3680/3579 3071/3632/3532
f 681/3680/3579 680/3681/3580 3071/3632/3532
f 3071/3632/3532 680/3681/3580 679/3682/3581
f 3071/3632/3532 679/3682/3581 3072/3634/3534
f 3072/3634/3534 679/3682/3581 678/3683/3582
f 3072/3634/3534 678/3683/3582 3073/3636/3536
f 3073/3636/3536 678/3683/3582 677/3684/3583
f 3073/3636/3536 677/3684/3583 3074/3638/3538
f 3074/3638/3538 677/3684/3583 676/3685/3584
f 3074/3638/3538 676/3685/3584 3075/3640/3540
f 3075/3640/3540 676/3685/3584 675/3686/3585
f 3075/3640/3540 675/3686/3585 674/3687/3586
f 3075/3640/3540 674/3687/3586 3076/3642/3542
f 3076/3642/3542 674/3687/3586 673/3688/3587
f 3076/3642/3542 673/3688/3587 3077/3644/3544
f 3077/3644/3544 673/3688/3587 672/3689/3588
f 3077/3644/3544 672/3689/3588 3078/3646/3546
f 3078/3646/3546 672/3689/3588 671/3690/3589
f 3078/3646/3546 671/3690/3589 3079/3648/3548
f 3079/3648/3548 671/3690/3589 670/3691/3590
f 3079/3648/3548 670/3691/3590 3067/3650/3550
f 3067/3650/3550 670/3691/3590 669/3692/3591
f 3067/3650/3550 669/3692/3591 668/3693/3592
f 3067/3650/3550 668/3693/3592 3080/3652/3552
f 3080/3652/3552 668/3693/3592 667/3694/3593
f 3080/3652/3552 667/3694/3593 3081/3654/3554
f 3081/3654/3554 667/3694/3593 666/3695/3594
f 3081/3654/3554 666/3695/3594 3082/3656/3556
f 3082/3656/3556 666/3695/3594 665/3696/3595
f 3082/3656/3556 665/3696/3595 3083/3658/3558
f 3083/3658/3558 665/3696/3595 664/3697/3596
f 3083/3658/3558 664/3697/3596 3084/3660/3560
f 3084/3660/3560 664/3697/3596 663/3698/3597
f 3084/3660/3560 663/3698/3597 662/3699/3598
f 3084/3660/3560 662/3699/3598 3085/3662/3562
f 3085/3662/3562 662/3699/3598 661/3700/3599
f 3085/3662/3562 661/3700/3599 3086/3664/3564
f 3086/3664/3564 661/3700/3599 660/3701/3600
f 3086/3664/3564 660/3701/3600 3087/3666/3566
f 3087/3666/3566 660/3701/3600 659/3702/3601
f 3087/3666/3566 659/3702/3601 3088/3668/3568
f 3088/3668/3568 659/3702/3601 658/3703/3602
f 3088/3668/3568 658/3703/3602 657/3704/3603
f 3088/3668/3568 657/3704/3603 3089/3670/3570
f 3089/3670/3570 657/3704/3603 656/3705/3604
f 3089/3670/3570 656/3705/3604 3090/3672/3572
f 3090/3672/3572 656/3705/3604 655/3706/3605
f 3090/3672/3572 655/3706/3605 3091/3674/3574
f 3091/3674/3574 655/3706/3605 654/3677/3576
f 3064/3628/3528 3065/3624/3524 3068/3622/3522
f 2285/3707/3606 3031/3708/3607 2275/3709/3608
f 2275/3709/3608 3031/3708/3607 3030/3710/3609
f 2275/3709/3608 3030/3710/3609 2268/3711/3610
f 2268/3711/3610 3030/3710/3609 2807/3712/3611
f 2268/3711/3610 2807/3712/3611 2051/3713/3612
f 2051/3713/3612 2807/3712/3611 2806/3714/3613
f 2051/3713/3612 2806/3714/3613 2040/3715/3614
f 2040/3715/3614 2806/3714/3613 2627/3716/3615
f 2040/3715/3614 2627/3716/3615 2041/3717/3616
f 2041/3717/3616 2627/3716/3615 2626/3718/3617
f 2041/3717/3616 2626/3718/3617 2625/3719/3618
f 3030/3710/3609 2848/3720/3619 2807/3712/3611
f 2807/3712/3611 2848/3720/3619 2816/3721/3620
f 2816/3721/3620 2848/3720/3619 2847/3722/3621
f 2816/3721/3620 2847/3722/3621 2846/3723/3622
f 2846/3723/3622 2845/3724/3623 2816/3721/3620
f 2816/3721/3620 2845/3724/3623 2844/3725/3624
f 2816/3721/3620 2844/3725/3624 2843/3726/3625
f 2843/3726/3625 2842/3727/3626 2816/3721/3620
f 2816/3721/3620 2842/3727/3626 2841/3728/3627
f 2816/3721/3620 2841/3728/3627 2840/3729/3628
f 2840/3729/3628 2839/3730/3629 2816/3721/3620
f 2816/3721/3620 2839/3730/3629 2838/3731/3630
f 2816/3721/3620 2838/3731/3630 2837/3732/3631
f 2837/3732/3631 2836/3733/3632 2816/3721/3620
f 2816/3721/3620 2836/3733/3632 2835/3734/3633
f 2816/3721/3620 2835/3734/3633 2834/3735/3634
f 2834/3735/3634 2833/3736/3635 2816/3721/3620
f 2816/3721/3620 2833/3736/3635 2832/3737/3636
f 2816/3721/3620 2832/3737/3636 2831/3738/3637
f 2831/3738/3637 2830/3739/3638 2816/3721/3620
f 2816/3721/3620 2830/3739/3638 2829/3740/3639
f 2816/3721/3620 2829/3740/3639 2828/3741/3640
f 2828/3741/3640 2827/3742/3641 2816/3721/3620
f 2816/3721/3620 2827/3742/3641 2826/3743/3642
f 2816/3721/3620 2826/3743/3642 2825/3744/3643
f 2825/3744/3643 2824/3745/3644 2816/3721/3620
f 2816/3721/3620 2824/3745/3644 2823/3746/3645
f 2816/3721/3620 2823/3746/3645 2822/3747/3646
f 2822/3747/3646 2821/3748/3647 2816/3721/3620
f 2816/3721/3620 2821/3748/3647 2820/3749/3648
f 2816/3721/3620 2820/3749/3648 2819/3750/3649
f 2819/3750/3649 2818/3751/3650 2816/3721/3620
f 2816/3721/3620 2818/3751/3650 2817/3752/3651
f 2625/3719/3618 2624/3753/3652 2041/3717/3616
f 2041/3717/3616 2624/3753/3652 2623/3754/3653
f 2041/3717/3616 2623/3754/3653 2622/3755/3654
f 2622/3755/3654 2621/3756/3655 2041/3717/3616
f 2041/3717/3616 2621/3756/3655 2620/3757/3656
f 2041/3717/3616 2620/3757/3656 2619/3758/3657
f 2619/3758/3657 2618/3759/3658 2041/3717/3616
f 2041/3717/3616 2618/3759/3658 2617/3760/3659
f 2041/3717/3616 2617/3760/3659 2616/3761/3660
f 2616/3761/3660 2615/3762/3661 2041/3717/3616
f 2041/3717/3616 2615/3762/3661 2614/3763/3662
f 2041/3717/3616 2614/3763/3662 2613/3764/3663
f 2613/3764/3663 2612/3765/3664 2041/3717/3616
f 2041/3717/3616 2612/3765/3664 2611/3766/3665
f 2041/3717/3616 2611/3766/3665 2610/3767/3666
f 2610/3767/3666 2609/3768/3667 2041/3717/3616
f 2041/3717/3616 2609/3768/3667 2608/3769/3668
f 2041/3717/3616 2608/3769/3668 2607/3770/3669
f 2607/3770/3669 2606/3771/3670 2041/3717/3616
f 2041/3717/3616 2606/3771/3670 2605/3772/3671
f 2041/3717/3616 2605/3772/3671 2604/3773/3672
f 2604/3773/3672 2603/3774/3673 2041/3717/3616
f 2041/3717/3616 2603/3774/3673 2602/3775/3674
f 2041/3717/3616 2602/3775/3674 2601/3776/3675
f 2601/3776/3675 2600/3777/3676 2041/3717/3616
f 2041/3717/3616 2600/3777/3676 2599/3778/3677
f 2041/3717/3616 2599/3778/3677 2598/3779/3678
f 2598/3779/3678 2597/3780/3679 2041/3717/3616
f 2041/3717/3616 2597/3780/3679 2596/3781/3680
f 2268/3711/3610 2051/3713/3612 2061/3782/3681
f 2061/3782/3681 2051/3713/3612 2055/3783/3682
f 2061/3782/3681 2055/3783/3682 2062/3784/3683
f 2062/3784/3683 2055/3783/3682 2063/3785/3684
f 2063/3785/3684 2055/3783/3682 2064/3786/3685
f 2064/3786/3685 2055/3783/3682 2065/3787/3686
f 2065/3787/3686 2055/3783/3682 2066/3788/3687
f 2066/3788/3687 2055/3783/3682 2067/3789/3688
f 2067/3789/3688 2055/3783/3682 2068/3790/3689
f 2068/3790/3689 2055/3783/3682 2069/3791/3690
f 2069/3791/3690 2055/3783/3682 2070/3792/3691
f 2070/3792/3691 2055/3783/3682 2071/3793/3692
f 2071/3793/3692 2055/3783/3682 2072/3794/3693
f 2072/3794/3693 2055/3783/3682 2073/3795/3694
f 2073/3795/3694 2055/3783/3682 2074/3796/3695
f 2074/3796/3695 2055/3783/3682 2075/3797/3696
f 2075/3797/3696 2055/3783/3682 2076/3798/3697
f 2076/3798/3697 2055/3783/3682 2077/3799/3698
f 2077/3799/3698 2055/3783/3682 2078/3800/3699
f 2078/3800/3699 2055/3783/3682 2079/3801/3700
f 2079/3801/3700 2055/3783/3682 2080/3802/3701
f 2080/3802/3701 2055/3783/3682 2081/3803/3702
f 2081/3803/3702 2055/3783/3682 2082/3804/3703
f 2082/3804/3703 2055/3783/3682 2083/3805/3704
f 2083/3805/3704 2055/3783/3682 2084/3806/3705
f 2084/3806/3705 2055/3783/3682 2085/3807/3706
f 2085/3807/3706 2055/3783/3682 2086/3808/3707
f 2086/3808/3707 2055/3783/3682 2087/3809/3708
f 2087/3809/3708 2055/3783/3682 2088/3810/3709
f 2088/3810/3709 2055/3783/3682 2089/3811/3710
f 2089/3811/3710 2055/3783/3682 2090/3812/3711
f 2090/3812/3711 2055/3783/3682 2091/3813/3712
f 2091/3813/3712 2055/3783/3682 2092/3814/3713
f 2275/3709/3608 2279/3815/3714 2285/3707/3606
f 2285/3707/3606 2279/3815/3714 2286/3816/3715
f 2286/3816/3715 2279/3815/3714 2287/3817/3716
f 2287/3817/3716 2279/3815/3714 2288/3818/3717
f 2288/3818/3717 2279/3815/3714 2289/3819/3718
f 2289/3819/3718 2279/3815/3714 2290/3820/3719
f 2290/3820/3719 2279/3815/3714 2291/3821/3720
f 2291/3821/3720 2279/3815/3714 2292/3822/3721
f 2292/3822/3721 2279/3815/3714 2293/3823/3722
f 2293/3823/3722 2279/3815/3714 2294/3824/3723
f 2294/3824/3723 2279/3815/3714 2295/3825/3724
f 2295/3825/3724 2279/3815/3714 2296/3826/3725
f 2296/3826/3725 2279/3815/3714 2297/3827/3726
f 2297/3827/3726 2279/3815/3714 2298/3828/3727
f 2298/3828/3727 2279/3815/3714 2299/3829/3728
f 2299/3829/3728 2279/3815/3714 2300/3830/3729
f 2300/3830/3729 2279/3815/3714 2301/3831/3730
f 2301/3831/3730 2279/3815/3714 2302/3832/3731
f 2302/3832/3731 2279/3815/3714 2303/3833/3732
f 2303/3833/3732 2279/3815/3714 2304/3834/3733
f 2304/3834/3733 2279/3815/3714 2305/3835/3734
f 2305/3835/3734 2279/3815/3714 2306/3836/3735
f 2306/3836/3735 2279/3815/3714 2307/3837/3736
f 2307/3837/3736 2279/3815/3714 2308/3838/3737
f 2308/3838/3737 2279/3815/3714 2309/3839/3738
f 2309/3839/3738 2279/3815/3714 2310/3840/3739
f 2310/3840/3739 2279/3815/3714 2311/3841/3740
f 2311/3841/3740 2279/3815/3714 2312/3842/3741
f 2312/3842/3741 2279/3815/3714 2313/3843/3742
f 2313/3843/3742 2279/3815/3714 2314/3844/3743
f 2314/3844/3743 2279/3815/3714 2315/3845/3744
f 2315/3845/3744 2279/3815/3714 2316/3846/3745
f 3093/3847/3746 3151/3848/3747 3092/3849/3748
f 3092/3849/3748 3151/3848/3747 3132/3850/3749
f 3092/3849/3748 3132/3850/3749 3131/3851/3750
f 3131/3851/3750 3132/3850/3749 3168/3852/3751
f 3131/3851/3750 3168/3852/3751 3133/3853/3752
f 3133/3853/3752 3168/3852/3751 3167/3854/3753
f 3133/3853/3752 3167/3854/3753 3176/3855/3754
f 3176/3855/3754 3167/3854/3753 3166/3856/3755
f 3176/3855/3754 3166/3856/3755 3175/3857/3756
f 3175/3857/3756 3166/3856/3755 3165/3858/3757
f 3175/3857/3756 3165/3858/3757 3174/3859/3758
f 3174/3859/3758 3165/3858/3757 3164/3860/3759
f 3174/3859/3758 3164/3860/3759 3173/3861/3760
f 3173/3861/3760 3164/3860/3759 3163/3862/3761
f 3173/3861/3760 3163/3862/3761 3172/3863/3762
f 3172/3863/3762 3163/3862/3761 3162/3864/3763
f 3172/3863/3762 3162/3864/3763 3171/3865/3764
f 3171/3865/3764 3162/3864/3763 3161/3866/3765
f 3171/3865/3764 3161/3866/3765 3170/3867/3766
f 3170/3867/3766 3161/3866/3765 3160/3868/3767
f 3170/3867/3766 3160/3868/3767 3169/3869/3768
f 3169/3869/3768 3160/3868/3767 3103/3870/3769
f 3169/3869/3768 3103/3870/3769 3104/3871/3770
f 3093/3847/3746 3094/3872/3771 3151/3848/3747
f 3151/3848/3747 3094/3872/3771 3150/3873/3772
f 3151/3848/3747 3150/3873/3772 3132/3850/3749
f 3132/3850/3749 3150/3873/3772 3159/3874/3773
f 3132/3850/3749 3159/3874/3773 3168/3852/3751
f 3168/3852/3751 3159/3874/3773 3167/3854/3753
f 3094/3872/3771 3095/3875/3774 3150/3873/3772
f 3150/3873/3772 3095/3875/3774 3149/3876/3775
f 3150/3873/3772 3149/3876/3775 3159/3874/3773
f 3159/3874/3773 3149/3876/3775 3158/3877/3776
f 3159/3874/3773 3158/3877/3776 3167/3854/3753
f 3167/3854/3753 3158/3877/3776 3166/3856/3755
f 3095/3875/3774 3096/3878/3777 3149/3876/3775
f 3149/3876/3775 3096/3878/3777 3148/3879/3778
f 3149/3876/3775 3148/3879/3778 3158/3877/3776
f 3158/3877/3776 3148/3879/3778 3157/3880/3779
f 3158/3877/3776 3157/3880/3779 3166/3856/3755
f 3166/3856/3755 3157/3880/3779 3165/3858/3757
f 3096/3878/3777 3097/3881/3780 3148/3879/3778
f 3148/3879/3778 3097/3881/3780 3147/3882/3781
f 3148/3879/3778 3147/3882/3781 3157/3880/3779
f 3157/3880/3779 3147/3882/3781 3156/3883/3782
f 3157/3880/3779 3156/3883/3782 3165/3858/3757
f 3165/3858/3757 3156/3883/3782 3164/3860/3759
f 3147/3882/3781 3097/3881/3780 3146/3884/3783
f 3146/3884/3783 3097/3881/3780 3098/3885/3784
f 3146/3884/3783 3098/3885/3784 3145/3886/3785
f 3145/3886/3785 3098/3885/3784 3144/3887/3786
f 3145/3886/3785 3144/3887/3786 3154/3888/3787
f 3154/3888/3787 3144/3887/3786 3153/3889/3788
f 3154/3888/3787 3153/3889/3788 3162/3864/3763
f 3162/3864/3763 3153/3889/3788 3161/3866/3765
f 3098/3885/3784 3099/3890/3789 3144/3887/3786
f 3144/3887/3786 3099/3890/3789 3143/3891/3790
f 3144/3887/3786 3143/3891/3790 3153/3889/3788
f 3153/3889/3788 3143/3891/3790 3152/3892/3791
f 3153/3889/3788 3152/3892/3791 3161/3866/3765
f 3161/3866/3765 3152/3892/3791 3160/3868/3767
f 3099/3890/3789 3100/3893/3792 3143/3891/3790
f 3143/3891/3790 3100/3893/3792 3101/3894/3793
f 3143/3891/3790 3101/3894/3793 3152/3892/3791
f 3152/3892/3791 3101/3894/3793 3102/3895/3794
f 3152/3892/3791 3102/3895/3794 3160/3868/3767
f 3160/3868/3767 3102/3895/3794 3103/3870/3769
f 3169/3869/3768 3104/3871/3770 3135/3896/3795
f 3135/3896/3795 3104/3871/3770 3105/3897/3796
f 3135/3896/3795 3105/3897/3796 3201/3898/3797
f 3201/3898/3797 3105/3897/3796 3185/3899/3798
f 3201/3898/3797 3185/3899/3798 3186/3900/3799
f 3186/3900/3799 3185/3899/3798 3203/3901/3800
f 3186/3900/3799 3203/3901/3800 3204/3902/3801
f 3204/3902/3801 3203/3901/3800 3213/3903/3802
f 3204/3902/3801 3213/3903/3802 3214/3904/3803
f 3214/3904/3803 3213/3903/3802 3221/3905/3804
f 3214/3904/3803 3221/3905/3804 3222/3906/3805
f 3222/3906/3805 3221/3905/3804 3239/3907/3806
f 3222/3906/3805 3239/3907/3806 3238/3908/3807
f 3238/3908/3807 3239/3907/3806 3232/3909/3808
f 3238/3908/3807 3232/3909/3808 3233/3910/3809
f 3233/3910/3809 3232/3909/3808 3250/3911/3810
f 3233/3910/3809 3250/3911/3810 3251/3912/3811
f 3251/3912/3811 3250/3911/3810 3260/3913/3812
f 3251/3912/3811 3260/3913/3812 3139/3914/3813
f 3139/3914/3813 3260/3913/3812 3269/3915/3814
f 3139/3914/3813 3269/3915/3814 3126/3916/3815
f 3126/3916/3815 3269/3915/3814 3140/3917/3816
f 3126/3916/3815 3140/3917/3816 3125/3918/3817
f 3125/3918/3817 3140/3917/3816 3278/3919/3818
f 3125/3918/3817 3278/3919/3818 3294/3920/3819
f 3294/3920/3819 3278/3919/3818 3277/3921/3820
f 3294/3920/3819 3277/3921/3820 3293/3922/3821
f 3293/3922/3821 3277/3921/3820 3276/3923/3822
f 3293/3922/3821 3276/3923/3822 3292/3924/3823
f 3292/3924/3823 3276/3923/3822 3275/3925/3824
f 3292/3924/3823 3275/3925/3824 3291/3926/3825
f 3291/3926/3825 3275/3925/3824 3274/3927/3826
f 3291/3926/3825 3274/3927/3826 3290/3928/3827
f 3290/3928/3827 3274/3927/3826 3273/3929/3828
f 3290/3928/3827 3273/3929/3828 3289/3930/3829
f 3289/3930/3829 3273/3929/3828 3272/3931/3830
f 3289/3930/3829 3272/3931/3830 3288/3932/3831
f 3288/3932/3831 3272/3931/3830 3271/3933/3832
f 3288/3932/3831 3271/3933/3832 3287/3934/3833
f 3287/3934/3833 3271/3933/3832 3270/3935/3834
f 3287/3934/3833 3270/3935/3834 3286/3936/3835
f 3286/3936/3835 3270/3935/3834 3114/3937/3836
f 3286/3936/3835 3114/3937/3836 3115/3938/3837
f 3105/3897/3796 3106/3939/3838 3185/3899/3798
f 3185/3899/3798 3106/3939/3838 3202/3940/3839
f 3185/3899/3798 3202/3940/3839 3203/3901/3800
f 3203/3901/3800 3202/3940/3839 3212/3941/3840
f 3203/3901/3800 3212/3941/3840 3213/3903/3802
f 3213/3903/3802 3212/3941/3840 3220/3942/3841
f 3213/3903/3802 3220/3942/3841 3221/3905/3804
f 3221/3905/3804 3220/3942/3841 3240/3943/3842
f 3221/3905/3804 3240/3943/3842 3239/3907/3806
f 3239/3907/3806 3240/3943/3842 3231/3944/3843
f 3239/3907/3806 3231/3944/3843 3232/3909/3808
f 3232/3909/3808 3231/3944/3843 3249/3945/3844
f 3232/3909/3808 3249/3945/3844 3250/3911/3810
f 3250/3911/3810 3249/3945/3844 3259/3946/3845
f 3250/3911/3810 3259/3946/3845 3260/3913/3812
f 3260/3913/3812 3259/3946/3845 3268/3947/3846
f 3260/3913/3812 3268/3947/3846 3269/3915/3814
f 3269/3915/3814 3268/3947/3846 3140/3917/3816
f 3106/3939/3838 3107/3948/3847 3202/3940/3839
f 3202/3940/3839 3107/3948/3847 3211/3949/3848
f 3202/3940/3839 3211/3949/3848 3212/3941/3840
f 3212/3941/3840 3211/3949/3848 3219/3950/3849
f 3212/3941/3840 3219/3950/3849 3220/3942/3841
f 3220/3942/3841 3219/3950/3849 3241/3951/3850
f 3220/3942/3841 3241/3951/3850 3240/3943/3842
f 3240/3943/3842 3241/3951/3850 3230/3952/3851
f 3240/3943/3842 3230/3952/3851 3231/3944/3843
f 3231/3944/3843 3230/3952/3851 3248/3953/3852
f 3231/3944/3843 3248/3953/3852 3249/3945/3844
f 3249/3945/3844 3248/3953/3852 3258/3954/3853
f 3249/3945/3844 3258/3954/3853 3259/3946/3845
f 3259/3946/3845 3258/3954/3853 3267/3955/3854
f 3259/3946/3845 3267/3955/3854 3268/3947/3846
f 3268/3947/3846 3267/3955/3854 3279/3956/3855
f 3268/3947/3846 3279/3956/3855 3140/3917/3816
f 3140/3917/3816 3279/3956/3855 3278/3919/3818
f 3107/3948/3847 3108/3957/3856 3211/3949/3848
f 3211/3949/3848 3108/3957/3856 3138/3958/3857
f 3211/3949/3848 3138/3958/3857 3219/3950/3849
f 3219/3950/3849 3138/3958/3857 3242/3959/3858
f 3219/3950/3849 3242/3959/3858 3241/3951/3850
f 3241/3951/3850 3242/3959/3858 3229/3960/3859
f 3241/3951/3850 3229/3960/3859 3230/3952/3851
f 3230/3952/3851 3229/3960/3859 3247/3961/3860
f 3230/3952/3851 3247/3961/3860 3248/3953/3852
f 3248/3953/3852 3247/3961/3860 3257/3962/3861
f 3248/3953/3852 3257/3962/3861 3258/3954/3853
f 3258/3954/3853 3257/3962/3861 3266/3963/3862
f 3258/3954/3853 3266/3963/3862 3267/3955/3854
f 3267/3955/3854 3266/3963/3862 3280/3964/3863
f 3267/3955/3854 3280/3964/3863 3279/3956/3855
f 3279/3956/3855 3280/3964/3863 3277/3921/3820
f 3279/3956/3855 3277/3921/3820 3278/3919/3818
f 3108/3957/3856 3109/3965/3864 3138/3958/3857
f 3138/3958/3857 3109/3965/3864 3243/3966/3865
f 3138/3958/3857 3243/3966/3865 3242/3959/3858
f 3242/3959/3858 3243/3966/3865 3228/3967/3866
f 3242/3959/3858 3228/3967/3866 3229/3960/3859
f 3229/3960/3859 3228/3967/3866 3246/3968/3867
f 3229/3960/3859 3246/3968/3867 3247/3961/3860
f 3247/3961/3860 3246/3968/3867 3256/3969/3868
f 3247/3961/3860 3256/3969/3868 3257/3962/3861
f 3257/3962/3861 3256/3969/3868 3265/3970/3869
f 3257/3962/3861 3265/3970/3869 3266/3963/3862
f 3266/3963/3862 3265/3970/3869 3281/3971/3870
f 3266/3963/3862 3281/3971/3870 3280/3964/3863
f 3280/3964/3863 3281/3971/3870 3276/3923/3822
f 3280/3964/3863 3276/3923/3822 3277/3921/3820
f 3243/3966/3865 3109/3965/3864 3227/3972/3871
f 3227/3972/3871 3109/3965/3864 3110/3973/3872
f 3227/3972/3871 3110/3973/3872 3244/3974/3873
f 3244/3974/3873 3110/3973/3872 3111/3975/3874
f 3244/3974/3873 3111/3975/3874 3253/3976/3875
f 3253/3976/3875 3111/3975/3874 3112/3977/3876
f 3253/3976/3875 3112/3977/3876 3261/3978/3877
f 3261/3978/3877 3112/3977/3876 3141/3979/3878
f 3261/3978/3877 3141/3979/3878 3285/3980/3879
f 3285/3980/3879 3141/3979/3878 3271/3933/3832
f 3285/3980/3879 3271/3933/3832 3272/3931/3830
f 3112/3977/3876 3113/3981/3880 3141/3979/3878
f 3141/3979/3878 3113/3981/3880 3270/3935/3834
f 3141/3979/3878 3270/3935/3834 3271/3933/3832
f 3113/3981/3880 3114/3937/3836 3270/3935/3834
f 3286/3936/3835 3115/3938/3837 3295/3982/3881
f 3295/3982/3881 3115/3938/3837 3116/3983/3882
f 3295/3982/3881 3116/3983/3882 3117/3984/3883
f 3295/3982/3881 3117/3984/3883 3296/3985/3884
f 3296/3985/3884 3117/3984/3883 3118/3986/3885
f 3296/3985/3884 3118/3986/3885 3297/3987/3886
f 3297/3987/3886 3118/3986/3885 3119/3988/3887
f 3297/3987/3886 3119/3988/3887 3298/3989/3888
f 3298/3989/3888 3119/3988/3887 3299/3990/3889
f 3298/3989/3888 3299/3990/3889 3289/3930/3829
f 3289/3930/3829 3299/3990/3889 3290/3928/3827
f 3119/3988/3887 3120/3991/3890 3299/3990/3889
f 3299/3990/3889 3120/3991/3890 3300/3992/3891
f 3299/3990/3889 3300/3992/3891 3290/3928/3827
f 3290/3928/3827 3300/3992/3891 3291/3926/3825
f 3300/3992/3891 3120/3991/3890 3301/3993/3892
f 3301/3993/3892 3120/3991/3890 3121/3994/3893
f 3301/3993/3892 3121/3994/3893 3302/3995/3894
f 3302/3995/3894 3121/3994/3893 3122/3996/3895
f 3302/3995/3894 3122/3996/3895 3142/3997/3896
f 3142/3997/3896 3122/3996/3895 3123/3998/3897
f 3142/3997/3896 3123/3998/3897 3124/3999/3898
f 3124/3999/3898 3125/3918/3817 3142/3997/3896
f 3142/3997/3896 3125/3918/3817 3294/3920/3819
f 3142/3997/3896 3294/3920/3819 3293/3922/3821
f 3126/3916/3815 3127/4000/3899 3139/3914/3813
f 3139/3914/3813 3127/4000/3899 3252/4001/3900
f 3139/3914/3813 3252/4001/3900 3251/3912/3811
f 3251/3912/3811 3252/4001/3900 3234/4002/3901
f 3251/3912/3811 3234/4002/3901 3233/3910/3809
f 3233/3910/3809 3234/4002/3901 3237/4003/3902
f 3233/3910/3809 3237/4003/3902 3238/3908/3807
f 3238/3908/3807 3237/4003/3902 3223/4004/3903
f 3238/3908/3807 3223/4004/3903 3222/3906/3805
f 3222/3906/3805 3223/4004/3903 3215/4005/3904
f 3222/3906/3805 3215/4005/3904 3214/3904/3803
f 3214/3904/3803 3215/4005/3904 3205/4006/3905
f 3214/3904/3803 3205/4006/3905 3204/3902/3801
f 3204/3902/3801 3205/4006/3905 3187/4007/3906
f 3204/3902/3801 3187/4007/3906 3186/3900/3799
f 3186/3900/3799 3187/4007/3906 3200/4008/3907
f 3186/3900/3799 3200/4008/3907 3201/3898/3797
f 3201/3898/3797 3200/4008/3907 3135/3896/3795
f 3128/4009/3908 3137/4010/3909 3127/4000/3899
f 3127/4000/3899 3137/4010/3909 3235/4011/3910
f 3127/4000/3899 3235/4011/3910 3252/4001/3900
f 3252/4001/3900 3235/4011/3910 3234/4002/3901
f 3129/4012/3911 3136/4013/3912 3128/4009/3908
f 3128/4009/3908 3136/4013/3912 3226/4014/3913
f 3128/4009/3908 3226/4014/3913 3137/4010/3909
f 3137/4010/3909 3226/4014/3913 3225/4015/3914
f 3137/4010/3909 3225/4015/3914 3236/4016/3915
f 3236/4016/3915 3225/4015/3914 3224/4017/3916
f 3236/4016/3915 3224/4017/3916 3237/4003/3902
f 3237/4003/3902 3224/4017/3916 3223/4004/3903
f 3130/4018/3917 3134/4019/3918 3129/4012/3911
f 3129/4012/3911 3134/4019/3918 3193/4020/3919
f 3129/4012/3911 3193/4020/3919 3210/4021/3920
f 3210/4021/3920 3193/4020/3919 3192/4022/3921
f 3210/4021/3920 3192/4022/3921 3209/4023/3922
f 3209/4023/3922 3192/4022/3921 3191/4024/3923
f 3209/4023/3922 3191/4024/3923 3208/4025/3924
f 3208/4025/3924 3191/4024/3923 3190/4026/3925
f 3208/4025/3924 3190/4026/3925 3207/4027/3926
f 3207/4027/3926 3190/4026/3925 3189/4028/3927
f 3207/4027/3926 3189/4028/3927 3206/4029/3928
f 3206/4029/3928 3189/4028/3927 3188/4030/3929
f 3206/4029/3928 3188/4030/3929 3205/4006/3905
f 3205/4006/3905 3188/4030/3929 3187/4007/3906
f 3131/3851/3750 3133/3853/3752 3130/4018/3917
f 3130/4018/3917 3133/3853/3752 3184/4031/3930
f 3130/4018/3917 3184/4031/3930 3134/4019/3918
f 3134/4019/3918 3184/4031/3930 3183/4032/3931
f 3134/4019/3918 3183/4032/3931 3194/4033/3932
f 3194/4033/3932 3183/4032/3931 3182/4034/3933
f 3194/4033/3932 3182/4034/3933 3195/4035/3934
f 3195/4035/3934 3182/4034/3933 3181/4036/3935
f 3195/4035/3934 3181/4036/3935 3196/4037/3936
f 3196/4037/3936 3181/4036/3935 3180/4038/3937
f 3196/4037/3936 3180/4038/3937 3197/4039/3938
f 3197/4039/3938 3180/4038/3937 3179/4040/3939
f 3197/4039/3938 3179/4040/3939 3198/4041/3940
f 3198/4041/3940 3179/4040/3939 3178/4042/3941
f 3198/4041/3940 3178/4042/3941 3199/4043/3942
f 3199/4043/3942 3178/4042/3941 3177/4044/3943
f 3199/4043/3942 3177/4044/3943 3200/4008/3907
f 3200/4008/3907 3177/4044/3943 3135/3896/3795
f 3129/4012/3911 3210/4021/3920 3136/4013/3912
f 3136/4013/3912 3210/4021/3920 3209/4023/3922
f 3136/4013/3912 3209/4023/3922 3218/4045/3944
f 3218/4045/3944 3209/4023/3922 3208/4025/3924
f 3218/4045/3944 3208/4025/3924 3217/4046/3945
f 3217/4046/3945 3208/4025/3924 3207/4027/3926
f 3217/4046/3945 3207/4027/3926 3216/4047/3946
f 3216/4047/3946 3207/4027/3926 3206/4029/3928
f 3216/4047/3946 3206/4029/3928 3215/4005/3904
f 3215/4005/3904 3206/4029/3928 3205/4006/3905
f 3156/3883/3782 3147/3882/3781 3146/3884/3783
f 3146/3884/3783 3145/3886/3785 3155/4048/3947
f 3155/4048/3947 3145/3886/3785 3154/3888/3787
f 3155/4048/3947 3154/3888/3787 3163/3862/3761
f 3163/3862/3761 3154/3888/3787 3162/3864/3763
f 3164/3860/3759 3156/3883/3782 3155/4048/3947
f 3155/4048/3947 3156/3883/3782 3146/3884/3783
f 3164/3860/3759 3155/4048/3947 3163/3862/3761
f 3135/3896/3795 3177/4044/3943 3169/3869/3768
f 3169/3869/3768 3177/4044/3943 3170/3867/3766
f 3177/4044/3943 3178/4042/3941 3170/3867/3766
f 3170/3867/3766 3178/4042/3941 3171/3865/3764
f 3178/4042/3941 3179/4040/3939 3171/3865/3764
f 3171/3865/3764 3179/4040/3939 3172/3863/3762
f 3179/4040/3939 3180/4038/3937 3172/3863/3762
f 3172/3863/3762 3180/4038/3937 3173/3861/3760
f 3180/4038/3937 3181/4036/3935 3173/3861/3760
f 3173/3861/3760 3181/4036/3935 3174/3859/3758
f 3181/4036/3935 3182/4034/3933 3174/3859/3758
f 3174/3859/3758 3182/4034/3933 3175/3857/3756
f 3184/4031/3930 3133/3853/3752 3176/3855/3754
f 3182/4034/3933 3183/4032/3931 3175/3857/3756
f 3175/3857/3756 3183/4032/3931 3176/3855/3754
f 3183/4032/3931 3184/4031/3930 3176/3855/3754
f 3199/4043/3942 3200/4008/3907 3187/4007/3906
f 3198/4041/3940 3199/4043/3942 3188/4030/3929
f 3188/4030/3929 3199/4043/3942 3187/4007/3906
f 3197/4039/3938 3198/4041/3940 3189/4028/3927
f 3189/4028/3927 3198/4041/3940 3188/4030/3929
f 3196/4037/3936 3197/4039/3938 3190/4026/3925
f 3190/4026/3925 3197/4039/3938 3189/4028/3927
f 3195/4035/3934 3196/4037/3936 3191/4024/3923
f 3191/4024/3923 3196/4037/3936 3190/4026/3925
f 3194/4033/3932 3195/4035/3934 3192/4022/3921
f 3192/4022/3921 3195/4035/3934 3191/4024/3923
f 3134/4019/3918 3194/4033/3932 3193/4020/3919
f 3193/4020/3919 3194/4033/3932 3192/4022/3921
f 3215/4005/3904 3223/4004/3903 3216/4047/3946
f 3216/4047/3946 3223/4004/3903 3224/4017/3916
f 3216/4047/3946 3224/4017/3916 3217/4046/3945
f 3217/4046/3945 3224/4017/3916 3225/4015/3914
f 3217/4046/3945 3225/4015/3914 3218/4045/3944
f 3218/4045/3944 3225/4015/3914 3226/4014/3913
f 3218/4045/3944 3226/4014/3913 3136/4013/3912
f 3243/3966/3865 3227/3972/3871 3228/3967/3866
f 3228/3967/3866 3227/3972/3871 3245/4049/3948
f 3228/3967/3866 3245/4049/3948 3246/3968/3867
f 3246/3968/3867 3245/4049/3948 3255/4050/3949
f 3246/3968/3867 3255/4050/3949 3256/3969/3868
f 3256/3969/3868 3255/4050/3949 3264/4051/3950
f 3256/3969/3868 3264/4051/3950 3265/3970/3869
f 3265/3970/3869 3264/4051/3950 3282/4052/3951
f 3265/3970/3869 3282/4052/3951 3281/3971/3870
f 3281/3971/3870 3282/4052/3951 3275/3925/3824
f 3281/3971/3870 3275/3925/3824 3276/3923/3822
f 3236/4016/3915 3237/4003/3902 3234/4002/3901
f 3137/4010/3909 3236/4016/3915 3235/4011/3910
f 3235/4011/3910 3236/4016/3915 3234/4002/3901
f 3227/3972/3871 3244/3974/3873 3245/4049/3948
f 3245/4049/3948 3244/3974/3873 3254/4053/3952
f 3245/4049/3948 3254/4053/3952 3255/4050/3949
f 3255/4050/3949 3254/4053/3952 3263/4054/3953
f 3255/4050/3949 3263/4054/3953 3264/4051/3950
f 3264/4051/3950 3263/4054/3953 3283/4055/3954
f 3264/4051/3950 3283/4055/3954 3282/4052/3951
f 3282/4052/3951 3283/4055/3954 3274/3927/3826
f 3282/4052/3951 3274/3927/3826 3275/3925/3824
f 3244/3974/3873 3253/3976/3875 3254/4053/3952
f 3254/4053/3952 3253/3976/3875 3262/4056/3955
f 3254/4053/3952 3262/4056/3955 3263/4054/3953
f 3263/4054/3953 3262/4056/3955 3284/4057/3956
f 3263/4054/3953 3284/4057/3956 3283/4055/3954
f 3283/4055/3954 3284/4057/3956 3273/3929/3828
f 3283/4055/3954 3273/3929/3828 3274/3927/3826
f 3253/3976/3875 3261/3978/3877 3262/4056/3955
f 3262/4056/3955 3261/3978/3877 3285/3980/3879
f 3262/4056/3955 3285/3980/3879 3284/4057/3956
f 3284/4057/3956 3285/3980/3879 3272/3931/3830
f 3284/4057/3956 3272/3931/3830 3273/3929/3828
f 3295/3982/3881 3296/3985/3884 3286/3936/3835
f 3286/3936/3835 3296/3985/3884 3287/3934/3833
f 3298/3989/3888 3289/3930/3829 3288/3932/3831
f 3296/3985/3884 3297/3987/3886 3287/3934/3833
f 3287/3934/3833 3297/3987/3886 3288/3932/3831
f 3297/3987/3886 3298/3989/3888 3288/3932/3831
f 3300/3992/3891 3301/3993/3892 3291/3926/3825
f 3291/3926/3825 3301/3993/3892 3292/3924/3823
f 3301/3993/3892 3302/3995/3894 3292/3924/3823
f 3292/3924/3823 3302/3995/3894 3293/3922/3821
f 3302/3995/3894 3142/3997/3896 3293/3922/3821
f 3303/4058/3957 3304/4059/3958 3318/4060/3959
f 3318/4060/3959 3304/4059/3958 3317/4061/3960
f 3317/4061/3960 3304/4059/3958 3305/4062/3961
f 3317/4061/3960 3305/4062/3961 3316/4063/3962
f 3316/4063/3962 3305/4062/3961 3306/4064/3963
f 3316/4063/3962 3306/4064/3963 3315/4065/3964
f 3315/4065/3964 3306/4064/3963 3307/4066/3965
f 3315/4065/3964 3307/4066/3965 3314/4067/3966
f 3314/4067/3966 3307/4066/3965 3308/4068/3967
f 3314/4067/3966 3308/4068/3967 3313/4069/3968
f 3313/4069/3968 3308/4068/3967 3309/4070/3969
f 3313/4069/3968 3309/4070/3969 3312/4071/3970
f 3312/4071/3970 3309/4070/3969 3310/4072/3971
f 3312/4071/3970 3310/4072/3971 3311/4073/3972
f 3318/4074/3959 3317/4075/3960 3116/4076/3973
f 3116/4076/3973 3317/4075/3960 3117/4077/3974
f 3117/4077/3974 3317/4075/3960 3321/4078/3975
f 3117/4077/3974 3321/4078/3975 3118/4079/3976
f 3118/4079/3976 3321/4078/3975 3119/4080/3977
f 3119/4080/3977 3321/4078/3975 3120/4081/3978
f 3120/4081/3978 3321/4078/3975 3320/4082/3979
f 3120/4081/3978 3320/4082/3979 3121/4083/3980
f 3121/4083/3980 3320/4082/3979 3319/4084/3981
f 3121/4083/3980 3319/4084/3981 3122/4085/3982
f 3122/4085/3982 3319/4084/3981 3123/4086/3983
f 3123/4086/3983 3319/4084/3981 3311/4087/3972
f 3123/4086/3983 3311/4087/3972 3124/4088/3984
f 3317/4075/3960 3316/4089/3962 3321/4078/3975
f 3321/4078/3975 3316/4089/3962 3315/4090/3964
f 3321/4078/3975 3315/4090/3964 3314/4091/3966
f 3321/4078/3975 3314/4091/3966 3320/4082/3979
f 3320/4082/3979 3314/4091/3966 3313/4092/3968
f 3320/4082/3979 3313/4092/3968 3319/4084/3981
f 3319/4084/3981 3313/4092/3968 3312/4093/3970
f 3319/4084/3981 3312/4093/3970 3311/4087/3972
f 3323/4094/3985 3381/4095/3986 3322/4096/3987
f 3322/4096/3987 3381/4095/3986 3362/4097/3988
f 3322/4096/3987 3362/4097/3988 3361/4098/3989
f 3361/4098/3989 3362/4097/3988 3398/4099/3990
f 3361/4098/3989 3398/4099/3990 3363/4100/3991
f 3363/4100/3991 3398/4099/3990 3397/4101/3992
f 3363/4100/3991 3397/4101/3992 3406/4102/3993
f 3406/4102/3993 3397/4101/3992 3396/4103/3994
f 3406/4102/3993 3396/4103/3994 3405/4104/3995
f 3405/4104/3995 3396/4103/3994 3395/4105/3996
f 3405/4104/3995 3395/4105/3996 3404/4106/3997
f 3404/4106/3997 3395/4105/3996 3394/4107/3998
f 3404/4106/3997 3394/4107/3998 3403/4108/3999
f 3403/4108/3999 3394/4107/3998 3393/4109/4000
f 3403/4108/3999 3393/4109/4000 3402/4110/4001
f 3402/4110/4001 3393/4109/4000 3392/4111/4002
f 3402/4110/4001 3392/4111/4002 3401/4112/4003
f 3401/4112/4003 3392/4111/4002 3391/4113/4004
f 3401/4112/4003 3391/4113/4004 3400/4114/4005
f 3400/4114/4005 3391/4113/4004 3390/4115/4006
f 3400/4114/4005 3390/4115/4006 3399/4116/4007
f 3399/4116/4007 3390/4115/4006 3333/4117/4008
f 3399/4116/4007 3333/4117/4008 3334/4118/4009
f 3323/4094/3985 3324/4119/4010 3381/4095/3986
f 3381/4095/3986 3324/4119/4010 3380/4120/4011
f 3381/4095/3986 3380/4120/4011 3362/4097/3988
f 3362/4097/3988 3380/4120/4011 3389/4121/4012
f 3362/4097/3988 3389/4121/4012 3398/4099/3990
f 3398/4099/3990 3389/4121/4012 3397/4101/3992
f 3324/4119/4010 3325/4122/4013 3380/4120/4011
f 3380/4120/4011 3325/4122/4013 3379/4123/4014
f 3380/4120/4011 3379/4123/4014 3389/4121/4012
f 3389/4121/4012 3379/4123/4014 3388/4124/4015
f 3389/4121/4012 3388/4124/4015 3397/4101/3992
f 3397/4101/3992 3388/4124/4015 3396/4103/3994
f 3325/4122/4013 3326/4125/4016 3379/4123/4014
f 3379/4123/4014 3326/4125/4016 3378/4126/4017
f 3379/4123/4014 3378/4126/4017 3388/4124/4015
f 3388/4124/4015 3378/4126/4017 3387/4127/4018
f 3388/4124/4015 3387/4127/4018 3396/4103/3994
f 3396/4103/3994 3387/4127/4018 3395/4105/3996
f 3326/4125/4016 3327/4128/4019 3378/4126/4017
f 3378/4126/4017 3327/4128/4019 3377/4129/4020
f 3378/4126/4017 3377/4129/4020 3387/4127/4018
f 3387/4127/4018 3377/4129/4020 3386/4130/4021
f 3387/4127/4018 3386/4130/4021 3395/4105/3996
f 3395/4105/3996 3386/4130/4021 3394/4107/3998
f 3377/4129/4020 3327/4128/4019 3376/4131/4022
f 3376/4131/4022 3327/4128/4019 3328/4132/4023
f 3376/4131/4022 3328/4132/4023 3375/4133/4024
f 3375/4133/4024 3328/4132/4023 3374/4134/4025
f 3375/4133/4024 3374/4134/4025 3384/4135/4026
f 3384/4135/4026 3374/4134/4025 3383/4136/4027
f 3384/4135/4026 3383/4136/4027 3392/4111/4002
f 3392/4111/4002 3383/4136/4027 3391/4113/4004
f 3328/4132/4023 3329/4137/4028 3374/4134/4025
f 3374/4134/4025 3329/4137/4028 3373/4138/4029
f 3374/4134/4025 3373/4138/4029 3383/4136/4027
f 3383/4136/4027 3373/4138/4029 3382/4139/4030
f 3383/4136/4027 3382/4139/4030 3391/4113/4004
f 3391/4113/4004 3382/4139/4030 3390/4115/4006
f 3329/4137/4028 3330/4140/4031 3373/4138/4029
f 3373/4138/4029 3330/4140/4031 3331/4141/4032
f 3373/4138/4029 3331/4141/4032 3382/4139/4030
f 3382/4139/4030 3331/4141/4032 3332/4142/4033
f 3382/4139/4030 3332/4142/4033 3390/4115/4006
f 3390/4115/4006 3332/4142/4033 3333/4117/4008
f 3399/4116/4007 3334/4118/4009 3365/4143/4034
f 3365/4143/4034 3334/4118/4009 3335/4144/4035
f 3365/4143/4034 3335/4144/4035 3431/4145/4036
f 3431/4145/4036 3335/4144/4035 3415/4146/4037
f 3431/4145/4036 3415/4146/4037 3416/4147/4038
f 3416/4147/4038 3415/4146/4037 3433/4148/4039
f 3416/4147/4038 3433/4148/4039 3434/4149/4040
f 3434/4149/4040 3433/4148/4039 3443/4150/4041
f 3434/4149/4040 3443/4150/4041 3444/4151/4042
f 3444/4151/4042 3443/4150/4041 3451/4152/4043
f 3444/4151/4042 3451/4152/4043 3452/4153/4044
f 3452/4153/4044 3451/4152/4043 3469/4154/4045
f 3452/4153/4044 3469/4154/4045 3468/4155/4046
f 3468/4155/4046 3469/4154/4045 3462/4156/4047
f 3468/4155/4046 3462/4156/4047 3463/4157/4048
f 3463/4157/4048 3462/4156/4047 3480/4158/4049
f 3463/4157/4048 3480/4158/4049 3481/4159/4050
f 3481/4159/4050 3480/4158/4049 3490/4160/4051
f 3481/4159/4050 3490/4160/4051 3369/4161/4052
f 3369/4161/4052 3490/4160/4051 3499/4162/4053
f 3369/4161/4052 3499/4162/4053 3356/4163/4054
f 3356/4163/4054 3499/4162/4053 3370/4164/4055
f 3356/4163/4054 3370/4164/4055 3355/4165/4056
f 3355/4165/4056 3370/4164/4055 3508/4166/4057
f 3355/4165/4056 3508/4166/4057 3524/4167/4058
f 3524/4167/4058 3508/4166/4057 3507/4168/4059
f 3524/4167/4058 3507/4168/4059 3523/4169/4060
f 3523/4169/4060 3507/4168/4059 3506/4170/4061
f 3523/4169/4060 3506/4170/4061 3522/4171/4062
f 3522/4171/4062 3506/4170/4061 3505/4172/4063
f 3522/4171/4062 3505/4172/4063 3521/4173/4064
f 3521/4173/4064 3505/4172/4063 3504/4174/4065
f 3521/4173/4064 3504/4174/4065 3520/4175/4066
f 3520/4175/4066 3504/4174/4065 3503/4176/4067
f 3520/4175/4066 3503/4176/4067 3519/4177/4068
f 3519/4177/4068 3503/4176/4067 3502/4178/4069
f 3519/4177/4068 3502/4178/4069 3518/4179/4070
f 3518/4179/4070 3502/4178/4069 3501/4180/4071
f 3518/4179/4070 3501/4180/4071 3517/4181/4072
f 3517/4181/4072 3501/4180/4071 3500/4182/4073
f 3517/4181/4072 3500/4182/4073 3516/4183/4074
f 3516/4183/4074 3500/4182/4073 3344/4184/4075
f 3516/4183/4074 3344/4184/4075 3345/4185/4076
f 3335/4144/4035 3336/4186/4077 3415/4146/4037
f 3415/4146/4037 3336/4186/4077 3432/4187/4078
f 3415/4146/4037 3432/4187/4078 3433/4148/4039
f 3433/4148/4039 3432/4187/4078 3442/4188/4079
f 3433/4148/4039 3442/4188/4079 3443/4150/4041
f 3443/4150/4041 3442/4188/4079 3450/4189/4080
f 3443/4150/4041 3450/4189/4080 3451/4152/4043
f 3451/4152/4043 3450/4189/4080 3470/4190/4081
f 3451/4152/4043 3470/4190/4081 3469/4154/4045
f 3469/4154/4045 3470/4190/4081 3461/4191/4082
f 3469/4154/4045 3461/4191/4082 3462/4156/4047
f 3462/4156/4047 3461/4191/4082 3479/4192/4083
f 3462/4156/4047 3479/4192/4083 3480/4158/4049
f 3480/4158/4049 3479/4192/4083 3489/4193/4084
f 3480/4158/4049 3489/4193/4084 3490/4160/4051
f 3490/4160/4051 3489/4193/4084 3498/4194/4085
f 3490/4160/4051 3498/4194/4085 3499/4162/4053
f 3499/4162/4053 3498/4194/4085 3370/4164/4055
f 3336/4186/4077 3337/4195/4086 3432/4187/4078
f 3432/4187/4078 3337/4195/4086 3441/4196/4087
f 3432/4187/4078 3441/4196/4087 3442/4188/4079
f 3442/4188/4079 3441/4196/4087 3449/4197/4088
f 3442/4188/4079 3449/4197/4088 3450/4189/4080
f 3450/4189/4080 3449/4197/4088 3471/4198/4089
f 3450/4189/4080 3471/4198/4089 3470/4190/4081
f 3470/4190/4081 3471/4198/4089 3460/4199/4090
f 3470/4190/4081 3460/4199/4090 3461/4191/4082
f 3461/4191/4082 3460/4199/4090 3478/4200/4091
f 3461/4191/4082 3478/4200/4091 3479/4192/4083
f 3479/4192/4083 3478/4200/4091 3488/4201/4092
f 3479/4192/4083 3488/4201/4092 3489/4193/4084
f 3489/4193/4084 3488/4201/4092 3497/4202/4093
f 3489/4193/4084 3497/4202/4093 3498/4194/4085
f 3498/4194/4085 3497/4202/4093 3509/4203/4094
f 3498/4194/4085 3509/4203/4094 3370/4164/4055
f 3370/4164/4055 3509/4203/4094 3508/4166/4057
f 3337/4195/4086 3338/4204/4095 3441/4196/4087
f 3441/4196/4087 3338/4204/4095 3368/4205/4096
f 3441/4196/4087 3368/4205/4096 3449/4197/4088
f 3449/4197/4088 3368/4205/4096 3472/4206/4097
f 3449/4197/4088 3472/4206/4097 3471/4198/4089
f 3471/4198/4089 3472/4206/4097 3459/4207/4098
f 3471/4198/4089 3459/4207/4098 3460/4199/4090
f 3460/4199/4090 3459/4207/4098 3477/4208/4099
f 3460/4199/4090 3477/4208/4099 3478/4200/4091
f 3478/4200/4091 3477/4208/4099 3487/4209/4100
f 3478/4200/4091 3487/4209/4100 3488/4201/4092
f 3488/4201/4092 3487/4209/4100 3496/4210/4101
f 3488/4201/4092 3496/4210/4101 3497/4202/4093
f 3497/4202/4093 3496/4210/4101 3510/4211/4102
f 3497/4202/4093 3510/4211/4102 3509/4203/4094
f 3509/4203/4094 3510/4211/4102 3507/4168/4059
f 3509/4203/4094 3507/4168/4059 3508/4166/4057
f 3338/4204/4095 3339/4212/4103 3368/4205/4096
f 3368/4205/4096 3339/4212/4103 3473/4213/4104
f 3368/4205/4096 3473/4213/4104 3472/4206/4097
f 3472/4206/4097 3473/4213/4104 3458/4214/4105
f 3472/4206/4097 3458/4214/4105 3459/4207/4098
f 3459/4207/4098 3458/4214/4105 3476/4215/4106
f 3459/4207/4098 3476/4215/4106 3477/4208/4099
f 3477/4208/4099 3476/4215/4106 3486/4216/4107
f 3477/4208/4099 3486/4216/4107 3487/4209/4100
f 3487/4209/4100 3486/4216/4107 3495/4217/4108
f 3487/4209/4100 3495/4217/4108 3496/4210/4101
f 3496/4210/4101 3495/4217/4108 3511/4218/4109
f 3496/4210/4101 3511/4218/4109 3510/4211/4102
f 3510/4211/4102 3511/4218/4109 3506/4170/4061
f 3510/4211/4102 3506/4170/4061 3507/4168/4059
f 3473/4213/4104 3339/4212/4103 3457/4219/4110
f 3457/4219/4110 3339/4212/4103 3340/4220/4111
f 3457/4219/4110 3340/4220/4111 3474/4221/4112
f 3474/4221/4112 3340/4220/4111 3341/4222/4113
f 3474/4221/4112 3341/4222/4113 3483/4223/4114
f 3483/4223/4114 3341/4222/4113 3342/4224/4115
f 3483/4223/4114 3342/4224/4115 3491/4225/4116
f 3491/4225/4116 3342/4224/4115 3371/4226/4117
f 3491/4225/4116 3371/4226/4117 3515/4227/4118
f 3515/4227/4118 3371/4226/4117 3501/4180/4071
f 3515/4227/4118 3501/4180/4071 3502/4178/4069
f 3342/4224/4115 3343/4228/4119 3371/4226/4117
f 3371/4226/4117 3343/4228/4119 3500/4182/4073
f 3371/4226/4117 3500/4182/4073 3501/4180/4071
f 3343/4228/4119 3344/4184/4075 3500/4182/4073
f 3516/4183/4074 3345/4185/4076 3525/4229/4120
f 3525/4229/4120 3345/4185/4076 3346/4230/4121
f 3525/4229/4120 3346/4230/4121 3347/4231/4122
f 3525/4229/4120 3347/4231/4122 3526/4232/4123
f 3526/4232/4123 3347/4231/4122 3348/4233/4124
f 3526/4232/4123 3348/4233/4124 3527/4234/4125
f 3527/4234/4125 3348/4233/4124 3349/4235/4126
f 3527/4234/4125 3349/4235/4126 3528/4236/4127
f 3528/4236/4127 3349/4235/4126 3529/4237/4128
f 3528/4236/4127 3529/4237/4128 3519/4177/4068
f 3519/4177/4068 3529/4237/4128 3520/4175/4066
f 3349/4235/4126 3350/4238/4129 3529/4237/4128
f 3529/4237/4128 3350/4238/4129 3530/4239/4130
f 3529/4237/4128 3530/4239/4130 3520/4175/4066
f 3520/4175/4066 3530/4239/4130 3521/4173/4064
f 3530/4239/4130 3350/4238/4129 3531/4240/4131
f 3531/4240/4131 3350/4238/4129 3351/4241/4132
f 3531/4240/4131 3351/4241/4132 3532/4242/4133
f 3532/4242/4133 3351/4241/4132 3352/4243/4134
f 3532/4242/4133 3352/4243/4134 3372/4244/4135
f 3372/4244/4135 3352/4243/4134 3353/4245/4136
f 3372/4244/4135 3353/4245/4136 3354/4246/4137
f 3354/4246/4137 3355/4165/4056 3372/4244/4135
f 3372/4244/4135 3355/4165/4056 3524/4167/4058
f 3372/4244/4135 3524/4167/4058 3523/4169/4060
f 3356/4163/4054 3357/4247/4138 3369/4161/4052
f 3369/4161/4052 3357/4247/4138 3482/4248/4139
f 3369/4161/4052 3482/4248/4139 3481/4159/4050
f 3481/4159/4050 3482/4248/4139 3464/4249/4140
f 3481/4159/4050 3464/4249/4140 3463/4157/4048
f 3463/4157/4048 3464/4249/4140 3467/4250/4141
f 3463/4157/4048 3467/4250/4141 3468/4155/4046
f 3468/4155/4046 3467/4250/4141 3453/4251/4142
f 3468/4155/4046 3453/4251/4142 3452/4153/4044
f 3452/4153/4044 3453/4251/4142 3445/4252/4143
f 3452/4153/4044 3445/4252/4143 3444/4151/4042
f 3444/4151/4042 3445/4252/4143 3435/4253/4144
f 3444/4151/4042 3435/4253/4144 3434/4149/4040
f 3434/4149/4040 3435/4253/4144 3417/4254/4145
f 3434/4149/4040 3417/4254/4145 3416/4147/4038
f 3416/4147/4038 3417/4254/4145 3430/4255/4146
f 3416/4147/4038 3430/4255/4146 3431/4145/4036
f 3431/4145/4036 3430/4255/4146 3365/4143/4034
f 3358/4256/4147 3367/4257/4148 3357/4247/4138
f 3357/4247/4138 3367/4257/4148 3465/4258/4149
f 3357/4247/4138 3465/4258/4149 3482/4248/4139
f 3482/4248/4139 3465/4258/4149 3464/4249/4140
f 3359/4259/4150 3366/4260/4151 3358/4256/4147
f 3358/4256/4147 3366/4260/4151 3456/4261/4152
f 3358/4256/4147 3456/4261/4152 3367/4257/4148
f 3367/4257/4148 3456/4261/4152 3455/4262/4153
f 3367/4257/4148 3455/4262/4153 3466/4263/4154
f 3466/4263/4154 3455/4262/4153 3454/4264/4155
f 3466/4263/4154 3454/4264/4155 3467/4250/4141
f 3467/4250/4141 3454/4264/4155 3453/4251/4142
f 3360/4265/4156 3364/4266/4157 3359/4259/4150
f 3359/4259/4150 3364/4266/4157 3423/4267/4158
f 3359/4259/4150 3423/4267/4158 3440/4268/4159
f 3440/4268/4159 3423/4267/4158 3422/4269/4160
f 3440/4268/4159 3422/4269/4160 3439/4270/4161
f 3439/4270/4161 3422/4269/4160 3421/4271/4162
f 3439/4270/4161 3421/4271/4162 3438/4272/4163
f 3438/4272/4163 3421/4271/4162 3420/4273/4164
f 3438/4272/4163 3420/4273/4164 3437/4274/4165
f 3437/4274/4165 3420/4273/4164 3419/4275/4166
f 3437/4274/4165 3419/4275/4166 3436/4276/4167
f 3436/4276/4167 3419/4275/4166 3418/4277/4168
f 3436/4276/4167 3418/4277/4168 3435/4253/4144
f 3435/4253/4144 3418/4277/4168 3417/4254/4145
f 3361/4098/3989 3363/4100/3991 3360/4265/4156
f 3360/4265/4156 3363/4100/3991 3414/4278/4169
f 3360/4265/4156 3414/4278/4169 3364/4266/4157
f 3364/4266/4157 3414/4278/4169 3413/4279/4170
f 3364/4266/4157 3413/4279/4170 3424/4280/4171
f 3424/4280/4171 3413/4279/4170 3412/4281/4172
f 3424/4280/4171 3412/4281/4172 3425/4282/4173
f 3425/4282/4173 3412/4281/4172 3411/4283/4174
f 3425/4282/4173 3411/4283/4174 3426/4284/4175
f 3426/4284/4175 3411/4283/4174 3410/4285/4176
f 3426/4284/4175 3410/4285/4176 3427/4286/4177
f 3427/4286/4177 3410/4285/4176 3409/4287/4178
f 3427/4286/4177 3409/4287/4178 3428/4288/4179
f 3428/4288/4179 3409/4287/4178 3408/4289/4180
f 3428/4288/4179 3408/4289/4180 3429/4290/4181
f 3429/4290/4181 3408/4289/4180 3407/4291/4182
f 3429/4290/4181 3407/4291/4182 3430/4255/4146
f 3430/4255/4146 3407/4291/4182 3365/4143/4034
f 3359/4259/4150 3440/4268/4159 3366/4260/4151
f 3366/4260/4151 3440/4268/4159 3439/4270/4161
f 3366/4260/4151 3439/4270/4161 3448/4292/4183
f 3448/4292/4183 3439/4270/4161 3438/4272/4163
f 3448/4292/4183 3438/4272/4163 3447/4293/4184
f 3447/4293/4184 3438/4272/4163 3437/4274/4165
f 3447/4293/4184 3437/4274/4165 3446/4294/4185
f 3446/4294/4185 3437/4274/4165 3436/4276/4167
f 3446/4294/4185 3436/4276/4167 3445/4252/4143
f 3445/4252/4143 3436/4276/4167 3435/4253/4144
f 3386/4130/4021 3377/4129/4020 3376/4131/4022
f 3376/4131/4022 3375/4133/4024 3385/4295/4186
f 3385/4295/4186 3375/4133/4024 3384/4135/4026
f 3385/4295/4186 3384/4135/4026 3393/4109/4000
f 3393/4109/4000 3384/4135/4026 3392/4111/4002
f 3394/4107/3998 3386/4130/4021 3385/4295/4186
f 3385/4295/4186 3386/4130/4021 3376/4131/4022
f 3394/4107/3998 3385/4295/4186 3393/4109/4000
f 3365/4143/4034 3407/4291/4182 3399/4116/4007
f 3399/4116/4007 3407/4291/4182 3400/4114/4005
f 3407/4291/4182 3408/4289/4180 3400/4114/4005
f 3400/4114/4005 3408/4289/4180 3401/4112/4003
f 3408/4289/4180 3409/4287/4178 3401/4112/4003
f 3401/4112/4003 3409/4287/4178 3402/4110/4001
f 3409/4287/4178 3410/4285/4176 3402/4110/4001
f 3402/4110/4001 3410/4285/4176 3403/4108/3999
f 3410/4285/4176 3411/4283/4174 3403/4108/3999
f 3403/4108/3999 3411/4283/4174 3404/4106/3997
f 3411/4283/4174 3412/4281/4172 3404/4106/3997
f 3404/4106/3997 3412/4281/4172 3405/4104/3995
f 3414/4278/4169 3363/4100/3991 3406/4102/3993
f 3412/4281/4172 3413/4279/4170 3405/4104/3995
f 3405/4104/3995 3413/4279/4170 3406/4102/3993
f 3413/4279/4170 3414/4278/4169 3406/4102/3993
f 3429/4290/4181 3430/4255/4146 3417/4254/4145
f 3428/4288/4179 3429/4290/4181 3418/4277/4168
f 3418/4277/4168 3429/4290/4181 3417/4254/4145
f 3427/4286/4177 3428/4288/4179 3419/4275/4166
f 3419/4275/4166 3428/4288/4179 3418/4277/4168
f 3426/4284/4175 3427/4286/4177 3420/4273/4164
f 3420/4273/4164 3427/4286/4177 3419/4275/4166
f 3425/4282/4173 3426/4284/4175 3421/4271/4162
f 3421/4271/4162 3426/4284/4175 3420/4273/4164
f 3424/4280/4171 3425/4282/4173 3422/4269/4160
f 3422/4269/4160 3425/4282/4173 3421/4271/4162
f 3364/4266/4157 3424/4280/4171 3423/4267/4158
f 3423/4267/4158 3424/4280/4171 3422/4269/4160
f 3445/4252/4143 3453/4251/4142 3446/4294/4185
f 3446/4294/4185 3453/4251/4142 3454/4264/4155
f 3446/4294/4185 3454/4264/4155 3447/4293/4184
f 3447/4293/4184 3454/4264/4155 3455/4262/4153
f 3447/4293/4184 3455/4262/4153 3448/4292/4183
f 3448/4292/4183 3455/4262/4153 3456/4261/4152
f 3448/4292/4183 3456/4261/4152 3366/4260/4151
f 3473/4213/4104 3457/4219/4110 3458/4214/4105
f 3458/4214/4105 3457/4219/4110 3475/4296/4187
f 3458/4214/4105 3475/4296/4187 3476/4215/4106
f 3476/4215/4106 3475/4296/4187 3485/4297/4188
f 3476/4215/4106 3485/4297/4188 3486/4216/4107
f 3486/4216/4107 3485/4297/4188 3494/4298/4189
f 3486/4216/4107 3494/4298/4189 3495/4217/4108
f 3495/4217/4108 3494/4298/4189 3512/4299/4190
f 3495/4217/4108 3512/4299/4190 3511/4218/4109
f 3511/4218/4109 3512/4299/4190 3505/4172/4063
f 3511/4218/4109 3505/4172/4063 3506/4170/4061
f 3466/4263/4154 3467/4250/4141 3464/4249/4140
f 3367/4257/4148 3466/4263/4154 3465/4258/4149
f 3465/4258/4149 3466/4263/4154 3464/4249/4140
f 3457/4219/4110 3474/4221/4112 3475/4296/4187
f 3475/4296/4187 3474/4221/4112 3484/4300/4191
f 3475/4296/4187 3484/4300/4191 3485/4297/4188
f 3485/4297/4188 3484/4300/4191 3493/4301/4192
f 3485/4297/4188 3493/4301/4192 3494/4298/4189
f 3494/4298/4189 3493/4301/4192 3513/4302/4193
f 3494/4298/4189 3513/4302/4193 3512/4299/4190
f 3512/4299/4190 3513/4302/4193 3504/4174/4065
f 3512/4299/4190 3504/4174/4065 3505/4172/4063
f 3474/4221/4112 3483/4223/4114 3484/4300/4191
f 3484/4300/4191 3483/4223/4114 3492/4303/4194
f 3484/4300/4191 3492/4303/4194 3493/4301/4192
f 3493/4301/4192 3492/4303/4194 3514/4304/4195
f 3493/4301/4192 3514/4304/4195 3513/4302/4193
f 3513/4302/4193 3514/4304/4195 3503/4176/4067
f 3513/4302/4193 3503/4176/4067 3504/4174/4065
f 3483/4223/4114 3491/4225/4116 3492/4303/4194
f 3492/4303/4194 3491/4225/4116 3515/4227/4118
f 3492/4303/4194 3515/4227/4118 3514/4304/4195
f 3514/4304/4195 3515/4227/4118 3502/4178/4069
f 3514/4304/4195 3502/4178/4069 3503/4176/4067
f 3525/4229/4120 3526/4232/4123 3516/4183/4074
f 3516/4183/4074 3526/4232/4123 3517/4181/4072
f 3528/4236/4127 3519/4177/4068 3518/4179/4070
f 3526/4232/4123 3527/4234/4125 3517/4181/4072
f 3517/4181/4072 3527/4234/4125 3518/4179/4070
f 3527/4234/4125 3528/4236/4127 3518/4179/4070
f 3530/4239/4130 3531/4240/4131 3521/4173/4064
f 3521/4173/4064 3531/4240/4131 3522/4171/4062
f 3531/4240/4131 3532/4242/4133 3522/4171/4062
f 3522/4171/4062 3532/4242/4133 3523/4169/4060
f 3532/4242/4133 3372/4244/4135 3523/4169/4060
f 3330/4305/4196 3329/4306/4197 3303/4307/3957
f 3303/4307/3957 3329/4306/4197 3304/4308/3958
f 3304/4308/3958 3329/4306/4197 3328/4309/4198
f 3304/4308/3958 3328/4309/4198 3535/4310/4199
f 3535/4310/4199 3328/4309/4198 3327/4311/4200
f 3535/4310/4199 3327/4311/4200 3326/4312/4201
f 3535/4310/4199 3326/4312/4201 3534/4313/4202
f 3534/4313/4202 3326/4312/4201 3325/4314/4203
f 3534/4313/4202 3325/4314/4203 3324/4315/4204
f 3534/4313/4202 3324/4315/4204 3533/4316/4205
f 3533/4316/4205 3324/4315/4204 3323/4317/4206
f 3533/4316/4205 3323/4317/4206 3322/4318/4207
f 3322/4318/4207 3310/4319/3971 3533/4316/4205
f 3533/4316/4205 3310/4319/3971 3309/4320/3969
f 3533/4316/4205 3309/4320/3969 3308/4321/3967
f 3308/4321/3967 3307/4322/3965 3533/4316/4205
f 3533/4316/4205 3307/4322/3965 3534/4313/4202
f 3307/4322/3965 3306/4323/3963 3534/4313/4202
f 3534/4313/4202 3306/4323/3963 3535/4310/4199
f 3306/4323/3963 3305/4324/3961 3535/4310/4199
f 3535/4310/4199 3305/4324/3961 3304/4308/3958
f 3551/4325/4208 3536/4326/4209 3550/4327/4210
f 3550/4327/4210 3536/4326/4209 3537/4328/4211
f 3550/4327/4210 3537/4328/4211 3549/4329/4212
f 3549/4329/4212 3537/4328/4211 3538/4330/4213
f 3549/4329/4212 3538/4330/4213 3548/4331/4214
f 3548/4331/4214 3538/4330/4213 3539/4332/4215
f 3548/4331/4214 3539/4332/4215 3547/4333/4216
f 3547/4333/4216 3539/4332/4215 3540/4334/4217
f 3547/4333/4216 3540/4334/4217 3546/4335/4218
f 3546/4335/4218 3540/4334/4217 3541/4336/4219
f 3546/4335/4218 3541/4336/4219 3545/4337/4220
f 3545/4337/4220 3541/4336/4219 3542/4338/4221
f 3545/4337/4220 3542/4338/4221 3544/4339/4222
f 3544/4339/4222 3542/4338/4221 3543/4340/4223
f 3551/4341/4208 3550/4342/4210 3346/4343/4224
f 3346/4343/4224 3550/4342/4210 3347/4344/4225
f 3347/4344/4225 3550/4342/4210 3554/4345/4226
f 3347/4344/4225 3554/4345/4226 3348/4346/4227
f 3348/4346/4227 3554/4345/4226 3349/4347/4228
f 3349/4347/4228 3554/4345/4226 3350/4348/4229
f 3350/4348/4229 3554/4345/4226 3553/4349/4230
f 3350/4348/4229 3553/4349/4230 3351/4350/4231
f 3351/4350/4231 3553/4349/4230 3552/4351/4232
f 3351/4350/4231 3552/4351/4232 3352/4352/4233
f 3352/4352/4233 3552/4351/4232 3353/4353/4234
f 3353/4353/4234 3552/4351/4232 3544/4354/4222
f 3353/4353/4234 3544/4354/4222 3354/4355/4235
f 3550/4342/4210 3549/4356/4212 3554/4345/4226
f 3554/4345/4226 3549/4356/4212 3548/4357/4214
f 3554/4345/4226 3548/4357/4214 3547/4358/4216
f 3554/4345/4226 3547/4358/4216 3553/4349/4230
f 3553/4349/4230 3547/4358/4216 3546/4359/4218
f 3553/4349/4230 3546/4359/4218 3552/4351/4232
f 3552/4351/4232 3546/4359/4218 3545/4360/4220
f 3552/4351/4232 3545/4360/4220 3544/4354/4222
f 3556/4361/4236 3614/4362/4237 3555/4363/4238
f 3555/4363/4238 3614/4362/4237 3595/4364/4239
f 3555/4363/4238 3595/4364/4239 3594/4365/4240
f 3594/4365/4240 3595/4364/4239 3631/4366/4241
f 3594/4365/4240 3631/4366/4241 3596/4367/4242
f 3596/4367/4242 3631/4366/4241 3630/4368/4243
f 3596/4367/4242 3630/4368/4243 3639/4369/4244
f 3639/4369/4244 3630/4368/4243 3629/4370/4245
f 3639/4369/4244 3629/4370/4245 3638/4371/4246
f 3638/4371/4246 3629/4370/4245 3628/4372/4247
f 3638/4371/4246 3628/4372/4247 3637/4373/4248
f 3637/4373/4248 3628/4372/4247 3627/4374/4249
f 3637/4373/4248 3627/4374/4249 3636/4375/4250
f 3636/4375/4250 3627/4374/4249 3626/4376/4251
f 3636/4375/4250 3626/4376/4251 3635/4377/4252
f 3635/4377/4252 3626/4376/4251 3625/4378/4253
f 3635/4377/4252 3625/4378/4253 3634/4379/4254
f 3634/4379/4254 3625/4378/4253 3624/4380/4255
f 3634/4379/4254 3624/4380/4255 3633/4381/4256
f 3633/4381/4256 3624/4380/4255 3623/4382/4257
f 3633/4381/4256 3623/4382/4257 3632/4383/4258
f 3632/4383/4258 3623/4382/4257 3566/4384/4259
f 3632/4383/4258 3566/4384/4259 3567/4385/4260
f 3556/4361/4236 3557/4386/4261 3614/4362/4237
f 3614/4362/4237 3557/4386/4261 3613/4387/4262
f 3614/4362/4237 3613/4387/4262 3595/4364/4239
f 3595/4364/4239 3613/4387/4262 3622/4388/4263
f 3595/4364/4239 3622/4388/4263 3631/4366/4241
f 3631/4366/4241 3622/4388/4263 3630/4368/4243
f 3557/4386/4261 3558/4389/4264 3613/4387/4262
f 3613/4387/4262 3558/4389/4264 3612/4390/4265
f 3613/4387/4262 3612/4390/4265 3622/4388/4263
f 3622/4388/4263 3612/4390/4265 3621/4391/4266
f 3622/4388/4263 3621/4391/4266 3630/4368/4243
f 3630/4368/4243 3621/4391/4266 3629/4370/4245
f 3558/4389/4264 3559/4392/4267 3612/4390/4265
f 3612/4390/4265 3559/4392/4267 3611/4393/4268
f 3612/4390/4265 3611/4393/4268 3621/4391/4266
f 3621/4391/4266 3611/4393/4268 3620/4394/4269
f 3621/4391/4266 3620/4394/4269 3629/4370/4245
f 3629/4370/4245 3620/4394/4269 3628/4372/4247
f 3559/4392/4267 3560/4395/4270 3611/4393/4268
f 3611/4393/4268 3560/4395/4270 3610/4396/4271
f 3611/4393/4268 3610/4396/4271 3620/4394/4269
f 3620/4394/4269 3610/4396/4271 3619/4397/4272
f 3620/4394/4269 3619/4397/4272 3628/4372/4247
f 3628/4372/4247 3619/4397/4272 3627/4374/4249
f 3610/4396/4271 3560/4395/4270 3609/4398/4273
f 3609/4398/4273 3560/4395/4270 3561/4399/4274
f 3609/4398/4273 3561/4399/4274 3608/4400/4275
f 3608/4400/4275 3561/4399/4274 3607/4401/4276
f 3608/4400/4275 3607/4401/4276 3617/4402/4277
f 3617/4402/4277 3607/4401/4276 3616/4403/4278
f 3617/4402/4277 3616/4403/4278 3625/4378/4253
f 3625/4378/4253 3616/4403/4278 3624/4380/4255
f 3561/4399/4274 3562/4404/4279 3607/4401/4276
f 3607/4401/4276 3562/4404/4279 3606/4405/4280
f 3607/4401/4276 3606/4405/4280 3616/4403/4278
f 3616/4403/4278 3606/4405/4280 3615/4406/4281
f 3616/4403/4278 3615/4406/4281 3624/4380/4255
f 3624/4380/4255 3615/4406/4281 3623/4382/4257
f 3562/4404/4279 3563/4407/4282 3606/4405/4280
f 3606/4405/4280 3563/4407/4282 3564/4408/4283
f 3606/4405/4280 3564/4408/4283 3615/4406/4281
f 3615/4406/4281 3564/4408/4283 3565/4409/4284
f 3615/4406/4281 3565/4409/4284 3623/4382/4257
f 3623/4382/4257 3565/4409/4284 3566/4384/4259
f 3632/4383/4258 3567/4385/4260 3598/4410/4285
f 3598/4410/4285 3567/4385/4260 3568/4411/4286
f 3598/4410/4285 3568/4411/4286 3664/4412/4287
f 3664/4412/4287 3568/4411/4286 3648/4413/4288
f 3664/4412/4287 3648/4413/4288 3649/4414/4289
f 3649/4414/4289 3648/4413/4288 3666/4415/4290
f 3649/4414/4289 3666/4415/4290 3667/4416/4291
f 3667/4416/4291 3666/4415/4290 3676/4417/4292
f 3667/4416/4291 3676/4417/4292 3677/4418/4293
f 3677/4418/4293 3676/4417/4292 3684/4419/4294
f 3677/4418/4293 3684/4419/4294 3685/4420/4295
f 3685/4420/4295 3684/4419/4294 3702/4421/4296
f 3685/4420/4295 3702/4421/4296 3701/4422/4297
f 3701/4422/4297 3702/4421/4296 3695/4423/4298
f 3701/4422/4297 3695/4423/4298 3696/4424/4299
f 3696/4424/4299 3695/4423/4298 3713/4425/4300
f 3696/4424/4299 3713/4425/4300 3714/4426/4301
f 3714/4426/4301 3713/4425/4300 3723/4427/4302
f 3714/4426/4301 3723/4427/4302 3602/4428/4303
f 3602/4428/4303 3723/4427/4302 3732/4429/4304
f 3602/4428/4303 3732/4429/4304 3589/4430/4305
f 3589/4430/4305 3732/4429/4304 3603/4431/4306
f 3589/4430/4305 3603/4431/4306 3588/4432/4307
f 3588/4432/4307 3603/4431/4306 3741/4433/4308
f 3588/4432/4307 3741/4433/4308 3757/4434/4309
f 3757/4434/4309 3741/4433/4308 3740/4435/4310
f 3757/4434/4309 3740/4435/4310 3756/4436/4311
f 3756/4436/4311 3740/4435/4310 3739/4437/4312
f 3756/4436/4311 3739/4437/4312 3755/4438/4313
f 3755/4438/4313 3739/4437/4312 3738/4439/4314
f 3755/4438/4313 3738/4439/4314 3754/4440/4315
f 3754/4440/4315 3738/4439/4314 3737/4441/4316
f 3754/4440/4315 3737/4441/4316 3753/4442/4317
f 3753/4442/4317 3737/4441/4316 3736/4443/4318
f 3753/4442/4317 3736/4443/4318 3752/4444/4319
f 3752/4444/4319 3736/4443/4318 3735/4445/4320
f 3752/4444/4319 3735/4445/4320 3751/4446/4321
f 3751/4446/4321 3735/4445/4320 3734/4447/4322
f 3751/4446/4321 3734/4447/4322 3750/4448/4323
f 3750/4448/4323 3734/4447/4322 3733/4449/4324
f 3750/4448/4323 3733/4449/4324 3749/4450/4325
f 3749/4450/4325 3733/4449/4324 3577/4451/4326
f 3749/4450/4325 3577/4451/4326 3578/4452/4327
f 3568/4411/4286 3569/4453/4328 3648/4413/4288
f 3648/4413/4288 3569/4453/4328 3665/4454/4329
f 3648/4413/4288 3665/4454/4329 3666/4415/4290
f 3666/4415/4290 3665/4454/4329 3675/4455/4330
f 3666/4415/4290 3675/4455/4330 3676/4417/4292
f 3676/4417/4292 3675/4455/4330 3683/4456/4331
f 3676/4417/4292 3683/4456/4331 3684/4419/4294
f 3684/4419/4294 3683/4456/4331 3703/4457/4332
f 3684/4419/4294 3703/4457/4332 3702/4421/4296
f 3702/4421/4296 3703/4457/4332 3694/4458/4333
f 3702/4421/4296 3694/4458/4333 3695/4423/4298
f 3695/4423/4298 3694/4458/4333 3712/4459/4334
f 3695/4423/4298 3712/4459/4334 3713/4425/4300
f 3713/4425/4300 3712/4459/4334 3722/4460/4335
f 3713/4425/4300 3722/4460/4335 3723/4427/4302
f 3723/4427/4302 3722/4460/4335 3731/4461/4336
f 3723/4427/4302 3731/4461/4336 3732/4429/4304
f 3732/4429/4304 3731/4461/4336 3603/4431/4306
f 3569/4453/4328 3570/4462/4337 3665/4454/4329
f 3665/4454/4329 3570/4462/4337 3674/4463/4338
f 3665/4454/4329 3674/4463/4338 3675/4455/4330
f 3675/4455/4330 3674/4463/4338 3682/4464/4339
f 3675/4455/4330 3682/4464/4339 3683/4456/4331
f 3683/4456/4331 3682/4464/4339 3704/4465/4340
f 3683/4456/4331 3704/4465/4340 3703/4457/4332
f 3703/4457/4332 3704/4465/4340 3693/4466/4341
f 3703/4457/4332 3693/4466/4341 3694/4458/4333
f 3694/4458/4333 3693/4466/4341 3711/4467/4342
f 3694/4458/4333 3711/4467/4342 3712/4459/4334
f 3712/4459/4334 3711/4467/4342 3721/4468/4343
f 3712/4459/4334 3721/4468/4343 3722/4460/4335
f 3722/4460/4335 3721/4468/4343 3730/4469/4344
f 3722/4460/4335 3730/4469/4344 3731/4461/4336
f 3731/4461/4336 3730/4469/4344 3742/4470/4345
f 3731/4461/4336 3742/4470/4345 3603/4431/4306
f 3603/4431/4306 3742/4470/4345 3741/4433/4308
f 3570/4462/4337 3571/4471/4346 3674/4463/4338
f 3674/4463/4338 3571/4471/4346 3601/4472/4347
f 3674/4463/4338 3601/4472/4347 3682/4464/4339
f 3682/4464/4339 3601/4472/4347 3705/4473/4348
f 3682/4464/4339 3705/4473/4348 3704/4465/4340
f 3704/4465/4340 3705/4473/4348 3692/4474/4349
f 3704/4465/4340 3692/4474/4349 3693/4466/4341
f 3693/4466/4341 3692/4474/4349 3710/4475/4350
f 3693/4466/4341 3710/4475/4350 3711/4467/4342
f 3711/4467/4342 3710/4475/4350 3720/4476/4351
f 3711/4467/4342 3720/4476/4351 3721/4468/4343
f 3721/4468/4343 3720/4476/4351 3729/4477/4352
f 3721/4468/4343 3729/4477/4352 3730/4469/4344
f 3730/4469/4344 3729/4477/4352 3743/4478/4353
f 3730/4469/4344 3743/4478/4353 3742/4470/4345
f 3742/4470/4345 3743/4478/4353 3740/4435/4310
f 3742/4470/4345 3740/4435/4310 3741/4433/4308
f 3571/4471/4346 3572/4479/4354 3601/4472/4347
f 3601/4472/4347 3572/4479/4354 3706/4480/4355
f 3601/4472/4347 3706/4480/4355 3705/4473/4348
f 3705/4473/4348 3706/4480/4355 3691/4481/4356
f 3705/4473/4348 3691/4481/4356 3692/4474/4349
f 3692/4474/4349 3691/4481/4356 3709/4482/4357
f 3692/4474/4349 3709/4482/4357 3710/4475/4350
f 3710/4475/4350 3709/4482/4357 3719/4483/4358
f 3710/4475/4350 3719/4483/4358 3720/4476/4351
f 3720/4476/4351 3719/4483/4358 3728/4484/4359
f 3720/4476/4351 3728/4484/4359 3729/4477/4352
f 3729/4477/4352 3728/4484/4359 3744/4485/4360
f 3729/4477/4352 3744/4485/4360 3743/4478/4353
f 3743/4478/4353 3744/4485/4360 3739/4437/4312
f 3743/4478/4353 3739/4437/4312 3740/4435/4310
f 3706/4480/4355 3572/4479/4354 3690/4486/4361
f 3690/4486/4361 3572/4479/4354 3573/4487/4362
f 3690/4486/4361 3573/4487/4362 3707/4488/4363
f 3707/4488/4363 3573/4487/4362 3574/4489/4364
f 3707/4488/4363 3574/4489/4364 3716/4490/4365
f 3716/4490/4365 3574/4489/4364 3575/4491/4366
f 3716/4490/4365 3575/4491/4366 3724/4492/4367
f 3724/4492/4367 3575/4491/4366 3604/4493/4368
f 3724/4492/4367 3604/4493/4368 3748/4494/4369
f 3748/4494/4369 3604/4493/4368 3734/4447/4322
f 3748/4494/4369 3734/4447/4322 3735/4445/4320
f 3575/4491/4366 3576/4495/4370 3604/4493/4368
f 3604/4493/4368 3576/4495/4370 3733/4449/4324
f 3604/4493/4368 3733/4449/4324 3734/4447/4322
f 3576/4495/4370 3577/4451/4326 3733/4449/4324
f 3749/4450/4325 3578/4452/4327 3758/4496/4371
f 3758/4496/4371 3578/4452/4327 3579/4497/4372
f 3758/4496/4371 3579/4497/4372 3580/4498/4373
f 3758/4496/4371 3580/4498/4373 3759/4499/4374
f 3759/4499/4374 3580/4498/4373 3581/4500/4375
f 3759/4499/4374 3581/4500/4375 3760/4501/4376
f 3760/4501/4376 3581/4500/4375 3582/4502/4377
f 3760/4501/4376 3582/4502/4377 3761/4503/4378
f 3761/4503/4378 3582/4502/4377 3762/4504/4379
f 3761/4503/4378 3762/4504/4379 3752/4444/4319
f 3752/4444/4319 3762/4504/4379 3753/4442/4317
f 3582/4502/4377 3583/4505/4380 3762/4504/4379
f 3762/4504/4379 3583/4505/4380 3763/4506/4381
f 3762/4504/4379 3763/4506/4381 3753/4442/4317
f 3753/4442/4317 3763/4506/4381 3754/4440/4315
f 3763/4506/4381 3583/4505/4380 3764/4507/4382
f 3764/4507/4382 3583/4505/4380 3584/4508/4383
f 3764/4507/4382 3584/4508/4383 3765/4509/4384
f 3765/4509/4384 3584/4508/4383 3585/4510/4385
f 3765/4509/4384 3585/4510/4385 3605/4511/4386
f 3605/4511/4386 3585/4510/4385 3586/4512/4387
f 3605/4511/4386 3586/4512/4387 3587/4513/4388
f 3587/4513/4388 3588/4432/4307 3605/4511/4386
f 3605/4511/4386 3588/4432/4307 3757/4434/4309
f 3605/4511/4386 3757/4434/4309 3756/4436/4311
f 3589/4430/4305 3590/4514/4389 3602/4428/4303
f 3602/4428/4303 3590/4514/4389 3715/4515/4390
f 3602/4428/4303 3715/4515/4390 3714/4426/4301
f 3714/4426/4301 3715/4515/4390 3697/4516/4391
f 3714/4426/4301 3697/4516/4391 3696/4424/4299
f 3696/4424/4299 3697/4516/4391 3700/4517/4392
f 3696/4424/4299 3700/4517/4392 3701/4422/4297
f 3701/4422/4297 3700/4517/4392 3686/4518/4393
f 3701/4422/4297 3686/4518/4393 3685/4420/4295
f 3685/4420/4295 3686/4518/4393 3678/4519/4394
f 3685/4420/4295 3678/4519/4394 3677/4418/4293
f 3677/4418/4293 3678/4519/4394 3668/4520/4395
f 3677/4418/4293 3668/4520/4395 3667/4416/4291
f 3667/4416/4291 3668/4520/4395 3650/4521/4396
f 3667/4416/4291 3650/4521/4396 3649/4414/4289
f 3649/4414/4289 3650/4521/4396 3663/4522/4397
f 3649/4414/4289 3663/4522/4397 3664/4412/4287
f 3664/4412/4287 3663/4522/4397 3598/4410/4285
f 3591/4523/4398 3600/4524/4399 3590/4514/4389
f 3590/4514/4389 3600/4524/4399 3698/4525/4400
f 3590/4514/4389 3698/4525/4400 3715/4515/4390
f 3715/4515/4390 3698/4525/4400 3697/4516/4391
f 3592/4526/4401 3599/4527/4402 3591/4523/4398
f 3591/4523/4398 3599/4527/4402 3689/4528/4403
f 3591/4523/4398 3689/4528/4403 3600/4524/4399
f 3600/4524/4399 3689/4528/4403 3688/4529/4404
f 3600/4524/4399 3688/4529/4404 3699/4530/4405
f 3699/4530/4405 3688/4529/4404 3687/4531/4406
f 3699/4530/4405 3687/4531/4406 3700/4517/4392
f 3700/4517/4392 3687/4531/4406 3686/4518/4393
f 3593/4532/4407 3597/4533/4408 3592/4526/4401
f 3592/4526/4401 3597/4533/4408 3656/4534/4409
f 3592/4526/4401 3656/4534/4409 3673/4535/4410
f 3673/4535/4410 3656/4534/4409 3655/4536/4411
f 3673/4535/4410 3655/4536/4411 3672/4537/4412
f 3672/4537/4412 3655/4536/4411 3654/4538/4413
f 3672/4537/4412 3654/4538/4413 3671/4539/4414
f 3671/4539/4414 3654/4538/4413 3653/4540/4415
f 3671/4539/4414 3653/4540/4415 3670/4541/4416
f 3670/4541/4416 3653/4540/4415 3652/4542/4417
f 3670/4541/4416 3652/4542/4417 3669/4543/4418
f 3669/4543/4418 3652/4542/4417 3651/4544/4419
f 3669/4543/4418 3651/4544/4419 3668/4520/4395
f 3668/4520/4395 3651/4544/4419 3650/4521/4396
f 3594/4365/4240 3596/4367/4242 3593/4532/4407
f 3593/4532/4407 3596/4367/4242 3647/4545/4420
f 3593/4532/4407 3647/4545/4420 3597/4533/4408
f 3597/4533/4408 3647/4545/4420 3646/4546/4421
f 3597/4533/4408 3646/4546/4421 3657/4547/4422
f 3657/4547/4422 3646/4546/4421 3645/4548/4423
f 3657/4547/4422 3645/4548/4423 3658/4549/4424
f 3658/4549/4424 3645/4548/4423 3644/4550/4425
f 3658/4549/4424 3644/4550/4425 3659/4551/4426
f 3659/4551/4426 3644/4550/4425 3643/4552/4427
f 3659/4551/4426 3643/4552/4427 3660/4553/4428
f 3660/4553/4428 3643/4552/4427 3642/4554/4429
f 3660/4553/4428 3642/4554/4429 3661/4555/4430
f 3661/4555/4430 3642/4554/4429 3641/4556/4431
f 3661/4555/4430 3641/4556/4431 3662/4557/4432
f 3662/4557/4432 3641/4556/4431 3640/4558/4433
f 3662/4557/4432 3640/4558/4433 3663/4522/4397
f 3663/4522/4397 3640/4558/4433 3598/4410/4285
f 3592/4526/4401 3673/4535/4410 3599/4527/4402
f 3599/4527/4402 3673/4535/4410 3672/4537/4412
f 3599/4527/4402 3672/4537/4412 3681/4559/4434
f 3681/4559/4434 3672/4537/4412 3671/4539/4414
f 3681/4559/4434 3671/4539/4414 3680/4560/4435
f 3680/4560/4435 3671/4539/4414 3670/4541/4416
f 3680/4560/4435 3670/4541/4416 3679/4561/4436
f 3679/4561/4436 3670/4541/4416 3669/4543/4418
f 3679/4561/4436 3669/4543/4418 3678/4519/4394
f 3678/4519/4394 3669/4543/4418 3668/4520/4395
f 3619/4397/4272 3610/4396/4271 3609/4398/4273
f 3609/4398/4273 3608/4400/4275 3618/4562/4437
f 3618/4562/4437 3608/4400/4275 3617/4402/4277
f 3618/4562/4437 3617/4402/4277 3626/4376/4251
f 3626/4376/4251 3617/4402/4277 3625/4378/4253
f 3627/4374/4249 3619/4397/4272 3618/4562/4437
f 3618/4562/4437 3619/4397/4272 3609/4398/4273
f 3627/4374/4249 3618/4562/4437 3626/4376/4251
f 3598/4410/4285 3640/4558/4433 3632/4383/4258
f 3632/4383/4258 3640/4558/4433 3633/4381/4256
f 3640/4558/4433 3641/4556/4431 3633/4381/4256
f 3633/4381/4256 3641/4556/4431 3634/4379/4254
f 3641/4556/4431 3642/4554/4429 3634/4379/4254
f 3634/4379/4254 3642/4554/4429 3635/4377/4252
f 3642/4554/4429 3643/4552/4427 3635/4377/4252
f 3635/4377/4252 3643/4552/4427 3636/4375/4250
f 3643/4552/4427 3644/4550/4425 3636/4375/4250
f 3636/4375/4250 3644/4550/4425 3637/4373/4248
f 3644/4550/4425 3645/4548/4423 3637/4373/4248
f 3637/4373/4248 3645/4548/4423 3638/4371/4246
f 3647/4545/4420 3596/4367/4242 3639/4369/4244
f 3645/4548/4423 3646/4546/4421 3638/4371/4246
f 3638/4371/4246 3646/4546/4421 3639/4369/4244
f 3646/4546/4421 3647/4545/4420 3639/4369/4244
f 3662/4557/4432 3663/4522/4397 3650/4521/4396
f 3661/4555/4430 3662/4557/4432 3651/4544/4419
f 3651/4544/4419 3662/4557/4432 3650/4521/4396
f 3660/4553/4428 3661/4555/4430 3652/4542/4417
f 3652/4542/4417 3661/4555/4430 3651/4544/4419
f 3659/4551/4426 3660/4553/4428 3653/4540/4415
f 3653/4540/4415 3660/4553/4428 3652/4542/4417
f 3658/4549/4424 3659/4551/4426 3654/4538/4413
f 3654/4538/4413 3659/4551/4426 3653/4540/4415
f 3657/4547/4422 3658/4549/4424 3655/4536/4411
f 3655/4536/4411 3658/4549/4424 3654/4538/4413
f 3597/4533/4408 3657/4547/4422 3656/4534/4409
f 3656/4534/4409 3657/4547/4422 3655/4536/4411
f 3678/4519/4394 3686/4518/4393 3679/4561/4436
f 3679/4561/4436 3686/4518/4393 3687/4531/4406
f 3679/4561/4436 3687/4531/4406 3680/4560/4435
f 3680/4560/4435 3687/4531/4406 3688/4529/4404
f 3680/4560/4435 3688/4529/4404 3681/4559/4434
f 3681/4559/4434 3688/4529/4404 3689/4528/4403
f 3681/4559/4434 3689/4528/4403 3599/4527/4402
f 3706/4480/4355 3690/4486/4361 3691/4481/4356
f 3691/4481/4356 3690/4486/4361 3708/4563/4438
f 3691/4481/4356 3708/4563/4438 3709/4482/4357
f 3709/4482/4357 3708/4563/4438 3718/4564/4439
f 3709/4482/4357 3718/4564/4439 3719/4483/4358
f 3719/4483/4358 3718/4564/4439 3727/4565/4440
f 3719/4483/4358 3727/4565/4440 3728/4484/4359
f 3728/4484/4359 3727/4565/4440 3745/4566/4441
f 3728/4484/4359 3745/4566/4441 3744/4485/4360
f 3744/4485/4360 3745/4566/4441 3738/4439/4314
f 3744/4485/4360 3738/4439/4314 3739/4437/4312
f 3699/4530/4405 3700/4517/4392 3697/4516/4391
f 3600/4524/4399 3699/4530/4405 3698/4525/4400
f 3698/4525/4400 3699/4530/4405 3697/4516/4391
f 3690/4486/4361 3707/4488/4363 3708/4563/4438
f 3708/4563/4438 3707/4488/4363 3717/4567/4442
f 3708/4563/4438 3717/4567/4442 3718/4564/4439
f 3718/4564/4439 3717/4567/4442 3726/4568/4443
f 3718/4564/4439 3726/4568/4443 3727/4565/4440
f 3727/4565/4440 3726/4568/4443 3746/4569/4444
f 3727/4565/4440 3746/4569/4444 3745/4566/4441
f 3745/4566/4441 3746/4569/4444 3737/4441/4316
f 3745/4566/4441 3737/4441/4316 3738/4439/4314
f 3707/4488/4363 3716/4490/4365 3717/4567/4442
f 3717/4567/4442 3716/4490/4365 3725/4570/4445
f 3717/4567/4442 3725/4570/4445 3726/4568/4443
f 3726/4568/4443 3725/4570/4445 3747/4571/4446
f 3726/4568/4443 3747/4571/4446 3746/4569/4444
f 3746/4569/4444 3747/4571/4446 3736/4443/4318
f 3746/4569/4444 3736/4443/4318 3737/4441/4316
f 3716/4490/4365 3724/4492/4367 3725/4570/4445
f 3725/4570/4445 3724/4492/4367 3748/4494/4369
f 3725/4570/4445 3748/4494/4369 3747/4571/4446
f 3747/4571/4446 3748/4494/4369 3735/4445/4320
f 3747/4571/4446 3735/4445/4320 3736/4443/4318
f 3758/4496/4371 3759/4499/4374 3749/4450/4325
f 3749/4450/4325 3759/4499/4374 3750/4448/4323
f 3761/4503/4378 3752/4444/4319 3751/4446/4321
f 3759/4499/4374 3760/4501/4376 3750/4448/4323
f 3750/4448/4323 3760/4501/4376 3751/4446/4321
f 3760/4501/4376 3761/4503/4378 3751/4446/4321
f 3763/4506/4381 3764/4507/4382 3754/4440/4315
f 3754/4440/4315 3764/4507/4382 3755/4438/4313
f 3764/4507/4382 3765/4509/4384 3755/4438/4313
f 3755/4438/4313 3765/4509/4384 3756/4436/4311
f 3765/4509/4384 3605/4511/4386 3756/4436/4311
f 3563/4572/4447 3562/4573/4448 3536/4574/4209
f 3536/4574/4209 3562/4573/4448 3537/4575/4211
f 3537/4575/4211 3562/4573/4448 3561/4576/4449
f 3537/4575/4211 3561/4576/4449 3768/4577/4450
f 3768/4577/4450 3561/4576/4449 3560/4578/4451
f 3768/4577/4450 3560/4578/4451 3559/4579/4452
f 3768/4577/4450 3559/4579/4452 3767/4580/4453
f 3767/4580/4453 3559/4579/4452 3558/4581/4454
f 3767/4580/4453 3558/4581/4454 3557/4582/4455
f 3767/4580/4453 3557/4582/4455 3766/4583/4456
f 3766/4583/4456 3557/4582/4455 3556/4584/4457
f 3766/4583/4456 3556/4584/4457 3555/4585/4458
f 3555/4585/4458 3543/4586/4223 3766/4583/4456
f 3766/4583/4456 3543/4586/4223 3542/4587/4221
f 3766/4583/4456 3542/4587/4221 3541/4588/4219
f 3541/4588/4219 3540/4589/4217 3766/4583/4456
f 3766/4583/4456 3540/4589/4217 3767/4580/4453
f 3540/4589/4217 3539/4590/4215 3767/4580/4453
f 3767/4580/4453 3539/4590/4215 3768/4577/4450
f 3539/4590/4215 3538/4591/4213 3768/4577/4450
f 3768/4577/4450 3538/4591/4213 3537/4575/4211
f 3769/4592/4459 3770/4593/4460 3784/4594/4461
f 3784/4594/4461 3770/4593/4460 3783/4595/4462
f 3783/4595/4462 3770/4593/4460 3771/4596/4463
f 3783/4595/4462 3771/4596/4463 3782/4597/4464
f 3782/4597/4464 3771/4596/4463 3772/4598/4465
f 3782/4597/4464 3772/4598/4465 3781/4599/4466
f 3781/4599/4466 3772/4598/4465 3773/4600/4467
f 3781/4599/4466 3773/4600/4467 3780/4601/4468
f 3780/4601/4468 3773/4600/4467 3774/4602/4469
f 3780/4601/4468 3774/4602/4469 3779/4603/4470
f 3779/4603/4470 3774/4602/4469 3775/4604/4471
f 3779/4603/4470 3775/4604/4471 3778/4605/4472
f 3778/4605/4472 3775/4604/4471 3776/4606/4473
f 3778/4605/4472 3776/4606/4473 3777/4607/4474
f 3784/4608/4461 3783/4609/4462 3579/4610/4475
f 3579/4610/4475 3783/4609/4462 3580/4611/4476
f 3580/4611/4476 3783/4609/4462 3787/4612/4477
f 3580/4611/4476 3787/4612/4477 3581/4613/4478
f 3581/4613/4478 3787/4612/4477 3582/4614/4479
f 3582/4614/4479 3787/4612/4477 3583/4615/4480
f 3583/4615/4480 3787/4612/4477 3786/4616/4481
f 3583/4615/4480 3786/4616/4481 3584/4617/4482
f 3584/4617/4482 3786/4616/4481 3785/4618/4483
f 3584/4617/4482 3785/4618/4483 3585/4619/4484
f 3585/4619/4484 3785/4618/4483 3586/4620/4485
f 3586/4620/4485 3785/4618/4483 3777/4621/4474
f 3586/4620/4485 3777/4621/4474 3587/4622/4486
f 3783/4609/4462 3782/4623/4464 3787/4612/4477
f 3787/4612/4477 3782/4623/4464 3781/4624/4466
f 3787/4612/4477 3781/4624/4466 3780/4625/4468
f 3787/4612/4477 3780/4625/4468 3786/4616/4481
f 3786/4616/4481 3780/4625/4468 3779/4626/4470
f 3786/4616/4481 3779/4626/4470 3785/4618/4483
f 3785/4618/4483 3779/4626/4470 3778/4627/4472
f 3785/4618/4483 3778/4627/4472 3777/4621/4474
f 3789/4628/4487 3847/4629/4488 3788/4630/4489
f 3788/4630/4489 3847/4629/4488 3828/4631/4490
f 3788/4630/4489 3828/4631/4490 3827/4632/4491
f 3827/4632/4491 3828/4631/4490 3864/4633/4492
f 3827/4632/4491 3864/4633/4492 3829/4634/4493
f 3829/4634/4493 3864/4633/4492 3863/4635/4494
f 3829/4634/4493 3863/4635/4494 3872/4636/4495
f 3872/4636/4495 3863/4635/4494 3862/4637/4496
f 3872/4636/4495 3862/4637/4496 3871/4638/4497
f 3871/4638/4497 3862/4637/4496 3861/4639/4498
f 3871/4638/4497 3861/4639/4498 3870/4640/4499
f 3870/4640/4499 3861/4639/4498 3860/4641/4500
f 3870/4640/4499 3860/4641/4500 3869/4642/4501
f 3869/4642/4501 3860/4641/4500 3859/4643/4502
f 3869/4642/4501 3859/4643/4502 3868/4644/4503
f 3868/4644/4503 3859/4643/4502 3858/4645/4504
f 3868/4644/4503 3858/4645/4504 3867/4646/4505
f 3867/4646/4505 3858/4645/4504 3857/4647/4506
f 3867/4646/4505 3857/4647/4506 3866/4648/4507
f 3866/4648/4507 3857/4647/4506 3856/4649/4508
f 3866/4648/4507 3856/4649/4508 3865/4650/4509
f 3865/4650/4509 3856/4649/4508 3799/4651/4510
f 3865/4650/4509 3799/4651/4510 3800/4652/4511
f 3789/4628/4487 3790/4653/4512 3847/4629/4488
f 3847/4629/4488 3790/4653/4512 3846/4654/4513
f 3847/4629/4488 3846/4654/4513 3828/4631/4490
f 3828/4631/4490 3846/4654/4513 3855/4655/4514
f 3828/4631/4490 3855/4655/4514 3864/4633/4492
f 3864/4633/4492 3855/4655/4514 3863/4635/4494
f 3790/4653/4512 3791/4656/4515 3846/4654/4513
f 3846/4654/4513 3791/4656/4515 3845/4657/4516
f 3846/4654/4513 3845/4657/4516 3855/4655/4514
f 3855/4655/4514 3845/4657/4516 3854/4658/4517
f 3855/4655/4514 3854/4658/4517 3863/4635/4494
f 3863/4635/4494 3854/4658/4517 3862/4637/4496
f 3791/4656/4515 3792/4659/4518 3845/4657/4516
f 3845/4657/4516 3792/4659/4518 3844/4660/4519
f 3845/4657/4516 3844/4660/4519 3854/4658/4517
f 3854/4658/4517 3844/4660/4519 3853/4661/4520
f 3854/4658/4517 3853/4661/4520 3862/4637/4496
f 3862/4637/4496 3853/4661/4520 3861/4639/4498
f 3792/4659/4518 3793/4662/4521 3844/4660/4519
f 3844/4660/4519 3793/4662/4521 3843/4663/4522
f 3844/4660/4519 3843/4663/4522 3853/4661/4520
f 3853/4661/4520 3843/4663/4522 3852/4664/4523
f 3853/4661/4520 3852/4664/4523 3861/4639/4498
f 3861/4639/4498 3852/4664/4523 3860/4641/4500
f 3843/4663/4522 3793/4662/4521 3842/4665/4524
f 3842/4665/4524 3793/4662/4521 3794/4666/4525
f 3842/4665/4524 3794/4666/4525 3841/4667/4526
f 3841/4667/4526 3794/4666/4525 3840/4668/4527
f 3841/4667/4526 3840/4668/4527 3850/4669/4528
f 3850/4669/4528 3840/4668/4527 3849/4670/4529
f 3850/4669/4528 3849/4670/4529 3858/4645/4504
f 3858/4645/4504 3849/4670/4529 3857/4647/4506
f 3794/4666/4525 3795/4671/4530 3840/4668/4527
f 3840/4668/4527 3795/4671/4530 3839/4672/4531
f 3840/4668/4527 3839/4672/4531 3849/4670/4529
f 3849/4670/4529 3839/4672/4531 3848/4673/4532
f 3849/4670/4529 3848/4673/4532 3857/4647/4506
f 3857/4647/4506 3848/4673/4532 3856/4649/4508
f 3795/4671/4530 3796/4674/4533 3839/4672/4531
f 3839/4672/4531 3796/4674/4533 3797/4675/4534
f 3839/4672/4531 3797/4675/4534 3848/4673/4532
f 3848/4673/4532 3797/4675/4534 3798/4676/4535
f 3848/4673/4532 3798/4676/4535 3856/4649/4508
f 3856/4649/4508 3798/4676/4535 3799/4651/4510
f 3865/4650/4509 3800/4652/4511 3831/4677/4536
f 3831/4677/4536 3800/4652/4511 3801/4678/4537
f 3831/4677/4536 3801/4678/4537 3897/4679/4538
f 3897/4679/4538 3801/4678/4537 3881/4680/4539
f 3897/4679/4538 3881/4680/4539 3882/4681/4540
f 3882/4681/4540 3881/4680/4539 3899/4682/4541
f 3882/4681/4540 3899/4682/4541 3900/4683/4542
f 3900/4683/4542 3899/4682/4541 3909/4684/4543
f 3900/4683/4542 3909/4684/4543 3910/4685/4544
f 3910/4685/4544 3909/4684/4543 3917/4686/4545
f 3910/4685/4544 3917/4686/4545 3918/4687/4546
f 3918/4687/4546 3917/4686/4545 3935/4688/4547
f 3918/4687/4546 3935/4688/4547 3934/4689/4548
f 3934/4689/4548 3935/4688/4547 3928/4690/4549
f 3934/4689/4548 3928/4690/4549 3929/4691/4550
f 3929/4691/4550 3928/4690/4549 3946/4692/4551
f 3929/4691/4550 3946/4692/4551 3947/4693/4552
f 3947/4693/4552 3946/4692/4551 3956/4694/4553
f 3947/4693/4552 3956/4694/4553 3835/4695/4554
f 3835/4695/4554 3956/4694/4553 3965/4696/4555
f 3835/4695/4554 3965/4696/4555 3822/4697/4556
f 3822/4697/4556 3965/4696/4555 3836/4698/4557
f 3822/4697/4556 3836/4698/4557 3821/4699/4558
f 3821/4699/4558 3836/4698/4557 3974/4700/4559
f 3821/4699/4558 3974/4700/4559 3990/4701/4560
f 3990/4701/4560 3974/4700/4559 3973/4702/4561
f 3990/4701/4560 3973/4702/4561 3989/4703/4562
f 3989/4703/4562 3973/4702/4561 3972/4704/4563
f 3989/4703/4562 3972/4704/4563 3988/4705/4564
f 3988/4705/4564 3972/4704/4563 3971/4706/4565
f 3988/4705/4564 3971/4706/4565 3987/4707/4566
f 3987/4707/4566 3971/4706/4565 3970/4708/4567
f 3987/4707/4566 3970/4708/4567 3986/4709/4568
f 3986/4709/4568 3970/4708/4567 3969/4710/4569
f 3986/4709/4568 3969/4710/4569 3985/4711/4570
f 3985/4711/4570 3969/4710/4569 3968/4712/4571
f 3985/4711/4570 3968/4712/4571 3984/4713/4572
f 3984/4713/4572 3968/4712/4571 3967/4714/4573
f 3984/4713/4572 3967/4714/4573 3983/4715/4574
f 3983/4715/4574 3967/4714/4573 3966/4716/4575
f 3983/4715/4574 3966/4716/4575 3982/4717/4576
f 3982/4717/4576 3966/4716/4575 3810/4718/4577
f 3982/4717/4576 3810/4718/4577 3811/4719/4578
f 3801/4678/4537 3802/4720/4579 3881/4680/4539
f 3881/4680/4539 3802/4720/4579 3898/4721/4580
f 3881/4680/4539 3898/4721/4580 3899/4682/4541
f 3899/4682/4541 3898/4721/4580 3908/4722/4581
f 3899/4682/4541 3908/4722/4581 3909/4684/4543
f 3909/4684/4543 3908/4722/4581 3916/4723/4582
f 3909/4684/4543 3916/4723/4582 3917/4686/4545
f 3917/4686/4545 3916/4723/4582 3936/4724/4583
f 3917/4686/4545 3936/4724/4583 3935/4688/4547
f 3935/4688/4547 3936/4724/4583 3927/4725/4584
f 3935/4688/4547 3927/4725/4584 3928/4690/4549
f 3928/4690/4549 3927/4725/4584 3945/4726/4585
f 3928/4690/4549 3945/4726/4585 3946/4692/4551
f 3946/4692/4551 3945/4726/4585 3955/4727/4586
f 3946/4692/4551 3955/4727/4586 3956/4694/4553
f 3956/4694/4553 3955/4727/4586 3964/4728/4587
f 3956/4694/4553 3964/4728/4587 3965/4696/4555
f 3965/4696/4555 3964/4728/4587 3836/4698/4557
f 3802/4720/4579 3803/4729/4588 3898/4721/4580
f 3898/4721/4580 3803/4729/4588 3907/4730/4589
f 3898/4721/4580 3907/4730/4589 3908/4722/4581
f 3908/4722/4581 3907/4730/4589 3915/4731/4590
f 3908/4722/4581 3915/4731/4590 3916/4723/4582
f 3916/4723/4582 3915/4731/4590 3937/4732/4591
f 3916/4723/4582 3937/4732/4591 3936/4724/4583
f 3936/4724/4583 3937/4732/4591 3926/4733/4592
f 3936/4724/4583 3926/4733/4592 3927/4725/4584
f 3927/4725/4584 3926/4733/4592 3944/4734/4593
f 3927/4725/4584 3944/4734/4593 3945/4726/4585
f 3945/4726/4585 3944/4734/4593 3954/4735/4594
f 3945/4726/4585 3954/4735/4594 3955/4727/4586
f 3955/4727/4586 3954/4735/4594 3963/4736/4595
f 3955/4727/4586 3963/4736/4595 3964/4728/4587
f 3964/4728/4587 3963/4736/4595 3975/4737/4596
f 3964/4728/4587 3975/4737/4596 3836/4698/4557
f 3836/4698/4557 3975/4737/4596 3974/4700/4559
f 3803/4729/4588 3804/4738/4597 3907/4730/4589
f 3907/4730/4589 3804/4738/4597 3834/4739/4598
f 3907/4730/4589 3834/4739/4598 3915/4731/4590
f 3915/4731/4590 3834/4739/4598 3938/4740/4599
f 3915/4731/4590 3938/4740/4599 3937/4732/4591
f 3937/4732/4591 3938/4740/4599 3925/4741/4600
f 3937/4732/4591 3925/4741/4600 3926/4733/4592
f 3926/4733/4592 3925/4741/4600 3943/4742/4601
f 3926/4733/4592 3943/4742/4601 3944/4734/4593
f 3944/4734/4593 3943/4742/4601 3953/4743/4602
f 3944/4734/4593 3953/4743/4602 3954/4735/4594
f 3954/4735/4594 3953/4743/4602 3962/4744/4603
f 3954/4735/4594 3962/4744/4603 3963/4736/4595
f 3963/4736/4595 3962/4744/4603 3976/4745/4604
f 3963/4736/4595 3976/4745/4604 3975/4737/4596
f 3975/4737/4596 3976/4745/4604 3973/4702/4561
f 3975/4737/4596 3973/4702/4561 3974/4700/4559
f 3804/4738/4597 3805/4746/4605 3834/4739/4598
f 3834/4739/4598 3805/4746/4605 3939/4747/4606
f 3834/4739/4598 3939/4747/4606 3938/4740/4599
f 3938/4740/4599 3939/4747/4606 3924/4748/4607
f 3938/4740/4599 3924/4748/4607 3925/4741/4600
f 3925/4741/4600 3924/4748/4607 3942/4749/4608
f 3925/4741/4600 3942/4749/4608 3943/4742/4601
f 3943/4742/4601 3942/4749/4608 3952/4750/4609
f 3943/4742/4601 3952/4750/4609 3953/4743/4602
f 3953/4743/4602 3952/4750/4609 3961/4751/4610
f 3953/4743/4602 3961/4751/4610 3962/4744/4603
f 3962/4744/4603 3961/4751/4610 3977/4752/4611
f 3962/4744/4603 3977/4752/4611 3976/4745/4604
f 3976/4745/4604 3977/4752/4611 3972/4704/4563
f 3976/4745/4604 3972/4704/4563 3973/4702/4561
f 3939/4747/4606 3805/4746/4605 3923/4753/4612
f 3923/4753/4612 3805/4746/4605 3806/4754/4613
f 3923/4753/4612 3806/4754/4613 3940/4755/4614
f 3940/4755/4614 3806/4754/4613 3807/4756/4615
f 3940/4755/4614 3807/4756/4615 3949/4757/4616
f 3949/4757/4616 3807/4756/4615 3808/4758/4617
f 3949/4757/4616 3808/4758/4617 3957/4759/4618
f 3957/4759/4618 3808/4758/4617 3837/4760/4619
f 3957/4759/4618 3837/4760/4619 3981/4761/4620
f 3981/4761/4620 3837/4760/4619 3967/4714/4573
f 3981/4761/4620 3967/4714/4573 3968/4712/4571
f 3808/4758/4617 3809/4762/4621 3837/4760/4619
f 3837/4760/4619 3809/4762/4621 3966/4716/4575
f 3837/4760/4619 3966/4716/4575 3967/4714/4573
f 3809/4762/4621 3810/4718/4577 3966/4716/4575
f 3982/4717/4576 3811/4719/4578 3991/4763/4622
f 3991/4763/4622 3811/4719/4578 3812/4764/4623
f 3991/4763/4622 3812/4764/4623 3813/4765/4624
f 3991/4763/4622 3813/4765/4624 3992/4766/4625
f 3992/4766/4625 3813/4765/4624 3814/4767/4626
f 3992/4766/4625 3814/4767/4626 3993/4768/4627
f 3993/4768/4627 3814/4767/4626 3815/4769/4628
f 3993/4768/4627 3815/4769/4628 3994/4770/4629
f 3994/4770/4629 3815/4769/4628 3995/4771/4630
f 3994/4770/4629 3995/4771/4630 3985/4711/4570
f 3985/4711/4570 3995/4771/4630 3986/4709/4568
f 3815/4769/4628 3816/4772/4631 3995/4771/4630
f 3995/4771/4630 3816/4772/4631 3996/4773/4632
f 3995/4771/4630 3996/4773/4632 3986/4709/4568
f 3986/4709/4568 3996/4773/4632 3987/4707/4566
f 3996/4773/4632 3816/4772/4631 3997/4774/4633
f 3997/4774/4633 3816/4772/4631 3817/4775/4634
f 3997/4774/4633 3817/4775/4634 3998/4776/4635
f 3998/4776/4635 3817/4775/4634 3818/4777/4636
f 3998/4776/4635 3818/4777/4636 3838/4778/4637
f 3838/4778/4637 3818/4777/4636 3819/4779/4638
f 3838/4778/4637 3819/4779/4638 3820/4780/4639
f 3820/4780/4639 3821/4699/4558 3838/4778/4637
f 3838/4778/4637 3821/4699/4558 3990/4701/4560
f 3838/4778/4637 3990/4701/4560 3989/4703/4562
f 3822/4697/4556 3823/4781/4640 3835/4695/4554
f 3835/4695/4554 3823/4781/4640 3948/4782/4641
f 3835/4695/4554 3948/4782/4641 3947/4693/4552
f 3947/4693/4552 3948/4782/4641 3930/4783/4642
f 3947/4693/4552 3930/4783/4642 3929/4691/4550
f 3929/4691/4550 3930/4783/4642 3933/4784/4643
f 3929/4691/4550 3933/4784/4643 3934/4689/4548
f 3934/4689/4548 3933/4784/4643 3919/4785/4644
f 3934/4689/4548 3919/4785/4644 3918/4687/4546
f 3918/4687/4546 3919/4785/4644 3911/4786/4645
f 3918/4687/4546 3911/4786/4645 3910/4685/4544
f 3910/4685/4544 3911/4786/4645 3901/4787/4646
f 3910/4685/4544 3901/4787/4646 3900/4683/4542
f 3900/4683/4542 3901/4787/4646 3883/4788/4647
f 3900/4683/4542 3883/4788/4647 3882/4681/4540
f 3882/4681/4540 3883/4788/4647 3896/4789/4648
f 3882/4681/4540 3896/4789/4648 3897/4679/4538
f 3897/4679/4538 3896/4789/4648 3831/4677/4536
f 3824/4790/4649 3833/4791/4650 3823/4781/4640
f 3823/4781/4640 3833/4791/4650 3931/4792/4651
f 3823/4781/4640 3931/4792/4651 3948/4782/4641
f 3948/4782/4641 3931/4792/4651 3930/4783/4642
f 3825/4793/4652 3832/4794/4653 3824/4790/4649
f 3824/4790/4649 3832/4794/4653 3922/4795/4654
f 3824/4790/4649 3922/4795/4654 3833/4791/4650
f 3833/4791/4650 3922/4795/4654 3921/4796/4655
f 3833/4791/4650 3921/4796/4655 3932/4797/4656
f 3932/4797/4656 3921/4796/4655 3920/4798/4657
f 3932/4797/4656 3920/4798/4657 3933/4784/4643
f 3933/4784/4643 3920/4798/4657 3919/4785/4644
f 3826/4799/4658 3830/4800/4659 3825/4793/4652
f 3825/4793/4652 3830/4800/4659 3889/4801/4660
f 3825/4793/4652 3889/4801/4660 3906/4802/4661
f 3906/4802/4661 3889/4801/4660 3888/4803/4662
f 3906/4802/4661 3888/4803/4662 3905/4804/4663
f 3905/4804/4663 3888/4803/4662 3887/4805/4664
f 3905/4804/4663 3887/4805/4664 3904/4806/4665
f 3904/4806/4665 3887/4805/4664 3886/4807/4666
f 3904/4806/4665 3886/4807/4666 3903/4808/4667
f 3903/4808/4667 3886/4807/4666 3885/4809/4668
f 3903/4808/4667 3885/4809/4668 3902/4810/4669
f 3902/4810/4669 3885/4809/4668 3884/4811/4670
f 3902/4810/4669 3884/4811/4670 3901/4787/4646
f 3901/4787/4646 3884/4811/4670 3883/4788/4647
f 3827/4632/4491 3829/4634/4493 3826/4799/4658
f 3826/4799/4658 3829/4634/4493 3880/4812/4671
f 3826/4799/4658 3880/4812/4671 3830/4800/4659
f 3830/4800/4659 3880/4812/4671 3879/4813/4672
f 3830/4800/4659 3879/4813/4672 3890/4814/4673
f 3890/4814/4673 3879/4813/4672 3878/4815/4674
f 3890/4814/4673 3878/4815/4674 3891/4816/4675
f 3891/4816/4675 3878/4815/4674 3877/4817/4676
f 3891/4816/4675 3877/4817/4676 3892/4818/4677
f 3892/4818/4677 3877/4817/4676 3876/4819/4678
f 3892/4818/4677 3876/4819/4678 3893/4820/4679
f 3893/4820/4679 3876/4819/4678 3875/4821/4680
f 3893/4820/4679 3875/4821/4680 3894/4822/4681
f 3894/4822/4681 3875/4821/4680 3874/4823/4682
f 3894/4822/4681 3874/4823/4682 3895/4824/4683
f 3895/4824/4683 3874/4823/4682 3873/4825/4684
f 3895/4824/4683 3873/4825/4684 3896/4789/4648
f 3896/4789/4648 3873/4825/4684 3831/4677/4536
f 3825/4793/4652 3906/4802/4661 3832/4794/4653
f 3832/4794/4653 3906/4802/4661 3905/4804/4663
f 3832/4794/4653 3905/4804/4663 3914/4826/4685
f 3914/4826/4685 3905/4804/4663 3904/4806/4665
f 3914/4826/4685 3904/4806/4665 3913/4827/4686
f 3913/4827/4686 3904/4806/4665 3903/4808/4667
f 3913/4827/4686 3903/4808/4667 3912/4828/4687
f 3912/4828/4687 3903/4808/4667 3902/4810/4669
f 3912/4828/4687 3902/4810/4669 3911/4786/4645
f 3911/4786/4645 3902/4810/4669 3901/4787/4646
f 3852/4664/4523 3843/4663/4522 3842/4665/4524
f 3842/4665/4524 3841/4667/4526 3851/4829/4688
f 3851/4829/4688 3841/4667/4526 3850/4669/4528
f 3851/4829/4688 3850/4669/4528 3859/4643/4502
f 3859/4643/4502 3850/4669/4528 3858/4645/4504
f 3860/4641/4500 3852/4664/4523 3851/4829/4688
f 3851/4829/4688 3852/4664/4523 3842/4665/4524
f 3860/4641/4500 3851/4829/4688 3859/4643/4502
f 3831/4677/4536 3873/4825/4684 3865/4650/4509
f 3865/4650/4509 3873/4825/4684 3866/4648/4507
f 3873/4825/4684 3874/4823/4682 3866/4648/4507
f 3866/4648/4507 3874/4823/4682 3867/4646/4505
f 3874/4823/4682 3875/4821/4680 3867/4646/4505
f 3867/4646/4505 3875/4821/4680 3868/4644/4503
f 3875/4821/4680 3876/4819/4678 3868/4644/4503
f 3868/4644/4503 3876/4819/4678 3869/4642/4501
f 3876/4819/4678 3877/4817/4676 3869/4642/4501
f 3869/4642/4501 3877/4817/4676 3870/4640/4499
f 3877/4817/4676 3878/4815/4674 3870/4640/4499
f 3870/4640/4499 3878/4815/4674 3871/4638/4497
f 3880/4812/4671 3829/4634/4493 3872/4636/4495
f 3878/4815/4674 3879/4813/4672 3871/4638/4497
f 3871/4638/4497 3879/4813/4672 3872/4636/4495
f 3879/4813/4672 3880/4812/4671 3872/4636/4495
f 3895/4824/4683 3896/4789/4648 3883/4788/4647
f 3894/4822/4681 3895/4824/4683 3884/4811/4670
f 3884/4811/4670 3895/4824/4683 3883/4788/4647
f 3893/4820/4679 3894/4822/4681 3885/4809/4668
f 3885/4809/4668 3894/4822/4681 3884/4811/4670
f 3892/4818/4677 3893/4820/4679 3886/4807/4666
f 3886/4807/4666 3893/4820/4679 3885/4809/4668
f 3891/4816/4675 3892/4818/4677 3887/4805/4664
f 3887/4805/4664 3892/4818/4677 3886/4807/4666
f 3890/4814/4673 3891/4816/4675 3888/4803/4662
f 3888/4803/4662 3891/4816/4675 3887/4805/4664
f 3830/4800/4659 3890/4814/4673 3889/4801/4660
f 3889/4801/4660 3890/4814/4673 3888/4803/4662
f 3911/4786/4645 3919/4785/4644 3912/4828/4687
f 3912/4828/4687 3919/4785/4644 3920/4798/4657
f 3912/4828/4687 3920/4798/4657 3913/4827/4686
f 3913/4827/4686 3920/4798/4657 3921/4796/4655
f 3913/4827/4686 3921/4796/4655 3914/4826/4685
f 3914/4826/4685 3921/4796/4655 3922/4795/4654
f 3914/4826/4685 3922/4795/4654 3832/4794/4653
f 3939/4747/4606 3923/4753/4612 3924/4748/4607
f 3924/4748/4607 3923/4753/4612 3941/4830/4689
f 3924/4748/4607 3941/4830/4689 3942/4749/4608
f 3942/4749/4608 3941/4830/4689 3951/4831/4690
f 3942/4749/4608 3951/4831/4690 3952/4750/4609
f 3952/4750/4609 3951/4831/4690 3960/4832/4691
f 3952/4750/4609 3960/4832/4691 3961/4751/4610
f 3961/4751/4610 3960/4832/4691 3978/4833/4692
f 3961/4751/4610 3978/4833/4692 3977/4752/4611
f 3977/4752/4611 3978/4833/4692 3971/4706/4565
f 3977/4752/4611 3971/4706/4565 3972/4704/4563
f 3932/4797/4656 3933/4784/4643 3930/4783/4642
f 3833/4791/4650 3932/4797/4656 3931/4792/4651
f 3931/4792/4651 3932/4797/4656 3930/4783/4642
f 3923/4753/4612 3940/4755/4614 3941/4830/4689
f 3941/4830/4689 3940/4755/4614 3950/4834/4693
f 3941/4830/4689 3950/4834/4693 3951/4831/4690
f 3951/4831/4690 3950/4834/4693 3959/4835/4694
f 3951/4831/4690 3959/4835/4694 3960/4832/4691
f 3960/4832/4691 3959/4835/4694 3979/4836/4695
f 3960/4832/4691 3979/4836/4695 3978/4833/4692
f 3978/4833/4692 3979/4836/4695 3970/4708/4567
f 3978/4833/4692 3970/4708/4567 3971/4706/4565
f 3940/4755/4614 3949/4757/4616 3950/4834/4693
f 3950/4834/4693 3949/4757/4616 3958/4837/4696
f 3950/4834/4693 3958/4837/4696 3959/4835/4694
f 3959/4835/4694 3958/4837/4696 3980/4838/4697
f 3959/4835/4694 3980/4838/4697 3979/4836/4695
f 3979/4836/4695 3980/4838/4697 3969/4710/4569
f 3979/4836/4695 3969/4710/4569 3970/4708/4567
f 3949/4757/4616 3957/4759/4618 3958/4837/4696
f 3958/4837/4696 3957/4759/4618 3981/4761/4620
f 3958/4837/4696 3981/4761/4620 3980/4838/4697
f 3980/4838/4697 3981/4761/4620 3968/4712/4571
f 3980/4838/4697 3968/4712/4571 3969/4710/4569
f 3991/4763/4622 3992/4766/4625 3982/4717/4576
f 3982/4717/4576 3992/4766/4625 3983/4715/4574
f 3994/4770/4629 3985/4711/4570 3984/4713/4572
f 3992/4766/4625 3993/4768/4627 3983/4715/4574
f 3983/4715/4574 3993/4768/4627 3984/4713/4572
f 3993/4768/4627 3994/4770/4629 3984/4713/4572
f 3996/4773/4632 3997/4774/4633 3987/4707/4566
f 3987/4707/4566 3997/4774/4633 3988/4705/4564
f 3997/4774/4633 3998/4776/4635 3988/4705/4564
f 3988/4705/4564 3998/4776/4635 3989/4703/4562
f 3998/4776/4635 3838/4778/4637 3989/4703/4562
f 3796/4839/4698 3795/4840/4699 3769/4841/4459
f 3769/4841/4459 3795/4840/4699 3770/4842/4460
f 3770/4842/4460 3795/4840/4699 3794/4843/4700
f 3770/4842/4460 3794/4843/4700 4001/4844/4701
f 4001/4844/4701 3794/4843/4700 3793/4845/4702
f 4001/4844/4701 3793/4845/4702 3792/4846/4703
f 4001/4844/4701 3792/4846/4703 4000/4847/4704
f 4000/4847/4704 3792/4846/4703 3791/4848/4705
f 4000/4847/4704 3791/4848/4705 3790/4849/4706
f 4000/4847/4704 3790/4849/4706 3999/4850/4707
f 3999/4850/4707 3790/4849/4706 3789/4851/4708
f 3999/4850/4707 3789/4851/4708 3788/4852/4709
f 3788/4852/4709 3776/4853/4473 3999/4850/4707
f 3999/4850/4707 3776/4853/4473 3775/4854/4471
f 3999/4850/4707 3775/4854/4471 3774/4855/4469
f 3774/4855/4469 3773/4856/4467 3999/4850/4707
f 3999/4850/4707 3773/4856/4467 4000/4847/4704
f 3773/4856/4467 3772/4857/4465 4000/4847/4704
f 4000/4847/4704 3772/4857/4465 4001/4844/4701
f 3772/4857/4465 3771/4858/4463 4001/4844/4701
f 4001/4844/4701 3771/4858/4463 3770/4842/4460
f 4017/4859/4710 4002/4860/4711 4016/4861/4712
f 4016/4861/4712 4002/4860/4711 4003/4862/4713
f 4016/4861/4712 4003/4862/4713 4015/4863/4714
f 4015/4863/4714 4003/4862/4713 4004/4864/4715
f 4015/4863/4714 4004/4864/4715 4014/4865/4716
f 4014/4865/4716 4004/4864/4715 4005/4866/4717
f 4014/4865/4716 4005/4866/4717 4013/4867/4718
f 4013/4867/4718 4005/4866/4717 4006/4868/4719
f 4013/4867/4718 4006/4868/4719 4012/4869/4720
f 4012/4869/4720 4006/4868/4719 4007/4870/4721
f 4012/4869/4720 4007/4870/4721 4011/4871/4722
f 4011/4871/4722 4007/4870/4721 4008/4872/4723
f 4011/4871/4722 4008/4872/4723 4010/4873/4724
f 4010/4873/4724 4008/4872/4723 4009/4874/4725
f 4017/4875/4710 4016/4876/4712 3812/4877/4726
f 3812/4877/4726 4016/4876/4712 3813/4878/4727
f 3813/4878/4727 4016/4876/4712 4020/4879/4728
f 3813/4878/4727 4020/4879/4728 3814/4880/4729
f 3814/4880/4729 4020/4879/4728 3815/4881/4730
f 3815/4881/4730 4020/4879/4728 3816/4882/4731
f 3816/4882/4731 4020/4879/4728 4019/4883/4732
f 3816/4882/4731 4019/4883/4732 3817/4884/4733
f 3817/4884/4733 4019/4883/4732 4018/4885/4734
f 3817/4884/4733 4018/4885/4734 3818/4886/4735
f 3818/4886/4735 4018/4885/4734 3819/4887/4736
f 3819/4887/4736 4018/4885/4734 4010/4888/4724
f 3819/4887/4736 4010/4888/4724 3820/4889/4737
f 4016/4876/4712 4015/4890/4714 4020/4879/4728
f 4020/4879/4728 4015/4890/4714 4014/4891/4716
f 4020/4879/4728 4014/4891/4716 4013/4892/4718
f 4020/4879/4728 4013/4892/4718 4019/4883/4732
f 4019/4883/4732 4013/4892/4718 4012/4893/4720
f 4019/4883/4732 4012/4893/4720 4018/4885/4734
f 4018/4885/4734 4012/4893/4720 4011/4894/4722
f 4018/4885/4734 4011/4894/4722 4010/4888/4724
f 3100/4895/4738 3099/4896/4739 4002/4897/4711
f 4002/4897/4711 3099/4896/4739 4003/4898/4713
f 4003/4898/4713 3099/4896/4739 3098/4899/4740
f 4003/4898/4713 3098/4899/4740 4023/4900/4741
f 4023/4900/4741 3098/4899/4740 3097/4901/4742
f 4023/4900/4741 3097/4901/4742 3096/4902/4743
f 4023/4900/4741 3096/4902/4743 4022/4903/4744
f 4022/4903/4744 3096/4902/4743 3095/4904/4745
f 4022/4903/4744 3095/4904/4745 3094/4905/4746
f 4022/4903/4744 3094/4905/4746 4021/4906/4747
f 4021/4906/4747 3094/4905/4746 3093/4907/4748
f 4021/4906/4747 3093/4907/4748 3092/4908/4749
f 3092/4908/4749 4009/4909/4725 4021/4906/4747
f 4021/4906/4747 4009/4909/4725 4008/4910/4723
f 4021/4906/4747 4008/4910/4723 4007/4911/4721
f 4007/4911/4721 4006/4912/4719 4021/4906/4747
f 4021/4906/4747 4006/4912/4719 4022/4903/4744
f 4006/4912/4719 4005/4913/4717 4022/4903/4744
f 4022/4903/4744 4005/4913/4717 4023/4900/4741
f 4005/4913/4717 4004/4914/4715 4023/4900/4741
f 4023/4900/4741 4004/4914/4715 4003/4898/4713
f 3345/4915/4750 4037/4916/4751 3346/4917/4752
f 3346/4917/4752 4037/4916/4751 4038/4918/4753
f 3346/4917/4752 4038/4918/4753 4036/4919/4754
f 4036/4919/4754 4038/4918/4753 4039/4920/4755
f 4036/4919/4754 4039/4920/4755 4035/4921/4756
f 4035/4921/4756 4039/4920/4755 4042/4922/4757
f 4035/4921/4756 4042/4922/4757 4034/4923/4758
f 4034/4923/4758 4042/4922/4757 4045/4924/4759
f 4034/4923/4758 4045/4924/4759 4033/4925/4760
f 4033/4925/4760 4045/4924/4759 4048/4926/4761
f 4033/4925/4760 4048/4926/4761 4032/4927/4762
f 4032/4927/4762 4048/4926/4761 4051/4928/4763
f 4032/4927/4762 4051/4928/4763 4031/4929/4764
f 4031/4929/4764 4051/4928/4763 4054/4930/4765
f 4031/4929/4764 4054/4930/4765 4030/4931/4766
f 4030/4931/4766 4054/4930/4765 4029/4932/4767
f 4029/4932/4767 4054/4930/4765 4057/4933/4768
f 4029/4932/4767 4057/4933/4768 4028/4934/4769
f 4028/4934/4769 4057/4933/4768 4060/4935/4770
f 4028/4934/4769 4060/4935/4770 4027/4936/4771
f 4027/4936/4771 4060/4935/4770 4063/4937/4772
f 4027/4936/4771 4063/4937/4772 4026/4938/4773
f 4026/4938/4773 4063/4937/4772 4066/4939/4774
f 4026/4938/4773 4066/4939/4774 4025/4940/4775
f 4025/4940/4775 4066/4939/4774 4069/4941/4776
f 4025/4940/4775 4069/4941/4776 4024/4942/4777
f 4024/4942/4777 4069/4941/4776 4068/4943/4778
f 4024/4942/4777 4068/4943/4778 4067/4944/4779
f 4067/4944/4779 4068/4943/4778 4064/4945/4780
f 4067/4944/4779 4064/4945/4780 3332/4946/4781
f 3332/4946/4781 4064/4945/4780 3333/4947/4782
f 3333/4947/4782 4064/4945/4780 4061/4948/4783
f 3333/4947/4782 4061/4948/4783 3334/4949/4784
f 3334/4949/4784 4061/4948/4783 3335/4950/4785
f 3335/4950/4785 4061/4948/4783 4058/4951/4786
f 3335/4950/4785 4058/4951/4786 3336/4952/4787
f 3336/4952/4787 4058/4951/4786 4055/4953/4788
f 3336/4952/4787 4055/4953/4788 3337/4954/4789
f 3337/4954/4789 4055/4953/4788 4052/4955/4790
f 3337/4954/4789 4052/4955/4790 3338/4956/4791
f 3338/4956/4791 4052/4955/4790 3339/4957/4792
f 3339/4957/4792 4052/4955/4790 4049/4958/4793
f 3339/4957/4792 4049/4958/4793 3340/4959/4794
f 3340/4959/4794 4049/4958/4793 4046/4960/4795
f 3340/4959/4794 4046/4960/4795 3341/4961/4796
f 3341/4961/4796 4046/4960/4795 4043/4962/4797
f 3341/4961/4796 4043/4962/4797 3342/4963/4798
f 3342/4963/4798 4043/4962/4797 3343/4964/4799
f 3343/4964/4799 4043/4962/4797 4040/4965/4800
f 3343/4964/4799 4040/4965/4800 3344/4966/4801
f 3344/4966/4801 4040/4965/4800 4037/4916/4751
f 3344/4966/4801 4037/4916/4751 3345/4915/4750
f 3332/4946/4781 3331/4967/4802 4067/4944/4779
f 4067/4944/4779 3331/4967/4802 4024/4942/4777
f 3331/4967/4802 3330/4968/4803 4024/4942/4777
f 4037/4916/4751 4040/4965/4800 4038/4918/4753
f 4038/4918/4753 4040/4965/4800 4041/4969/4804
f 4038/4918/4753 4041/4969/4804 4039/4920/4755
f 4039/4920/4755 4041/4969/4804 4042/4922/4757
f 4040/4965/4800 4043/4962/4797 4041/4969/4804
f 4041/4969/4804 4043/4962/4797 4044/4970/4805
f 4041/4969/4804 4044/4970/4805 4042/4922/4757
f 4042/4922/4757 4044/4970/4805 4045/4924/4759
f 4043/4962/4797 4046/4960/4795 4044/4970/4805
f 4044/4970/4805 4046/4960/4795 4047/4971/4806
f 4044/4970/4805 4047/4971/4806 4045/4924/4759
f 4045/4924/4759 4047/4971/4806 4048/4926/4761
f 4046/4960/4795 4049/4958/4793 4047/4971/4806
f 4047/4971/4806 4049/4958/4793 4050/4972/4807
f 4047/4971/4806 4050/4972/4807 4048/4926/4761
f 4048/4926/4761 4050/4972/4807 4051/4928/4763
f 4049/4958/4793 4052/4955/4790 4050/4972/4807
f 4050/4972/4807 4052/4955/4790 4053/4973/4808
f 4050/4972/4807 4053/4973/4808 4051/4928/4763
f 4051/4928/4763 4053/4973/4808 4054/4930/4765
f 4057/4933/4768 4054/4930/4765 4053/4973/4808
f 4053/4973/4808 4052/4955/4790 4056/4974/4809
f 4056/4974/4809 4052/4955/4790 4055/4953/4788
f 4056/4974/4809 4055/4953/4788 4059/4975/4810
f 4059/4975/4810 4055/4953/4788 4058/4951/4786
f 4059/4975/4810 4058/4951/4786 4062/4976/4811
f 4062/4976/4811 4058/4951/4786 4061/4948/4783
f 4062/4976/4811 4061/4948/4783 4065/4977/4812
f 4065/4977/4812 4061/4948/4783 4064/4945/4780
f 4065/4977/4812 4064/4945/4780 4068/4943/4778
f 4060/4935/4770 4057/4933/4768 4056/4974/4809
f 4056/4974/4809 4057/4933/4768 4053/4973/4808
f 4060/4935/4770 4056/4974/4809 4059/4975/4810
f 4063/4937/4772 4060/4935/4770 4059/4975/4810
f 4063/4937/4772 4059/4975/4810 4062/4976/4811
f 4066/4939/4774 4063/4937/4772 4062/4976/4811
f 4066/4939/4774 4062/4976/4811 4065/4977/4812
f 4069/4941/4776 4066/4939/4774 4065/4977/4812
f 4069/4941/4776 4065/4977/4812 4068/4943/4778
f 3330/4978/4813 3303/4979/4814 4024/4980/4777
f 4024/4980/4777 3303/4979/4814 3318/4981/4815
f 4024/4980/4777 3318/4981/4815 4070/4982/4816
f 4070/4982/4816 3318/4981/4815 3116/4983/4817
f 3115/4984/4818 4083/4985/4819 3116/4986/4820
f 3116/4986/4820 4083/4985/4819 4084/4987/4821
f 3116/4986/4820 4084/4987/4821 4070/4988/4816
f 4070/4988/4816 4084/4987/4821 4085/4989/4822
f 4070/4988/4816 4085/4989/4822 4082/4990/4823
f 4082/4990/4823 4085/4989/4822 4088/4991/4824
f 4082/4990/4823 4088/4991/4824 4081/4992/4825
f 4081/4992/4825 4088/4991/4824 4091/4993/4826
f 4081/4992/4825 4091/4993/4826 4080/4994/4827
f 4080/4994/4827 4091/4993/4826 4094/4995/4828
f 4080/4994/4827 4094/4995/4828 4079/4996/4829
f 4079/4996/4829 4094/4995/4828 4097/4997/4830
f 4079/4996/4829 4097/4997/4830 4078/4998/4831
f 4078/4998/4831 4097/4997/4830 4100/4999/4832
f 4078/4998/4831 4100/4999/4832 4077/5000/4833
f 4077/5000/4833 4100/4999/4832 4076/5001/4834
f 4076/5001/4834 4100/4999/4832 4103/5002/4835
f 4076/5001/4834 4103/5002/4835 4075/5003/4836
f 4075/5003/4836 4103/5002/4835 4106/5004/4837
f 4075/5003/4836 4106/5004/4837 4074/5005/4838
f 4074/5005/4838 4106/5004/4837 4109/5006/4839
f 4074/5005/4838 4109/5006/4839 4073/5007/4840
f 4073/5007/4840 4109/5006/4839 4112/5008/4841
f 4073/5007/4840 4112/5008/4841 4072/5009/4842
f 4072/5009/4842 4112/5008/4841 4115/5010/4843
f 4072/5009/4842 4115/5010/4843 4071/5011/4844
f 4071/5011/4844 4115/5010/4843 4114/5012/4845
f 4071/5011/4844 4114/5012/4845 4113/5013/4846
f 4113/5013/4846 4114/5012/4845 4110/5014/4847
f 4113/5013/4846 4110/5014/4847 3102/5015/4848
f 3102/5015/4848 4110/5014/4847 3103/5016/4849
f 3103/5016/4849 4110/5014/4847 4107/5017/4850
f 3103/5016/4849 4107/5017/4850 3104/5018/4851
f 3104/5018/4851 4107/5017/4850 3105/5019/4852
f 3105/5019/4852 4107/5017/4850 4104/5020/4853
f 3105/5019/4852 4104/5020/4853 3106/5021/4854
f 3106/5021/4854 4104/5020/4853 4101/5022/4855
f 3106/5021/4854 4101/5022/4855 3107/5023/4856
f 3107/5023/4856 4101/5022/4855 4098/5024/4857
f 3107/5023/4856 4098/5024/4857 3108/5025/4858
f 3108/5025/4858 4098/5024/4857 3109/5026/4859
f 3109/5026/4859 4098/5024/4857 4095/5027/4860
f 3109/5026/4859 4095/5027/4860 3110/5028/4861
f 3110/5028/4861 4095/5027/4860 4092/5029/4862
f 3110/5028/4861 4092/5029/4862 3111/5030/4863
f 3111/5030/4863 4092/5029/4862 4089/5031/4864
f 3111/5030/4863 4089/5031/4864 3112/5032/4865
f 3112/5032/4865 4089/5031/4864 3113/5033/4866
f 3113/5033/4866 4089/5031/4864 4086/5034/4867
f 3113/5033/4866 4086/5034/4867 3114/5035/4868
f 3114/5035/4868 4086/5034/4867 4083/4985/4819
f 3114/5035/4868 4083/4985/4819 3115/4984/4818
f 3102/5015/4848 3101/5036/4869 4113/5013/4846
f 4113/5013/4846 3101/5036/4869 4071/5011/4844
f 3101/5036/4869 3100/5037/4870 4071/5011/4844
f 4083/4985/4819 4086/5034/4867 4084/4987/4821
f 4084/4987/4821 4086/5034/4867 4087/5038/4871
f 4084/4987/4821 4087/5038/4871 4085/4989/4822
f 4085/4989/4822 4087/5038/4871 4088/4991/4824
f 4086/5034/4867 4089/5031/4864 4087/5038/4871
f 4087/5038/4871 4089/5031/4864 4090/5039/4872
f 4087/5038/4871 4090/5039/4872 4088/4991/4824
f 4088/4991/4824 4090/5039/4872 4091/4993/4826
f 4089/5031/4864 4092/5029/4862 4090/5039/4872
f 4090/5039/4872 4092/5029/4862 4093/5040/4873
f 4090/5039/4872 4093/5040/4873 4091/4993/4826
f 4091/4993/4826 4093/5040/4873 4094/4995/4828
f 4092/5029/4862 4095/5027/4860 4093/5040/4873
f 4093/5040/4873 4095/5027/4860 4096/5041/4874
f 4093/5040/4873 4096/5041/4874 4094/4995/4828
f 4094/4995/4828 4096/5041/4874 4097/4997/4830
f 4095/5027/4860 4098/5024/4857 4096/5041/4874
f 4096/5041/4874 4098/5024/4857 4099/5042/4875
f 4096/5041/4874 4099/5042/4875 4097/4997/4830
f 4097/4997/4830 4099/5042/4875 4100/4999/4832
f 4103/5002/4835 4100/4999/4832 4099/5042/4875
f 4099/5042/4875 4098/5024/4857 4102/5043/4876
f 4102/5043/4876 4098/5024/4857 4101/5022/4855
f 4102/5043/4876 4101/5022/4855 4105/5044/4877
f 4105/5044/4877 4101/5022/4855 4104/5020/4853
f 4105/5044/4877 4104/5020/4853 4108/5045/4878
f 4108/5045/4878 4104/5020/4853 4107/5017/4850
f 4108/5045/4878 4107/5017/4850 4111/5046/4879
f 4111/5046/4879 4107/5017/4850 4110/5014/4847
f 4111/5046/4879 4110/5014/4847 4114/5012/4845
f 4106/5004/4837 4103/5002/4835 4102/5043/4876
f 4102/5043/4876 4103/5002/4835 4099/5042/4875
f 4106/5004/4837 4102/5043/4876 4105/5044/4877
f 4109/5006/4839 4106/5004/4837 4105/5044/4877
f 4109/5006/4839 4105/5044/4877 4108/5045/4878
f 4112/5008/4841 4109/5006/4839 4108/5045/4878
f 4112/5008/4841 4108/5045/4878 4111/5046/4879
f 4115/5010/4843 4112/5008/4841 4111/5046/4879
f 4115/5010/4843 4111/5046/4879 4114/5012/4845
f 3100/5047/4880 4002/5048/4881 4071/5049/4844
f 4071/5049/4844 4002/5048/4881 4017/5050/4882
f 4071/5049/4844 4017/5050/4882 4116/5051/4883
f 4116/5051/4883 4017/5050/4882 3812/5052/4884
f 4118/5053/4885 3777/5054/4886 4117/5055/4887
f 4117/5055/4887 3777/5054/4886 3776/5056/4888
f 4117/5055/4887 3776/5056/4888 4184/5057/4889
f 4184/5057/4889 3776/5056/4888 4183/5058/4890
f 4183/5058/4890 3776/5056/4888 4182/5059/4891
f 4182/5059/4891 3776/5056/4888 4181/5060/4892
f 4181/5060/4892 3776/5056/4888 4180/5061/4893
f 4180/5061/4893 3776/5056/4888 4179/5062/4894
f 4179/5062/4894 3776/5056/4888 4178/5063/4895
f 4178/5063/4895 3776/5056/4888 4177/5064/4896
f 4177/5064/4896 3776/5056/4888 4176/5065/4897
f 4176/5065/4897 3776/5056/4888 4010/5066/4898
f 4176/5065/4897 4010/5066/4898 4175/5067/4899
f 4175/5067/4899 4010/5066/4898 4174/5068/4900
f 4174/5068/4900 4010/5066/4898 4173/5069/4901
f 4173/5069/4901 4010/5066/4898 4172/5070/4902
f 4172/5070/4902 4010/5066/4898 4171/5071/4903
f 4171/5071/4903 4010/5066/4898 4170/5072/4904
f 4170/5072/4904 4010/5066/4898 4169/5073/4905
f 4169/5073/4905 4010/5066/4898 4009/5074/4906
f 4169/5073/4905 4009/5074/4906 4168/5075/4907
f 4168/5075/4907 4009/5074/4906 4167/5076/4908
f 4167/5076/4908 4009/5074/4906 4166/5077/4909
f 4166/5077/4909 4009/5074/4906 4165/5078/4910
f 4165/5078/4910 4009/5074/4906 4164/5079/4911
f 4164/5079/4911 4009/5074/4906 4163/5080/4912
f 4163/5080/4912 4009/5074/4906 4162/5081/4913
f 4162/5081/4913 4009/5074/4906 4161/5082/4914
f 4161/5082/4914 4009/5074/4906 3311/5083/4915
f 4161/5082/4914 3311/5083/4915 4160/5084/4916
f 4160/5084/4916 3311/5083/4915 4159/5085/4917
f 4159/5085/4917 3311/5083/4915 4158/5086/4918
f 4158/5086/4918 3311/5083/4915 4157/5087/4919
f 4157/5087/4919 3311/5083/4915 4156/5088/4920
f 4156/5088/4920 3311/5083/4915 4155/5089/4921
f 4155/5089/4921 3311/5083/4915 4154/5090/4922
f 4154/5090/4922 3311/5083/4915 4153/5091/4923
f 4153/5091/4923 3311/5083/4915 4152/5092/4924
f 4152/5092/4924 3311/5083/4915 3310/5093/4925
f 4152/5092/4924 3310/5093/4925 4151/5094/4926
f 4151/5094/4926 3310/5093/4925 4150/5095/4927
f 4150/5095/4927 3310/5093/4925 4149/5096/4928
f 4149/5096/4928 3310/5093/4925 4148/5097/4929
f 4148/5097/4929 3310/5093/4925 4147/5098/4930
f 4147/5098/4930 3310/5093/4925 4146/5099/4931
f 4146/5099/4931 3310/5093/4925 4145/5100/4932
f 4145/5100/4932 3310/5093/4925 4144/5101/4933
f 4144/5101/4933 3310/5093/4925 4143/5102/4934
f 4143/5102/4934 3310/5093/4925 4142/5103/4935
f 4142/5103/4935 3310/5093/4925 3544/5104/4936
f 4142/5103/4935 3544/5104/4936 4141/5105/4937
f 4141/5105/4937 3544/5104/4936 4140/5106/4938
f 4140/5106/4938 3544/5104/4936 4139/5107/4939
f 4139/5107/4939 3544/5104/4936 4138/5108/4940
f 4138/5108/4940 3544/5104/4936 4137/5109/4941
f 4137/5109/4941 3544/5104/4936 4136/5110/4942
f 4136/5110/4942 3544/5104/4936 4135/5111/4943
f 4135/5111/4943 3544/5104/4936 3543/5112/4944
f 4135/5111/4943 3543/5112/4944 4134/5113/4945
f 4134/5113/4945 3543/5112/4944 4133/5114/4946
f 4133/5114/4946 3543/5112/4944 4132/5115/4947
f 4132/5115/4947 3543/5112/4944 4131/5116/4948
f 4131/5116/4948 3543/5112/4944 4130/5117/4949
f 4130/5117/4949 3543/5112/4944 4129/5118/4950
f 4129/5118/4950 3543/5112/4944 4128/5119/4951
f 4128/5119/4951 3543/5112/4944 4127/5120/4952
f 4127/5120/4952 3543/5112/4944 3777/5054/4886
f 4127/5120/4952 3777/5054/4886 4126/5121/4953
f 4126/5121/4953 3777/5054/4886 4125/5122/4954
f 4125/5122/4954 3777/5054/4886 4124/5123/4955
f 4124/5123/4955 3777/5054/4886 4123/5124/4956
f 4123/5124/4956 3777/5054/4886 4122/5125/4957
f 4122/5125/4957 3777/5054/4886 4121/5126/4958
f 4121/5126/4958 3777/5054/4886 4120/5127/4959
f 4120/5127/4959 3777/5054/4886 4119/5128/4960
f 4119/5128/4960 3777/5054/4886 4118/5053/4885
f 3311/5083/4915 4009/5074/4906 3124/5129/4961
f 3124/5129/4961 4009/5074/4906 3092/5130/4962
f 3124/5129/4961 3092/5130/4962 3125/5131/4963
f 3125/5131/4963 3092/5130/4962 3126/5132/4964
f 3126/5132/4964 3092/5130/4962 3127/5133/4965
f 3127/5133/4965 3092/5130/4962 3128/5134/4966
f 3128/5134/4966 3092/5130/4962 3129/5135/4967
f 3129/5135/4967 3092/5130/4962 3131/5136/4968
f 3129/5135/4967 3131/5136/4968 3130/5137/4969
f 3544/5104/4936 3310/5093/4925 3354/5138/4970
f 3354/5138/4970 3310/5093/4925 3322/5139/4971
f 3354/5138/4970 3322/5139/4971 3355/5140/4972
f 3355/5140/4972 3322/5139/4971 3356/5141/4973
f 3356/5141/4973 3322/5139/4971 3357/5142/4974
f 3357/5142/4974 3322/5139/4971 3358/5143/4975
f 3358/5143/4975 3322/5139/4971 3359/5144/4976
f 3359/5144/4976 3322/5139/4971 3361/5145/4977
f 3359/5144/4976 3361/5145/4977 3360/5146/4978
f 3543/5112/4944 3555/5147/4979 3777/5054/4886
f 3777/5054/4886 3555/5147/4979 3587/5148/4980
f 3587/5148/4980 3555/5147/4979 3594/5149/4981
f 3587/5148/4980 3594/5149/4981 3593/5150/4982
f 3593/5150/4982 3592/5151/4983 3587/5148/4980
f 3587/5148/4980 3592/5151/4983 3591/5152/4984
f 3587/5148/4980 3591/5152/4984 3590/5153/4985
f 3589/5154/4986 3588/5155/4987 3590/5153/4985
f 3590/5153/4985 3588/5155/4987 3587/5148/4980
f 3776/5056/4888 3788/5156/4988 4010/5066/4898
f 4010/5066/4898 3788/5156/4988 3820/5157/4989
f 3820/5157/4989 3788/5156/4988 3827/5158/4990
f 3820/5157/4989 3827/5158/4990 3826/5159/4991
f 3826/5159/4991 3825/5160/4992 3820/5157/4989
f 3820/5157/4989 3825/5160/4992 3824/5161/4993
f 3820/5157/4989 3824/5161/4993 3823/5162/4994
f 3822/5163/4995 3821/5164/4996 3823/5162/4994
f 3823/5162/4994 3821/5164/4996 3820/5157/4989
f 3578/5165/4997 4198/5166/4998 3579/5167/4999
f 3579/5167/4999 4198/5166/4998 4199/5168/5000
f 3579/5167/4999 4199/5168/5000 4197/5169/5001
f 4197/5169/5001 4199/5168/5000 4200/5170/5002
f 4197/5169/5001 4200/5170/5002 4196/5171/5003
f 4196/5171/5003 4200/5170/5002 4203/5172/5004
f 4196/5171/5003 4203/5172/5004 4195/5173/5005
f 4195/5173/5005 4203/5172/5004 4206/5174/5006
f 4195/5173/5005 4206/5174/5006 4194/5175/5007
f 4194/5175/5007 4206/5174/5006 4209/5176/5008
f 4194/5175/5007 4209/5176/5008 4193/5177/5009
f 4193/5177/5009 4209/5176/5008 4212/5178/5010
f 4193/5177/5009 4212/5178/5010 4192/5179/5011
f 4192/5179/5011 4212/5178/5010 4215/5180/5012
f 4192/5179/5011 4215/5180/5012 4191/5181/5013
f 4191/5181/5013 4215/5180/5012 4190/5182/5014
f 4190/5182/5014 4215/5180/5012 4218/5183/5015
f 4190/5182/5014 4218/5183/5015 4189/5184/5016
f 4189/5184/5016 4218/5183/5015 4221/5185/5017
f 4189/5184/5016 4221/5185/5017 4188/5186/5018
f 4188/5186/5018 4221/5185/5017 4224/5187/5019
f 4188/5186/5018 4224/5187/5019 4187/5188/5020
f 4187/5188/5020 4224/5187/5019 4227/5189/5021
f 4187/5188/5020 4227/5189/5021 4186/5190/5022
f 4186/5190/5022 4227/5189/5021 4230/5191/5023
f 4186/5190/5022 4230/5191/5023 4185/5192/5024
f 4185/5192/5024 4230/5191/5023 4229/5193/5025
f 4185/5192/5024 4229/5193/5025 4228/5194/5026
f 4228/5194/5026 4229/5193/5025 4225/5195/5027
f 4228/5194/5026 4225/5195/5027 3565/5196/5028
f 3565/5196/5028 4225/5195/5027 3566/5197/5029
f 3566/5197/5029 4225/5195/5027 4222/5198/5030
f 3566/5197/5029 4222/5198/5030 3567/5199/5031
f 3567/5199/5031 4222/5198/5030 3568/5200/5032
f 3568/5200/5032 4222/5198/5030 4219/5201/5033
f 3568/5200/5032 4219/5201/5033 3569/5202/5034
f 3569/5202/5034 4219/5201/5033 4216/5203/5035
f 3569/5202/5034 4216/5203/5035 3570/5204/5036
f 3570/5204/5036 4216/5203/5035 4213/5205/5037
f 3570/5204/5036 4213/5205/5037 3571/5206/5038
f 3571/5206/5038 4213/5205/5037 3572/5207/5039
f 3572/5207/5039 4213/5205/5037 4210/5208/5040
f 3572/5207/5039 4210/5208/5040 3573/5209/5041
f 3573/5209/5041 4210/5208/5040 4207/5210/5042
f 3573/5209/5041 4207/5210/5042 3574/5211/5043
f 3574/5211/5043 4207/5210/5042 4204/5212/5044
f 3574/5211/5043 4204/5212/5044 3575/5213/5045
f 3575/5213/5045 4204/5212/5044 3576/5214/5046
f 3576/5214/5046 4204/5212/5044 4201/5215/5047
f 3576/5214/5046 4201/5215/5047 3577/5216/5048
f 3577/5216/5048 4201/5215/5047 4198/5166/4998
f 3577/5216/5048 4198/5166/4998 3578/5165/4997
f 3565/5196/5028 3564/5217/5049 4228/5194/5026
f 4228/5194/5026 3564/5217/5049 4185/5192/5024
f 3564/5217/5049 3563/5218/5050 4185/5192/5024
f 4198/5166/4998 4201/5215/5047 4199/5168/5000
f 4199/5168/5000 4201/5215/5047 4202/5219/5051
f 4199/5168/5000 4202/5219/5051 4200/5170/5002
f 4200/5170/5002 4202/5219/5051 4203/5172/5004
f 4201/5215/5047 4204/5212/5044 4202/5219/5051
f 4202/5219/5051 4204/5212/5044 4205/5220/5052
f 4202/5219/5051 4205/5220/5052 4203/5172/5004
f 4203/5172/5004 4205/5220/5052 4206/5174/5006
f 4204/5212/5044 4207/5210/5042 4205/5220/5052
f 4205/5220/5052 4207/5210/5042 4208/5221/5053
f 4205/5220/5052 4208/5221/5053 4206/5174/5006
f 4206/5174/5006 4208/5221/5053 4209/5176/5008
f 4207/5210/5042 4210/5208/5040 4208/5221/5053
f 4208/5221/5053 4210/5208/5040 4211/5222/5054
f 4208/5221/5053 4211/5222/5054 4209/5176/5008
f 4209/5176/5008 4211/5222/5054 4212/5178/5010
f 4210/5208/5040 4213/5205/5037 4211/5222/5054
f 4211/5222/5054 4213/5205/5037 4214/5223/5055
f 4211/5222/5054 4214/5223/5055 4212/5178/5010
f 4212/5178/5010 4214/5223/5055 4215/5180/5012
f 4218/5183/5015 4215/5180/5012 4214/5223/5055
f 4214/5223/5055 4213/5205/5037 4217/5224/5056
f 4217/5224/5056 4213/5205/5037 4216/5203/5035
f 4217/5224/5056 4216/5203/5035 4220/5225/5057
f 4220/5225/5057 4216/5203/5035 4219/5201/5033
f 4220/5225/5057 4219/5201/5033 4223/5226/5058
f 4223/5226/5058 4219/5201/5033 4222/5198/5030
f 4223/5226/5058 4222/5198/5030 4226/5227/5059
f 4226/5227/5059 4222/5198/5030 4225/5195/5027
f 4226/5227/5059 4225/5195/5027 4229/5193/5025
f 4221/5185/5017 4218/5183/5015 4217/5224/5056
f 4217/5224/5056 4218/5183/5015 4214/5223/5055
f 4221/5185/5017 4217/5224/5056 4220/5225/5057
f 4224/5187/5019 4221/5185/5017 4220/5225/5057
f 4224/5187/5019 4220/5225/5057 4223/5226/5058
f 4227/5189/5021 4224/5187/5019 4223/5226/5058
f 4227/5189/5021 4223/5226/5058 4226/5227/5059
f 4230/5191/5023 4227/5189/5021 4226/5227/5059
f 4230/5191/5023 4226/5227/5059 4229/5193/5025
f 3346/5228/5060 4036/5229/4754 3551/5230/5061
f 3551/5230/5061 4036/5229/4754 4185/5231/5024
f 3551/5230/5061 4185/5231/5024 3536/5232/5062
f 3536/5232/5062 4185/5231/5024 3563/5233/5063
f 3811/5234/5064 4243/5235/5065 3812/5236/5066
f 3812/5236/5066 4243/5235/5065 4244/5237/5067
f 3812/5236/5066 4244/5237/5067 4116/5238/4883
f 4116/5238/4883 4244/5237/5067 4245/5239/5068
f 4116/5238/4883 4245/5239/5068 4242/5240/5069
f 4242/5240/5069 4245/5239/5068 4248/5241/5070
f 4242/5240/5069 4248/5241/5070 4241/5242/5071
f 4241/5242/5071 4248/5241/5070 4251/5243/5072
f 4241/5242/5071 4251/5243/5072 4240/5244/5073
f 4240/5244/5073 4251/5243/5072 4254/5245/5074
f 4240/5244/5073 4254/5245/5074 4239/5246/5075
f 4239/5246/5075 4254/5245/5074 4257/5247/5076
f 4239/5246/5075 4257/5247/5076 4238/5248/5077
f 4238/5248/5077 4257/5247/5076 4260/5249/5078
f 4238/5248/5077 4260/5249/5078 4237/5250/5079
f 4237/5250/5079 4260/5249/5078 4236/5251/5080
f 4236/5251/5080 4260/5249/5078 4263/5252/5081
f 4236/5251/5080 4263/5252/5081 4235/5253/5082
f 4235/5253/5082 4263/5252/5081 4266/5254/5083
f 4235/5253/5082 4266/5254/5083 4234/5255/5084
f 4234/5255/5084 4266/5254/5083 4269/5256/5085
f 4234/5255/5084 4269/5256/5085 4233/5257/5086
f 4233/5257/5086 4269/5256/5085 4272/5258/5087
f 4233/5257/5086 4272/5258/5087 4232/5259/5088
f 4232/5259/5088 4272/5258/5087 4275/5260/5089
f 4232/5259/5088 4275/5260/5089 4231/5261/5090
f 4231/5261/5090 4275/5260/5089 4274/5262/5091
f 4231/5261/5090 4274/5262/5091 4273/5263/5092
f 4273/5263/5092 4274/5262/5091 4270/5264/5093
f 4273/5263/5092 4270/5264/5093 3798/5265/5094
f 3798/5265/5094 4270/5264/5093 3799/5266/5095
f 3799/5266/5095 4270/5264/5093 4267/5267/5096
f 3799/5266/5095 4267/5267/5096 3800/5268/5097
f 3800/5268/5097 4267/5267/5096 3801/5269/5098
f 3801/5269/5098 4267/5267/5096 4264/5270/5099
f 3801/5269/5098 4264/5270/5099 3802/5271/5100
f 3802/5271/5100 4264/5270/5099 4261/5272/5101
f 3802/5271/5100 4261/5272/5101 3803/5273/5102
f 3803/5273/5102 4261/5272/5101 4258/5274/5103
f 3803/5273/5102 4258/5274/5103 3804/5275/5104
f 3804/5275/5104 4258/5274/5103 3805/5276/5105
f 3805/5276/5105 4258/5274/5103 4255/5277/5106
f 3805/5276/5105 4255/5277/5106 3806/5278/5107
f 3806/5278/5107 4255/5277/5106 4252/5279/5108
f 3806/5278/5107 4252/5279/5108 3807/5280/5109
f 3807/5280/5109 4252/5279/5108 4249/5281/5110
f 3807/5280/5109 4249/5281/5110 3808/5282/5111
f 3808/5282/5111 4249/5281/5110 3809/5283/5112
f 3809/5283/5112 4249/5281/5110 4246/5284/5113
f 3809/5283/5112 4246/5284/5113 3810/5285/5114
f 3810/5285/5114 4246/5284/5113 4243/5235/5065
f 3810/5285/5114 4243/5235/5065 3811/5234/5064
f 3798/5265/5094 3797/5286/5115 4273/5263/5092
f 4273/5263/5092 3797/5286/5115 4231/5261/5090
f 3797/5286/5115 3796/5287/5116 4231/5261/5090
f 4243/5235/5065 4246/5284/5113 4244/5237/5067
f 4244/5237/5067 4246/5284/5113 4247/5288/5117
f 4244/5237/5067 4247/5288/5117 4245/5239/5068
f 4245/5239/5068 4247/5288/5117 4248/5241/5070
f 4246/5284/5113 4249/5281/5110 4247/5288/5117
f 4247/5288/5117 4249/5281/5110 4250/5289/5118
f 4247/5288/5117 4250/5289/5118 4248/5241/5070
f 4248/5241/5070 4250/5289/5118 4251/5243/5072
f 4249/5281/5110 4252/5279/5108 4250/5289/5118
f 4250/5289/5118 4252/5279/5108 4253/5290/5119
f 4250/5289/5118 4253/5290/5119 4251/5243/5072
f 4251/5243/5072 4253/5290/5119 4254/5245/5074
f 4252/5279/5108 4255/5277/5106 4253/5290/5119
f 4253/5290/5119 4255/5277/5106 4256/5291/5120
f 4253/5290/5119 4256/5291/5120 4254/5245/5074
f 4254/5245/5074 4256/5291/5120 4257/5247/5076
f 4255/5277/5106 4258/5274/5103 4256/5291/5120
f 4256/5291/5120 4258/5274/5103 4259/5292/5121
f 4256/5291/5120 4259/5292/5121 4257/5247/5076
f 4257/5247/5076 4259/5292/5121 4260/5249/5078
f 4263/5252/5081 4260/5249/5078 4259/5292/5121
f 4259/5292/5121 4258/5274/5103 4262/5293/5122
f 4262/5293/5122 4258/5274/5103 4261/5272/5101
f 4262/5293/5122 4261/5272/5101 4265/5294/5123
f 4265/5294/5123 4261/5272/5101 4264/5270/5099
f 4265/5294/5123 4264/5270/5099 4268/5295/5124
f 4268/5295/5124 4264/5270/5099 4267/5267/5096
f 4268/5295/5124 4267/5267/5096 4271/5296/5125
f 4271/5296/5125 4267/5267/5096 4270/5264/5093
f 4271/5296/5125 4270/5264/5093 4274/5262/5091
f 4266/5254/5083 4263/5252/5081 4262/5293/5122
f 4262/5293/5122 4263/5252/5081 4259/5292/5121
f 4266/5254/5083 4262/5293/5122 4265/5294/5123
f 4269/5256/5085 4266/5254/5083 4265/5294/5123
f 4269/5256/5085 4265/5294/5123 4268/5295/5124
f 4272/5258/5087 4269/5256/5085 4268/5295/5124
f 4272/5258/5087 4268/5295/5124 4271/5296/5125
f 4275/5260/5089 4272/5258/5087 4271/5296/5125
f 4275/5260/5089 4271/5296/5125 4274/5262/5091
f 1193/5297/5126 4305/5298/5127 1110/5299/5128
f 1110/5299/5128 4305/5298/5127 4302/5300/5129
f 1110/5299/5128 4302/5300/5129 4303/5301/5130
f 1193/5297/5126 1192/5302/5131 4305/5298/5127
f 4305/5298/5127 1192/5302/5131 4306/5303/5132
f 4305/5298/5127 4306/5303/5132 4301/5304/5133
f 4301/5304/5133 4306/5303/5132 4300/5305/5134
f 4300/5305/5134 4306/5303/5132 4307/5306/5135
f 4300/5305/5134 4307/5306/5135 4299/5307/5136
f 4299/5307/5136 4307/5306/5135 4308/5308/5137
f 4299/5307/5136 4308/5308/5137 4298/5309/5138
f 4298/5309/5138 4308/5308/5137 4309/5310/5139
f 4298/5309/5138 4309/5310/5139 4297/5311/5140
f 4297/5311/5140 4309/5310/5139 4310/5312/5141
f 4297/5311/5140 4310/5312/5141 4296/5313/5142
f 4296/5313/5142 4310/5312/5141 4311/5314/5143
f 4296/5313/5142 4311/5314/5143 4295/5315/5144
f 4295/5315/5144 4311/5314/5143 4312/5316/5145
f 4295/5315/5144 4312/5316/5145 4294/5317/5146
f 4294/5317/5146 4312/5316/5145 4313/5318/5147
f 4294/5317/5146 4313/5318/5147 4293/5319/5148
f 4293/5319/5148 4313/5318/5147 4314/5320/5149
f 4293/5319/5148 4314/5320/5149 4292/5321/5150
f 4292/5321/5150 4314/5320/5149 4315/5322/5151
f 4292/5321/5150 4315/5322/5151 4291/5323/5152
f 4291/5323/5152 4315/5322/5151 4316/5324/5153
f 4291/5323/5152 4316/5324/5153 4290/5325/5154
f 4290/5325/5154 4316/5324/5153 4304/5326/5155
f 4290/5325/5154 4304/5326/5155 4289/5327/5156
f 4289/5327/5156 4304/5326/5155 4317/5328/5157
f 4289/5327/5156 4317/5328/5157 4288/5329/5158
f 4288/5329/5158 4317/5328/5157 4318/5330/5159
f 4288/5329/5158 4318/5330/5159 4287/5331/5160
f 4287/5331/5160 4318/5330/5159 4319/5332/5161
f 4287/5331/5160 4319/5332/5161 4286/5333/5162
f 4286/5333/5162 4319/5332/5161 4320/5334/5163
f 4286/5333/5162 4320/5334/5163 4285/5335/5164
f 4285/5335/5164 4320/5334/5163 4321/5336/5165
f 4285/5335/5164 4321/5336/5165 4284/5337/5166
f 4284/5337/5166 4321/5336/5165 4322/5338/5167
f 4284/5337/5166 4322/5338/5167 4283/5339/5168
f 4283/5339/5168 4322/5338/5167 4323/5340/5169
f 4283/5339/5168 4323/5340/5169 4282/5341/5170
f 4282/5341/5170 4323/5340/5169 4324/5342/5171
f 4282/5341/5170 4324/5342/5171 4281/5343/5172
f 4281/5343/5172 4324/5342/5171 4325/5344/5173
f 4281/5343/5172 4325/5344/5173 4280/5345/5174
f 4280/5345/5174 4325/5344/5173 4326/5346/5175
f 4280/5345/5174 4326/5346/5175 4279/5347/5176
f 4279/5347/5176 4326/5346/5175 4327/5348/5177
f 4279/5347/5176 4327/5348/5177 4278/5349/5178
f 4278/5349/5178 4327/5348/5177 4328/5350/5179
f 4278/5349/5178 4328/5350/5179 4277/5351/5180
f 4277/5351/5180 4328/5350/5179 4276/5352/5181
f 4276/5352/5181 4328/5350/5179 1163/5353/5182
f 4276/5352/5181 1163/5353/5182 1162/5354/5183
f 1192/5302/5131 1191/5355/5184 4306/5303/5132
f 4306/5303/5132 1191/5355/5184 4307/5306/5135
f 1191/5355/5184 1190/5356/5185 4307/5306/5135
f 4307/5306/5135 1190/5356/5185 4308/5308/5137
f 1190/5356/5185 1189/5357/5186 4308/5308/5137
f 4308/5308/5137 1189/5357/5186 1188/5358/5187
f 4308/5308/5137 1188/5358/5187 4309/5310/5139
f 4309/5310/5139 1188/5358/5187 1187/5359/5188
f 4309/5310/5139 1187/5359/5188 4310/5312/5141
f 4310/5312/5141 1187/5359/5188 1186/5360/5189
f 4310/5312/5141 1186/5360/5189 4311/5314/5143
f 4311/5314/5143 1186/5360/5189 1185/5361/5190
f 4311/5314/5143 1185/5361/5190 4312/5316/5145
f 4312/5316/5145 1185/5361/5190 1184/5362/5191
f 4312/5316/5145 1184/5362/5191 1183/5363/5192
f 4312/5316/5145 1183/5363/5192 4313/5318/5147
f 4313/5318/5147 1183/5363/5192 1182/5364/5193
f 4313/5318/5147 1182/5364/5193 4314/5320/5149
f 4314/5320/5149 1182/5364/5193 1181/5365/5194
f 4314/5320/5149 1181/5365/5194 4315/5322/5151
f 4315/5322/5151 1181/5365/5194 1180/5366/5195
f 4315/5322/5151 1180/5366/5195 4316/5324/5153
f 4316/5324/5153 1180/5366/5195 1179/5367/5196
f 4316/5324/5153 1179/5367/5196 4304/5326/5155
f 4304/5326/5155 1179/5367/5196 1178/5368/5197
f 4304/5326/5155 1178/5368/5197 1177/5369/5198
f 4304/5326/5155 1177/5369/5198 4317/5328/5157
f 4317/5328/5157 1177/5369/5198 1176/5370/5199
f 4317/5328/5157 1176/5370/5199 4318/5330/5159
f 4318/5330/5159 1176/5370/5199 1175/5371/5200
f 4318/5330/5159 1175/5371/5200 4319/5332/5161
f 4319/5332/5161 1175/5371/5200 1174/5372/5201
f 4319/5332/5161 1174/5372/5201 4320/5334/5163
f 4320/5334/5163 1174/5372/5201 1173/5373/5202
f 4320/5334/5163 1173/5373/5202 4321/5336/5165
f 4321/5336/5165 1173/5373/5202 1172/5374/5203
f 4321/5336/5165 1172/5374/5203 1171/5375/5204
f 4321/5336/5165 1171/5375/5204 4322/5338/5167
f 4322/5338/5167 1171/5375/5204 1170/5376/5205
f 4322/5338/5167 1170/5376/5205 4323/5340/5169
f 4323/5340/5169 1170/5376/5205 1169/5377/5206
f 4323/5340/5169 1169/5377/5206 4324/5342/5171
f 4324/5342/5171 1169/5377/5206 1168/5378/5207
f 4324/5342/5171 1168/5378/5207 4325/5344/5173
f 4325/5344/5173 1168/5378/5207 1167/5379/5208
f 4325/5344/5173 1167/5379/5208 1166/5380/5209
f 4325/5344/5173 1166/5380/5209 4326/5346/5175
f 4326/5346/5175 1166/5380/5209 1165/5381/5210
f 4326/5346/5175 1165/5381/5210 4327/5348/5177
f 4327/5348/5177 1165/5381/5210 1164/5382/5211
f 4327/5348/5177 1164/5382/5211 4328/5350/5179
f 4328/5350/5179 1164/5382/5211 1163/5353/5182
f 4301/5304/5133 4302/5300/5129 4305/5298/5127
f 1537/5383/1671 1110/5384/1778 1516/5385/1672
f 1516/5385/1672 1110/5384/1778 4303/5386/5130
f 1516/5385/1672 4303/5386/5130 2544/5387/2952
f 1516/5385/1672 2544/5387/2952 1548/5388/1705
f 1548/5388/1705 2544/5387/2952 1671/5389/2205
f 1548/5388/1705 1671/5389/2205 1586/5390/1749
f 4036/5391/5212 2543/5392/5213 4185/5393/5214
f 4185/5393/5214 2543/5392/5213 2570/5394/5215
f 4185/5393/5214 2570/5394/5215 2569/5395/5216
f 4035/5396/5217 2500/5397/5218 4036/5391/5212
f 4036/5391/5212 2500/5397/5218 2499/5398/5219
f 4036/5391/5212 2499/5398/5219 2498/5399/5220
f 2500/5397/5218 4035/5396/5217 2501/5400/5221
f 2501/5400/5221 4035/5396/5217 4034/5401/5222
f 2501/5400/5221 4034/5401/5222 2502/5402/5223
f 2502/5402/5223 4034/5401/5222 4033/5403/5224
f 2502/5402/5223 4033/5403/5224 2503/5404/5225
f 2503/5404/5225 4033/5403/5224 4032/5405/5226
f 2503/5404/5225 4032/5405/5226 4031/5406/5227
f 2503/5404/5225 4031/5406/5227 2504/5407/5228
f 2504/5407/5228 4031/5406/5227 4030/5408/5229
f 2504/5407/5228 4030/5408/5229 2505/5409/5230
f 2505/5409/5230 4030/5408/5229 4029/5410/5231
f 2505/5409/5230 4029/5410/5231 2506/5411/5232
f 2506/5411/5232 4029/5410/5231 4028/5412/5233
f 2506/5411/5232 4028/5412/5233 4027/5413/5234
f 2506/5411/5232 4027/5413/5234 2507/5414/5235
f 2507/5414/5235 4027/5413/5234 4026/5415/5236
f 2507/5414/5235 4026/5415/5236 2508/5416/5237
f 2508/5416/5237 4026/5415/5236 4025/5417/5238
f 2508/5416/5237 4025/5417/5238 2509/5418/5239
f 2509/5418/5239 4025/5417/5238 4024/5419/5240
f 2509/5418/5239 4024/5419/5240 2510/5420/5241
f 2510/5420/5241 4024/5419/5240 2511/5421/5242
f 2511/5421/5242 4024/5419/5240 2512/5422/5243
f 2512/5422/5243 4024/5419/5240 2513/5423/5244
f 2513/5423/5244 4024/5419/5240 2514/5424/5245
f 2514/5424/5245 4024/5419/5240 2515/5425/5246
f 2515/5425/5246 4024/5419/5240 2516/5426/5247
f 2516/5426/5247 4024/5419/5240 2517/5427/5248
f 2517/5427/5248 4024/5419/5240 2489/5428/5249
f 2489/5428/5249 4024/5419/5240 2490/5429/5250
f 2490/5429/5250 4024/5419/5240 4070/5430/5251
f 2490/5429/5250 4070/5430/5251 3040/5431/5252
f 3040/5431/5252 4070/5430/5251 3041/5432/5253
f 3041/5432/5253 4070/5430/5251 3042/5433/5254
f 3042/5433/5254 4070/5430/5251 3043/5434/5255
f 3043/5434/5255 4070/5430/5251 3044/5435/5256
f 3044/5435/5256 4070/5430/5251 3045/5436/5257
f 3045/5436/5257 4070/5430/5251 3046/5437/5258
f 3046/5437/5258 4070/5430/5251 3047/5438/5259
f 3047/5438/5259 4070/5430/5251 3048/5439/5260
f 3048/5439/5260 4070/5430/5251 4082/5440/5261
f 3048/5439/5260 4082/5440/5261 3049/5441/5262
f 3049/5441/5262 4082/5440/5261 4081/5442/5263
f 3049/5441/5262 4081/5442/5263 3050/5443/5264
f 3050/5443/5264 4081/5442/5263 4080/5444/5265
f 3050/5443/5264 4080/5444/5265 3051/5445/5266
f 3051/5445/5266 4080/5444/5265 4079/5446/5267
f 3051/5445/5266 4079/5446/5267 4078/5447/5268
f 3051/5445/5266 4078/5447/5268 3052/5448/5269
f 3052/5448/5269 4078/5447/5268 4077/5449/5270
f 3052/5448/5269 4077/5449/5270 3053/5450/5271
f 3053/5450/5271 4077/5449/5270 4076/5451/5272
f 3053/5450/5271 4076/5451/5272 3054/5452/5273
f 3054/5452/5273 4076/5451/5272 4075/5453/5274
f 3054/5452/5273 4075/5453/5274 4074/5454/5275
f 3054/5452/5273 4074/5454/5275 3055/5455/5276
f 3055/5455/5276 4074/5454/5275 4073/5456/5277
f 3055/5455/5276 4073/5456/5277 3056/5457/5278
f 3056/5457/5278 4073/5456/5277 4072/5458/5279
f 3056/5457/5278 4072/5458/5279 3057/5459/5280
f 3057/5459/5280 4072/5458/5279 4071/5460/5281
f 3057/5459/5280 4071/5460/5281 3058/5461/5282
f 3058/5461/5282 4071/5460/5281 3059/5462/5283
f 3059/5462/5283 4071/5460/5281 3060/5463/5284
f 3060/5463/5284 4071/5460/5281 3061/5464/5285
f 3061/5464/5285 4071/5460/5281 3062/5465/5286
f 3062/5465/5286 4071/5460/5281 3063/5466/5287
f 3063/5466/5287 4071/5460/5281 3064/5467/5288
f 3064/5467/5288 4071/5460/5281 3065/5468/5289
f 3065/5468/5289 4071/5460/5281 3066/5469/5290
f 3066/5469/5290 4071/5460/5281 4116/5470/5291
f 3066/5469/5290 4116/5470/5291 4276/5471/5292
f 4276/5471/5292 4116/5470/5291 4277/5472/5293
f 4277/5472/5293 4116/5470/5291 4278/5473/5294
f 4278/5473/5294 4116/5470/5291 4279/5474/5295
f 4279/5474/5295 4116/5470/5291 4280/5475/5296
f 4280/5475/5296 4116/5470/5291 4281/5476/5297
f 4281/5476/5297 4116/5470/5291 4282/5477/5298
f 4282/5477/5298 4116/5470/5291 4283/5478/5299
f 4283/5478/5299 4116/5470/5291 4284/5479/5300
f 4284/5479/5300 4116/5470/5291 4285/5480/5301
f 4285/5480/5301 4116/5470/5291 4242/5481/5302
f 4285/5480/5301 4242/5481/5302 4286/5482/5303
f 4286/5482/5303 4242/5481/5302 4241/5483/5304
f 4286/5482/5303 4241/5483/5304 4287/5484/5305
f 4287/5484/5305 4241/5483/5304 4240/5485/5306
f 4287/5484/5305 4240/5485/5306 4288/5486/5307
f 4288/5486/5307 4240/5485/5306 4239/5487/5308
f 4288/5486/5307 4239/5487/5308 4238/5488/5309
f 4288/5486/5307 4238/5488/5309 4289/5489/5310
f 4289/5489/5310 4238/5488/5309 4237/5490/5311
f 4289/5489/5310 4237/5490/5311 4290/5491/5312
f 4290/5491/5312 4237/5490/5311 4236/5492/5313
f 4290/5491/5312 4236/5492/5313 4291/5493/5314
f 4291/5493/5314 4236/5492/5313 4235/5494/5315
f 4291/5493/5314 4235/5494/5315 4234/5495/5316
f 4291/5493/5314 4234/5495/5316 4292/5496/5317
f 4292/5496/5317 4234/5495/5316 4233/5497/5318
f 4292/5496/5317 4233/5497/5318 4293/5498/5319
f 4293/5498/5319 4233/5497/5318 4232/5499/5320
f 4293/5498/5319 4232/5499/5320 4294/5500/5321
f 4294/5500/5321 4232/5499/5320 4231/5501/5322
f 4294/5500/5321 4231/5501/5322 4295/5502/5323
f 4295/5502/5323 4231/5501/5322 4296/5503/5324
f 4296/5503/5324 4231/5501/5322 4297/5504/5325
f 4297/5504/5325 4231/5501/5322 4298/5505/5326
f 4298/5505/5326 4231/5501/5322 4299/5506/5327
f 4299/5506/5327 4231/5501/5322 4300/5507/5328
f 4300/5507/5328 4231/5501/5322 4301/5508/5329
f 4301/5508/5329 4231/5501/5322 4302/5509/5330
f 4302/5509/5330 4231/5501/5322 4303/5510/5331
f 4303/5510/5331 4231/5501/5322 4197/5511/5332
f 4303/5510/5331 4197/5511/5332 2544/5512/5333
f 2544/5512/5333 4197/5511/5332 2545/5513/5334
f 2545/5513/5334 4197/5511/5332 2546/5514/5335
f 2546/5514/5335 4197/5511/5332 2547/5515/5336
f 2547/5515/5336 4197/5511/5332 2548/5516/5337
f 2548/5516/5337 4197/5511/5332 2549/5517/5338
f 2549/5517/5338 4197/5511/5332 2550/5518/5339
f 2550/5518/5339 4197/5511/5332 2551/5519/5340
f 2551/5519/5340 4197/5511/5332 2552/5520/5341
f 2552/5520/5341 4197/5511/5332 2553/5521/5342
f 2553/5521/5342 4197/5511/5332 4196/5522/5343
f 2553/5521/5342 4196/5522/5343 2554/5523/5344
f 2554/5523/5344 4196/5522/5343 4195/5524/5345
f 2554/5523/5344 4195/5524/5345 2555/5525/5346
f 2555/5525/5346 4195/5524/5345 4194/5526/5347
f 2555/5525/5346 4194/5526/5347 2556/5527/5348
f 2556/5527/5348 4194/5526/5347 4193/5528/5349
f 2556/5527/5348 4193/5528/5349 4192/5529/5350
f 2556/5527/5348 4192/5529/5350 2557/5530/5351
f 2557/5530/5351 4192/5529/5350 4191/5531/5352
f 2557/5530/5351 4191/5531/5352 2558/5532/5353
f 2558/5532/5353 4191/5531/5352 4190/5533/5354
f 2558/5532/5353 4190/5533/5354 2559/5534/5355
f 2559/5534/5355 4190/5533/5354 4189/5535/5356
f 2559/5534/5355 4189/5535/5356 4188/5536/5357
f 2559/5534/5355 4188/5536/5357 2560/5537/5358
f 2560/5537/5358 4188/5536/5357 4187/5538/5359
f 2560/5537/5358 4187/5538/5359 2561/5539/5360
f 2561/5539/5360 4187/5538/5359 4186/5540/5361
f 2561/5539/5360 4186/5540/5361 2562/5541/5362
f 2562/5541/5362 4186/5540/5361 4185/5393/5214
f 2562/5541/5362 4185/5393/5214 2563/5542/5363
f 2563/5542/5363 4185/5393/5214 2564/5543/5364
f 2564/5543/5364 4185/5393/5214 2565/5544/5365
f 2565/5544/5365 4185/5393/5214 2566/5545/5366
f 2566/5545/5366 4185/5393/5214 2567/5546/5367
f 2567/5546/5367 4185/5393/5214 2568/5547/5368
f 2568/5547/5368 4185/5393/5214 2569/5395/5216
f 2498/5399/5220 2497/5548/5369 4036/5391/5212
f 4036/5391/5212 2497/5548/5369 2496/5549/5370
f 4036/5391/5212 2496/5549/5370 2495/5550/5371
f 2495/5550/5371 2494/5551/5372 4036/5391/5212
f 4036/5391/5212 2494/5551/5372 2493/5552/5373
f 4036/5391/5212 2493/5552/5373 2492/5553/5374
f 2492/5553/5374 2491/5554/5375 4036/5391/5212
f 4036/5391/5212 2491/5554/5375 2543/5392/5213
f 4330/5555/5376 4331/5556/5377 4329/5557/5378
f 4329/5557/5378 4331/5556/5377 4332/5558/5379
f 4332/5559/5380 4333/5560/5381 4329/5561/5382
f 4329/5561/5382 4333/5560/5381 4334/5562/5383
f 4336/5563/5384 4337/5564/5385 4335/5565/5386
f 4335/5565/5386 4337/5564/5385 4338/5566/5387
f 4338/5567/5388 4339/5568/5389 4335/5569/5390
f 4335/5569/5390 4339/5568/5389 4340/5570/5391
f 4342/5571/5392 4343/5572/5393 4341/5573/5394
f 4341/5573/5394 4343/5572/5393 4344/5574/5395
f 4343/5575/5393 4342/5576/5392 4362/5577/5396
f 4362/5577/5396 4342/5576/5392 4345/5578/5397
f 4362/5577/5396 4345/5578/5397 4361/5579/5398
f 4361/5579/5398 4345/5578/5397 4346/5580/5399
f 4361/5579/5398 4346/5580/5399 4360/5581/5400
f 4360/5581/5400 4346/5580/5399 4347/5582/5401
f 4360/5581/5400 4347/5582/5401 4359/5583/5402
f 4359/5583/5402 4347/5582/5401 4348/5584/5403
f 4359/5583/5402 4348/5584/5403 4358/5585/5404
f 4358/5585/5404 4348/5584/5403 4349/5586/5405
f 4358/5585/5404 4349/5586/5405 4357/5587/5406
f 4357/5587/5406 4349/5586/5405 4350/5588/5407
f 4357/5587/5406 4350/5588/5407 4356/5589/5408
f 4356/5589/5408 4350/5588/5407 4351/5590/5409
f 4356/5589/5408 4351/5590/5409 4355/5591/5410
f 4355/5591/5410 4351/5590/5409 4352/5592/5411
f 4355/5591/5410 4352/5592/5411 4354/5593/5412
f 4354/5593/5412 4352/5592/5411 4353/5594/5413
f 4339/5595/5414 4354/5596/5412 4340/5597/5415
f 4340/5597/5415 4354/5596/5412 4353/5598/5413
f 4341/5599/5416 4344/5600/5417 4363/5601/5418
f 4363/5601/5418 4344/5600/5417 4364/5602/5419
f 4366/5603/5420 4367/5604/5421 4365/5605/5422
f 4365/5605/5422 4367/5604/5421 4368/5606/5423
f 4367/5607/5421 4366/5608/5420 4386/5609/5424
f 4386/5609/5424 4366/5608/5420 4369/5610/5425
f 4386/5609/5424 4369/5610/5425 4385/5611/5426
f 4385/5611/5426 4369/5610/5425 4370/5612/5427
f 4385/5611/5426 4370/5612/5427 4384/5613/5428
f 4384/5613/5428 4370/5612/5427 4371/5614/5429
f 4384/5613/5428 4371/5614/5429 4383/5615/5430
f 4383/5615/5430 4371/5614/5429 4372/5616/5431
f 4383/5615/5430 4372/5616/5431 4382/5617/5432
f 4382/5617/5432 4372/5616/5431 4373/5618/5433
f 4382/5617/5432 4373/5618/5433 4381/5619/5434
f 4381/5619/5434 4373/5618/5433 4374/5620/5435
f 4381/5619/5434 4374/5620/5435 4380/5621/5436
f 4380/5621/5436 4374/5620/5435 4375/5622/5437
f 4380/5621/5436 4375/5622/5437 4379/5623/5438
f 4379/5623/5438 4375/5622/5437 4376/5624/5439
f 4379/5623/5438 4376/5624/5439 4378/5625/5440
f 4378/5625/5440 4376/5624/5439 4377/5626/5441
f 4364/5627/5442 4378/5628/5440 4363/5629/5443
f 4363/5629/5443 4378/5628/5440 4377/5630/5441
f 4337/5631/5385 4336/5632/5384 4404/5633/5444
f 4404/5633/5444 4336/5632/5384 4387/5634/5445
f 4404/5633/5444 4387/5634/5445 4403/5635/5446
f 4403/5635/5446 4387/5634/5445 4388/5636/5447
f 4403/5635/5446 4388/5636/5447 4402/5637/5448
f 4402/5637/5448 4388/5636/5447 4389/5638/5449
f 4402/5637/5448 4389/5638/5449 4401/5639/5450
f 4401/5639/5450 4389/5638/5449 4390/5640/5451
f 4401/5639/5450 4390/5640/5451 4400/5641/5452
f 4400/5641/5452 4390/5640/5451 4391/5642/5453
f 4400/5641/5452 4391/5642/5453 4399/5643/5454
f 4399/5643/5454 4391/5642/5453 4392/5644/5455
f 4399/5643/5454 4392/5644/5455 4398/5645/5456
f 4398/5645/5456 4392/5644/5455 4393/5646/5457
f 4398/5645/5456 4393/5646/5457 4397/5647/5458
f 4397/5647/5458 4393/5646/5457 4394/5648/5459
f 4397/5647/5458 4394/5648/5459 4396/5649/5460
f 4396/5649/5460 4394/5648/5459 4395/5650/5461
f 4333/5651/5462 4396/5652/5460 4334/5653/5463
f 4334/5653/5463 4396/5652/5460 4395/5654/5461
f 4405/5655/5464 4365/5656/5465 4406/5657/5466
f 4406/5657/5466 4365/5656/5465 4368/5658/5467
f 4331/5659/5377 4330/5660/5376 4424/5661/5468
f 4424/5661/5468 4330/5660/5376 4407/5662/5469
f 4424/5661/5468 4407/5662/5469 4423/5663/5470
f 4423/5663/5470 4407/5662/5469 4408/5664/5471
f 4423/5663/5470 4408/5664/5471 4422/5665/5472
f 4422/5665/5472 4408/5664/5471 4409/5666/5473
f 4422/5665/5472 4409/5666/5473 4421/5667/5474
f 4421/5667/5474 4409/5666/5473 4410/5668/5475
f 4421/5667/5474 4410/5668/5475 4420/5669/5476
f 4420/5669/5476 4410/5668/5475 4411/5670/5477
f 4420/5669/5476 4411/5670/5477 4419/5671/5478
f 4419/5671/5478 4411/5670/5477 4412/5672/5479
f 4419/5671/5478 4412/5672/5479 4418/5673/5480
f 4418/5673/5480 4412/5672/5479 4413/5674/5481
f 4418/5673/5480 4413/5674/5481 4417/5675/5482
f 4417/5675/5482 4413/5674/5481 4414/5676/5483
f 4417/5675/5482 4414/5676/5483 4416/5677/5484
f 4416/5677/5484 4414/5676/5483 4415/5678/5485
f 4406/5679/5486 4416/5680/5484 4405/5681/5487
f 4405/5681/5487 4416/5680/5484 4415/5682/5485
f 4339/5683/5488 4343/5684/5489 4354/5685/5490
f 4354/5685/5490 4343/5684/5489 4362/5686/5491
f 4354/5685/5490 4362/5686/5491 4361/5687/5492
f 4339/5683/5488 4425/5688/5493 4343/5684/5489
f 4343/5684/5489 4425/5688/5493 4344/5689/5494
f 4344/5689/5494 4425/5688/5493 4426/5690/5495
f 4344/5689/5494 4426/5690/5495 4427/5691/5496
f 4427/5691/5496 4428/5692/5497 4344/5689/5494
f 4344/5689/5494 4428/5692/5497 4429/5693/5498
f 4344/5689/5494 4429/5693/5498 4430/5694/5499
f 4430/5694/5499 4431/5695/5500 4344/5689/5494
f 4344/5689/5494 4431/5695/5500 4432/5696/5501
f 4344/5689/5494 4432/5696/5501 4433/5697/5502
f 4344/5689/5494 4433/5697/5502 4439/5698/5503
f 4439/5698/5503 4433/5697/5502 4434/5699/5504
f 4439/5698/5503 4434/5699/5504 4435/5700/5505
f 4435/5700/5505 4436/5701/5506 4439/5698/5503
f 4439/5698/5503 4436/5701/5506 4437/5702/5507
f 4439/5698/5503 4437/5702/5507 4438/5703/5508
f 4344/5689/5494 4439/5698/5503 4364/5704/5509
f 4364/5704/5509 4439/5698/5503 4440/5705/5510
f 4364/5704/5509 4440/5705/5510 4446/5706/5511
f 4446/5706/5511 4440/5705/5510 4445/5707/5512
f 4445/5707/5512 4440/5705/5510 4444/5708/5513
f 4444/5708/5513 4440/5705/5510 4443/5709/5514
f 4443/5709/5514 4440/5705/5510 4442/5710/5515
f 4442/5710/5515 4440/5705/5510 4441/5711/5516
f 4446/5706/5511 4447/5712/5517 4364/5704/5509
f 4364/5704/5509 4447/5712/5517 4448/5713/5518
f 4364/5704/5509 4448/5713/5518 4449/5714/5519
f 4449/5714/5519 4450/5715/5520 4364/5704/5509
f 4364/5704/5509 4450/5715/5520 4451/5716/5521
f 4364/5704/5509 4451/5716/5521 4452/5717/5522
f 4452/5717/5522 4453/5718/5523 4364/5704/5509
f 4364/5704/5509 4453/5718/5523 4454/5719/5524
f 4364/5704/5509 4454/5719/5524 4378/5720/5525
f 4378/5720/5525 4454/5719/5524 4368/5721/5526
f 4378/5720/5525 4368/5721/5526 4367/5722/5527
f 4386/5723/5528 4385/5724/5529 4367/5722/5527
f 4367/5722/5527 4385/5724/5529 4384/5725/5530
f 4367/5722/5527 4384/5725/5530 4383/5726/5531
f 4383/5726/5531 4382/5727/5532 4367/5722/5527
f 4367/5722/5527 4382/5727/5532 4381/5728/5533
f 4367/5722/5527 4381/5728/5533 4380/5729/5534
f 4380/5729/5534 4379/5730/5535 4367/5722/5527
f 4367/5722/5527 4379/5730/5535 4378/5720/5525
f 4361/5687/5492 4360/5731/5536 4354/5685/5490
f 4354/5685/5490 4360/5731/5536 4359/5732/5537
f 4354/5685/5490 4359/5732/5537 4358/5733/5538
f 4358/5733/5538 4357/5734/5539 4354/5685/5490
f 4354/5685/5490 4357/5734/5539 4356/5735/5540
f 4354/5685/5490 4356/5735/5540 4355/5736/5541
f 4484/5737/5542 4338/5738/5543 4396/5739/5544
f 4396/5739/5544 4338/5738/5543 4337/5740/5545
f 4396/5739/5544 4337/5740/5545 4397/5741/5546
f 4397/5741/5546 4337/5740/5545 4398/5742/5547
f 4398/5742/5547 4337/5740/5545 4399/5743/5548
f 4399/5743/5548 4337/5740/5545 4400/5744/5549
f 4400/5744/5549 4337/5740/5545 4401/5745/5550
f 4401/5745/5550 4337/5740/5545 4402/5746/5551
f 4402/5746/5551 4337/5740/5545 4403/5747/5552
f 4403/5747/5552 4337/5740/5545 4404/5748/5553
f 4396/5739/5544 4333/5749/5554 4484/5737/5542
f 4484/5737/5542 4333/5749/5554 4483/5750/5555
f 4483/5750/5555 4333/5749/5554 4482/5751/5556
f 4482/5751/5556 4333/5749/5554 4481/5752/5557
f 4481/5752/5557 4333/5749/5554 4480/5753/5558
f 4480/5753/5558 4333/5749/5554 4479/5754/5559
f 4479/5754/5559 4333/5749/5554 4478/5755/5560
f 4478/5755/5560 4333/5749/5554 4477/5756/5561
f 4477/5756/5561 4333/5749/5554 4476/5757/5562
f 4476/5757/5562 4333/5749/5554 4470/5758/5563
f 4476/5757/5562 4470/5758/5563 4475/5759/5564
f 4475/5759/5564 4470/5758/5563 4474/5760/5565
f 4474/5760/5565 4470/5758/5563 4473/5761/5566
f 4473/5761/5566 4470/5758/5563 4472/5762/5567
f 4472/5762/5567 4470/5758/5563 4471/5763/5568
f 4333/5749/5554 4332/5764/5569 4470/5758/5563
f 4470/5758/5563 4332/5764/5569 4469/5765/5570
f 4469/5765/5570 4332/5764/5569 4463/5766/5571
f 4469/5765/5570 4463/5766/5571 4464/5767/5572
f 4331/5768/5573 4455/5769/5574 4332/5764/5569
f 4332/5764/5569 4455/5769/5574 4456/5770/5575
f 4332/5764/5569 4456/5770/5575 4457/5771/5576
f 4424/5772/5577 4416/5773/5578 4331/5768/5573
f 4331/5768/5573 4416/5773/5578 4406/5774/5579
f 4331/5768/5573 4406/5774/5579 4455/5769/5574
f 4424/5772/5577 4423/5775/5580 4416/5773/5578
f 4416/5773/5578 4423/5775/5580 4422/5776/5581
f 4416/5773/5578 4422/5776/5581 4421/5777/5582
f 4421/5777/5582 4420/5778/5583 4416/5773/5578
f 4416/5773/5578 4420/5778/5583 4419/5779/5584
f 4416/5773/5578 4419/5779/5584 4418/5780/5585
f 4418/5780/5585 4417/5781/5586 4416/5773/5578
f 4457/5771/5576 4458/5782/5587 4332/5764/5569
f 4332/5764/5569 4458/5782/5587 4459/5783/5588
f 4332/5764/5569 4459/5783/5588 4460/5784/5589
f 4460/5784/5589 4461/5785/5590 4332/5764/5569
f 4332/5764/5569 4461/5785/5590 4462/5786/5591
f 4332/5764/5569 4462/5786/5591 4463/5766/5571
f 4464/5767/5572 4465/5787/5592 4469/5765/5570
f 4469/5765/5570 4465/5787/5592 4466/5788/5593
f 4469/5765/5570 4466/5788/5593 4467/5789/5594
f 4467/5789/5594 4468/5790/5595 4469/5765/5570
f 4335/5791/5596 4340/5792/5597 4486/5793/5598
f 4486/5793/5598 4340/5792/5597 4485/5794/5599
f 4340/5795/5600 4353/5796/5601 4485/5797/5602
f 4485/5797/5602 4353/5796/5601 4487/5798/5603
f 4352/5799/5604 4497/5800/5605 4353/5801/5601
f 4353/5801/5601 4497/5800/5605 4498/5802/5606
f 4353/5801/5601 4498/5802/5606 4487/5803/5603
f 4487/5803/5603 4498/5802/5606 4496/5804/5607
f 4496/5804/5607 4498/5802/5606 4495/5805/5608
f 4495/5805/5608 4498/5802/5606 4500/5806/5609
f 4495/5805/5608 4500/5806/5609 4494/5807/5610
f 4494/5807/5610 4500/5806/5609 4502/5808/5611
f 4494/5807/5610 4502/5808/5611 4493/5809/5612
f 4493/5809/5612 4502/5808/5611 4504/5810/5613
f 4493/5809/5612 4504/5810/5613 4492/5811/5614
f 4492/5811/5614 4504/5810/5613 4506/5812/5615
f 4492/5811/5614 4506/5812/5615 4491/5813/5616
f 4491/5813/5616 4506/5812/5615 4508/5814/5617
f 4491/5813/5616 4508/5814/5617 4490/5815/5618
f 4490/5815/5618 4508/5814/5617 4510/5816/5619
f 4490/5815/5618 4510/5816/5619 4489/5817/5620
f 4489/5817/5620 4510/5816/5619 4512/5818/5621
f 4489/5817/5620 4512/5818/5621 4488/5819/5622
f 4488/5819/5622 4512/5818/5621 4511/5820/5623
f 4488/5819/5622 4511/5820/5623 4342/5821/5624
f 4342/5821/5624 4511/5820/5623 4345/5822/5625
f 4345/5822/5625 4511/5820/5623 4346/5823/5626
f 4346/5823/5626 4511/5820/5623 4509/5824/5627
f 4346/5823/5626 4509/5824/5627 4347/5825/5628
f 4347/5825/5628 4509/5824/5627 4507/5826/5629
f 4347/5825/5628 4507/5826/5629 4348/5827/5630
f 4348/5827/5630 4507/5826/5629 4505/5828/5631
f 4348/5827/5630 4505/5828/5631 4349/5829/5632
f 4349/5829/5632 4505/5828/5631 4503/5830/5633
f 4349/5829/5632 4503/5830/5633 4350/5831/5634
f 4350/5831/5634 4503/5830/5633 4501/5832/5635
f 4350/5831/5634 4501/5832/5635 4351/5833/5636
f 4351/5833/5636 4501/5832/5635 4499/5834/5637
f 4351/5833/5636 4499/5834/5637 4352/5799/5604
f 4352/5799/5604 4499/5834/5637 4497/5800/5605
f 4500/5806/5609 4498/5802/5606 4497/5800/5605
f 4500/5806/5609 4497/5800/5605 4499/5834/5637
f 4502/5808/5611 4500/5806/5609 4499/5834/5637
f 4502/5808/5611 4499/5834/5637 4501/5832/5635
f 4504/5810/5613 4502/5808/5611 4501/5832/5635
f 4504/5810/5613 4501/5832/5635 4503/5830/5633
f 4506/5812/5615 4504/5810/5613 4503/5830/5633
f 4506/5812/5615 4503/5830/5633 4505/5828/5631
f 4508/5814/5617 4506/5812/5615 4505/5828/5631
f 4508/5814/5617 4505/5828/5631 4507/5826/5629
f 4510/5816/5619 4508/5814/5617 4507/5826/5629
f 4510/5816/5619 4507/5826/5629 4509/5824/5627
f 4512/5818/5621 4510/5816/5619 4509/5824/5627
f 4512/5818/5621 4509/5824/5627 4511/5820/5623
f 4342/5835/5624 4341/5836/5638 4488/5837/5622
f 4488/5837/5622 4341/5836/5638 4513/5838/5639
f 4341/5839/5640 4363/5840/5641 4513/5841/5642
f 4513/5841/5642 4363/5840/5641 4514/5842/5643
f 4363/5843/5644 4377/5844/5645 4514/5845/5646
f 4514/5845/5646 4377/5844/5645 4515/5846/5647
f 4376/5847/5648 4525/5848/5649 4377/5849/5645
f 4377/5849/5645 4525/5848/5649 4526/5850/5650
f 4377/5849/5645 4526/5850/5650 4515/5851/5647
f 4515/5851/5647 4526/5850/5650 4524/5852/5651
f 4524/5852/5651 4526/5850/5650 4523/5853/5652
f 4523/5853/5652 4526/5850/5650 4528/5854/5653
f 4523/5853/5652 4528/5854/5653 4522/5855/5654
f 4522/5855/5654 4528/5854/5653 4530/5856/5655
f 4522/5855/5654 4530/5856/5655 4521/5857/5656
f 4521/5857/5656 4530/5856/5655 4532/5858/5657
f 4521/5857/5656 4532/5858/5657 4520/5859/5658
f 4520/5859/5658 4532/5858/5657 4534/5860/5659
f 4520/5859/5658 4534/5860/5659 4519/5861/5660
f 4519/5861/5660 4534/5860/5659 4536/5862/5661
f 4519/5861/5660 4536/5862/5661 4518/5863/5662
f 4518/5863/5662 4536/5862/5661 4538/5864/5663
f 4518/5863/5662 4538/5864/5663 4517/5865/5664
f 4517/5865/5664 4538/5864/5663 4540/5866/5665
f 4517/5865/5664 4540/5866/5665 4516/5867/5666
f 4516/5867/5666 4540/5866/5665 4539/5868/5667
f 4516/5867/5666 4539/5868/5667 4366/5869/5668
f 4366/5869/5668 4539/5868/5667 4369/5870/5669
f 4369/5870/5669 4539/5868/5667 4370/5871/5670
f 4370/5871/5670 4539/5868/5667 4537/5872/5671
f 4370/5871/5670 4537/5872/5671 4371/5873/5672
f 4371/5873/5672 4537/5872/5671 4535/5874/5673
f 4371/5873/5672 4535/5874/5673 4372/5875/5674
f 4372/5875/5674 4535/5874/5673 4533/5876/5675
f 4372/5875/5674 4533/5876/5675 4373/5877/5676
f 4373/5877/5676 4533/5876/5675 4531/5878/5677
f 4373/5877/5676 4531/5878/5677 4374/5879/5678
f 4374/5879/5678 4531/5878/5677 4529/5880/5679
f 4374/5879/5678 4529/5880/5679 4375/5881/5680
f 4375/5881/5680 4529/5880/5679 4527/5882/5681
f 4375/5881/5680 4527/5882/5681 4376/5847/5648
f 4376/5847/5648 4527/5882/5681 4525/5848/5649
f 4528/5854/5653 4526/5850/5650 4525/5848/5649
f 4528/5854/5653 4525/5848/5649 4527/5882/5681
f 4530/5856/5655 4528/5854/5653 4527/5882/5681
f 4530/5856/5655 4527/5882/5681 4529/5880/5679
f 4532/5858/5657 4530/5856/5655 4529/5880/5679
f 4532/5858/5657 4529/5880/5679 4531/5878/5677
f 4534/5860/5659 4532/5858/5657 4531/5878/5677
f 4534/5860/5659 4531/5878/5677 4533/5876/5675
f 4536/5862/5661 4534/5860/5659 4533/5876/5675
f 4536/5862/5661 4533/5876/5675 4535/5874/5673
f 4538/5864/5663 4536/5862/5661 4535/5874/5673
f 4538/5864/5663 4535/5874/5673 4537/5872/5671
f 4540/5866/5665 4538/5864/5663 4537/5872/5671
f 4540/5866/5665 4537/5872/5671 4539/5868/5667
f 4366/5883/5668 4365/5884/5682 4516/5885/5666
f 4516/5885/5666 4365/5884/5682 4541/5886/5683
f 4414/5887/5684 4552/5888/5685 4415/5889/5686
f 4415/5889/5686 4552/5888/5685 4553/5890/5687
f 4415/5889/5686 4553/5890/5687 4551/5891/5688
f 4551/5891/5688 4553/5890/5687 4550/5892/5689
f 4550/5892/5689 4553/5890/5687 4549/5893/5690
f 4549/5893/5690 4553/5890/5687 4555/5894/5691
f 4549/5893/5690 4555/5894/5691 4548/5895/5692
f 4548/5895/5692 4555/5894/5691 4557/5896/5693
f 4548/5895/5692 4557/5896/5693 4547/5897/5694
f 4547/5897/5694 4557/5896/5693 4559/5898/5695
f 4547/5897/5694 4559/5898/5695 4546/5899/5696
f 4546/5899/5696 4559/5898/5695 4561/5900/5697
f 4546/5899/5696 4561/5900/5697 4545/5901/5698
f 4545/5901/5698 4561/5900/5697 4563/5902/5699
f 4545/5901/5698 4563/5902/5699 4544/5903/5700
f 4544/5903/5700 4563/5902/5699 4565/5904/5701
f 4544/5903/5700 4565/5904/5701 4543/5905/5702
f 4543/5905/5702 4565/5904/5701 4567/5906/5703
f 4543/5905/5702 4567/5906/5703 4542/5907/5704
f 4542/5907/5704 4567/5906/5703 4566/5908/5705
f 4542/5907/5704 4566/5908/5705 4330/5909/5706
f 4330/5909/5706 4566/5908/5705 4407/5910/5707
f 4407/5910/5707 4566/5908/5705 4408/5911/5708
f 4408/5911/5708 4566/5908/5705 4564/5912/5709
f 4408/5911/5708 4564/5912/5709 4409/5913/5710
f 4409/5913/5710 4564/5912/5709 4562/5914/5711
f 4409/5913/5710 4562/5914/5711 4410/5915/5712
f 4410/5915/5712 4562/5914/5711 4560/5916/5713
f 4410/5915/5712 4560/5916/5713 4411/5917/5714
f 4411/5917/5714 4560/5916/5713 4558/5918/5715
f 4411/5917/5714 4558/5918/5715 4412/5919/5716
f 4412/5919/5716 4558/5918/5715 4556/5920/5717
f 4412/5919/5716 4556/5920/5717 4413/5921/5718
f 4413/5921/5718 4556/5920/5717 4554/5922/5719
f 4413/5921/5718 4554/5922/5719 4414/5887/5684
f 4414/5887/5684 4554/5922/5719 4552/5888/5685
f 4555/5894/5691 4553/5890/5687 4552/5888/5685
f 4555/5894/5691 4552/5888/5685 4554/5922/5719
f 4557/5896/5693 4555/5894/5691 4554/5922/5719
f 4557/5896/5693 4554/5922/5719 4556/5920/5717
f 4559/5898/5695 4557/5896/5693 4556/5920/5717
f 4559/5898/5695 4556/5920/5717 4558/5918/5715
f 4561/5900/5697 4559/5898/5695 4558/5918/5715
f 4561/5900/5697 4558/5918/5715 4560/5916/5713
f 4563/5902/5699 4561/5900/5697 4560/5916/5713
f 4563/5902/5699 4560/5916/5713 4562/5914/5711
f 4565/5904/5701 4563/5902/5699 4562/5914/5711
f 4565/5904/5701 4562/5914/5711 4564/5912/5709
f 4567/5906/5703 4565/5904/5701 4564/5912/5709
f 4567/5906/5703 4564/5912/5709 4566/5908/5705
f 4330/5923/5706 4329/5924/5720 4542/5925/5704
f 4542/5925/5704 4329/5924/5720 4568/5926/5721
f 4394/5927/5722 4579/5928/5723 4395/5929/5724
f 4395/5929/5724 4579/5928/5723 4580/5930/5725
f 4395/5929/5724 4580/5930/5725 4578/5931/5726
f 4578/5931/5726 4580/5930/5725 4577/5932/5727
f 4577/5932/5727 4580/5930/5725 4576/5933/5728
f 4576/5933/5728 4580/5930/5725 4582/5934/5729
f 4576/5933/5728 4582/5934/5729 4575/5935/5730
f 4575/5935/5730 4582/5934/5729 4584/5936/5731
f 4575/5935/5730 4584/5936/5731 4574/5937/5732
f 4574/5937/5732 4584/5936/5731 4586/5938/5733
f 4574/5937/5732 4586/5938/5733 4573/5939/5734
f 4573/5939/5734 4586/5938/5733 4588/5940/5735
f 4573/5939/5734 4588/5940/5735 4572/5941/5736
f 4572/5941/5736 4588/5940/5735 4590/5942/5737
f 4572/5941/5736 4590/5942/5737 4571/5943/5738
f 4571/5943/5738 4590/5942/5737 4592/5944/5739
f 4571/5943/5738 4592/5944/5739 4570/5945/5740
f 4570/5945/5740 4592/5944/5739 4594/5946/5741
f 4570/5945/5740 4594/5946/5741 4569/5947/5742
f 4569/5947/5742 4594/5946/5741 4593/5948/5743
f 4569/5947/5742 4593/5948/5743 4336/5949/5744
f 4336/5949/5744 4593/5948/5743 4387/5950/5745
f 4387/5950/5745 4593/5948/5743 4388/5951/5746
f 4388/5951/5746 4593/5948/5743 4591/5952/5747
f 4388/5951/5746 4591/5952/5747 4389/5953/5748
f 4389/5953/5748 4591/5952/5747 4589/5954/5749
f 4389/5953/5748 4589/5954/5749 4390/5955/5750
f 4390/5955/5750 4589/5954/5749 4587/5956/5751
f 4390/5955/5750 4587/5956/5751 4391/5957/5752
f 4391/5957/5752 4587/5956/5751 4585/5958/5753
f 4391/5957/5752 4585/5958/5753 4392/5959/5754
f 4392/5959/5754 4585/5958/5753 4583/5960/5755
f 4392/5959/5754 4583/5960/5755 4393/5961/5756
f 4393/5961/5756 4583/5960/5755 4581/5962/5757
f 4393/5961/5756 4581/5962/5757 4394/5927/5722
f 4394/5927/5722 4581/5962/5757 4579/5928/5723
f 4582/5934/5729 4580/5930/5725 4579/5928/5723
f 4582/5934/5729 4579/5928/5723 4581/5962/5757
f 4584/5936/5731 4582/5934/5729 4581/5962/5757
f 4584/5936/5731 4581/5962/5757 4583/5960/5755
f 4586/5938/5733 4584/5936/5731 4583/5960/5755
f 4586/5938/5733 4583/5960/5755 4585/5958/5753
f 4588/5940/5735 4586/5938/5733 4585/5958/5753
f 4588/5940/5735 4585/5958/5753 4587/5956/5751
f 4590/5942/5737 4588/5940/5735 4587/5956/5751
f 4590/5942/5737 4587/5956/5751 4589/5954/5749
f 4592/5944/5739 4590/5942/5737 4589/5954/5749
f 4592/5944/5739 4589/5954/5749 4591/5952/5747
f 4594/5946/5741 4592/5944/5739 4591/5952/5747
f 4594/5946/5741 4591/5952/5747 4593/5948/5743
f 4336/5963/5744 4335/5964/5758 4569/5965/5742
f 4569/5965/5742 4335/5964/5758 4486/5966/5759
f 4455/5967/5760 4406/5968/5761 4595/5969/5762
f 4595/5969/5762 4406/5968/5761 4368/5970/5763
f 4595/5969/5762 4368/5970/5763 4596/5971/5764
f 4596/5971/5764 4368/5970/5763 4454/5972/5765
f 4595/5973/5762 4597/5974/5766 4455/5975/5760
f 4455/5975/5760 4597/5974/5766 4456/5976/5767
f 4456/5976/5767 4597/5974/5766 4598/5977/5768
f 4456/5976/5767 4598/5977/5768 4457/5978/5769
f 4457/5978/5769 4598/5977/5768 4599/5979/5770
f 4457/5978/5769 4599/5979/5770 4458/5980/5771
f 4458/5980/5771 4599/5979/5770 4600/5981/5772
f 4458/5980/5771 4600/5981/5772 4459/5982/5773
f 4459/5982/5773 4600/5981/5772 4601/5983/5774
f 4459/5982/5773 4601/5983/5774 4460/5984/5775
f 4460/5984/5775 4601/5983/5774 4602/5985/5776
f 4460/5984/5775 4602/5985/5776 4461/5986/5777
f 4461/5986/5777 4602/5985/5776 4603/5987/5778
f 4461/5986/5777 4603/5987/5778 4462/5988/5779
f 4462/5988/5779 4603/5987/5778 4604/5989/5780
f 4462/5988/5779 4604/5989/5780 4605/5990/5781
f 4462/5988/5779 4605/5990/5781 4463/5991/5782
f 4463/5991/5782 4605/5990/5781 4606/5992/5783
f 4463/5991/5782 4606/5992/5783 4464/5993/5784
f 4464/5993/5784 4606/5992/5783 4607/5994/5785
f 4464/5993/5784 4607/5994/5785 4465/5995/5786
f 4465/5995/5786 4607/5994/5785 4608/5996/5787
f 4465/5995/5786 4608/5996/5787 4466/5997/5788
f 4466/5997/5788 4608/5996/5787 4609/5998/5789
f 4466/5997/5788 4609/5998/5789 4467/5999/5790
f 4467/5999/5790 4609/5998/5789 4610/6000/5791
f 4467/5999/5790 4610/6000/5791 4468/6001/5792
f 4468/6001/5792 4610/6000/5791 4611/6002/5793
f 4468/6001/5792 4611/6002/5793 4469/6003/5794
f 4469/6003/5794 4611/6002/5793 4612/6004/5795
f 4613/6005/5796 4470/6006/5797 4612/6007/5795
f 4612/6007/5795 4470/6006/5797 4469/6008/5794
f 4613/6009/5796 4614/6010/5798 4470/6011/5797
f 4470/6011/5797 4614/6010/5798 4471/6012/5799
f 4471/6012/5799 4614/6010/5798 4615/6013/5800
f 4471/6012/5799 4615/6013/5800 4472/6014/5801
f 4472/6014/5801 4615/6013/5800 4616/6015/5802
f 4472/6014/5801 4616/6015/5802 4473/6016/5803
f 4473/6016/5803 4616/6015/5802 4617/6017/5804
f 4473/6016/5803 4617/6017/5804 4474/6018/5805
f 4474/6018/5805 4617/6017/5804 4618/6019/5806
f 4474/6018/5805 4618/6019/5806 4475/6020/5807
f 4475/6020/5807 4618/6019/5806 4619/6021/5808
f 4475/6020/5807 4619/6021/5808 4476/6022/5809
f 4476/6022/5809 4619/6021/5808 4620/6023/5810
f 4476/6022/5809 4620/6023/5810 4477/6024/5811
f 4477/6024/5811 4620/6023/5810 4621/6025/5812
f 4477/6024/5811 4621/6025/5812 4622/6026/5813
f 4477/6024/5811 4622/6026/5813 4478/6027/5814
f 4478/6027/5814 4622/6026/5813 4623/6028/5815
f 4478/6027/5814 4623/6028/5815 4479/6029/5816
f 4479/6029/5816 4623/6028/5815 4624/6030/5817
f 4479/6029/5816 4624/6030/5817 4480/6031/5818
f 4480/6031/5818 4624/6030/5817 4625/6032/5819
f 4480/6031/5818 4625/6032/5819 4481/6033/5820
f 4481/6033/5820 4625/6032/5819 4626/6034/5821
f 4481/6033/5820 4626/6034/5821 4482/6035/5822
f 4482/6035/5822 4626/6034/5821 4627/6036/5823
f 4482/6035/5822 4627/6036/5823 4483/6037/5824
f 4483/6037/5824 4627/6036/5823 4628/6038/5825
f 4483/6037/5824 4628/6038/5825 4484/6039/5826
f 4484/6039/5826 4628/6038/5825 4629/6040/5827
f 4425/6041/5828 4339/6042/5829 4630/6043/5830
f 4630/6043/5830 4339/6042/5829 4338/6044/5831
f 4630/6043/5830 4338/6044/5831 4629/6045/5827
f 4629/6045/5827 4338/6044/5831 4484/6046/5826
f 4630/6047/5830 4631/6048/5832 4425/6049/5828
f 4425/6049/5828 4631/6048/5832 4426/6050/5833
f 4426/6050/5833 4631/6048/5832 4632/6051/5834
f 4426/6050/5833 4632/6051/5834 4427/6052/5835
f 4427/6052/5835 4632/6051/5834 4633/6053/5836
f 4427/6052/5835 4633/6053/5836 4428/6054/5837
f 4428/6054/5837 4633/6053/5836 4634/6055/5838
f 4428/6054/5837 4634/6055/5838 4429/6056/5839
f 4429/6056/5839 4634/6055/5838 4635/6057/5840
f 4429/6056/5839 4635/6057/5840 4430/6058/5841
f 4430/6058/5841 4635/6057/5840 4636/6059/5842
f 4430/6058/5841 4636/6059/5842 4431/6060/5843
f 4431/6060/5843 4636/6059/5842 4637/6061/5844
f 4431/6060/5843 4637/6061/5844 4432/6062/5845
f 4432/6062/5845 4637/6061/5844 4638/6063/5846
f 4432/6062/5845 4638/6063/5846 4639/6064/5847
f 4432/6062/5845 4639/6064/5847 4433/6065/5848
f 4433/6065/5848 4639/6064/5847 4640/6066/5849
f 4433/6065/5848 4640/6066/5849 4434/6067/5850
f 4434/6067/5850 4640/6066/5849 4641/6068/5851
f 4434/6067/5850 4641/6068/5851 4435/6069/5852
f 4435/6069/5852 4641/6068/5851 4642/6070/5853
f 4435/6069/5852 4642/6070/5853 4436/6071/5854
f 4436/6071/5854 4642/6070/5853 4643/6072/5855
f 4436/6071/5854 4643/6072/5855 4437/6073/5856
f 4437/6073/5856 4643/6072/5855 4644/6074/5857
f 4437/6073/5856 4644/6074/5857 4438/6075/5858
f 4438/6075/5858 4644/6074/5857 4645/6076/5859
f 4438/6075/5858 4645/6076/5859 4439/6077/5860
f 4439/6077/5860 4645/6076/5859 4646/6078/5861
f 4647/6079/5862 4440/6080/5863 4646/6081/5861
f 4646/6081/5861 4440/6080/5863 4439/6082/5860
f 4647/6083/5862 4648/6084/5864 4440/6085/5863
f 4440/6085/5863 4648/6084/5864 4441/6086/5865
f 4441/6086/5865 4648/6084/5864 4649/6087/5866
f 4441/6086/5865 4649/6087/5866 4442/6088/5867
f 4442/6088/5867 4649/6087/5866 4650/6089/5868
f 4442/6088/5867 4650/6089/5868 4443/6090/5869
f 4443/6090/5869 4650/6089/5868 4651/6091/5870
f 4443/6090/5869 4651/6091/5870 4444/6092/5871
f 4444/6092/5871 4651/6091/5870 4652/6093/5872
f 4444/6092/5871 4652/6093/5872 4445/6094/5873
f 4445/6094/5873 4652/6093/5872 4653/6095/5874
f 4445/6094/5873 4653/6095/5874 4446/6096/5875
f 4446/6096/5875 4653/6095/5874 4654/6097/5876
f 4446/6096/5875 4654/6097/5876 4447/6098/5877
f 4447/6098/5877 4654/6097/5876 4655/6099/5878
f 4447/6098/5877 4655/6099/5878 4656/6100/5879
f 4447/6098/5877 4656/6100/5879 4448/6101/5880
f 4448/6101/5880 4656/6100/5879 4657/6102/5881
f 4448/6101/5880 4657/6102/5881 4449/6103/5882
f 4449/6103/5882 4657/6102/5881 4658/6104/5883
f 4449/6103/5882 4658/6104/5883 4450/6105/5884
f 4450/6105/5884 4658/6104/5883 4659/6106/5885
f 4450/6105/5884 4659/6106/5885 4451/6107/5886
f 4451/6107/5886 4659/6106/5885 4660/6108/5887
f 4451/6107/5886 4660/6108/5887 4452/6109/5888
f 4452/6109/5888 4660/6108/5887 4661/6110/5889
f 4452/6109/5888 4661/6110/5889 4453/6111/5890
f 4453/6111/5890 4661/6110/5889 4662/6112/5891
f 4453/6111/5890 4662/6112/5891 4454/6113/5765
f 4454/6113/5765 4662/6112/5891 4596/6114/5764
f 4135/6115/5892 4629/6116/5893 4663/6117/5894
f 4663/6117/5894 4629/6116/5893 4628/6118/5895
f 4663/6117/5894 4628/6118/5895 4664/6119/5896
f 4664/6119/5896 4628/6118/5895 4627/6120/5897
f 4664/6119/5896 4627/6120/5897 4665/6121/5898
f 4665/6121/5898 4627/6120/5897 4626/6122/5899
f 4665/6121/5898 4626/6122/5899 4666/6123/5900
f 4666/6123/5900 4626/6122/5899 4625/6124/5901
f 4666/6123/5900 4625/6124/5901 4667/6125/5902
f 4667/6125/5902 4625/6124/5901 4624/6126/5903
f 4667/6125/5902 4624/6126/5903 4668/6127/5904
f 4668/6127/5904 4624/6126/5903 4623/6128/5905
f 4668/6127/5904 4623/6128/5905 4669/6129/5906
f 4669/6129/5906 4623/6128/5905 4622/6130/5907
f 4669/6129/5906 4622/6130/5907 4670/6131/5908
f 4670/6131/5908 4622/6130/5907 4621/6132/5909
f 4670/6131/5908 4621/6132/5909 4671/6133/5910
f 4671/6133/5910 4621/6132/5909 4620/6134/5911
f 4671/6133/5910 4620/6134/5911 4672/6135/5912
f 4672/6135/5912 4620/6134/5911 4619/6136/5913
f 4672/6135/5912 4619/6136/5913 4673/6137/5914
f 4673/6137/5914 4619/6136/5913 4618/6138/5915
f 4673/6137/5914 4618/6138/5915 4674/6139/5916
f 4674/6139/5916 4618/6138/5915 4617/6140/5917
f 4674/6139/5916 4617/6140/5917 4675/6141/5918
f 4675/6141/5918 4617/6140/5917 4616/6142/5919
f 4675/6141/5918 4616/6142/5919 4676/6143/5920
f 4676/6143/5920 4616/6142/5919 4615/6144/5921
f 4676/6143/5920 4615/6144/5921 4677/6145/5922
f 4677/6145/5922 4615/6144/5921 4614/6146/5923
f 4677/6145/5922 4614/6146/5923 4613/6147/5924
f 4613/6147/5924 4151/6148/5925 4677/6145/5922
f 4677/6145/5922 4151/6148/5925 4150/6149/5926
f 4677/6145/5922 4150/6149/5926 4676/6143/5920
f 4676/6143/5920 4150/6149/5926 4149/6150/5927
f 4676/6143/5920 4149/6150/5927 4675/6141/5918
f 4675/6141/5918 4149/6150/5927 4148/6151/5928
f 4675/6141/5918 4148/6151/5928 4674/6139/5916
f 4674/6139/5916 4148/6151/5928 4147/6152/5929
f 4674/6139/5916 4147/6152/5929 4673/6137/5914
f 4673/6137/5914 4147/6152/5929 4146/6153/5930
f 4673/6137/5914 4146/6153/5930 4672/6135/5912
f 4672/6135/5912 4146/6153/5930 4145/6154/5931
f 4672/6135/5912 4145/6154/5931 4671/6133/5910
f 4671/6133/5910 4145/6154/5931 4144/6155/5932
f 4671/6133/5910 4144/6155/5932 4670/6131/5908
f 4670/6131/5908 4144/6155/5932 4143/6156/5933
f 4670/6131/5908 4143/6156/5933 4669/6129/5906
f 4669/6129/5906 4143/6156/5933 4142/6157/5934
f 4669/6129/5906 4142/6157/5934 4668/6127/5904
f 4668/6127/5904 4142/6157/5934 4141/6158/5935
f 4668/6127/5904 4141/6158/5935 4667/6125/5902
f 4667/6125/5902 4141/6158/5935 4140/6159/5936
f 4667/6125/5902 4140/6159/5936 4666/6123/5900
f 4666/6123/5900 4140/6159/5936 4139/6160/5937
f 4666/6123/5900 4139/6160/5937 4665/6121/5898
f 4665/6121/5898 4139/6160/5937 4138/6161/5938
f 4665/6121/5898 4138/6161/5938 4664/6119/5896
f 4664/6119/5896 4138/6161/5938 4137/6162/5939
f 4664/6119/5896 4137/6162/5939 4663/6117/5894
f 4663/6117/5894 4137/6162/5939 4136/6163/5940
f 4663/6117/5894 4136/6163/5940 4135/6115/5892
f 4613/6164/5924 4612/6165/5941 4151/6166/5925
f 4151/6166/5925 4612/6165/5941 4152/6167/5942
f 4152/6168/5942 4612/6169/5941 4678/6170/5943
f 4678/6170/5943 4612/6169/5941 4611/6171/5944
f 4678/6170/5943 4611/6171/5944 4679/6172/5945
f 4679/6172/5945 4611/6171/5944 4610/6173/5946
f 4679/6172/5945 4610/6173/5946 4680/6174/5947
f 4680/6174/5947 4610/6173/5946 4609/6175/5948
f 4680/6174/5947 4609/6175/5948 4681/6176/5949
f 4681/6176/5949 4609/6175/5948 4608/6177/5950
f 4681/6176/5949 4608/6177/5950 4682/6178/5951
f 4682/6178/5951 4608/6177/5950 4607/6179/5952
f 4682/6178/5951 4607/6179/5952 4683/6180/5953
f 4683/6180/5953 4607/6179/5952 4606/6181/5954
f 4683/6180/5953 4606/6181/5954 4684/6182/5955
f 4684/6182/5955 4606/6181/5954 4605/6183/5956
f 4684/6182/5955 4605/6183/5956 4685/6184/5957
f 4685/6184/5957 4605/6183/5956 4604/6185/5958
f 4685/6184/5957 4604/6185/5958 4686/6186/5959
f 4686/6186/5959 4604/6185/5958 4603/6187/5960
f 4686/6186/5959 4603/6187/5960 4687/6188/5961
f 4687/6188/5961 4603/6187/5960 4602/6189/5962
f 4687/6188/5961 4602/6189/5962 4688/6190/5963
f 4688/6190/5963 4602/6189/5962 4601/6191/5964
f 4688/6190/5963 4601/6191/5964 4689/6192/5965
f 4689/6192/5965 4601/6191/5964 4600/6193/5966
f 4689/6192/5965 4600/6193/5966 4690/6194/5967
f 4690/6194/5967 4600/6193/5966 4599/6195/5968
f 4690/6194/5967 4599/6195/5968 4691/6196/5969
f 4691/6196/5969 4599/6195/5968 4598/6197/5970
f 4691/6196/5969 4598/6197/5970 4692/6198/5971
f 4692/6198/5971 4598/6197/5970 4597/6199/5972
f 4692/6198/5971 4597/6199/5972 4595/6200/5973
f 4595/6200/5973 4168/6201/5974 4692/6198/5971
f 4692/6198/5971 4168/6201/5974 4167/6202/5975
f 4692/6198/5971 4167/6202/5975 4691/6196/5969
f 4691/6196/5969 4167/6202/5975 4166/6203/5976
f 4691/6196/5969 4166/6203/5976 4690/6194/5967
f 4690/6194/5967 4166/6203/5976 4165/6204/5977
f 4690/6194/5967 4165/6204/5977 4689/6192/5965
f 4689/6192/5965 4165/6204/5977 4164/6205/5978
f 4689/6192/5965 4164/6205/5978 4688/6190/5963
f 4688/6190/5963 4164/6205/5978 4163/6206/5979
f 4688/6190/5963 4163/6206/5979 4687/6188/5961
f 4687/6188/5961 4163/6206/5979 4162/6207/5980
f 4687/6188/5961 4162/6207/5980 4686/6186/5959
f 4686/6186/5959 4162/6207/5980 4161/6208/5981
f 4686/6186/5959 4161/6208/5981 4685/6184/5957
f 4685/6184/5957 4161/6208/5981 4160/6209/5982
f 4685/6184/5957 4160/6209/5982 4684/6182/5955
f 4684/6182/5955 4160/6209/5982 4159/6210/5983
f 4684/6182/5955 4159/6210/5983 4683/6180/5953
f 4683/6180/5953 4159/6210/5983 4158/6211/5984
f 4683/6180/5953 4158/6211/5984 4682/6178/5951
f 4682/6178/5951 4158/6211/5984 4157/6212/5985
f 4682/6178/5951 4157/6212/5985 4681/6176/5949
f 4681/6176/5949 4157/6212/5985 4156/6213/5986
f 4681/6176/5949 4156/6213/5986 4680/6174/5947
f 4680/6174/5947 4156/6213/5986 4155/6214/5987
f 4680/6174/5947 4155/6214/5987 4679/6172/5945
f 4679/6172/5945 4155/6214/5987 4154/6215/5988
f 4679/6172/5945 4154/6215/5988 4678/6170/5943
f 4678/6170/5943 4154/6215/5988 4153/6216/5989
f 4678/6170/5943 4153/6216/5989 4152/6168/5942
f 4595/6217/5973 4596/6218/5990 4168/6219/5974
f 4168/6219/5974 4596/6218/5990 4169/6220/5991
f 4118/6221/5992 4646/6222/5993 4693/6223/5994
f 4693/6223/5994 4646/6222/5993 4645/6224/5995
f 4693/6223/5994 4645/6224/5995 4694/6225/5996
f 4694/6225/5996 4645/6224/5995 4644/6226/5997
f 4694/6225/5996 4644/6226/5997 4695/6227/5998
f 4695/6227/5998 4644/6226/5997 4643/6228/5999
f 4695/6227/5998 4643/6228/5999 4696/6229/6000
f 4696/6229/6000 4643/6228/5999 4642/6230/6001
f 4696/6229/6000 4642/6230/6001 4697/6231/6002
f 4697/6231/6002 4642/6230/6001 4641/6232/6003
f 4697/6231/6002 4641/6232/6003 4698/6233/6004
f 4698/6233/6004 4641/6232/6003 4640/6234/6005
f 4698/6233/6004 4640/6234/6005 4699/6235/6006
f 4699/6235/6006 4640/6234/6005 4639/6236/6007
f 4699/6235/6006 4639/6236/6007 4700/6237/6008
f 4700/6237/6008 4639/6236/6007 4638/6238/6009
f 4700/6237/6008 4638/6238/6009 4701/6239/6010
f 4701/6239/6010 4638/6238/6009 4637/6240/6011
f 4701/6239/6010 4637/6240/6011 4702/6241/6012
f 4702/6241/6012 4637/6240/6011 4636/6242/6013
f 4702/6241/6012 4636/6242/6013 4703/6243/6014
f 4703/6243/6014 4636/6242/6013 4635/6244/6015
f 4703/6243/6014 4635/6244/6015 4704/6245/6016
f 4704/6245/6016 4635/6244/6015 4634/6246/6017
f 4704/6245/6016 4634/6246/6017 4705/6247/6018
f 4705/6247/6018 4634/6246/6017 4633/6248/6019
f 4705/6247/6018 4633/6248/6019 4706/6249/6020
f 4706/6249/6020 4633/6248/6019 4632/6250/6021
f 4706/6249/6020 4632/6250/6021 4707/6251/6022
f 4707/6251/6022 4632/6250/6021 4631/6252/6023
f 4707/6251/6022 4631/6252/6023 4630/6253/6024
f 4630/6253/6024 4134/6254/6025 4707/6251/6022
f 4707/6251/6022 4134/6254/6025 4133/6255/6026
f 4707/6251/6022 4133/6255/6026 4706/6249/6020
f 4706/6249/6020 4133/6255/6026 4132/6256/6027
f 4706/6249/6020 4132/6256/6027 4705/6247/6018
f 4705/6247/6018 4132/6256/6027 4131/6257/6028
f 4705/6247/6018 4131/6257/6028 4704/6245/6016
f 4704/6245/6016 4131/6257/6028 4130/6258/6029
f 4704/6245/6016 4130/6258/6029 4703/6243/6014
f 4703/6243/6014 4130/6258/6029 4129/6259/6030
f 4703/6243/6014 4129/6259/6030 4702/6241/6012
f 4702/6241/6012 4129/6259/6030 4128/6260/6031
f 4702/6241/6012 4128/6260/6031 4701/6239/6010
f 4701/6239/6010 4128/6260/6031 4127/6261/6032
f 4701/6239/6010 4127/6261/6032 4700/6237/6008
f 4700/6237/6008 4127/6261/6032 4126/6262/6033
f 4700/6237/6008 4126/6262/6033 4699/6235/6006
f 4699/6235/6006 4126/6262/6033 4125/6263/6034
f 4699/6235/6006 4125/6263/6034 4698/6233/6004
f 4698/6233/6004 4125/6263/6034 4124/6264/6035
f 4698/6233/6004 4124/6264/6035 4697/6231/6002
f 4697/6231/6002 4124/6264/6035 4123/6265/6036
f 4697/6231/6002 4123/6265/6036 4696/6229/6000
f 4696/6229/6000 4123/6265/6036 4122/6266/6037
f 4696/6229/6000 4122/6266/6037 4695/6227/5998
f 4695/6227/5998 4122/6266/6037 4121/6267/6038
f 4695/6227/5998 4121/6267/6038 4694/6225/5996
f 4694/6225/5996 4121/6267/6038 4120/6268/6039
f 4694/6225/5996 4120/6268/6039 4693/6223/5994
f 4693/6223/5994 4120/6268/6039 4119/6269/6040
f 4693/6223/5994 4119/6269/6040 4118/6221/5992
f 4647/6270/6041 4646/6271/5993 4117/6272/6042
f 4117/6272/6042 4646/6271/5993 4118/6273/5992
f 4630/6274/6024 4629/6275/5893 4134/6276/6025
f 4134/6276/6025 4629/6275/5893 4135/6277/5892
f 4169/6278/5991 4596/6279/5990 4708/6280/6043
f 4708/6280/6043 4596/6279/5990 4662/6281/6044
f 4708/6280/6043 4662/6281/6044 4709/6282/6045
f 4709/6282/6045 4662/6281/6044 4661/6283/6046
f 4709/6282/6045 4661/6283/6046 4710/6284/6047
f 4710/6284/6047 4661/6283/6046 4660/6285/6048
f 4710/6284/6047 4660/6285/6048 4711/6286/6049
f 4711/6286/6049 4660/6285/6048 4659/6287/6050
f 4711/6286/6049 4659/6287/6050 4712/6288/6051
f 4712/6288/6051 4659/6287/6050 4658/6289/6052
f 4712/6288/6051 4658/6289/6052 4713/6290/6053
f 4713/6290/6053 4658/6289/6052 4657/6291/6054
f 4713/6290/6053 4657/6291/6054 4714/6292/6055
f 4714/6292/6055 4657/6291/6054 4656/6293/6056
f 4714/6292/6055 4656/6293/6056 4715/6294/6057
f 4715/6294/6057 4656/6293/6056 4655/6295/6058
f 4715/6294/6057 4655/6295/6058 4716/6296/6059
f 4716/6296/6059 4655/6295/6058 4654/6297/6060
f 4716/6296/6059 4654/6297/6060 4717/6298/6061
f 4717/6298/6061 4654/6297/6060 4653/6299/6062
f 4717/6298/6061 4653/6299/6062 4718/6300/6063
f 4718/6300/6063 4653/6299/6062 4652/6301/6064
f 4718/6300/6063 4652/6301/6064 4719/6302/6065
f 4719/6302/6065 4652/6301/6064 4651/6303/6066
f 4719/6302/6065 4651/6303/6066 4720/6304/6067
f 4720/6304/6067 4651/6303/6066 4650/6305/6068
f 4720/6304/6067 4650/6305/6068 4721/6306/6069
f 4721/6306/6069 4650/6305/6068 4649/6307/6070
f 4721/6306/6069 4649/6307/6070 4722/6308/6071
f 4722/6308/6071 4649/6307/6070 4648/6309/6072
f 4722/6308/6071 4648/6309/6072 4647/6310/6041
f 4647/6310/6041 4117/6311/6042 4722/6308/6071
f 4722/6308/6071 4117/6311/6042 4184/6312/6073
f 4722/6308/6071 4184/6312/6073 4721/6306/6069
f 4721/6306/6069 4184/6312/6073 4183/6313/6074
f 4721/6306/6069 4183/6313/6074 4720/6304/6067
f 4720/6304/6067 4183/6313/6074 4182/6314/6075
f 4720/6304/6067 4182/6314/6075 4719/6302/6065
f 4719/6302/6065 4182/6314/6075 4181/6315/6076
f 4719/6302/6065 4181/6315/6076 4718/6300/6063
f 4718/6300/6063 4181/6315/6076 4180/6316/6077
f 4718/6300/6063 4180/6316/6077 4717/6298/6061
f 4717/6298/6061 4180/6316/6077 4179/6317/6078
f 4717/6298/6061 4179/6317/6078 4716/6296/6059
f 4716/6296/6059 4179/6317/6078 4178/6318/6079
f 4716/6296/6059 4178/6318/6079 4715/6294/6057
f 4715/6294/6057 4178/6318/6079 4177/6319/6080
f 4715/6294/6057 4177/6319/6080 4714/6292/6055
f 4714/6292/6055 4177/6319/6080 4176/6320/6081
f 4714/6292/6055 4176/6320/6081 4713/6290/6053
f 4713/6290/6053 4176/6320/6081 4175/6321/6082
f 4713/6290/6053 4175/6321/6082 4712/6288/6051
f 4712/6288/6051 4175/6321/6082 4174/6322/6083
f 4712/6288/6051 4174/6322/6083 4711/6286/6049
f 4711/6286/6049 4174/6322/6083 4173/6323/6084
f 4711/6286/6049 4173/6323/6084 4710/6284/6047
f 4710/6284/6047 4173/6323/6084 4172/6324/6085
f 4710/6284/6047 4172/6324/6085 4709/6282/6045
f 4709/6282/6045 4172/6324/6085 4171/6325/6086
f 4709/6282/6045 4171/6325/6086 4708/6280/6043
f 4708/6280/6043 4171/6325/6086 4170/6326/6087
f 4708/6280/6043 4170/6326/6087 4169/6278/5991
f 4365/6327/6088 4405/6328/6089 4541/6329/6090
f 4541/6329/6090 4405/6328/6089 4723/6330/6091
f 4405/6331/6092 4415/6332/5686 4723/6333/6093
f 4723/6333/6093 4415/6332/5686 4551/6334/5688
f 4329/6335/6094 4334/6336/6095 4568/6337/6096
f 4568/6337/6096 4334/6336/6095 4724/6338/6097
f 4334/6339/6098 4395/6340/5724 4724/6341/6099
f 4724/6341/6099 4395/6340/5724 4578/6342/5726
f 3579/6343/6100 4197/6344/5001 3784/6345/6101
f 3784/6345/6101 4197/6344/5001 4231/6346/5090
f 3784/6345/6101 4231/6346/5090 3769/6347/6102
f 3769/6347/6102 4231/6346/5090 3796/6348/6103
f 4514/6349/6104 4515/6350/6105 4513/6351/6106
f 4513/6351/6106 4515/6350/6105 4488/6352/6107
f 4488/6352/6107 4515/6350/6105 4489/6353/6108
f 4489/6353/6108 4515/6350/6105 4524/6354/6109
f 4489/6353/6108 4524/6354/6109 4490/6355/6110
f 4490/6355/6110 4524/6354/6109 4523/6356/6111
f 4490/6355/6110 4523/6356/6111 4491/6357/6112
f 4491/6357/6112 4523/6356/6111 4522/6358/6113
f 4491/6357/6112 4522/6358/6113 4492/6359/6114
f 4492/6359/6114 4522/6358/6113 4521/6360/6115
f 4492/6359/6114 4521/6360/6115 4546/6361/6116
f 4546/6361/6116 4521/6360/6115 4547/6362/6117
f 4547/6362/6117 4521/6360/6115 4520/6363/6118
f 4547/6362/6117 4520/6363/6118 4548/6364/6119
f 4548/6364/6119 4520/6363/6118 4519/6365/6120
f 4548/6364/6119 4519/6365/6120 4549/6366/6121
f 4549/6366/6121 4519/6365/6120 4518/6367/6122
f 4549/6366/6121 4518/6367/6122 4550/6368/6123
f 4550/6368/6123 4518/6367/6122 4517/6369/6124
f 4550/6368/6123 4517/6369/6124 4551/6370/6125
f 4551/6370/6125 4517/6369/6124 4516/6371/6126
f 4551/6370/6125 4516/6371/6126 4723/6372/6127
f 4723/6372/6127 4516/6371/6126 4541/6373/6128
f 4492/6359/6114 4546/6361/6116 4574/6374/6129
f 4574/6374/6129 4546/6361/6116 4545/6375/6130
f 4574/6374/6129 4545/6375/6130 4575/6376/6131
f 4575/6376/6131 4545/6375/6130 4544/6377/6132
f 4575/6376/6131 4544/6377/6132 4576/6378/6133
f 4576/6378/6133 4544/6377/6132 4543/6379/6134
f 4576/6378/6133 4543/6379/6134 4577/6380/6135
f 4577/6380/6135 4543/6379/6134 4542/6381/6136
f 4577/6380/6135 4542/6381/6136 4578/6382/6137
f 4578/6382/6137 4542/6381/6136 4568/6383/6138
f 4578/6382/6137 4568/6383/6138 4724/6384/6139
f 4492/6359/6114 4574/6374/6129 4493/6385/6140
f 4493/6385/6140 4574/6374/6129 4573/6386/6141
f 4493/6385/6140 4573/6386/6141 4494/6387/6142
f 4494/6387/6142 4573/6386/6141 4572/6388/6143
f 4494/6387/6142 4572/6388/6143 4495/6389/6144
f 4495/6389/6144 4572/6388/6143 4571/6390/6145
f 4495/6389/6144 4571/6390/6145 4496/6391/6146
f 4496/6391/6146 4571/6390/6145 4570/6392/6147
f 4496/6391/6146 4570/6392/6147 4487/6393/6148
f 4487/6393/6148 4570/6392/6147 4569/6394/6149
f 4487/6393/6148 4569/6394/6149 4485/6395/6150
f 4485/6395/6150 4569/6394/6149 4486/6396/6151
f 1028/6397/1103 601/6398/1210 1007/6399/1104
f 1007/6399/1104 601/6398/1210 3066/6400/3525
f 1007/6399/1104 3066/6400/3525 4276/6401/5181
f 1007/6399/1104 4276/6401/5181 1039/6402/1137
f 1039/6402/1137 4276/6401/5181 1162/6403/6152
f 1039/6402/1137 1162/6403/6152 1077/6404/1637
# 4724 vertices
# 6404 texture params
# 6152 normals
# 9444 facets

# 1 groups
